feat_MedInc,feat_HouseAge,feat_AveRooms,feat_AveBedrms,feat_Population,feat_AveOccup,feat_Latitude,feat_Longitude,price,Latitude,Longitude,shap2_0,shap2_1,shap2_2,shap2_3,shap2_4,shap2_5,shap2_6,shap2_7,shap2_8,shap2_9,shap2_10,shap2_11,shap2_12,shap2_13,shap2_14,shap2_15,shap2_16,shap2_17,shap2_18,shap2_19,shap2_20,shap2_21,shap2_22,shap2_23,shap2_24,shap2_25,shap2_26,shap2_27,umap_1,umap_2,cluster
1.5174,43.0,4.609004739336493,0.9786729857819904,1492.0,3.5355450236966823,36.76,-119.77,0.546,36.76,-119.77,-0.03848120009692364,-0.03425195594979053,0.0017593933801967594,-0.0013674570414286967,0.04577097511018451,-0.044927456801260354,-0.004810961086914768,-0.0017115894811963216,-0.00045744370100402905,0.0005971552069147746,-0.011629688527761637,0.006012578990473507,0.0008667650056164228,0.0006466417454014473,0.0005320225081655501,0.005069290408118325,0.0032851487540993037,-0.0005676483305849024,-0.0012233743008637132,-0.0038626649984010086,0.00794945365107204,-0.0052060117550055815,-0.001026356752214031,0.00382318155974618,-0.0015914118993162823,-0.015182644277812397,-0.017983197532952536,-0.2655887302017324,-4.2906246,1.5920937,0
4.087,26.0,5.651376146788991,1.036697247706422,1952.0,5.969418960244648,37.34,-121.83,1.825,37.34,-121.83,0.0051190427976674354,0.010653009654623437,0.00042500526620398204,-0.001218819156254742,-0.04338413171068564,0.028699862084634466,-0.016001392318719814,0.0009869181284818413,-0.00036794357953460354,-0.00030101722860925994,-0.011353576143660473,-0.002680325180169978,0.000698905284412323,0.0002889727974171839,0.00025197564520850233,-0.002379421338738195,-0.0029713176421737007,0.002728232414583743,-0.0002105003464589391,0.001105157124676623,-0.0039827690667057734,-9.193651777324193e-05,-0.001524283610258118,0.0012595517846270637,0.00048458010686143623,-0.010006323050760163,0.019142492352323025,-0.04964859111136667,9.573118,9.69437,2
3.7159,52.0,4.574829931972789,0.9897959183673468,560.0,1.9047619047619049,37.78,-122.45,4.944,37.78,-122.45,0.03592074718632798,0.010996018685091768,-0.0036911541593399027,0.0005126256334025983,0.16034189069587193,0.03175308064887085,0.07429287288023227,0.0029400501411304715,0.001452200969615661,0.0019510961773518284,0.11729295715643252,0.0021009280730822978,0.0017923104854730364,0.0010175013694520864,-0.0024119873760194742,-0.005957929483005116,0.015156264543562456,0.024478014320874097,0.00201136464084554,-0.009865174715543913,0.004197478106043456,0.01740052255299203,0.0041515708869765775,-0.0021414239983045865,0.0027416188296852744,0.03232030473188284,-0.03136353618193968,0.13362939904855015,13.422525,6.6915717,1
1.9066,31.0,4.217570350034317,1.0240219629375429,5666.0,3.888812628689087,35.26,-118.9,0.546,35.26,-118.9,-0.008028447855048627,-0.014808410768574415,0.0019472889780936893,-2.515511927567225e-05,0.04645021268387241,-0.03290286232026913,-0.003408745513672266,0.0013914353574398391,-0.0005267252586302852,0.000839989804060103,-0.008895676680124231,0.0035196586705989854,0.0008090986387074839,0.0004738195353917401,0.0008427651236748418,0.004843421003787208,-0.004476419297113616,0.0010531858154105144,-0.001276403350833516,0.0019025128743626804,-0.004312297439423496,-0.005983438019817626,0.0031106497967299477,-0.01075896920477208,0.0006033984595819256,-0.021263639811714443,-0.015562827830149775,-0.21689248753290175,-3.8091583,2.8210933,0
5.0893,25.0,4.393530997304582,0.9514824797843666,1546.0,4.16711590296496,37.47,-122.13,1.734,37.47,-122.13,0.010384430205803557,0.0017606319978660677,0.0006970256350176004,0.0002746502148434125,-0.04394992209542711,0.021629229524901056,-0.007701086304667951,0.001792663591434211,-0.0005867606290963878,0.0013058662492088872,-0.009627677978201726,-0.00355727193572357,0.0006021900815897711,-6.524567843447019e-05,0.0009672052210594854,-0.0023592295844288777,-0.0022021970442133625,-0.00459784142858607,-0.0005394993913219635,-0.0012908752986799269,0.009283309066335604,0.018377723386709535,-0.0007458843730981833,-7.865311225871396e-05,0.0010856025023263608,-0.008891993244689827,0.018051503874569125,-0.003296140989909426,9.785464,9.661416,2
2.6648,39.0,5.598705501618123,1.0032362459546926,899.0,2.9093851132686086,36.4,-119.18,1.292,36.4,-119.18,-0.041493609579703876,-0.027783771932092263,0.0014379351216571895,-0.0012519823403532777,0.02575641031518938,-0.033492356426748256,-0.004046547351157477,-0.0021992030107608096,-0.0005214339717101895,0.0008634999917900152,-0.008128591344874276,0.004914338337311661,0.0010650357116716673,0.0027066954915933106,0.00035995665588289485,-0.006010384130690404,-0.008320517364359827,-0.002992621131059533,-0.0004930780794957535,0.0020667334830670857,0.001355703845947645,-0.0037769034755979597,0.0012931897684899307,0.0014561056287479529,-0.00043466372213301653,-0.03251431138182104,-0.004462906256657992,-0.2552959025356717,-3.4023292,1.7733877,0
2.6042,46.0,4.489563567362429,1.0910815939278935,1647.0,3.1252371916508537,37.79,-122.22,1.247,37.79,-122.22,-0.0407234895022475,0.0013747162915889782,-0.0020346348590121006,-0.0022107923941184415,0.038310779923362244,-0.03346437298290888,0.011622580841251702,7.97746125263473e-05,-0.000280700588891166,0.0005016433434607904,-0.010742414552657885,-0.004291775390952086,0.00039039217037578123,-0.0016702435901800783,-1.732655595759111e-05,0.005198233153178801,0.004900877975917318,-0.003594371883402558,0.00044008161884305193,-0.0016760598213674547,-0.0012381757458314812,-0.0025194606310758134,-6.336610520825921e-05,0.0007154618620354358,0.00023204051390905676,-0.019547313354542493,-0.016911918694552854,-0.13767603820102978,2.3914862,8.251866,2
4.1696,30.0,6.083333333333333,1.0277777777777777,1372.0,3.175925925925926,36.74,-121.64,1.75,36.74,-121.64,0.00741621692321491,0.01515741021899909,0.0007648767195564355,-0.0010184354118549705,-0.039484772859662544,0.026049545471098334,-0.017427667485277843,0.0008993984836020713,-0.0004119205373992258,0.0007159179635374199,-0.014966115016398418,0.005268754240375668,0.0004535180442183989,0.00017210518622854146,-5.0862348735044276e-05,-0.0015151672121683744,-0.0003682016242888784,0.0023037271150106917,-0.0005032392331403027,0.0016923384214580094,0.007023002643043946,-0.005938809560858012,0.0004057965709869032,0.002602597759583483,0.0010357395057478092,-0.023656537521600747,-0.006033321949366521,-0.07397458823859802,9.330077,9.47679,2
2.8393,26.0,3.696969696969697,1.0649350649350648,396.0,1.7142857142857142,37.58,-122.35,3.75,37.58,-122.35,0.0016504298739389136,0.03800168357252403,0.00016349418335454902,-0.001512286895908464,-0.015727136210161155,-0.009137258637994632,0.041504770827150345,0.00297742181856756,0.000192324087779537,-0.0021728683642790072,0.03336543463684025,-0.000703120824688538,-0.0006056607695804604,0.001799094304996298,0.0008279310027668701,0.011768957206457063,0.00025631165321330046,-0.002443444001764097,-0.0012048256375644813,0.0051622964941255975,-0.019981117710026034,-0.0086314254973561,-0.0008105910686580966,-0.0005836601395931137,0.0008887246996069211,0.040383674373017875,0.061689434203176116,-0.020634789611771856,8.691302,9.294814,2
3.2028,32.0,4.217270194986073,1.1350974930362117,1704.0,2.3732590529247912,37.78,-122.49,3.229,37.78,-122.49,-0.001926531328751039,0.039556504065790025,-0.0019254302930591615,-0.0021534918999691404,0.03082808329549028,0.02796333082380561,0.11996034396945204,0.0020706705765836876,0.00034704435412616743,0.00046185218392087344,0.013990665364676918,0.003401930142127458,0.0010847426603434868,-0.0012876314677809104,-0.0001379782324087577,-0.002776046299922099,0.01367147988097298,0.027535895699973178,0.0003656278415282954,-0.0016112088903026149,-0.004455173614170883,-0.020097448958937815,-0.00033507492716240846,0.000613809390642469,0.0025058873760758385,0.015381275837605658,0.021303574881037672,0.12708008067820514,14.042084,6.0457997,1
2.0216,32.0,5.685714285714286,1.126530612244898,999.0,4.077551020408163,36.55,-119.79,0.768,36.55,-119.79,-0.008945225234122282,-0.01263134817116282,-0.002651378235317825,-0.001723435472441934,0.04739949654427022,-0.04479036338744908,-0.003877374387892921,0.0007230022254142579,0.0002111625151286078,0.0005847585332585389,-0.008883062797363636,0.004377953939935071,0.0008509573356822755,-0.0011464394406872857,-0.0004807573577033221,0.007671348191808248,-0.007649070957255522,-0.0017170697854356268,0.00045660994932045457,0.0009876693315821346,0.003275138671771522,0.009324950832390908,-0.0032108697788271875,0.004156923396807468,-0.0009835322469195424,-0.011712058999675102,-0.02181608821889489,-0.2521348218142746,-4.04832,2.0043685,0
4.9879,28.0,6.517985611510792,1.0575539568345325,853.0,3.068345323741007,37.67,-121.87,2.294,37.67,-121.87,0.009417441551047503,0.01938110426414426,-0.002574376654226326,-0.0009711534741271924,-0.012817966195388277,0.022355202780579432,-0.018389919785058592,-0.004987907748134219,1.0944341999121564e-06,0.0011515399680122143,-0.010939338185546647,-0.0031317965735008137,0.0011000164902927635,0.0013463424791364416,0.004103228284360376,0.005047939733224518,-0.011772012363732608,-0.012313456057795881,0.0008733441216076353,0.0002500453541172726,0.0027199177877500307,-0.0007267941324418017,0.0011974670315207376,0.002268353746385573,0.0008023943138941791,-0.011688836289834277,-0.017640121349182886,-0.05196392191402918,9.513015,9.210901,2
4.1679,41.0,6.617486338797814,1.371584699453552,915.0,2.5,37.05,-122.05,2.013,37.05,-122.05,0.009138663654402048,0.01909566759143808,0.000984062856195286,-0.002049255776478756,0.01410612664135632,0.031911377645939376,-0.024667683796105257,0.007325935671466162,0.002907050657719178,0.0007740361041147797,-0.016297910525440974,0.008569145184613373,-0.0021626393888178664,-0.01685406541893874,0.00044507087877869786,0.0006391337463430692,0.017734592315733416,-0.010194450252317704,0.0006039944571342669,-0.0014272264129417307,-0.005050280729147674,0.0026343265291751488,0.0016498254340960633,-0.000490181543159132,0.00041696164135680857,0.014134056128228194,-0.012917022498763173,-0.04402100376697463,9.378129,8.48251,2
3.7083,14.0,6.304093567251462,1.5263157894736843,382.0,2.2339181286549707,36.42,-121.91,2.1,36.42,-121.91,0.019781968812066543,0.01307437768419406,0.001639904346629958,0.001886773951554648,0.03884105418777679,0.006429473192254311,0.007355459905082002,0.004471052732577436,0.002880598345324326,0.0003930764377463563,-0.04483533976682059,-0.00908600631363829,0.002424559074636859,-0.019242407987572728,-0.0014999713027446296,0.005945854297577249,0.005129844372287276,-0.00300753542986328,-0.0048304138997083655,-0.0025504451990426827,-0.01618522045117952,-0.004078727807735588,-0.003468604724993427,0.005205842137081354,0.003665111973497368,0.007126007528490541,-0.007084526780728708,-0.03724063837482155,9.064425,8.227569,2
2.5067,18.0,4.0807926829268295,1.1966463414634143,1391.0,2.120426829268293,36.96,-122.03,2.326,36.96,-122.03,0.014790176539346393,0.033551452170366355,-0.0016549796128088566,-0.0012102035629921876,-0.006281399907628377,-0.017064975795612097,0.02045696589829214,-0.0006073971118278496,0.0004883979496728241,-0.0001430452946705025,-0.030805566454597564,-0.00831910537786889,0.0024449690261745534,-0.0006431922204363727,0.00021542494229755216,-0.0063325984713144086,-0.0010689680938824088,-0.00135388708675356,9.494805746194186e-05,-0.0048502619691856656,-0.00041496197817024813,-0.0012069386521746375,0.0006290630371055337,0.002088003417716483,0.0008094095165278466,0.04688676756581246,0.001355032662066728,-0.057698425219851746,8.625154,9.017173,2
2.0076,38.0,5.330561330561331,1.135135135135135,1301.0,2.7047817047817047,35.64,-120.69,1.14,35.64,-120.69,-0.03475758200300415,-0.01296609798338126,-0.002683012503922302,-0.004016141199917038,0.0054114643547493015,-0.04525430015267843,-0.0013778277212411817,-0.0013681895313147304,0.0005940028192104671,0.0008864533928146313,-0.00599754533229837,0.0054575886724499145,0.000667273020535215,-0.0007629044368222383,0.00012718135223983225,0.0014648012662456609,-0.0005116416773733348,6.92566665767715e-05,-2.0559360997285644e-05,-0.0010112325257528995,0.001877893989472109,0.008947218161737021,0.00033121851404031236,0.0024709482886686204,0.0006922531277190519,-0.030254747588976103,0.0003057146798457664,-0.14374656424831034,3.1065042,7.645309,2
4.6964,31.0,6.316770186335404,1.0403726708074534,966.0,3.0,36.59,-121.91,2.913,36.59,-121.91,0.008277469085577178,0.022531931499912745,-0.0027374406955871177,-0.0015399075109210536,-0.013332219597832092,0.028394289278764553,-0.011051117723091848,-0.000613539762954619,-4.7600331297473516e-05,0.0013385477421123085,-0.013515474689972053,0.004808626884552577,0.001397398824657854,0.0015465861970915143,-0.0019189616436268652,0.0011021505462158305,0.00480274652868779,0.0005742515240033907,0.000809343018937802,-0.00035085990174547546,-0.002691541434955894,0.0023300631752440175,0.0005246641560766518,0.0022982616540932485,0.0014700557100801072,-0.013714153503417526,-0.0142713546380089,-0.02822395752352339,9.560723,9.248157,2
3.0278,52.0,5.172932330827067,1.0857142857142856,1663.0,2.5007518796992483,37.78,-122.49,3.563,37.78,-122.49,-0.024205447441500355,-0.017479358322006006,-0.0016929360941608993,-0.0023937717193160788,-0.04436616339499204,-0.00015410539199823826,0.07221667288634967,0.004003661929810841,0.0019621330913002326,0.0009223147866738401,-0.004629083449372495,0.002872357051543349,0.009146719264386427,-0.0015830239963426941,-9.152771866557146e-05,-0.0011800733977748014,0.014692075212036268,0.007834612286243197,0.00043851530969971894,-0.0009163841222727051,-0.002948874828317333,-0.016298953782168696,-0.0003696164677174885,0.000613809390642468,0.002507457486595521,0.005899556991533642,0.02419791486656509,0.13070705827101667,14.13704,5.0757194,1
4.2472,36.0,5.632768361581921,1.0338983050847457,1793.0,2.5324858757062145,37.7,-122.54,2.925,37.7,-122.54,0.0008358566739983309,0.019434190210873552,0.0003739114291049058,-0.0020916100577315546,0.00590966367534201,0.00831033297047184,-0.008990038272113005,-0.0005408597352144818,-0.00036322577190184014,0.0010113003136363098,-0.0028822971949524173,0.0019263486382750685,0.0021415152188621013,-0.00020610319025905793,-0.0003189463657827753,-0.001917897535960984,0.004842325369558007,0.01213372238335349,-4.485121304298929e-05,-0.0003348906140336768,0.004794241590014721,-0.004328452136925893,-0.0006757309931931463,0.000574343499592967,0.002791670968661253,-0.002810892139830405,0.0025983689158581265,0.058662232378536315,12.495539,4.9897766,1
3.3906,15.0,4.023611111111111,1.011111111111111,2340.0,3.25,37.67,-122.48,3.037,37.67,-122.48,0.024655036051337557,0.03907236856229016,-0.0003549119807967177,-0.0022444168560261032,-0.017016143336889365,0.020229983341274717,0.1123016541846605,-0.0013688082638382009,0.0002718447302976389,0.00017976381626760745,0.02993941843050055,-0.00322566675364454,-0.005818793958099974,0.0019994031499960497,0.000483442393109578,0.004840539045777478,0.00906767990155792,0.0278456888530112,5.539783340492192e-05,0.0023947509638120295,-0.0015446041124856057,0.01497705556905473,0.001082865389172268,0.0015393868658560154,0.0016225429522861944,-0.024366828168170252,-0.019492619128005824,0.08617747245564998,14.540009,4.9002185,1
1.2157,36.0,5.024574669187145,1.183364839319471,1490.0,2.816635160680529,35.36,-119.01,0.57,35.36,-119.01,-0.025799769541871548,-0.0266228523575096,-0.0014037477407698297,-0.0014604020661471246,-0.0005509366437410552,-0.04493051315197732,-0.003142798074942052,-0.0013681895313147304,0.000575385591577582,0.000915409651292614,-0.004109293249877429,0.0037357809352382733,0.0012561808010327516,-0.00037446928044268985,0.00014915534152023984,0.002138331528042482,-0.0014601794631850453,0.0005545052284949284,-2.0559360997285644e-05,-0.00022459755544137079,0.0007263952190433645,0.007571620137004793,-0.00023397302853068655,0.0012311745368010552,-0.0008826790775137789,-0.03167856799293991,0.0001754409437683524,-0.24181676302172153,-2.3827477,1.9472748,0
4.5744,20.0,5.434706397896582,1.0359333917616127,2415.0,2.1165644171779143,37.86,-122.14,3.14,37.86,-122.14,-0.020165606473927015,0.019903365301689083,-0.0002441438885845041,0.002284442649240031,0.0006401849732541048,0.025346848165160456,-0.009149145909929747,0.00011298594693493543,-0.0001480821307159532,0.0008454825657132092,-0.046307140783630414,0.00276513177167755,0.002641114917750893,0.0003376219891532256,0.0005100200049540104,-0.0011596910566763147,0.004565343398130758,-0.0017315779630228793,-0.0003333646284822495,-0.0003967633380408254,0.0025433363174055387,0.0011107831685914606,-0.0008517718910144062,0.0015977633440903245,-0.0018759684261079224,0.01153529100946637,0.0034691475707056565,-0.1314580831262178,7.8209195,7.5766025,2
2.7813,19.0,5.310476190476191,1.1695238095238096,1365.0,2.6,36.74,-119.67,1.203,36.74,-119.67,0.003053108733211084,-0.02913918332117909,-0.0025160379026294708,-0.0009594552372486963,-0.03805266051283128,-0.03588906657165456,-0.004321569872886947,0.0007967461062491997,0.0007782202323576384,2.597305887974715e-06,0.010528592219421607,-0.00576095814000653,2.8852668283648215e-05,-0.0006880670813862878,0.0001486154588711244,-0.005278280271732808,0.0038645530624565397,-0.00023647873809866534,8.469662967593919e-06,-0.0004943138216197575,0.0005195650375396071,0.010214046540553494,-0.0001782209715562057,0.0011799470394730429,-0.0009096471299642941,-0.022929114810356276,-0.0011976239519180406,-0.26651950390590723,-1.8434283,2.1727796,0
0.8894,20.0,2.46875,1.1026785714285714,851.0,1.8995535714285716,37.34,-121.89,3.5,37.34,-121.89,0.04547021951274565,0.2303777750760333,-0.008200626611936409,0.007181288501424696,-0.013995912362258106,-0.017055979851234842,0.010909885939381319,0.0016536468306040694,0.000747744928183485,-9.11771067638572e-05,-0.038996630602318214,-0.009083660673788851,0.0024286084836537534,-8.307930497395593e-05,1.4151470799231344e-05,0.15614349572399122,0.002725041371931961,0.007801000812401617,0.0001520045901705308,0.0012915807098606601,-0.004510620505646533,0.0027537242455428694,0.0014057883679604293,-0.00018917205966055887,0.0006403284484253177,0.05398979809136685,0.0008887781496717122,-0.060409683006784835,7.3038096,9.151652,2
1.0349,6.0,4.165217391304348,0.982608695652174,734.0,3.1913043478260867,36.19,-119.35,0.678,36.19,-119.35,0.05025190378755936,-0.02176445441686132,0.0026144186886184273,0.004471763971900155,0.017221868828419463,-0.04508091487249377,-0.004014347413781717,-0.004037463299776067,-0.0006861436949167229,-0.0028391847923706546,0.017955944215713535,-0.008402061393876916,-0.0008648494966742235,0.0003143651068038244,-0.003598171115412439,-7.366872782793277e-05,-0.0006549477734474504,0.00012007301715519529,-2.6737227074852396e-05,0.0019285863264351141,0.0002634029751902508,-0.005835175505021955,-0.0015362136750175482,0.0017415570532931062,-0.00032872515623090493,-0.032442753721100635,-0.013908265105694123,-0.27099118713688725,-2.0245218,3.136135,0
4.8958,30.0,6.594202898550725,1.0144927536231885,220.0,3.188405797101449,37.62,-120.87,1.425,37.62,-120.87,0.006586931824519351,0.023145094921524053,-0.00020857235896341086,-0.008812143745445544,-0.030870677320049375,0.02298717363950456,0.0020114344004918496,-0.006086896484596789,-0.00031557459210039123,-0.00035254368373035085,-0.015201793475193624,-0.0013071732194733362,-0.0005308696535926391,0.002194187037967868,0.002640900722130634,-0.0030326690473610903,0.035650299592163835,-0.006015188684214171,0.005951528478164399,0.0008488991335809073,0.0011768883414674197,-0.0005352002548140984,0.0004957231513996598,0.005505970908137696,0.003102443848798973,-0.019616585896075345,-0.009862306253684184,-0.10364917336177162,6.66063,7.2357097,2
1.6354,20.0,5.190283400809717,1.105263157894737,852.0,3.4493927125506074,36.15,-119.06,0.49,36.15,-119.06,0.009411521765679415,-0.019359802641681603,-0.0031404166097238396,0.001151324464322593,0.03693705693635244,-0.04371781260992922,-0.002831087993378646,0.001094779496562286,0.000593846865697895,-0.00037120278825635754,0.009857949380294061,-0.0074640617361378505,0.0005425286542720045,-0.0007103117391343836,-0.0014198178237790128,0.001545516107367959,-0.001189203362552601,0.0008937286985114913,0.0004369153555775614,0.0009096000091962021,0.0001572720635743005,0.0036597634635158714,-0.003167564230801257,0.004464878713403892,-0.0011495331885124794,-0.015064839014992087,-0.01758451997473876,-0.2370694763426791,-2.907928,3.012231,0
2.5486,23.0,5.604081632653061,1.0775510204081633,677.0,2.763265306122449,37.72,-121.01,1.611,37.72,-121.01,0.0002138258083481025,-0.02103119807925636,-0.002075120155182003,-0.0005758320177549404,0.0005755541603098273,-0.0400677557608876,-0.001444384487149651,0.00030191260779017533,0.0003006916195354533,0.00014001926675532507,0.008524039513315236,0.008300381433638974,0.0030904223998983187,8.039037380036008e-05,0.000980867811607335,-0.004470505433622136,-0.0017994531131185917,0.0008371733756383897,-0.0003540198287250157,-7.267032824640351e-05,0.002323352801868726,0.0009682585317778658,0.0011482335176524832,-0.0002455835618909828,0.0029420722834347757,-0.024234599403309073,-0.0009451942445068964,-0.1355793639866476,3.0595257,7.2120614,2
2.2259,24.0,3.1024,1.0432,1808.0,2.8928,37.31,-121.86,1.125,37.31,-121.86,0.003865475729267327,0.09213757682082721,-0.0022357798231063047,-0.0037052111202848853,0.013692988148305227,-0.038016019057915636,0.025015673241584265,0.0017578818295306766,0.0003963799596915793,4.218656344757566e-05,0.006326824093663963,0.0002315038797253932,0.0013081758183783733,-9.753956369451736e-05,0.0015431136313457234,0.0022620089858617146,0.0012654015943479456,0.0028717671999197924,0.00014257602919373684,0.0002404852489072826,-0.0034889920718373015,0.0009530653272507211,-0.0003809519739026545,-0.0005848890226965145,0.00048797624704092037,-0.02985484955352298,-0.0075393776196887976,-0.07133320224135681,7.617304,9.126255,2
3.7364,34.0,4.9593147751606,1.0235546038543897,1524.0,3.26338329764454,37.53,-122.04,1.904,37.53,-122.04,-0.011371907608025353,0.019478826556858123,0.00021863620868212662,-0.0012471429822371212,-0.039020631147540334,0.01654002468641212,-0.01570835117274465,-0.0007084430852240976,-0.00046501695078303445,0.001009614697918388,-0.019170995910869806,0.006018851830623886,0.0011409759411820026,0.0005216686730748058,0.0006804126828602936,0.002768132630512098,-0.0011379137829538625,-0.001366171644197905,-7.881189914659504e-05,0.0012082510360493712,0.0008685255110303413,-0.0035523050110197046,0.0012560677629132953,-0.00037341662391576975,0.0005173592049988438,-0.019551359021437887,0.0018425629811077476,-0.06156310482548276,9.264199,9.584767,2
4.849,7.0,6.618212197159566,1.2046783625730997,2863.0,2.391812865497076,35.15,-120.64,2.75,35.15,-120.64,-0.051902543181583105,0.023725369096270932,0.0013910211187248803,0.003952273961190792,0.025764539214864605,0.02614627912986627,-0.00042405776811446443,0.01606432688112739,-0.00017411954557475804,0.0015149746562105309,-0.03004676126294516,-0.00934496738412546,0.0005616216801515889,0.0014206268332502751,-0.0011469870073501289,-0.0015358529186758547,0.027418097099407065,-0.0033056441556203755,0.0003171158444760266,-0.0021797138382682155,0.0034092796782275773,0.011740087396779463,-0.0008149699191715824,-0.0046079299650831195,0.0027012738517731226,0.013337079305494545,0.010007055025347258,-0.08472510112040821,8.603635,8.275531,2
1.9464,36.0,4.975510204081632,1.053061224489796,639.0,2.608163265306122,37.12,-120.27,0.57,37.12,-120.27,-0.027626818498512912,-0.02406127450121547,-0.0014915621393946392,-0.003318319565646669,-0.037655767615708345,-0.04962744102876709,-0.008908013386920889,-0.001439524887082705,0.00021761131993252526,0.000611259051239437,-0.002574505680044339,0.0035876130880857933,0.0012442751743377113,-0.0003670056080862652,-0.0032622294570568327,-0.00234618781939098,-0.00028358965727946924,-0.0023767898134749313,-0.0004214025121577552,-0.0005763004141886742,-0.0027653179316625373,0.002934669211094633,0.0006980809319451619,0.0007620476155385835,0.002431121819202361,-0.026981985718806636,0.0015643376719560822,-0.21706570178765597,-1.7958893,1.7905388,0
4.8068,46.0,5.4638783269961975,1.011406844106464,607.0,2.307984790874525,37.55,-122.32,3.697,37.55,-122.32,0.044179385412176794,0.017069800255176872,0.0004230178841337966,-0.004002505865957284,0.005382681037745315,0.01514220247484133,-0.031770694751668646,0.0003610977668213262,-0.0008383860659043577,0.0014411706538322018,-0.0016247958381104158,0.005340635325199778,0.0021355400235220576,0.0004468912342976345,-0.003486492885747391,0.00038582613447202794,-0.002994145873186917,-0.00040186174261019555,0.00031230196448279237,0.006625631240452205,0.021432759152264568,0.027009239856945217,0.0023588027082978194,0.0009041182252584614,0.001073625578453342,0.02016796605521724,0.0260823009314413,0.044623968544953645,12.082348,5.1332912,1
0.8075,52.0,2.490322580645161,1.0580645161290323,346.0,2.232258064516129,37.81,-122.28,1.375,37.81,-122.28,-0.07151628441000624,0.1671704184151197,-0.0024130446677110497,-0.028511587076896154,-0.058119156442110194,-0.02983464951819494,-0.003131312517181965,-0.00325417877088579,-1.2593735462566261e-05,-0.0015421124106118145,0.009326097304757003,-0.0004933012371352871,-0.003089483628192809,0.0059874090583593295,-0.0067610256185725946,-0.020803094068651194,0.008283922723065516,0.0037337122951587825,-0.002736877346877053,-0.0014668450161354632,0.0007555697744610696,0.0033298514998614326,-0.002603213636651741,-0.004109904556631124,-9.016901460002843e-05,0.0209275301411795,-0.011382618829651713,-0.13500190661883682,5.037541,9.156866,2
5.0864,4.0,6.964285714285714,1.0844155844155845,1024.0,3.324675324675325,36.83,-119.67,1.137,36.83,-119.67,-0.06659910364974488,0.022010355254912507,-0.001273184884215437,-0.0028259463969238416,-0.026409921950969858,0.01896273150430924,-0.006028405136331184,0.0141937408800149,-0.000521117792690556,-0.005033457403920404,0.036812347572119875,-0.008667545720182034,-0.0019047807505688827,0.0014736576619296645,0.001034350179823288,-0.0075865675507896186,-0.004518439524389812,-0.001161123213064127,0.000714669848621884,-0.0021502246832741105,-0.0066057681372433735,0.0018010701923238477,-0.003396325055194017,0.0007865152936896615,-0.0005706749528311811,-0.01790014140194359,-0.011468418144733702,-0.23832469049459432,0.86073303,2.880972,0
2.7969,38.0,4.626707132018209,1.078907435508346,2167.0,3.288315629742033,37.79,-122.22,1.417,37.79,-122.22,-0.032144206758637356,0.008798820093774262,-0.0016283923867280012,-0.0019749097019351528,0.05257509413579355,-0.026006923883505888,0.013925244516157736,-0.0002933134645393082,0.00015673864807655647,0.000296188914134883,-0.012067110137400616,-0.004167245760190131,0.0005219867232837014,-0.0015453322473849272,0.0002255748982819008,0.005890161513183838,0.004843255132512484,-0.0021597979630781747,0.00024494467562476846,-0.0010741212862246164,-0.001236793909256105,-0.0024222643580426827,-9.71846683830285e-05,-0.00016127553626550173,-0.0007189735324188195,-0.019446321317693686,0.0018399811021227012,-0.1309257239808079,2.4774857,8.40448,2
3.2813,33.0,4.67109634551495,1.053156146179402,1075.0,3.571428571428572,36.93,-121.77,1.9,36.93,-121.77,-0.01346199433745041,0.015568500109074688,-0.001878294266068068,-0.0004352856320556142,-0.0011623333214649844,0.00013031759045764824,0.019723475440100908,0.001675436112018182,0.00010803517154777046,0.0009395969362440197,-0.018930682849561686,0.0044025054790261635,0.0009994371200541714,-0.0007211414571671043,0.00017023558723005015,0.005279755988544237,-0.0009867533566773408,-0.00412944183113568,0.0002574358488272136,0.00040397764230435486,-0.0038698597832842467,-2.2026919099331807e-06,-0.0037754653240087725,0.0027246664117647574,0.0013613778469244748,-0.005316259269246224,0.01687448926050655,-0.05531311786059297,8.507401,9.256405,2
2.9,22.0,6.776942355889724,1.2456140350877194,1432.0,3.588972431077694,37.51,-120.46,0.831,37.51,-120.46,0.004232041131974333,-0.01868188157130124,4.5654977204568824e-05,-0.0012490221019429062,0.0386440020101572,-0.029310271005974962,-0.0009730294174954687,-0.004041103303509737,0.0031760424713500068,-0.0002129664231073329,0.015116465936230306,-0.007693482719828797,0.0014595891457102092,0.0011858125447472862,-0.00016336836421091297,-0.004861861311070358,0.008396123551955657,0.007770593398745273,0.0011298621621303373,0.0008458252065527248,0.0015275055941133065,0.009718784484095182,-0.0008549723484536165,0.0014917651633174734,-0.00029572514189684545,-0.014353769117400928,-0.024402659844829217,-0.18317344877535796,-3.0674543,3.492251,0
3.8542,15.0,5.725806451612903,1.0,1296.0,2.986175115207373,37.66,-120.96,1.452,37.66,-120.96,0.004064914828911256,0.012101254784129597,0.00030036726455422386,-0.000510511889775827,-0.030629504204395787,0.023448789027198682,0.002088387715212952,0.000531059859225543,0.00013514233914651026,-0.0005753345218054965,0.025946115680046133,0.002305609722675428,0.0021361582738609526,0.0015210038900363154,-0.0001165250723898185,-0.0018394038685942112,-0.0008777658879938568,0.0023412366736209273,-0.00039590840837922664,0.002326734831188112,0.0012877931478003787,-0.0007427020559191914,0.000645112528918794,0.0010059885959715449,0.0004196112210957557,-0.01872657140541607,-0.00831371550561377,-0.12199719537110003,6.3648753,6.550571,2
3.4531,52.0,5.784090909090909,1.2121212121212122,825.0,3.125,37.77,-122.25,2.088,37.77,-122.25,-0.022137628192763992,0.0014041846750067325,0.0005279090509466797,-0.0008392337341437464,-0.021585539797820838,-0.0021404529205993634,0.005576915850703948,0.0029212431260626074,0.0005977031006287291,0.001001622647989843,-0.014186668219586177,0.0011586298578440618,-0.0015899586332265886,-0.0012650001348900582,0.0017347857101427202,-0.0019183802519363623,0.0027132099583848817,0.005757563475508901,0.00035594701255247253,-0.0021695719634896677,0.015251602492203397,-0.023128075322124506,0.00046799386738235826,0.0005544317173020098,-0.000763897411136806,-0.019830835965400605,-0.0169981662233084,-0.10374895939277524,7.140844,8.685288,2
5.0369,12.0,5.624233128834356,0.98159509202454,2173.0,3.3328220858895707,37.81,-121.21,1.639,37.81,-121.21,-0.042128908632788085,0.02007828642672948,1.196284639351731e-05,0.004341925235449893,-0.029801329546758605,0.023185101837394723,0.0052950113195700255,0.0003898417954415601,0.00014205352925223774,0.0020408766313718316,0.03827868062521232,0.002148542930586765,0.0021436681669658145,0.0016353052903370332,-0.0021901453776314245,-0.0016417899833060974,-0.0005767425220059214,0.0019944277130781994,0.00018898301682452104,0.0019427901965224676,0.002115245037069691,0.0012239027459357437,7.737340256872214e-05,-0.0006680385388799514,0.00018690725661051346,-0.007676909299415975,-0.010210333284150788,-0.11307518266811252,6.511362,6.3520474,2
3.9514,27.0,5.017804154302671,0.8367952522255193,869.0,2.578635014836795,36.75,-119.72,0.869,36.75,-119.72,0.0007447463561470122,0.019945477085711597,0.0032439195036713373,-0.0017214453295819815,-0.04753668324712774,0.0395034876236482,-0.003839987064298287,0.0014530816911608672,-0.0012402578081694925,0.000472439739824264,-0.007495341594169665,0.0018708841719186188,0.0003732281222662993,-0.0003347874787917954,-0.000983931743001702,0.0008036923530831529,0.0041586304123931595,0.0012609392887371017,0.0029842204516365334,-0.0017898763075798818,-0.004854762990474076,-0.018317078605679583,0.0017740335435446934,0.0013610696572753519,0.00011292932543004834,-0.021004002362895624,0.0022383955514265847,-0.2501364046977703,0.32912293,2.813046,0
2.1731,29.0,5.086956521739131,1.0031055900621118,942.0,2.9254658385093166,36.29,-119.12,0.662,36.29,-119.12,-0.010353846067903391,-0.03526757334227481,0.0014206403160735796,-0.003260008302015635,0.021123249160448578,-0.04582026654609456,-0.004391822264379793,0.001468758640060855,-0.0004481727875550254,0.0006512053094669898,-0.0075473871196235125,0.001549234726742121,0.0008520071419342541,0.0005551268890399276,0.000511608696881503,0.0007912712731098387,-0.0010240526783126557,0.0007203922494550501,-0.0005022698714387626,0.0018864485052719235,0.0013437283704001136,-0.003838680410091581,0.0009684464858852701,0.0014837275138186565,-0.0004794625308825643,-0.033692415874607605,-0.004727972334982621,-0.253690444443264,-3.1089454,1.9410975,0
4.1859,6.0,5.745173745173745,0.972972972972973,773.0,2.9845559845559846,37.52,-120.83,1.5,37.52,-120.83,-0.046725118563203875,0.01726135113648054,0.00039086468436535626,-0.002967910102947846,-0.011915200992929264,0.03585205096102261,0.0022670945186055317,-0.003748509868582897,0.00019913847783260128,-0.0055208718556055865,0.029064950871403216,-0.009312099496607423,-0.00044385475950299536,0.0015825350856117039,0.0016834551073072134,-0.0005770222137835898,-0.006013925100858906,-0.00017953560700799886,-0.0004003330064215287,0.002121438606344351,0.0019486112839515392,-0.002755850441791245,0.0016829602519990447,0.00013289411373409435,0.0007817908821031942,-0.012356096190490985,-0.006862573314206998,-0.14306460067585564,6.465778,6.43058,2
1.8472,36.0,5.46524064171123,1.195187165775401,1021.0,2.729946524064171,35.42,-119.02,0.574,35.42,-119.02,-0.026580268033519296,-0.017265707252258743,-0.002981550975559474,-0.003579151865959478,0.005474326481371104,-0.04502580239227042,-0.0026679830394883133,-0.0013681895313147313,0.0005922447936772715,0.0008965000412450419,-0.0036424853640367465,0.0037644402175428526,0.0012514969488286495,-0.0006880670813862878,6.480237163234378e-05,0.00147431682536727,-0.001491459093933777,0.0003443515607430483,-2.0559360997285644e-05,-0.0008184173007114263,0.0012467774916278753,0.007781241308641845,0.0008555371808990611,0.001452619096942112,-0.0005225296223898512,-0.031713387068654106,0.00033530498563094657,-0.2419722036344293,-2.485136,1.9180884,0
3.1628,35.0,3.8238532110091743,1.0073394495412844,1077.0,1.9761467889908255,37.61,-122.4,3.184,37.61,-122.4,-0.013782844479289564,0.0246553098841717,0.0015729093751179256,-0.0022212142957020093,0.04223597034667324,0.023913472802112742,0.09384322436399563,0.00014289444974594477,-0.0003395011580482086,0.001171898989981494,0.07014859759741875,0.003570950672731852,0.001388360394863954,-0.00920448704723519,0.0006283171843674229,-0.0014827601908775463,-0.006651332815569556,-0.01577381590264943,-0.00032371903297980127,-0.003523127472520767,-0.0016932339958780761,-0.004200138627129289,0.0030168665854698453,-0.00017603306558192729,-0.0019342819112870163,0.04183404547322177,-0.0076754968985530345,0.09132643216443237,13.762635,6.385273,1
4.0202,43.0,4.79467680608365,1.0316856780735109,2139.0,2.711026615969582,37.72,-122.17,1.663,37.72,-122.17,-0.0008198582969919342,0.011576791263569246,0.0003848408485276341,-0.0011204593098273808,-0.044388067803044884,0.0325005241050792,-0.02053809448570819,1.901480859530831e-06,-0.00037775228124331046,6.421685985282677e-05,-0.021844418072419047,-0.0041789640526868396,0.00027047074364405625,0.0003188297251898993,0.000529133997375326,0.0030749286244273004,0.0032889478791015064,-0.0020416649678384746,-0.000246310983212407,-0.0003528899993898593,0.0018454776834986079,-0.0009125599314063238,-0.0014149590047650184,-0.00012745947900855972,-0.0006961747575668714,-0.021332803449068315,-0.0009543400809464097,-0.12637342620036776,6.356065,7.3430266,2
2.375,26.0,6.0,1.0,13.0,1.625,35.87,-120.13,0.713,35.87,-120.13,-0.014396276129308796,-0.030341289883356406,0.0019190389112813363,0.0648691048394608,-0.07174249308650392,-0.021074139524005317,-0.0036080679634115215,-0.002022565038373021,-0.0003876339545753168,-0.02092232615654756,0.017075286970950926,0.0026604140880043363,-0.0015354055981769326,0.00026158303052248246,0.004042930521909795,-0.0455463166203904,-0.005331542338118517,-0.003979907689769083,-0.010653061202696306,-0.02148974113746429,-0.009470092565680106,-0.021417170911539232,-0.08278506653966579,-0.005138159139549461,-0.07648336866693314,0.0755214011803669,0.06083859212244175,-0.24408715147456728,-1.014319,1.607959,0
1.8466,43.0,4.701807228915663,1.0662650602409638,862.0,2.5963855421686746,37.59,-120.95,0.815,37.59,-120.95,-0.04200166331321461,-0.035431596454259716,-0.0010238915109999508,-0.0037033247511528444,-0.033168661008122054,-0.04708498605472008,-0.002293094570787202,-0.001453759147097484,0.0002184112570942042,0.00042151488816879426,-0.00690106681958698,-0.004053307695371204,-0.0005350496498342019,-0.0007576728552107347,-0.0013075290367836217,-0.001958938707334915,-0.0021096135544430676,-0.001461127648911342,0.00010116575516289096,-0.0008072304739533845,0.001324075212880668,0.0028201172007986056,0.0010232851030913055,0.0007386786751457754,0.0005721926976860604,-0.027774159821474118,0.0006249632619180621,-0.1395287531029962,3.275482,7.64922,2
3.5817,30.0,4.982309124767226,1.0558659217877095,2558.0,2.381750465549348,37.6,-122.4,3.693,37.6,-122.4,-0.0015366285758352275,0.016440552205247528,-0.001992674793906209,-0.0017193849517445755,0.028706196278933997,0.02928974570935514,0.10476144136137398,0.0019664852161539745,0.00023283167843198796,0.00012206027199049312,0.013270201551957756,0.00336784872034843,0.0005333572821337802,-0.001047769070896114,0.0004590922893642116,-0.0045159956874350525,-0.0011937243224363766,-0.0009852486674698788,0.0002362936276592199,-0.0028522348366250587,-0.01081179727671905,-0.011026238105819418,-0.0012606712141169083,-0.0002233883396416741,-0.0005127832512390728,0.02101798125721042,0.03650096865116294,0.12754237973518057,14.114749,5.9708304,1
3.4107,33.0,5.954022988505747,1.0402298850574712,620.0,3.5632183908045976,36.64,-119.63,1.104,36.64,-119.63,-0.01270571343773115,-4.48174768083055e-05,-0.002663044504008567,0.0006390183703805762,-0.012805685014006495,-0.014550175125697822,-0.0263731838848173,0.000741675614209246,-8.40146952648392e-05,0.0007458448369935008,-0.018984910942683734,0.004385119695432659,0.0009716826013388591,1.1979160628815277e-05,0.001073584580896137,-0.00069514803167507,-0.0060847107840886145,-0.0014338688042393826,-9.495797370414603e-05,0.0015222914352290354,-0.002442150409302428,0.0023109595396630456,-0.003556171203043761,0.004476095639024216,0.0008939134492137386,-0.010750279838398442,-0.018695458187903257,-0.2631529110286781,-0.8606946,2.2428083,0
4.8382,52.0,5.2639593908629445,0.9289340101522844,909.0,2.307106598984772,37.74,-122.44,2.949,37.74,-122.44,0.02542296584992673,0.016386371362219054,0.0009193498042834186,-0.000932264643447208,0.01121270660667306,-0.005481112967969844,-0.012684853538438293,0.004874024788948332,0.004763647984255086,0.0021580351942996367,0.0008773189617434377,0.00275112610358935,0.003999219160923036,0.0021829962266030623,0.0004314782877301732,0.000995495124864142,0.010796703955045053,0.009348498680664629,-0.0017563526428493869,0.003910012274514342,-0.01191993612494243,0.024126271437090466,0.002489692212921788,-0.0005514660426532449,-0.005306593816859592,0.007014857103189396,0.007613692975208957,0.06906660441581354,12.4208355,4.972062,1
2.1573,28.0,4.826013513513513,1.045608108108108,1614.0,2.7263513513513518,36.79,-119.74,0.714,36.79,-119.74,-0.011077269932825502,-0.016624653268486226,-0.001447137300066955,-0.003916006489469829,0.0018882248094792234,-0.04687601334903281,-0.004604619853639517,0.001672714770205761,0.00016891655443513988,0.0005277233336686255,-0.005337740941264259,0.0015045100394250387,0.0008424299307988247,-0.0006876832412019828,0.00021364815095081642,0.002479195768812483,0.0040147076976361495,-0.0009542563492882584,5.861797855555386e-05,-0.0005601536301573044,-0.007896545655595534,0.001107946559052572,-0.00040461705827007585,0.0012066690730262238,-0.0008843866088056043,-0.027596292446479195,-0.0009810543916234473,-0.2650528088728498,-2.4931197,1.9785588,0
4.6366,40.0,5.311764705882353,1.0215686274509803,1156.0,2.2666666666666666,37.49,-122.25,3.955,37.49,-122.25,0.04577592414526516,0.01837872992938034,0.00047159558268197906,-0.0014780979890271378,0.033114692496216055,0.022139429155219523,0.009245998382437073,-0.000109663278242059,-0.00034431685509607175,0.001718248490221804,0.006488734686053611,0.006895017191011632,0.00028144847165188606,0.0010499237861123357,0.0008085255258392775,-0.0010919431383916195,-0.002212502124369543,-0.0008460812355378635,-0.0001240858995977771,0.006077256773250819,0.021432759152264568,0.026510388068016363,0.0017249101301258602,-0.001508996555713237,0.0014460755508225293,0.014706386346956207,0.0010724496878510464,0.014124546577241354,11.927452,5.3237777,1
4.2733,22.0,5.224764468371467,1.098250336473755,1830.0,2.4629878869448185,37.67,-122.06,1.807,37.67,-122.06,-0.003158124767081319,0.019114557190434513,-0.0010810818132862558,-0.002562295054074617,0.02099603457535091,0.02421169860998958,-0.024225690752197118,0.0009377914071661561,0.00041081309302348567,-0.0017316679268763822,0.019569535814489593,0.0068393516083365665,0.00206045238091378,-0.0007465505620815145,7.783101940983536e-05,-0.0005194635496664098,0.0038114512792091493,-0.0014258686060481713,0.00023972580939353092,-0.0015661295254735656,-0.0018643089735233304,-0.0002713790016010896,-3.3495115746905106e-05,0.0005199008152556281,0.0004016791489660285,0.009141923837941,-0.004762467596838376,-0.08061868679586562,9.537972,8.430509,2
3.2442,32.0,6.167630057803469,1.0443159922928709,1869.0,3.601156069364162,38.29,-122.77,2.68,38.29,-122.77,-0.003433513599467071,-0.0003197594573946943,-0.0016792154787764254,-0.0024850545286666617,-0.0005131382215293989,-0.010459907742563905,0.08195332627105684,-3.7754554404828135e-05,-1.3692710928170348e-05,-0.0007257828098814717,-0.008550242457584387,-0.002010349490047485,0.002357581409121406,0.000936280890541322,0.0006762577151102759,0.0056594419629840765,0.004947971255725065,0.00899779353539432,0.001207847143869467,0.0032040087303313244,0.0024987636409573195,0.00160160010684083,0.0009955565937723627,0.0011202340919421276,0.004717039969713782,0.11785931726026083,0.01674948092588567,0.03134522174783079,13.687723,5.9159575,1
1.6452,32.0,4.324705882352941,1.0376470588235294,1628.0,3.8305882352941176,36.06,-119.14,0.415,36.06,-119.14,-0.008450085684219639,-0.02422170697558394,0.000917401312900191,-0.0012564072862980083,0.04262445480058406,-0.04368287211271218,-0.002786929423448389,0.0014168155239139108,-0.0004885245968708657,0.0004098465653754902,-0.009075987522976288,0.004573792736722491,0.0007949295354700906,0.0010146168356831033,0.0006068055444183126,0.006020311035880907,-0.0010972683299494534,0.0008804112850093532,-3.565874845727035e-05,0.0005165116327195403,-0.0031245991717965735,0.0006334337820671048,-0.00043620102920754794,0.0038216926394326325,-0.0015476624893130688,-0.013024632811002676,-0.018004517587198447,-0.23572178640966554,-3.9453123,2.4401202,0
3.75,38.0,5.770731707317073,0.9560975609756096,628.0,3.063414634146341,37.86,-122.53,4.786,37.86,-122.53,0.009764592213969813,0.014281203334524203,0.0008155092929516515,-0.0013329439741946805,-0.03532734921874677,0.030785014050361204,0.07826323658227616,-7.935210369934583e-05,-0.0007324557497936216,0.0008733774071554907,-0.016291090593297884,0.0010566809739797915,0.005305710573215139,0.0030596589314331106,-0.0003761633903773356,-0.0017601618175071302,0.01263292029593267,0.026100907665878484,0.00023780069962003772,0.002065620202240852,0.005159454541844728,0.020943777909949952,0.0020433775749005203,-0.0020531361744530238,0.00215812735304756,0.002197774032727199,0.05272020067509017,0.18206218575910488,14.054251,5.334119,1
4.0,47.0,5.414893617021277,1.00354609929078,1102.0,3.907801418439716,37.71,-122.46,2.316,37.71,-122.46,0.004006512557981297,0.011779599338490657,0.0003960747454746324,-0.0018171870349856206,-0.043171523699974644,0.020258672539073017,0.05531297868799173,7.862310056933904e-05,-0.0004658472278052306,0.0007418674303600493,-0.022468336076082,0.000895992239815805,0.0059270653201870215,0.0018751122952500507,-0.0001296002733846441,-0.003623994692289186,0.009421541143920844,0.006759633568248654,-0.0005394508369506768,0.0010601511733318802,-0.0015459157642007484,0.01795448132353641,-0.006153843629199366,0.0006902607907960797,-0.0035784565365014403,-0.008051460960195898,0.0006728583243876604,0.07251448956586551,14.080776,4.629144,1
3.9583,42.0,4.30749354005168,1.020671834625323,1041.0,2.689922480620155,37.74,-122.5,2.737,37.74,-122.5,-0.0007623467631308627,0.01627740458072634,0.000669742702710112,-0.0016024244596976192,-0.04412402489893205,0.023551856798587203,0.04845915822622396,0.00010668929107617755,-0.0003817084118947031,0.000859065325705239,-0.0219130913687901,5.3160774841630784e-05,0.005507399424209619,0.0017753887719557818,7.305981855804026e-05,0.0036918364235657896,0.011121452828050759,0.02146756672432679,-0.0001787807797808258,0.001154076057375815,-0.00024805549907955964,0.01452658089354068,0.0020523531737204823,0.0003637940331646743,-0.002420648713664637,-0.025919436631997757,-0.026270637903248396,0.05863805933218926,14.067769,4.554325,1
3.556,52.0,4.342105263157895,1.0394736842105263,841.0,2.213157894736842,37.88,-122.29,1.793,37.88,-122.29,-0.01287461227688315,0.022193181649291065,-0.0017939094839583413,-0.001595465004350681,0.05004803554817136,-0.00042062054938533754,0.013434583446332884,0.004917084007904782,0.0019939090138893223,0.0009189011358836945,0.02090605565892398,-0.0007530186476986222,-0.003804528780579319,-0.00011386744630686725,-0.0011734079739485668,-0.002980575702102531,0.004976407959795782,-0.004618611847452166,2.538227908464928e-05,0.002658015826768103,0.00033191291754682516,0.000536323300704513,0.001982836480415679,0.0005860198672015182,-0.0016939771348812342,0.017912670964854827,-0.015440319075318325,-0.13408974107226496,8.303012,6.710679,2
3.7292,52.0,4.566724436741768,1.0173310225303294,1302.0,2.256499133448873,37.78,-122.47,4.167,37.78,-122.47,-0.002118942691511188,0.008275380401842156,0.0004127772198820248,-0.001846459891432408,0.06171920624116993,0.039322264893016975,0.09431502809692921,0.003629103503396458,0.001452200969615661,0.00127019475591564,0.013275515606691895,0.002243506572634162,0.0028210456909121056,0.001733168585395465,0.00018715466438062872,-0.004113483757238396,0.014978207218956928,0.024056612119241382,-0.0001777486948425536,0.0017033967424690938,0.004282861450954856,0.02056972466628195,0.0013424455052852685,0.0005922857017946186,0.0011309349901372381,0.014666235745091016,0.02546669374067754,0.13293165993043612,13.863456,6.216621,1
3.0521,27.0,4.115,0.855,798.0,3.99,36.64,-119.59,1.138,36.64,-119.59,-0.0034040368714822323,0.04233875890446551,0.0003684280630079368,-5.083914026036621e-05,0.03735539184532146,-0.030104963470423598,-0.00828155447818758,0.0017513531456870943,-0.0005215321161795995,0.0003420192033908732,-0.007009705265527906,-0.0017136892787947722,0.0005378181862645623,-0.0005438247139469104,-0.0009716641786446732,0.003002661211793376,-0.00031773995058909544,0.0038283514088806227,0.0025374124166795717,-0.001824222858788043,0.0047845015790732226,-0.020198309511694348,-0.004607802688180071,0.00440652759210546,-0.0002920697652848876,-0.012867238988087362,-0.019231581424572358,-0.2603992180569533,-3.3005652,2.6444175,0
4.8185,26.0,5.96,0.9625,1323.0,3.3075,34.85,-120.4,1.579,34.85,-120.4,0.013680462366871222,0.018235819686035586,0.0006040586859743792,-0.00037544887726394596,-0.02928498430828147,0.029621763501659824,-0.0030837127061436715,0.0004929447836488011,-0.00045221991562345733,0.001119592766842033,-0.014116339794789231,1.946439110950805e-05,6.508602524812433e-05,0.00022167757644561226,-0.0005108274357493241,-0.0011421835858616502,0.0009313431424764727,0.0015831137656454873,-0.0008653304408323056,0.0031428694959493154,-0.002992228929848845,-0.008858654490300079,-0.0001482137793137515,0.0012417850007575583,-0.00044927851953864475,-0.02043486566402828,-0.00772700299488562,-0.16599945044704334,6.1347694,7.335344,2
3.65,10.0,5.502092050209205,1.0603705917513448,5935.0,3.547519426180514,37.82,-121.28,1.194,37.82,-121.28,0.021236111545131168,0.00579197495731087,-0.0009839599420607109,0.0028731189942901455,-0.021525785702621567,-0.007968425876854007,-0.007695822133754153,-0.003995430738960336,-0.0007241277125897645,-0.0007283306185025702,0.03191024239562366,0.0047774394324489365,0.0014961574742416094,-0.0014146556428791229,-0.0005201707705272843,-0.0011641537384039,0.0034880625628441087,0.0011878552733343992,-0.001222348313861576,0.0012407715634994983,0.002791477584546658,0.0017255989686202425,0.001673613818371996,-0.0021599266125972207,-0.006429944747010903,-0.016031462558674506,-0.015984149375882235,-0.12872187710005012,4.3656397,6.680835,2
1.881,25.0,5.56353591160221,1.1104972375690607,1160.0,3.2044198895027622,35.96,-119.19,0.525,35.96,-119.19,-0.0021742600299532065,-0.016513298105780075,-0.0024540982418879745,-0.0014197531570376164,0.043053652794129614,-0.04530757664940732,-0.002096868484530224,0.0011688639969963022,0.00052754381667505,0.00028980737099087745,-0.0060385157873687105,-0.0012482209119957606,0.0007358721572975389,-0.0003047959659163494,-6.521844027083524e-05,-0.00584785753562336,-0.007862354394688954,-0.0029069548455594165,3.411618340675141e-05,-0.00121162286761621,0.0020284351423067097,0.007612839096575973,-0.001299867037038602,0.001205825287026717,-0.0006007757842070492,-0.031811953173166034,-0.01127658872596582,-0.24310074971842627,-3.550325,2.379401,0
3.3333,49.0,5.436440677966102,1.0084745762711864,576.0,2.440677966101695,37.9,-122.29,2.768,37.9,-122.29,-0.02042871636746419,0.006705735954907894,0.0007649083363446338,9.858350400322486e-06,-0.0045885311308070335,0.004913896285174968,0.0020980921872581545,0.0022476746480415387,-0.0002035753402226437,0.0004568851401471084,-0.004841668383694235,-7.76030269816652e-06,-0.0006402127060021075,0.0011998055617356404,-0.003400533524057666,0.0021307576070014357,0.008662694971519771,0.00157373263395676,0.000229666528955266,0.0014877827908917744,-0.00035844292495922997,0.007037918848373784,0.0020509892014764636,-0.0029640466786901186,-8.936776470027466e-06,0.029289144886277253,-0.015739729937731352,-0.13866386823659374,7.689437,7.1317363,2
5.2608,19.0,7.092857142857143,1.0446428571428572,1586.0,2.8321428571428573,36.73,-119.71,1.514,36.73,-119.71,-0.0030607920597845715,0.018197446701095306,-0.0028695593940582698,-0.0015242658320549919,-0.04771799273629668,0.014570910383685375,-0.010253160873097876,-0.003682702828513284,0.0001254767691835533,-0.000666365061746665,0.003953984088834117,-0.005716757529335812,-0.0007195831035060024,0.0014586208305791132,-0.0004331409321491679,0.004025652439546677,-0.003942594473497128,-0.0022057208183995417,0.0007303596502017208,0.0004913333485295072,-0.008004352928689342,0.0008207242772894271,-0.0009032651692403987,0.0005614461938854539,-0.0010883815564931652,-0.015424110288888605,0.0013041219278968666,-0.23723360413513803,0.254836,2.7530887,0
3.8179,24.0,5.115768463073852,0.9680638722554892,1174.0,2.343313373253493,37.56,-122.01,2.161,37.56,-122.01,-0.015039036098225109,0.016672465492948596,0.0003139392259234498,-0.0014449061988191774,0.03500718029646191,0.026416026935504183,-0.016962032753076596,1.0710535647638668e-05,-0.00021567995912515154,0.0004076603723130085,-0.017310260547414323,-0.00040955608390035037,0.002999200473291898,0.0005244421159168778,0.000589907715541212,0.0017722001139205742,-0.0017375060706077518,-0.003991367546596054,-0.0002385857163765985,0.0019344341315734165,0.00204439714800449,-0.004036308659915894,0.001790136411133627,-0.0004075322620118271,0.0007562120696795261,0.01858470252347069,-0.008935385802873766,-0.06813807431302456,9.091995,8.3236,2
5.4858,5.0,5.204488778054863,1.0149625935162094,840.0,2.0947630922693268,37.68,-122.18,1.878,37.68,-122.18,-0.15294326227896396,0.01748772886208602,-0.0012434890940476553,-0.0014387390724618014,-0.02143763606206826,-0.004024543666075878,0.0001863616493933165,-0.008840349234709336,0.00029309286985212615,-0.006888732868643404,-0.09680040510988894,0.0022096532965412276,0.0007390367948542393,0.0019391845854614246,-0.0015370986504085757,-0.0018403582597361539,0.0029065244839522426,-0.00044806171067700165,-0.00012116787788345419,-0.0031408961533989695,-0.0017536188211283923,0.002980488932172799,0.003944006717734213,0.0006145805976952167,0.0005745065464444446,0.013409833306866079,-0.004842890599703868,-0.1187061376383848,8.261695,8.133642,2
2.8,43.0,4.302521008403361,1.03921568627451,1256.0,3.518207282913165,37.35,-121.86,1.533,37.35,-121.86,-0.03981614544475187,0.018377508427210223,0.0010216112893511322,-0.0021267476953961135,0.05739124682103681,-0.023243633418416346,0.025407416179575277,-0.0018356525537857643,-0.0004446470276596286,0.0006409935739631571,-0.012709688583352618,0.006074731770089161,0.001006358460549546,0.001025651618255905,0.0005348277857046093,0.00798838847600276,-0.0015202457099705161,-0.005199657014206167,-0.00015230463125183043,0.0009067330709145676,-0.002989835752644006,-0.00015929663272740274,-0.0020274266720032887,-6.910965147863115e-05,0.000805508870273173,-0.007386241837998663,0.01801345678411224,-0.0591745330827216,7.8452244,8.985711,2
2.8214,52.0,4.794797687861272,1.060693641618497,788.0,2.277456647398844,37.86,-122.28,1.643,37.86,-122.28,-0.02481323276742162,-0.0009769668945017202,-0.0013554823220761935,-0.0017187717358089938,-0.06435122010019839,-0.0301530014814426,0.00697498042958154,0.0067501228765924496,0.0019995246480988644,0.0008942594497090282,0.009566988257578332,-0.0006917044211291645,-0.0038500115427148422,-0.0016560586952117393,-0.0014626976635142663,-0.010031189170136786,0.004977917063826124,-0.004224562010622878,0.00040848838043208577,-0.0011044116221313122,0.0001932111322941824,-0.0017067882763987636,0.002094110284735662,0.0005819146620681417,-0.0015985351321569042,0.015964724166360536,-0.013288054281611953,-0.13382451336121431,4.6510515,8.629888,2
3.7969,40.0,4.714285714285714,0.9081632653061223,1266.0,2.583673469387755,37.74,-122.5,2.978,37.74,-122.5,-0.0038675068216746183,0.013269957535912105,0.0010064819125388056,-0.0018877939287745152,-0.05984942358561764,0.03154401613929165,0.0723656743394811,-0.00018968744619354564,-0.0011829279067000931,0.000861024067297944,-0.022163218735850594,2.2565841361044906e-05,0.004964391671898359,0.0009859471913514892,0.00011152085377422744,0.0010600824631251157,0.011673350678559314,0.02326104327608577,-0.0017757262160771178,0.0012755853942129848,-0.012333824339754221,0.030779564700395105,0.001394324155466748,-0.0002683361587304428,-0.0019286990495986523,-0.025505926312036128,-0.021727571046335426,0.07920776597026621,14.154313,4.5760746,1
3.3875,23.0,5.536163522012578,0.9669811320754716,1712.0,2.691823899371069,36.32,-119.3,0.925,36.32,-119.3,-0.006209219915115831,0.001473630356878544,0.0007949356042472821,-0.001383254069821667,-0.056450654797550265,-0.016409848064842955,-0.028959733862354717,0.00026968650125855847,-0.0003641343995805809,3.383228374437337e-05,0.016698420272947084,-0.004057227084968036,0.0018049361558101812,0.00039316329429486265,-7.205991443951899e-05,-0.0017635155191666162,-0.0037111271481312354,-0.001744350252984806,-0.0004979443068799154,0.002413230727624555,0.0005439245086254707,-0.006142501365857216,-7.983830464819506e-06,0.0012170253268074583,-0.0006867788771266002,-0.025820638023342397,-0.0012157598353436394,-0.2806511682396061,-0.61537385,2.4724078,0
2.8125,29.0,4.333679833679834,1.0883575883575884,2024.0,2.103950103950104,37.72,-122.15,1.574,37.72,-122.15,-0.02083002028065857,0.0063586305112650785,-0.001575920259091129,-0.0025440620793342698,-0.036082182216511105,-0.013580580416108518,0.020706265551193734,0.0016050025353998938,0.00027663009557043995,0.00016429798133261021,0.022897519151739508,-0.0013726478189058729,-0.0006247371980157819,-0.0013607229253495663,8.291323220007343e-05,-0.014217069719435862,0.0023358622068095775,-0.0054055117811062006,0.0003840221229596207,0.0025061051818262075,-0.000812059778445647,-0.0007162282039189121,0.00033907123294341817,0.0006043443496749241,-0.0004234421497624599,0.04280923096543711,-0.0010325373148679252,-0.1310316447592048,4.5827227,8.680941,2
2.875,38.0,4.2133891213389125,1.0251046025104602,618.0,2.585774058577406,37.72,-122.16,1.448,37.72,-122.16,-0.03231520558739335,0.040509384920605934,0.0011113818662754475,-0.0005790693656451176,-0.04333336411597111,-0.02550851521990844,0.017607120925840516,0.0001193278284220205,-0.0003760927776851612,0.000646374424864099,-0.00873130976604973,-0.0054519807447123945,0.0005063640903128327,0.001191408761585214,-0.003054842963230424,-0.00037075943857923426,0.0037509679560786937,0.0016428075643811545,0.00040529507330152686,0.001699133785230338,-0.00042590167736006,0.006409435572818846,0.001332905718789079,-0.002943512888805194,0.0021715506455592636,-0.023001166347850464,-0.0004537956600051562,-0.13743226772720496,5.3216987,8.645256,2
1.4552,52.0,1.902086677367576,1.059390048154093,1007.0,1.6163723916532906,37.79,-122.4,4.5,37.79,-122.4,-0.09376362463850522,0.2171097597489,0.0032447071757966957,-0.0021414689533903125,-0.03747275227547973,0.0061710123617474185,0.04968695272574833,-0.002951838388535675,0.0013818835397992908,0.0012481249205458114,0.03520458761051546,0.0025339990151340927,0.002702517537536967,0.004754880900613983,0.0009100224883710743,0.12170213960496493,0.00986544332378189,-0.031210052856264842,0.0004950455593025013,0.004811756709007352,-0.0008723130297323723,0.010393433450391735,0.0028813428584252366,-4.2484579882370646e-05,-0.0017464060530997991,0.06968432272479591,0.13119196116258805,0.17121438219505106,13.711726,5.1635895,1
1.8295,52.0,2.628169014084507,1.0535211267605633,2957.0,4.164788732394366,37.8,-122.41,2.438,37.8,-122.41,-0.03693498315425033,0.1256628532946385,-0.0009836247861599982,-0.003348031936964321,0.03398864027985538,-0.018973085798601592,0.010522675344625497,-0.004154949092358121,0.0023381005759639003,0.0004028568101592232,-0.009185804894460477,0.002953526372338098,0.009843125277548603,0.005304019789159031,0.0013709002092597464,-0.03557353673429183,0.010422866210080402,-0.04284601876165209,-0.00010280984626525537,-0.000712137448098124,0.0030280404406187065,0.0037663865584871095,0.004653341063067568,-0.000143635296096173,0.0023189781424552336,-0.023757803842354586,-0.00401537333237592,0.15782808224166298,13.254532,5.0419517,1
5.0113,22.0,6.935483870967742,1.0241935483870968,1149.0,3.088709677419355,34.88,-120.43,1.586,34.88,-120.43,-0.004550637988190763,0.017619722354695326,0.0009404489054542538,-0.0018274199395329472,-0.0009697160295574559,0.03062457107831213,-0.0032845640577876234,-0.0036344675310669926,-0.0002649887463546023,-0.0007266988655242498,0.014836835835309382,-0.005782225551448116,0.0009488342040572394,-0.0013184160086033188,-0.001560239684602132,0.004076588116290618,0.018484323247017025,0.008693247613497332,-0.0010613324742550212,0.001964698383922233,-0.003377992294923659,-0.008494709180918165,0.0011507322420977032,0.0005953411601740982,-0.0008461129231381358,-0.009277323057950877,-0.008428810694028822,-0.15051440293785073,6.6021476,6.953665,2
4.625,36.0,24.5,3.5,28.0,14.0,36.51,-119.54,1.625,36.51,-119.54,0.009147802783154961,0.026663453873397334,-0.0012960182272536908,0.035974082116398826,-0.021278171402753496,0.023810721208652283,-0.008996142867355,0.01621949224007902,0.0029483476589900796,-0.027118528716661986,-0.02250795811499341,0.006469274874497111,0.001112512878655287,-0.01375859938516244,0.04792748089491742,0.009962157772255772,-0.004948883556764379,-0.009960972602507532,0.021001413468557495,0.000216617427810519,-0.011464603525310374,0.00048521268403797145,0.06827245032030989,0.00731578723303222,-0.06226825553141182,0.008400107624431111,-0.017911600071538508,-0.2324661707732752,0.29559606,2.7880192,0
4.3898,52.0,5.32662192393736,1.1006711409395973,1485.0,3.3221476510067114,37.73,-122.44,2.7,37.73,-122.44,0.02738678440393901,0.019447777541727603,-0.001173032944637686,-0.0021683533763200116,-0.025691702559177142,0.006645187671959995,0.013234168858420516,0.0029516977960786714,0.002339418093719807,0.002125582398038124,-0.018863439654744896,0.0021305164850101595,0.004974390871540166,-0.0013977332222415415,-7.77712165028456e-05,-0.00019538298347641057,0.010828681346342964,0.010916551568981912,0.0004304126086460105,-0.001948862485393749,0.0006080981201100784,-0.007652332952614887,0.0025616466395297945,0.0006056162743398414,0.004364318207742746,-0.01522830751510371,-0.005706498078945418,0.07959273205777517,12.783503,4.7154326,1
5.3909,15.0,5.727626459143969,0.8871595330739299,892.0,3.470817120622568,36.31,-119.33,1.13,36.31,-119.33,-0.0728226308472265,0.020800883254240843,0.002824827827081497,-0.004627748460459283,-0.031034915658219527,0.02010427612059735,-0.01073242730188843,0.0020681939466344105,7.813153535662129e-05,-0.001499002423213284,0.06474324705667822,-0.008086397727687437,0.00018050766101261536,0.0027730916466523602,0.002351153751788847,0.0010082819632305858,-0.007338300605908618,-0.00023978633309632274,0.0025715672687832533,-0.0017222245217387664,0.006862527000879955,-0.01741820140369308,-0.0076757288584832425,0.004676424479510926,-0.0002262370068450649,0.0009400090171969983,-0.013252959932774444,-0.23983332253253228,0.9018886,2.9034488,0
4.7463,6.0,6.094936708860759,0.9588607594936708,965.0,3.0537974683544302,36.75,-119.69,0.931,36.75,-119.69,-0.04833362445121958,0.02018866004840962,0.0003646742750473648,-0.002942490359851777,-0.0016447657159303166,0.024541315281765345,-0.007784534203534061,0.00035001982530371244,0.0001663416103441019,-0.006416170937428822,0.028858468098161914,-0.00935945587222323,-0.0010048644985322444,0.0012829765984275093,0.000361848430549899,-0.0002306280461045243,-0.0020249010132279326,-0.0007338157199877262,-0.0008097787599241228,0.0016618411268502962,0.007870810480643921,-0.004728575787536102,0.0015341757943098582,0.001449731576880599,-0.00039447379463008754,-0.011377575781653326,-0.010997627374460603,-0.25796075263408885,0.7983775,2.8594465,0
3.4167,23.0,5.433915211970075,1.0211970074812968,1852.0,2.309226932668329,36.82,-119.79,1.052,36.82,-119.79,-0.01782405692670349,0.005623137822554135,0.0005364259352668942,-0.0017944654061712961,0.013039573533195327,-0.00861786527327189,-0.027937450817776092,-4.3970566930004435e-05,-0.000290073278263738,4.05077240681539e-05,-0.019264126719791615,-0.005573214758474649,0.003540933134567256,0.0005684412775158517,0.0005275275750722254,0.0018203016831723165,0.004137720064102305,-4.189309732487721e-05,-0.00025082426044489316,0.0009595170316242986,0.008977506810989877,-0.005902190411432108,6.314441393848613e-05,0.0010747848741249945,-0.0006612637943625997,0.01671019415218835,0.006282897353356961,-0.2734461591007564,-1.0795155,2.3377302,0
3.5938,40.0,4.201438848920863,0.9064748201438848,316.0,2.273381294964029,36.96,-122.03,2.435,36.96,-122.03,-0.02374979050447534,0.03444649595291342,0.0006050115210700168,0.0011737504468531564,0.05035073780118637,0.004934269671364484,0.007201447701690453,-0.0008022759528693249,-0.0015139834413115966,-0.0016784251058016635,0.01826605241030237,0.006603855655488506,-0.0006972257158543659,-0.0015558728356009897,-0.0013024147364437582,-0.0018467103139645637,-0.0015660682075492466,-0.0017115542050196496,0.005366053094356406,0.001962002779868949,0.01337161059602145,0.025862409735781015,-0.0029823417535629563,0.0033836779658715345,0.0019240527601215114,0.010790362550050952,-0.009485825252937107,-0.04503873155637156,9.538989,8.241587,2
2.7054,52.0,5.001226993865031,1.1288343558282208,1800.0,2.208588957055215,37.85,-122.27,1.823,37.85,-122.27,-0.027754095231887817,-0.02023053805388772,-0.0013363278492822077,-0.0023762476602540196,-0.06615399224801712,-0.031101451384285314,0.008734856318341071,0.00679434272510388,0.002459631194132655,0.0009225645437479496,0.006471491991702918,3.710161204059805e-05,-0.001286736611221082,-0.0017155213241526782,6.690744432536922e-05,-0.010508257637026555,0.004977454559315362,-0.0033104940399989583,0.00044845842040969755,0.000759029397332898,0.015726433751002487,-0.02138316701680103,0.00026683651107323446,0.0008283978775933814,0.0025538434403726577,0.011784769976273772,-0.010562533436013382,-0.11582747710661256,4.4658804,8.6118765,2
2.3087,11.0,5.364518250575468,1.059684314370273,28566.0,4.696810259782966,36.64,-121.79,1.188,36.64,-121.79,0.042179758350598666,-0.0158142691405327,-0.0006862685635249763,-0.001591955279257031,0.02967899193347284,-0.0334105402785229,0.025111645055030392,-0.010365503651700041,-0.0016458640128997329,-0.027024474615255076,0.024623027143096256,-0.007574388371714906,0.000544263323858549,-0.0010147115615735793,0.005395425228000877,0.007267151410423833,-0.0022535302998513314,-0.006212946651588416,0.0003800147965521253,-0.00019425812043053463,-0.0022682566023258318,0.0018984591399060602,-0.001217296377115609,-0.014164084602818035,-0.012154103791281559,-0.01104812108562213,0.014972675064075507,-0.03702853280581829,8.344015,9.015529,2
4.8624,11.0,5.68,1.0447058823529412,5826.0,2.741647058823529,37.71,-121.75,1.924,37.71,-121.75,-0.03803306475545899,0.0179415124020329,-0.002241440263502249,0.00790452631216364,-0.003494786352479614,0.019709837820807957,-0.01892826678968417,-0.003579654864127014,-0.0004097054565927775,0.0010834021581356773,0.022431247519174847,0.004336259729358541,0.0003341539976618792,-0.0010153545076690168,-0.0026579794957410858,-0.0002953319191987932,0.0015272149011831626,0.006032416564346618,0.00010750608331028852,0.0009178869958381667,0.0024641940123872226,-0.0002603476390727757,-0.002469131208975182,0.004788917064802205,-0.0054081243725213664,-0.01529549697208254,-0.00322311055719885,-0.06002765422022267,10.203883,9.008417,2
3.8582,15.0,4.7941653160453805,1.1183144246353325,1348.0,2.184764991896272,34.61,-120.2,2.152,34.61,-120.2,-0.0020965934350538045,0.014039796222735877,0.00041418981503710814,-0.0006387551281732348,0.028633708761607393,0.01579408486556637,-0.007766290097984229,-0.0038685950218471606,-0.0006438048944707811,-0.000950546115453485,-0.057215094934861425,-0.008868451513461564,0.0017384038161019652,-0.0011822031170727204,-4.0975547842702294e-05,-0.0063081400028662735,-0.004103190707793963,-0.0016016167246075584,2.54352013610503e-05,-0.0027039589706358176,0.0035766494615483524,0.012042033786663537,0.0010526049686614474,0.0012826871574508005,-0.0008483223506577404,0.017066425683742264,0.02285317853052569,-0.1534755555920122,7.7865386,7.4631796,2
1.4063,42.0,3.7714285714285714,1.0285714285714285,310.0,4.428571428571429,37.49,-120.85,0.615,37.49,-120.85,-0.037888791511761416,0.04463151230988959,0.0005220218212242191,0.0051622095057866045,0.03352096285289619,-0.043754064191359805,-0.0054044389309518895,-0.0014110828374963068,-0.0003398989332052595,-0.0008488640981307476,-0.011430396955739596,0.006167551128944765,0.0005385903349797932,-0.0015483891512275733,-0.0008181129345973405,-0.018806963826030303,0.001890604999518589,0.0022474302946794596,0.0031584107894825327,0.0033747420032491345,0.001324578978548887,-0.001991191729941899,0.004270900093766879,0.0016104096656119587,0.0017454092886710717,-0.0186740383351714,-0.02236105015678059,-0.1597742163931048,2.9671922,8.431309,2
1.3343,22.0,3.685584562996594,0.9750283768444948,4179.0,4.743473325766175,36.72,-119.75,0.608,36.72,-119.75,0.010026142627710762,0.04371750161711412,0.0017639980120748094,-0.0004211557279474626,0.023794230502495527,-0.04454179313030684,-0.0054725198260025705,0.0017914068364206432,-0.0002971460865945441,5.556683250317212e-05,0.012330080814813094,-0.00811670163731286,0.0020066082082771815,-0.00033005519793029194,0.0010825099704017721,-0.018075306085045553,0.005766550320789892,0.004881956619296921,0.0026231395166985724,-0.0015383998051827336,0.008784404087561391,-0.003917347707344091,0.0045423118835636895,-0.011363783425530554,0.004590370816531877,-0.02400405624508658,-0.01845580903390843,-0.259143029920277,-3.276611,2.6649652,0
2.7461,17.0,5.4261904761904765,1.0666666666666669,1200.0,2.857142857142857,36.15,-120.38,0.7,36.15,-120.38,0.034218546667750746,-0.025501756648734154,-0.0005788921177136081,-0.0004292280891010574,0.01504527193434305,-0.03106533386070762,0.0012687967506015791,-0.00290515231905794,-0.0008176816346573646,-0.000988866461642164,0.01545719487374518,-0.00709811687749791,0.0006546108946031109,-0.0011680821839799014,-0.00010764233536725499,-5.3988561051246164e-05,-0.0007454459858250831,-0.0016132516755300419,2.6332555339788815e-06,-0.0006395560096312991,-0.0029734619934921823,0.0040186191120133025,0.00040889118788307844,0.0011855187783625508,-0.0007619445615627346,-0.025305129809541544,-0.0007426976050807513,-0.20252215764727344,-2.4640589,3.5195374,0
2.875,52.0,6.107142857142857,1.0714285714285714,469.0,2.7916666666666665,37.78,-122.19,1.6,37.78,-122.19,-0.027174217082123427,-0.01669660194136751,-0.001772250981118151,-0.00012750462999790507,0.004261929800576896,-0.022983460011211064,0.015255344193758092,-0.0014749172817370433,0.002080680800297311,0.0011248400672843994,-0.008171393453932337,-0.004151330074811093,-0.005547128671800905,-0.001007159933194733,-0.0007322491578410142,-0.0006492269624179938,-0.001769778856625384,0.005204287015324236,-0.0026688631513837407,-0.0002580673876776813,-0.000553969457376647,-0.0008414396049563895,-0.0021158841853782255,-0.0028466794422451133,0.003052489513967109,-0.02518369881853216,-0.00854541300645115,-0.13556513385849978,3.0083196,7.697349,2
2.5625,52.0,4.947368421052632,1.063157894736842,578.0,2.0280701754385966,36.62,-121.92,2.354,36.62,-121.92,-0.05263108468428873,-0.007286707416612348,-0.0012062927064421785,-0.0013259874862457223,-0.10295649734932256,-0.015526622548167071,0.016814140426210038,0.005869346401381893,0.0026908700151369565,0.0011349486840712048,0.025983281620527352,0.006141679214159887,-0.005179792095904833,-0.0005051610466560489,-0.0028879248306222065,-0.01355028888172319,-0.004590147746327139,-0.00885634184093369,-0.0003415378573758962,-0.0001975070223341945,-0.0032302634554190845,0.0026369056102164674,0.0015769990841260476,0.0030885687683043853,0.0034616355062459785,0.046083299195083055,-0.0016535541921003528,-0.0434830368146384,7.520029,9.722429,2
3.3693,30.0,5.471092077087794,1.0920770877944326,1347.0,2.8843683083511777,35.03,-117.82,0.718,35.03,-117.82,-0.004994116535893585,0.004529000633151703,-0.0022464979022371358,-0.0015160702299395561,-0.04347483887688274,-0.012023769934582143,-0.02638658104976377,0.0018735171685601332,0.00017832026459361185,0.0007110666809143324,-0.013437180540093708,0.00348921741114854,0.0014193745915729351,-0.0006646718689760202,-5.77080788214849e-05,-0.0021980394766849443,-0.001827342298087944,-0.002644468752983594,5.300735110612744e-05,-0.0015008132285636668,-0.0027735328408276957,0.0030290661543099133,0.00035869250982670166,0.001058007124563185,-0.0017517704343032008,-0.029521158752717908,0.004247445770052266,-0.17897465157099815,5.6287675,7.8626356,2
1.6471,52.0,2.833333333333333,0.927536231884058,520.0,3.768115942028986,37.77,-122.22,0.95,37.77,-122.22,-0.04265336860172166,0.0843334948724553,0.0005333122407819987,-0.0018112415979549172,0.03712730530038132,-0.03618869892363728,0.00809614399265708,-0.004557821681473845,0.0012519395655604699,0.000711048243334289,-0.012264509889461664,-0.002643055938706937,-0.005104322432853396,-0.010507617806957918,-0.007597418533362136,-0.019262467078238116,0.004230870851841529,-0.018333183500204766,0.0002984136980771414,-0.0022324592954465097,-0.013932821169172393,0.014618599009450207,-0.00372639591081081,-0.0031281507233594553,-0.0001460060861548652,-0.004756415782766813,0.027921429405150126,-0.12457790255094549,3.0199957,8.595953,2
3.7143,9.0,5.450847457627119,1.006779661016949,1057.0,3.5830508474576277,37.02,-120.09,0.816,37.02,-120.09,0.019615647005916014,0.007689057462102971,-0.000217494548723288,-0.0010872889439173556,-0.021605686492394034,-0.009477664853619918,-0.017498530946831833,-0.005746652013504739,0.000314328854294972,-0.0045649809407364485,0.03763705548602997,-0.00894079702641844,-0.0005765551372494414,0.000747000021918008,1.5404521097313998e-05,-0.00024247677634785594,0.00021010564374284588,-0.00211299666692994,-0.0012030377149832986,-0.002115877269862949,0.0026122060769356824,-0.007172960717373376,-0.00542019106014984,0.004058240828641082,-0.00044044952410300675,-0.01656690136340681,-0.02542188297395834,-0.23075401170948698,-0.50103366,2.8998172,0
4.0703,10.0,6.343575418994414,1.111731843575419,986.0,2.7541899441340782,36.32,-118.94,1.471,36.32,-118.94,-0.001788932554927603,0.01584173354482267,-0.0014044044371680558,-0.0011203317633323696,-0.030713673267956137,0.03706878341949602,-0.00746439046504276,0.010640355598690292,-0.0003033955250361968,-0.0038229533359500157,0.01841884463987659,-0.0075083546740970205,-0.0007271819290205537,0.0014471626468224826,-0.0011259065149276139,-0.0006038306103042393,0.00332320246688036,-0.0042072495085897915,0.0006931807393692115,-0.0016438463113887139,0.0020240886408811267,0.007554829241320336,0.0014029426047203737,0.0010571853736531108,-0.0006187400522389044,-0.02147642018611917,0.0015599447913417536,-0.21943976647561758,0.4434625,2.9455256,0
4.1827,31.0,5.915555555555556,1.0888888888888888,598.0,2.6577777777777776,37.59,-122.55,3.455,37.59,-122.55,0.011437127892165262,0.01839470811482458,-0.0016304211418945607,-0.0010019863689215173,0.02486002389347311,0.014769039492070302,0.00528394118910104,0.000990991476884695,-6.36185752763972e-07,0.0011979956175068589,-0.005745720916258795,0.0022834244063499876,0.002370828094926735,-0.00024695999583155214,0.0010116173945140343,-0.0009992276914425166,-0.0014905560693707987,0.002533033588826699,-0.00036079618265591804,-0.0003178647746431042,-0.00856697507764565,-0.016148867648757417,0.0019100052737644176,-0.0005963055534174825,0.0033741128720645988,-0.02031631560192102,-0.012100599325413519,0.09913554598181143,12.758405,5.130687,1
3.5156,39.0,5.954545454545454,1.0,288.0,2.1818181818181817,37.72,-122.14,2.189,37.72,-122.14,-0.019818096530527515,0.006100482561013194,-0.0006137037111549826,0.0011340661823315418,0.10335966373349438,0.00838658032035042,0.0164467180378837,-0.0008931735231763429,-0.00025756017713456303,-0.0014140319251421587,0.03163024893267618,-0.00392746424378328,-0.0009904344084395813,0.001622186978230087,0.0005243713244268476,0.006442262567661164,0.00037195385106993133,0.006542347678999842,0.004050003769635702,-0.0016231929004457363,-0.0018536882081057664,0.0037106580757874635,-0.003026549200653611,-0.004982343274480366,0.0019846501070718385,0.02979396871931166,-0.0026122979802672614,-0.13343329117444788,8.465326,6.7025266,2
4.267,35.0,5.5315985130111525,0.9628252788104088,1424.0,2.646840148698885,37.68,-122.14,2.103,37.68,-122.14,-0.0011544739719908219,0.018720580989786007,0.0006384463525186064,-0.002198514342358024,0.01118548345409993,0.02799786092791513,-0.029978637268542205,-0.0012654760923697084,-0.0004565694703732249,0.0015831630253072154,-0.007336057800967144,-0.0015379790394765673,0.0010243944139121965,0.0015870531542809744,-0.00011549599282369757,0.0007199269912769614,0.0014937959306132748,0.004003637166427457,-0.00041973217157383297,0.0018423554526230358,-0.0009176425917735971,0.007183857775360852,-0.0003372546280456558,0.0007303351727167502,0.00022591647866616798,-0.016130035239596018,-0.0016944542133181671,-0.13161844445473683,6.99781,7.0667667,2
4.3375,31.0,6.240121580547113,1.0212765957446808,867.0,2.635258358662614,37.7,-122.09,2.418,37.7,-122.09,0.010552735279871106,0.020057253592145656,0.00048188223229747725,-0.00205633480461881,0.0021613300898493033,0.021753256568927116,-0.02200459761056558,-0.0005650383681340247,-0.000361495151949164,0.0012133166528488157,-0.00483538222727472,-0.0009712853620292463,0.0014647625048028754,-0.0012473519056515545,0.0005690019784447343,0.0009241079422880803,-0.006101416372572731,0.00036163313438273843,-0.000907197646468345,0.000570363082041939,-3.323797640520572e-05,0.0018414119808734452,0.001329571578166728,0.0015719006688529684,0.0010423412781136415,-0.017009548987407915,-0.002533614399540578,-0.11969308823870674,7.0240717,7.0797644,2
2.0114,38.0,4.412903225806452,1.135483870967742,344.0,2.2193548387096773,37.8,-122.28,1.313,37.8,-122.28,-0.04154868753088122,-0.030284057876788673,-0.001174102708959332,0.03190183230760107,-0.05700602527192073,-0.0352159185403274,0.008342185469350673,0.0002594344242936685,0.00023726379220442964,-0.0010194558032539198,0.009797621156160816,-0.0022656857446610224,0.002099211723245658,-0.0005397276469076557,0.000781688804475914,-0.0060915483061043,0.005209550198235008,-0.004440502046304276,-0.002754043482276983,0.0016164851962224196,0.013793568976886402,-0.02201194006423309,-0.00019369219527994475,-0.004395272112957366,-5.110500396390871e-05,0.008362869937875623,-0.017377473906036528,-0.11452299494810607,4.333186,8.462211,2
2.6103,2.0,7.30859375,1.59765625,707.0,2.76171875,37.52,-120.88,1.336,37.52,-120.88,0.07500814909978261,-0.025412879221857906,0.0005575929105410685,0.0007034566022249152,0.0009863876333218863,-0.04050044428433997,-0.0008497881027502631,0.010179811524260556,0.002503537257105264,-0.0022959801037998363,0.00798477996338406,-0.005463137977865401,-0.0031201315591068584,-0.02170256769111402,0.008168253513243273,0.0036759740061321953,0.008668011592017948,-0.00218956079342382,-0.000742414140750347,-0.0005875170224892053,-0.014200373080490618,0.0008169182780799747,0.0004487078856942482,0.0003065797016034725,0.003266735235817889,-0.02486122353033021,0.000386475896281516,-0.14139917555916448,3.3618643,6.4869146,2
3.9022,10.0,4.850318471337579,1.0796178343949046,2056.0,3.2738853503184715,37.6,-122.08,1.917,37.6,-122.08,-0.006803752621264803,0.013536738187365952,0.00014041226199279573,-0.0021402783458493806,-0.031269180046004465,0.026350600319549815,-0.02022702330993054,-0.005751751566923828,-0.0007618007785593389,-0.00021229666609201385,0.03328066652298211,0.0006021007112659311,-0.00015426324110399178,-0.0011751376031945487,0.0005237814297124834,0.0036682048280218616,-0.006773084550050102,-0.0008204049593255496,0.00013590569337072265,-0.0009314130624690464,-0.003035652058308123,0.001320738055548563,0.0011895102756278228,5.9788987536258894e-05,-0.00018914648418927137,-0.018529287039983536,-0.0003803493359303817,-0.10766150464282408,6.4757633,6.4842834,2
4.1406,6.0,4.566510172143975,1.051643192488263,1911.0,2.990610328638497,37.54,-122.03,1.782,37.54,-122.03,-0.028585871132489754,0.01035614172820376,-0.0006174909539601267,-0.00238465713299331,-0.015158932761208709,0.024426220923411183,-0.021439803480679812,-0.0063947468138961005,-0.0006792921768326865,-0.0012092857453155292,0.02350800513750851,-0.00908263504035069,-0.00045983350206759164,-0.0011626701956342735,0.0003369628454246013,0.0039298370281648145,-0.0007597939413050653,-0.0027078233364451363,0.00018865810454754819,0.0001470196980392005,-0.001355799848661657,-0.00043605549355511293,-0.00020681048203363163,-0.00049006099320266,0.0003164025295907751,-0.016431920550051344,-0.009887453683518337,-0.050744750474224325,10.179697,9.156078,2
5.0958,18.0,5.291044776119403,0.9626865671641792,1547.0,3.8482587064676617,37.22,-121.78,2.171,37.22,-121.78,-0.0003997268599943662,0.016347942111780412,0.0006279884693236756,-0.000672816657653159,-0.03812339169589313,0.01938902098968409,-0.01534233736661705,0.0001252816104791247,-0.0003590237461145523,-0.00031966519031216057,0.019007797189631616,-0.008631486350785117,0.00037056465707407433,0.0005945533040148936,0.0009060634249501896,-0.0006787382219246729,-0.0011180012288865583,-0.004347381692315914,-0.00046731783314535595,0.00012863653508446912,0.0027548000082801742,-0.0033410468623709965,-0.0006297339108485161,0.00027044657146956376,0.0014968362845059694,-0.00382312010524287,0.02035661510196003,-0.05882896817490593,9.9018,9.719056,2
2.4722,24.0,6.24,1.13,641.0,3.205,36.12,-119.29,1.292,36.12,-119.29,0.0020848864885584938,-0.0196515023075722,-0.002090617958074726,0.0003886214046170002,0.034454134735596005,-0.04011277172216788,-0.003032610456289963,-0.001060758443747019,0.0004951055599983452,0.00014268912372728836,0.010466276878955409,-0.002336513826953338,0.00145486619079981,0.00020001891713561186,0.007461277376287933,-0.0021383204549226538,0.002848221297502276,-0.0038063737291999665,-0.0012567846838814022,-0.0017997128926223467,0.0019618744288368542,0.009250726452121438,-0.0016531341467140588,0.0026652075254537523,0.0015504138131959412,-0.0314548942229746,-0.013867873850755722,-0.2592561428947481,-2.8446789,2.4657767,0
3.3555,52.0,3.9615384615384617,1.1117216117216118,1447.0,2.65018315018315,37.75,-122.42,2.75,37.75,-122.42,-0.021272717752065393,0.035206919394329975,-0.0019296189148260065,-0.0017553543812835503,-0.04911277888239114,0.01818433975640623,0.11149725020306377,-0.003961038699720602,0.002422239637334024,0.0011704450267801146,-0.011113976035572019,0.0037337484684626045,0.010531887794638362,0.005165970672414016,-7.356427846681007e-05,0.00386430651105883,0.007996315890036756,0.00098667266370363,0.0004421911410541096,-0.00127747407184287,0.00020720368401238177,-0.006668108070516258,-0.0007317657730874674,0.0006138093906424686,0.0029140497939496293,-0.03170356806848897,-0.026257134140546187,0.08851008097417336,14.449967,4.8276286,1
2.7443,31.0,4.1117647058823525,1.0941176470588236,460.0,2.7058823529411766,37.8,-121.21,0.942,37.8,-121.21,-0.012661609050043258,0.03250860817383889,-0.0023979984559206555,0.00045552806321868286,0.0067650415966518385,-0.032951944867787325,0.0003980560104036162,0.001526372840076472,0.0002496003373017972,0.0005770694462762718,-0.004892400228929057,-0.0020271854444294437,-3.0057519071836376e-05,-2.809895091451418e-06,-0.00203899258945274,0.003673935003269261,0.006114795769888706,0.002512017736115114,-0.001770071754202048,-0.0009697879427268272,-0.001554699713001239,0.0024299685390627834,-0.0022501841279119936,-0.0026170786639001173,0.002749844773266403,-0.026741728735772116,-0.0017350214929060337,-0.13549269264116384,3.1540294,8.261867,2
0.8836,30.0,2.662280701754386,1.0789473684210529,1648.0,2.409356725146199,37.8,-122.41,4.5,37.8,-122.41,-0.009754247012339344,0.1810349742695691,-0.0026821307028260066,0.007303059682643604,-0.0041963617231337205,-0.00011373489216661075,0.21552381665864276,0.0018133860107594478,0.0005258070059464335,0.0005234308448428396,0.004641789699965929,0.003941143473476058,0.00029022778655569113,0.00524075497617965,0.0016201735637391842,0.005672724336011679,0.014226654697391927,-0.009719822879058104,0.00042923948254370463,1.6580852670906247e-05,0.0005155859132202177,-0.0035480596134118136,-0.0001959945198093755,0.0003765874775126201,0.003401001325703104,0.0188813808516333,0.03868656157245992,0.17018056961410932,14.183585,5.7973757,1
2.6094,52.0,6.98639455782313,1.6598639455782314,492.0,3.346938775510204,37.8,-122.29,0.813,37.8,-122.29,-0.020408942487098868,-0.021375042076947202,-0.0004668961774345927,0.0005127252180445438,0.04417604255144444,-0.034425627451296445,0.012291706225600508,0.005237855840850838,-0.035011828114193316,0.0009520267887128619,-0.00817754096964204,-0.002655261250334146,-0.0023637178893929586,-0.03760559792499026,0.007944630914583172,-0.005427077272721257,-0.0408433884014269,-0.001927921424265377,-0.002752117491497944,-0.001566360368903197,0.016743681389050042,-0.02785539600632559,-0.0032222477072217518,-0.0031495957034999005,-0.0019326142239850215,-0.014004755606929015,-0.004043142274511131,-0.08262501572458875,2.4229183,8.088261,2
2.9167,35.0,5.284839203675345,1.0918836140888208,1550.0,2.3736600306278715,35.62,-120.69,1.617,35.62,-120.69,-0.02795401443091332,-0.01658120146169435,-0.0021979254779298843,-0.0021513691500579107,-0.0721918624181765,-0.02975384084576423,-0.006251147757373383,-0.00011543761314140454,0.0001792783529651284,0.0009378380139883035,0.008479208309942638,0.005372537209902507,-0.00021402582306533676,-0.000696052931228973,0.00016806497795048282,0.0011887394431100004,0.0002287987421989332,0.00037301434985593867,5.206327181674192e-05,-0.0020192928539051625,-0.0017134412538849417,0.0063257853079397505,0.00011936695074096046,0.0024720207749280316,0.0006296161101018601,0.008414273952840438,0.006610754886224876,-0.13940675949725198,4.5383863,8.511962,2
1.3386,20.0,4.784386617100372,1.1524163568773234,954.0,3.546468401486989,36.87,-120.46,0.63,36.87,-120.46,0.009502628265431693,-0.031266232344142476,-0.004941364917393343,0.0011509990193825123,0.03711865511059853,-0.04313158566999154,0.0016691593380991727,0.001172730594462148,0.0006788524285312964,-0.00010006860072749702,0.009672678780799766,-0.00777115999259178,0.0010138705212477976,-0.000807397435360162,9.624934997842004e-05,0.005116250825841168,0.00021944619936276275,-0.0019079237356375747,0.00041081746947995747,0.0014636637575980436,0.004266953957721909,0.01154540822638799,-0.003052713864527754,0.004425844783057072,-0.001063188829478806,-0.01698955537042004,-0.025892560308381832,-0.2057009874847507,-2.961206,3.3881626,0
3.1812,22.0,4.346590909090909,1.125,390.0,2.215909090909091,37.38,-121.95,0.875,37.38,-121.95,-0.018934376829573364,0.02366593289278514,-0.0023586162314738384,-0.0002909506556416652,-0.0019987480652261112,-0.004056808831716634,0.014088645632446018,0.0003756186150798328,0.00041246821462436817,-0.0005622383930538018,-0.026909154296383915,-0.005089032819813021,0.00280874791302098,0.00027974385333344464,0.0004747434842913241,-0.006611713275616729,-0.0015750168608851536,-0.0076815610680904135,-0.0019442095139427789,-0.0009361960796900073,-0.005511657637179182,-0.0006883182005387021,-0.002896477599481867,-0.0011745644240037359,0.0025350554411280425,0.008534876871799135,-0.00888006918664469,-0.06707556259692965,8.406236,9.082791,2
2.6903,34.0,5.729216152019003,1.0593824228028503,1558.0,3.700712589073634,35.37,-118.93,0.628,35.37,-118.93,-0.018833164510061548,-0.024948325728321143,-0.0019363190143435057,-0.0021631715683324403,0.04921442395387359,-0.0317400242423281,-0.0023135522530997044,-0.0016732304836949046,-8.497278363635557e-05,0.0007452468185414932,-0.0132767400305114,0.004739939213608446,0.0008403734141152029,-0.0011193043593934308,-0.00038117518359947035,0.007217431812175344,-0.006664600515739049,-0.0023334627633267062,0.0004240577621619165,0.0009841590288158376,-0.0031126236962490416,0.0006557028335450421,-0.0007486341084846262,0.0037947919826566926,-0.0015014463217539224,-0.00932497574049651,-0.017878089205474217,-0.2377501672348307,-3.981135,2.2855406,0
3.3922,26.0,3.862745098039216,1.0098039215686274,620.0,2.026143790849673,37.28,-121.98,2.691,37.28,-121.98,0.02575019324547586,0.01881661435569319,-0.0017899422299860871,-0.0007502459999339489,0.10461630253983907,0.007007646950242374,0.015612754633251695,0.0028781599897314595,-0.0003395011580482088,0.00045269832770424175,0.05565678475062134,0.0033319361175787477,-0.0008335609076870562,-0.0008702552282151442,-0.0033674491284018163,-0.002835474021089486,-0.0003025366974901409,-0.001354068377118002,0.0002688822796231293,-0.0027847918039308594,0.004797297904585161,-0.006421497281108631,0.0021786904064182325,0.00010472268880849712,0.0028215972138862723,0.046270161440544126,0.000935585153884251,-0.07223344746646118,9.86611,7.3394837,2
2.975,43.0,4.111111111111111,1.0541310541310542,2086.0,1.9810066476733144,37.77,-122.25,2.434,37.77,-122.25,-0.054992411173199786,0.0365588284478384,-0.0010576405863871954,-0.002568440085796382,-0.04261809515865045,-0.012656661153153566,0.014430534275465883,0.0009020333323191273,0.00027663880660184034,0.00037717950845155815,0.05314911364661877,-0.0018102638979266101,0.0021295876355245935,-0.0013404607030738141,4.313735706755454e-05,-0.008073991230074132,0.004991777536681217,-0.00043950476105134934,0.0002335256247089132,0.0032425324864864724,0.0008906732095451487,0.00041788450215356275,4.426455381829642e-05,-4.153477269318076e-05,0.0017048746643141186,0.04242099305570856,-0.004849180956943723,-0.1250701935063153,4.7636166,8.881278,2
3.5035,37.0,3.938697318007663,1.053639846743295,904.0,3.4636015325670497,37.7,-122.46,2.386,37.7,-122.46,-0.01515494172743741,0.03637122023886371,-0.0021542912073876245,-0.00037605113188083304,-0.014652180660684968,0.02101491918222989,0.10574537032886841,0.00045847900365946924,0.00015672993704515613,0.0009679229330019087,-0.018290711506420594,-2.902741498290415e-06,0.0052321159397055415,0.0054255142174115326,-0.0004018401698560035,0.0034375663076560282,0.0062792726699565735,0.01274617918142981,0.0005412317890333938,0.0008208739148828683,0.004289945217085192,-0.0009624639374936892,-0.004919403738781748,0.0008115927217996811,-0.004185266390935033,-0.007996281485559321,-0.012721053205858023,0.09822347026892254,14.46407,5.016592,1
4.652,44.0,6.079155672823219,1.0131926121372032,986.0,2.6015831134564644,37.6,-122.39,3.871,37.6,-122.39,0.03710654276983788,0.021322225070058154,0.0007100464049973596,-0.0016391549248073337,0.05250576639522972,0.02845036398787202,0.05593930292760759,-0.002059931350291578,-0.00036242583474016115,0.0014051013158793263,-0.023897446767254128,0.0009589540268089233,0.006225364690409074,7.836581559157003e-05,-0.0004574365168962079,-0.0017501636659006566,-0.0039981838833261975,0.00812014637697764,-0.0006999642781861044,0.00020212605870862204,0.01793884596908223,0.019737541952950233,0.002114102229393979,0.0009149925504403529,-0.001064257910303843,-0.015380014049931291,0.0030319683554366553,0.09984520705305473,13.388258,5.7163568,1
1.6618,19.0,4.564,1.1,1034.0,2.068,36.81,-119.71,0.697,36.81,-119.71,0.03824968717879249,-0.03727330266192889,-0.005005993533722053,-0.0011448285882130398,-0.03845015175349653,-0.018785031022515535,0.0030007971998288526,0.00032346393571066543,0.00041905691733081776,6.43094471412723e-05,-0.035544931635966275,-0.007969051855113145,0.001859987811380578,-0.0006686854472634574,0.00012150069483382535,-0.00881510696623423,0.004277335670174428,-0.00017240905585670977,8.109229578162147e-05,-0.0020698345861928213,-0.006871982978693299,0.0025565369609014967,0.0021666938995712625,0.0014997630702543745,-0.0006247039456466701,0.0601724883570397,0.039987552747708884,-0.2457222529173676,-1.2644811,2.623005,0
1.3444,32.0,3.528645833333333,0.9453125,1427.0,3.7161458333333335,36.3,-119.2,0.456,36.3,-119.2,-0.008114809006268427,0.04375355584610519,0.0020156791154121558,-0.0011221608561541522,0.033527991006724545,-0.0434411319072807,-0.00410495653683458,0.0015533382651714207,-0.0005660044653302257,0.0005835073973605538,-0.008521672531736298,0.0047930973304379535,0.0006195029051002126,-0.0014491496873703029,0.0018360880727035902,-0.017716669995940938,0.0018641164504917828,0.004553626735854425,0.001930629957053997,-0.002690392010678775,0.0017096679046436723,-0.014024245034495331,-0.0013193757828504368,0.0033997877203865694,-0.0011158423571448837,-0.013721701453901971,-0.01716038196167359,-0.24663548900135904,-3.3343186,2.6487834,0
1.1108,41.0,4.473611111111111,1.1847222222222222,1959.0,2.720833333333333,37.82,-122.27,0.975,37.82,-122.27,-0.038591528194115515,-0.03539857523143952,-0.0015895948775773326,9.808977807539154e-05,0.005223329914808915,-0.0378394656702162,0.01152773289222221,1.0400255023996518e-05,0.0006191093880714601,0.00013380872086085296,-0.007841000477528556,-0.003597734940467364,0.0034680481314140347,-0.0012370168435297468,0.0001416821054883669,0.0035029706103617644,0.004754983619051119,-0.002962061944996645,0.000394806147297069,7.76577289177917e-05,0.014722004031790213,-0.02327866082603505,3.9608402041708936e-05,0.0011802486700599447,0.0023253161293996343,-0.01576010307304484,0.00041509435573172985,-0.11588857248922174,2.7896469,7.981271,2
3.8893,25.0,4.576399394856279,1.042360060514372,1755.0,2.655068078668684,37.26,-121.88,2.186,37.26,-121.88,0.006693786827321033,0.009368416894195208,-0.002624623830849955,-0.0011627858025308926,-0.027667037785037752,0.03279465558938079,-0.016595759449835518,0.0020164722184936577,0.00040045129449349715,0.00013299001377824188,-0.00924544792116276,0.0011388274612651168,0.00040276261642038265,-0.0007357693555283835,0.00032385542326630185,0.0036485526895311984,-0.0008183921210912161,-0.002646773766251047,0.00014188241991990264,0.0007506080762446203,-0.0034319582050557017,0.001217458285716741,-0.00039814439038831593,-0.0003363026600310013,0.0004888091687594056,-0.018234400525182215,-0.00022696468020163085,-0.06094908805563599,9.529817,9.482189,2
2.9085,21.0,3.962922573609597,1.1025081788440567,1985.0,2.164667393675028,36.6,-121.86,1.563,36.6,-121.86,-0.005164312356243741,0.0337159108387434,-0.001977297730184618,-0.0028339063412658226,0.007607507411529612,-0.0102762722582865,0.020682954477775177,0.0012841290204629711,0.0003954385495228135,0.0001730823232221124,-0.038670695022475825,-0.004813785020802459,0.0026084209614444854,-2.9728240611831156e-05,0.0003322164503784865,-0.007969991341529922,-0.0018985185641721928,0.00010041571331905483,0.00016007566451770267,-0.0018813764743943074,-0.002511801348695377,0.004498914538554985,0.0020467934214222295,-0.009566383637562367,-0.0015678824986004136,0.04237870818963282,0.0015905051045622173,-0.05273506655766549,8.659535,8.8041315,2
3.6619,31.0,4.63728323699422,1.0447976878612717,1489.0,2.151734104046243,36.96,-121.98,2.451,36.96,-121.98,0.0075127795145898115,0.013547186263277675,-0.002906027901230455,-0.0017309293794291049,0.07591687691329499,0.007833109307493272,0.010840676355258951,0.002316138150080921,0.00022231969586351228,0.0008826405444629524,0.039783404457142936,0.005149503942793128,-0.00023786643927552773,-0.0007275099723836421,0.00025464223730142506,-0.006408320160561176,-0.0009455127348907174,-0.007004006544854705,0.00014188241991990258,-0.0023549410472261324,-0.004951942410711557,0.0016001880468633962,0.00044491018147877707,0.0021234216262673057,0.0008301845869768325,0.04057356232444249,0.0024184742135412696,-0.05713561390845347,9.778461,7.4397407,2
2.1348,52.0,4.734328358208956,1.1880597014925374,1006.0,3.002985074626866,37.8,-122.24,1.406,37.8,-122.24,-0.03453752274773743,-0.038238209145434125,-0.0026707139995696886,-0.003566265262714949,0.02639117618226724,-0.03892406598953322,0.009861534508938488,0.005861813600461391,0.0005199230241148545,0.0011255069238949218,-0.00604765824077495,0.0009994785802833071,-0.0017726852920951137,-0.0016970294661878698,-3.3545904604563665e-05,0.0028151959611580875,0.004782972988754978,-0.002882642269314175,0.0003733827951259072,-0.0012801445615956313,0.015133981721752841,-0.023152178420216375,0.0008740147690677481,0.0005999062089634369,-0.0009292851996340103,-0.017931238433749306,-0.012424371448496155,-0.10953601403491704,2.5673835,8.025802,2
3.625,36.0,4.285714285714286,0.8571428571428571,51.0,3.642857142857143,37.64,-120.96,0.675,37.64,-120.96,-0.0004933458878422056,0.01888857292244487,0.0009929887496032633,0.054917103697945314,-0.02650992366935443,-0.006485876629290337,-0.005984723118648853,-0.0036293330462484064,-0.0006588825696222796,-0.03419899387479579,-0.01761563688526273,-0.0013563737829084199,-0.0010084160295076086,-0.0013767573177831426,0.01056814944688136,0.0023429810632750333,-0.00476801865816468,0.0009773659619088315,-0.11023673626737562,0.00017695164337671644,0.009410044535110018,-0.038868935039731045,0.06080868698546803,0.05498953028392656,-0.07162423244358111,-0.00870348146539644,-0.01523241178379083,-0.14302432776766077,6.098772,7.6217685,2
3.6875,37.0,4.158249158249158,1.057239057239057,481.0,1.6195286195286196,37.78,-122.44,4.923,37.78,-122.44,0.006472419539353844,0.03248068854302093,-0.006309827948960721,0.0004278636023161515,0.1503242686922071,0.03796933245105262,0.1080893520423359,0.0019219057357780552,0.00018472860909484113,0.0018635388204170178,0.08136358906699762,0.001251839273649947,0.003690738911802909,-0.000989597492100738,-0.0017477965462588032,-0.035341055317536466,0.012853761321733036,0.027694519070435866,-0.0009636228325849675,-0.0031006724688539137,-0.0012507794055496907,0.006293708242889141,0.00822040823419227,-0.001953912019042907,0.003533944931971483,0.0571218159899346,0.08161581439905256,0.1368701519159754,13.650106,6.5477633,1
1.9257,27.0,4.20303605313093,1.096774193548387,1544.0,2.9297912713472485,34.65,-120.45,1.353,34.65,-120.45,-0.007250788722992566,-0.018557474087580565,-0.0030729550346372584,-0.0036877564055300418,0.02360719962768573,-0.02207060456991962,0.0027616481596520037,0.0017859880222061036,0.0001792783529651284,0.0005860969239676365,-0.007146114750957079,0.0020142382411531103,0.0003843882122439228,-0.0005447216844994605,0.00014370700262051394,0.0013051132431353605,-0.004177039510003459,-0.0023539036371616317,5.206327181674193e-05,-0.0010492562865360008,-0.0002282188691812721,0.005507463510425754,-0.000498340864360926,0.0012307486274236528,-0.0008831413986580139,-0.025949568207584525,-0.0026964556546890724,-0.15509773421989395,2.5989501,7.385339,2
2.7352,46.0,3.934973637961336,0.8927943760984183,1390.0,2.4428822495606326,37.78,-122.21,1.373,37.78,-122.21,-0.0407778748871737,0.03770946143959203,0.0008389150810030105,-0.0020493996258502426,-0.04527404649091673,-0.028333978893609793,0.020702020728915273,0.0018492478593913851,0.003367731097972256,0.0007439289695691417,-0.004465481046148206,-0.0046841283497953586,5.937263856681588e-06,-0.008902881762406372,0.0003079992434746157,-0.008087297003315428,0.0019456643328553296,-0.015513688843457683,-0.001775123092311689,0.0026721467181536817,-0.013960963757149236,0.015308771750927559,0.00030842729562022123,-0.00017170224910299857,-0.0030464724898641915,0.0030487361893981966,-0.011142742501614173,-0.13385099781316093,5.073846,8.813994,2
4.3015,21.0,5.858823529411764,1.0627450980392157,781.0,3.062745098039216,37.67,-121.32,2.5,37.67,-121.32,-0.004883726255192978,0.01848418016995256,-0.0025981610218001206,-0.002857728755326629,-0.012322723465488671,0.03663451276354447,0.0023701541269763662,-0.00018152812074448743,0.00016619220417846665,-0.000810003570350619,0.01563254441078002,0.005392620179062535,0.0016434513857192944,-0.0010712879250561504,0.0016414473726331807,-0.000146810779443216,-0.00017542762462782087,0.0024106312611058963,9.961564643282306e-05,1.548643430910044e-05,0.002647390144391513,0.001601203885365001,0.0010845567563753026,0.0008502602136361997,0.0011578264123443826,-0.011332944802291673,-0.013569858764838821,-0.10576967689993531,6.642956,6.527807,2
2.4814,20.0,5.389972144846797,1.011142061281337,1319.0,3.6740947075208914,36.58,-119.9,0.746,36.58,-119.9,0.0064151760376884946,-0.017499888059213216,0.0012020517567497828,-0.001297719717593145,0.035240777676621544,-0.03981877098191092,-0.0064088245459352445,0.0008158975794634454,-0.0003447059506013111,7.024858062446476e-05,0.012300447643561144,-0.008751634087909774,0.0005763640147677152,0.0005697547874012072,0.00042862744058450454,0.008462209687594511,-0.0004961250812172733,0.0002807248989315339,-0.0012404761028309767,-0.0016561504175280374,-0.0003556038759964618,-0.0060609576022494635,-0.0029568572175591237,0.003520136531156061,-0.001249894225485406,-0.013029539455160232,-0.01895882217452063,-0.2477207905938505,-2.7779331,2.8341973,0
3.5364,36.0,4.002010050251256,1.050251256281407,2251.0,2.2623115577889448,37.42,-122.13,3.141,37.42,-122.13,-0.0101548510999288,0.033327653039181976,-0.004565088840586087,-0.0019205543028252515,0.04239406704167305,0.0029163336614387854,0.014129412907596558,8.997579889646345e-05,0.00027583886944016075,0.00032533705656196646,0.02366424439550481,0.005396309964682112,-0.00047147690081558475,-0.0008840162119793638,0.000391438163642304,-0.001982801736032878,-0.0016372322025747191,-0.0007826004586061832,0.0001200785703032642,-0.0025473741420203194,-0.024077668297207342,-0.01788113289916615,-0.0007597616426549929,-0.001174532324073094,-0.00047292011678992836,0.01127799793418732,-0.009143029555349102,-0.030548726264459796,9.731906,8.05073,2
1.1859,52.0,2.922023182297155,1.0516332982086407,1721.0,1.8134878819810327,37.87,-122.26,2.417,37.87,-122.26,-0.09404373681188513,0.09111732879410529,0.0032447895673108408,-0.002804676405602304,-0.12704326097415058,-0.031094086748286284,0.010823287628701212,-0.003628969848893021,0.0014797623604861664,0.0010415540230689,0.0399238758559651,-0.0016650381860810494,-0.001722896723877681,0.005122675838034268,0.0012023411943404621,0.0035162655253316586,0.0052113022947147345,-0.00448988724422968,0.0004915839470783604,0.013307058327751385,-0.0027624005265155203,0.004597422930695279,0.0006646870685033421,0.0004694665473573661,0.0025447644432879005,-0.0013162430794257855,-0.006250014455930833,-0.1406452789714733,4.8660116,9.1449995,2
3.2083,44.0,4.569863013698631,1.0410958904109588,1143.0,3.1315068493150684,37.35,-121.89,1.819,37.35,-121.89,-0.03502968183999199,0.015269137659466919,-0.0021005640654417246,-0.0008991237711387776,-0.014774788651528451,-0.003784561777687025,0.014935895207992073,-0.0013311363653494244,0.00024003847593348726,0.0007511833353923469,-0.016629211263396032,0.006546576488626062,0.0010603574630645338,-0.0007357693555283835,0.00019162162893102887,0.005117001886543638,-0.0014965138389691683,-0.00482691654855583,0.00019306341808427926,-0.00028890761964385443,-0.0030029638048832555,0.0013350110232485627,0.0004877332751529073,-0.000373165465628079,0.0006428810013839934,-0.017732724467976572,-0.01646620436539494,-0.06361851889696135,8.200357,9.631949,2
3.1734,38.0,6.0602409638554215,1.0451807228915662,880.0,2.6506024096385543,37.67,-122.13,1.816,37.67,-122.13,-0.029265907086738274,-0.005599067152089301,-0.0018698660284519899,-0.001355060233747698,-0.04750510302146142,-0.0071844049329184536,0.016994032593386225,-0.0008888601589631008,5.779385618456912e-06,0.0007748908775063798,-0.012257603342624001,-0.005464165885118725,0.0004903388059505774,-0.0002917579781645972,0.0021133598334162,-0.0014169809091509936,-0.003299427201505921,0.004690929989186817,0.0006385957730532599,-0.0001758269190939201,-0.00044894164858116676,-0.0010315845810754982,0.0010823579911875543,0.0006596470750319045,0.000838571812204324,-0.026064739247461936,-0.0016014237815477061,-0.1327608900821066,5.455045,8.284116,2
1.6198,30.0,4.357142857142857,1.0357142857142858,425.0,3.0357142857142856,37.79,-122.23,1.227,37.79,-122.23,-0.009239351991512684,-0.02714189418325102,0.001002331380084984,-0.002905771316194267,0.01599149250598916,-0.0372058977044757,0.009817676205956288,0.000980042297044541,-0.0003347359224360282,0.0005382969123667268,-0.007153452866185355,0.00022471201284081932,0.000712306648054635,-0.0006013456831268009,-0.0034735529230675456,0.0035437702181493782,0.004232420626433213,-0.0037868852546523164,-0.0005355399422206519,-0.0009116702315513997,0.0008674930688649009,-0.0009302470114469368,-0.0021757575694392292,-0.004359702559128201,0.00038584288455622857,-0.02126403586221387,-0.013077609328951209,-0.12890645513465665,2.595586,7.420787,2
4.6875,34.0,5.857142857142857,1.0267857142857142,342.0,3.0535714285714284,37.66,-122.1,2.006,37.66,-122.1,-0.001092970324164917,0.021196973430879746,-7.3267419597410055e-06,-0.004281317311827187,-0.014835604022100091,0.021880158354535252,-0.01353478440860593,-0.0014990993386983446,-0.00027700583382883544,-0.0006876506381352993,-0.016149253138139634,-0.0003919837401768441,0.0014226743382121936,0.0012352782692520163,-0.00030355219078771956,-0.00011962844672709739,0.0011917154648564427,0.006483666718809941,0.0025977553341815524,0.0022554713665254057,-0.0019070243423103142,0.0065689550345815985,0.0008087691329172556,-0.004274382360674324,0.0018402215803172191,-0.010658134852645268,-0.015464384654484607,-0.1193647651505982,6.715945,7.2686553,2
2.7659,10.0,5.364192807957154,1.1117061973986229,4163.0,3.185156847742922,35.28,-119.01,0.775,35.28,-119.01,0.04531523125047545,-0.024362315599580162,-0.0006755812531373037,-0.0014114752698423006,0.0300754223827787,-0.03480941163895876,-0.000659171495124206,-0.0050489718785448855,-0.0006920905254071529,-0.0006448599682941205,0.019581742811331102,-0.008390059412500907,-0.0008946362846890914,-0.0010861821199295726,0.00021601536172580392,-0.0013471955509709228,-0.004443167709661972,-0.0007385047492592863,-0.00032593630627731046,-0.0011239951752519586,0.004355080323083329,0.009137721109419912,0.0002552479627659847,-0.003992448996728151,0.0030405696631031617,-0.029122934635872136,-0.013161451233558956,-0.2125851445260899,-2.510548,3.5167787,0
3.1682,18.0,4.273668639053255,1.128698224852071,2441.0,1.805473372781065,37.71,-122.15,2.027,37.71,-122.15,-0.02714305763698586,0.03427336868367959,-0.004453132831569342,-0.002766778760752155,0.01404761400145717,0.0023553440796378823,0.01907262729731842,-0.001598749670787889,0.00015668702825155867,0.0003398191317337242,-0.08947374203962738,0.001945907773322473,0.0027205285137843517,-0.0014471169402434218,6.463866680540177e-05,-0.005570732769573303,0.002036374289617773,-0.005129423528154671,0.00033382910067752427,0.012503483230350033,0.010068912284332257,-0.02140068856694341,-0.0003986531846234582,0.0016076761230804605,-0.0020753702225895067,0.02501797816971934,0.004433466069029994,-0.11619889104144324,8.0172825,7.796372,2
4.3281,52.0,5.38121546961326,1.049723756906077,403.0,2.226519337016575,36.62,-121.92,2.365,36.62,-121.92,0.029997650932785946,0.018395884859001725,-0.002273842522552167,-0.002332668074104604,0.03613383060592672,0.022939355748282413,-0.02294222605366739,0.003008255085545219,0.0026852543809274144,-0.00012071760425277124,0.006968875655910769,0.0067692664276779845,-0.004381843227427615,-6.0179715291263335e-06,-0.002039905722841974,-0.00012664692478233915,-0.004632889115091945,-0.006717475848201082,-0.0018477983434299773,-0.0007054192023249498,-0.003038344969392534,0.002785091865642737,-0.0034568738827972195,0.004364607474287458,0.0035888937600698787,0.005349967171132656,-0.006490776570567711,-0.04020752911818527,9.747714,8.413566,2
3.1458,33.0,4.938775510204081,1.1428571428571428,351.0,2.3877551020408165,37.32,-121.95,2.705,37.32,-121.95,-0.01378738432829433,0.012920493689395405,-0.000978389849253437,0.003116120953447364,0.008435046968744106,-0.002495277727386484,0.013441494754729172,0.0018276185676775521,0.00019907229824411935,-0.0017561768852113668,0.013733185067596555,0.004831744541431499,0.00011900210752406215,0.00011514317197874653,0.00032976521404827724,-0.002983543754609705,-0.001262290259817595,-0.007925917835688438,-0.0028581120984840333,-0.0012571389051136952,-0.005292347620725443,-0.0005689408706121497,-0.003321346476922128,-0.0012403685800247925,0.0025353896412100086,0.011185215611701844,-0.011217387952977678,-0.06702605962484262,8.62697,8.778874,2
3.6437,17.0,5.158730158730159,1.0738440303657697,2092.0,1.4437543133195307,37.85,-122.06,1.865,37.85,-122.06,0.0026740110035940096,0.01723618717382481,-0.0034915600710991763,-0.002372108601739673,0.08037487264756928,-0.01140107867343738,0.004695683049467338,-0.0055792298039270575,-0.0009735254389740464,-0.0018549045603764888,-0.14212737726815072,0.0015992372801902884,0.002869676695754858,-0.0016744251886160436,5.1492845811245926e-05,-0.03697541588559985,0.0026885238683582217,-0.0038146671536536943,4.0252016793533015e-05,-0.015513183203976339,-0.0014842239781565976,0.0034819870891848585,-0.0011831349072256817,-0.00021598461141554616,-0.0004155876689767486,-0.02614522051546594,0.03778419864237116,-0.12087472533331557,8.404684,7.644474,2
5.0012,8.0,5.528095238095238,1.0195238095238095,5696.0,2.7123809523809523,35.32,-119.08,1.063,35.32,-119.08,-0.04233847610187962,0.0181222761649763,-0.00019056894389366094,0.008735105349662327,0.011143241564390489,0.018368873704096653,-0.011710308002035598,-0.0036954953550248086,0.00032576858256226393,0.00018156412800675661,0.013922390246227824,-0.00564519597140859,-0.0012927021730505246,0.0005938870437297524,-0.0013713412909867907,-0.0001747706783232662,-0.001696588241017832,-0.0006801642331157149,-0.00010053692671580384,0.0008212451071429326,-0.003236134080428915,-0.006447436787158851,-0.0030460165155361102,-0.0007554978700231014,-0.0003038504357234667,-0.012822317722063024,0.0015191379804244782,-0.22015276267237627,0.7144878,2.9618003,0
4.2672,23.0,5.251252086811352,1.0592654424040069,2818.0,2.352253756260434,37.74,-122.44,3.919,37.74,-122.44,7.56445706346507e-05,0.01985138636512493,-0.0019846300748450115,0.00021029837066526116,0.014390715942700144,0.006992295729021494,-0.021964340874365326,4.782153785432758e-05,0.0003996600683632187,-0.0018270540430591923,-0.0129603183245434,0.000758736300812454,-0.0028590275290669913,-0.0013882769388274439,2.1946852720238587e-05,-0.0011170477587253177,0.009712096975545918,0.008120007911521069,0.00023356187559421472,-0.0003024936710826347,0.0026669160950432338,-0.0005311584283265963,-0.0014559348789643075,0.0015466834886851426,0.00021768300693385202,0.008757632894812128,0.0014688429261184035,0.05412276992979399,12.417433,4.996203,1
3.5625,36.0,5.352,1.0,709.0,2.836,34.71,-118.15,1.014,34.71,-118.15,-0.017370534521686503,0.004787038696597707,0.0006760851877932236,-0.0009033912888983166,-0.04458837908135253,-0.016331430439624896,-0.04097635757980313,-0.0016571754010847937,-0.00045378842176456755,0.0006702209019084148,-0.013600486559097626,0.0037448084776414495,0.001397731779112618,9.345415360856874e-05,-0.003710065342543582,-0.002238305506884974,-0.0026219672703716983,-0.0012467485722822485,-7.558923768213661e-05,0.001469825492509506,0.0012081680332844988,-0.007125393315779812,0.0009765921871785427,0.0013353775662165303,0.001054424352732914,-0.02106370661001033,0.006144864544724888,-0.14191278708487526,5.563768,8.12269,2
4.635,36.0,6.693761814744802,1.077504725897921,1478.0,2.7939508506616257,37.71,-122.06,2.486,37.71,-122.06,-0.003762864781235635,0.02097064843054744,-0.0017496423098583192,-0.001606762782112714,-0.02055288435870737,0.0201684425052283,-0.014865465518437763,0.002686697557188866,1.094434199912075e-06,0.0015653919703876515,-0.010056029792221987,-0.006004627514206638,0.0006622548680775678,0.0016441769700472468,0.0019303249614898515,0.0007330837605418611,-0.015183059957722544,-0.009168120902800328,0.0008880490845242446,-0.0001720763369959239,0.0025328836385412673,-0.000687191295675045,-0.0004037873316142824,0.0022642325279825896,0.0002445177841660103,-0.0191571686303583,-0.008164170679222541,-0.06287218191129947,9.457269,9.443552,2
3.3239,52.0,5.292328042328043,1.07010582010582,1886.0,2.494708994708995,37.76,-122.47,3.5,37.76,-122.47,-0.01990860632071581,0.004287863401584508,-0.0013624502960283662,-0.0027924741388980394,0.005716294900664704,0.028991118533366677,0.12085828526618331,0.004010922680505915,0.001962133091300233,0.0005549712462160904,-0.008565841780394363,0.002872357051543349,0.009146719264386427,-0.0015830239963426941,-2.1089504174310537e-05,0.0003790721598093589,0.014657079024085588,0.007844046873489156,0.0004273304140311474,-0.0007116661995538905,0.0025651661784995465,-0.004833203171551136,-0.0002551210301284252,0.0004115055811723847,0.002538325062459581,0.013137649290166425,0.03325832585065459,0.12653275469362724,14.235893,5.750037,1
0.8054,52.0,2.903225806451613,1.1290322580645162,36.0,1.1612903225806452,35.38,-119.02,0.6,35.38,-119.02,-0.1166955549280013,0.10906841173579304,-0.0041718565438324685,0.0780639396577893,-0.24234400441911416,-0.019901756825456605,-0.010388993821031233,0.00033869956948234044,-0.0014117738815260616,-0.04742912852536689,0.06655422922573977,0.00456783268895182,-0.003425481058475289,0.0009977688758079598,-0.030604489313357835,0.0014933754036367927,0.0023115429802671407,0.006121210861976858,0.01138164270746304,0.03092673836980981,0.004791701395492289,0.015841914292987178,-0.0746479151926972,-0.032683083845073214,-0.06627040906160644,0.08242153924735317,0.0707563638639003,-0.2464947064848752,-0.79727495,1.482575,0
3.2226,11.0,4.927272727272728,1.062121212121212,1814.0,2.7484848484848485,35.32,-120.83,1.832,35.32,-120.83,0.04357509699693142,0.012610491723990766,-0.0006131525638015116,-0.0023979051253688014,-0.036365717855650535,-0.0041617885430755,-0.005945175268310901,-0.005285247937840014,-0.0007536854959712734,-0.0016831270745677424,0.018328218411906485,-0.0072049903469446645,0.0005221848324296172,-0.0011626701956342733,4.339530797336109e-05,0.002856038930401688,0.00022548219956673734,-0.0008488391057608576,2.6332555339788815e-06,-0.0006374046738278842,-0.0014171266820231956,0.005371162818889578,-0.0002221767855310994,0.002437967581327252,0.0005964368448404158,-0.02283055187353311,-0.001200903991120556,-0.13791649978766962,4.4069133,6.53406,2
2.2794,23.0,5.763414634146342,1.0951219512195125,1168.0,2.848780487804878,36.99,-120.64,0.757,36.99,-120.64,0.0028522441747494366,-0.02281805201852788,-0.002616060756063005,-0.0030478572470006055,0.01788639855759087,-0.04345778797203861,-0.0012912601255591321,-9.626861852702075e-05,0.0001021606835698688,0.00018734020598088028,0.0065329252915308925,-0.003587176101325544,0.0015069894637274855,-0.0010029798364430886,-0.0004607841200797214,0.0006666520128920752,-0.006281560056504558,-0.0014500007786479774,7.198039546373654e-05,-0.0007236590413519962,-0.002823319408169454,0.0038535617700860745,0.0007485659488872462,0.0010539387596358205,-0.000714925227838069,-0.0248610512076017,-0.000372012049902018,-0.17017994538772097,2.7621179,7.0343776,2
3.3269,22.0,7.677083333333333,1.65625,773.0,2.6840277777777777,37.09,-119.4,1.027,37.09,-119.4,-0.0013414184358910008,-0.002309674530375718,-0.00012449768513512832,-0.000441176704473373,-0.05453304399186686,-0.017750255070364054,-0.026174506332797137,-0.0036252757261811108,0.003194714630734955,-0.00020529249661902288,0.015738312967873366,-0.004303555370912327,0.0015001665046593241,-0.014883139442500576,0.001660720556302345,-0.0033739498642703235,0.004718455112059545,0.0011915020635820208,0.0010580261790031063,-0.0006918142506285711,-0.014305278526821143,-0.0012192618908859153,0.0008846098670148689,-0.00012593290866819254,0.0006091529109808259,-0.025419330915854483,-5.852048372936413e-05,-0.23959992842520378,-0.47904456,2.5220296,0
1.3967,21.0,3.8929577464788734,0.9211267605633804,1469.0,4.138028169014085,36.1,-119.58,0.465,36.1,-119.58,0.010214324998155264,-0.019850838277224583,0.0007643257169519092,-0.0005206526919250576,0.035141150634393374,-0.04449979603582365,-0.006363690382200523,0.0017727141513264667,-0.0002929110325153753,-0.00012591985008809337,0.012717552947091705,-0.008132979154603242,0.0016924423701939256,-0.0014263554742607342,0.0005504621468862592,0.0037668613939296227,0.00045629114937364686,0.00419255258250438,0.0027536149630231353,-0.0025190361024861616,0.01522423961887342,-0.01797920413835358,-0.0012650116298675493,0.0041973339193457715,-0.0007776639057614716,-0.017077731307824938,-0.020260695861794877,-0.2593070435510505,-2.7224548,2.7285314,0
5.3124,52.0,5.348648648648648,0.9702702702702702,648.0,1.7513513513513514,37.79,-122.44,5.00001,37.79,-122.44,0.16265298813996476,0.020341880847972598,-0.0038582211653602847,0.002787992224879964,0.13268466947201007,-0.04852059872535968,-0.13114745115589344,0.0037920732453677894,0.0013678949618247589,0.003287483125567607,0.15203044008583325,0.0018253887663316813,0.0026902676291980327,0.0008950666772979197,-0.0023392489473144334,0.004333519517855985,0.015594322754068805,0.014286450689455932,0.00018843294815203235,-0.025975241795602195,0.006317181207009449,0.0049471982909909794,0.008175162331122476,-0.002106661282914108,0.0030844694085647895,0.011727347711817082,-0.021491948777653674,0.13200872393928162,12.839047,6.821042,1
2.6406,27.0,5.505952380952381,1.0476190476190477,449.0,2.6726190476190474,37.57,-120.98,1.297,37.57,-120.98,-0.009617718639719912,-0.020704849223444278,-0.0018599861958654247,0.0004947648183988968,-0.004614086086088046,-0.04058813587160821,-0.0023915357305980857,0.001279443273713739,0.00014355019861568251,0.0006147904173913962,-0.006595375952187584,-0.003148740793287038,-0.0005819574071380068,-0.0003639227016547018,-0.00091155648817734,0.0008426819304702846,-0.002849998278283657,0.0009987641302608287,-0.0017892067205022566,-0.00012269519625512798,0.0008834926416610899,0.0020987439401656737,-0.0020861195274143604,0.0005316981560999389,0.002613824116760272,-0.02557172459850619,0.0006539881645058388,-0.14920839587303197,2.9936595,7.2762766,2
1.9386,33.0,4.384418901660281,1.0025542784163477,1806.0,2.3065134099616857,36.79,-119.79,0.675,36.79,-119.79,-0.028912293298981356,-0.023707727339242462,0.0019555973106501786,-0.004456142655946337,-0.06011132788069313,-0.038303447799245036,-0.0050454295679607155,0.0018944499177159643,-0.00044721469918350903,0.0006080608959891877,0.009229357680226112,0.00457638412773279,8.089023436925478e-05,0.0004725060255063847,0.0005831781079150774,-0.002045847450950956,0.00427061923963277,-0.00036444518750561566,-0.0004845516187831169,0.0014055052086590137,0.009043186954225157,-0.00587981064729398,0.00020551635421436218,0.0011971769321187326,-0.0007711181041471722,0.014181175178061918,0.004739998305729148,-0.268117166211726,-1.0432552,1.5764315,0
4.0603,21.0,4.580993520518359,0.961123110151188,2211.0,4.775377969762419,34.96,-120.45,1.176,34.96,-120.45,0.0010788216440797342,0.00891457849430862,0.0010507558579100679,-0.0008748748470310309,-0.03716141380265394,0.02252313388408028,-0.012191754894320013,0.0011174584281918127,-0.0006531264827816636,0.00023895046933036774,0.02017329734226386,-0.008027613483283246,0.0015636063879144113,-0.0005039340546790719,0.0008254832003653531,0.003250922017752874,-0.005576578311607734,-0.002280519549544946,0.002133430753409505,0.0004919714241744472,-0.00382886188581046,-0.00892296075591452,0.005406790593885846,-0.013154043591944246,0.005973083182895881,-0.027444777836263486,-0.028301795760740035,-0.1673000790112571,5.9052687,7.0712867,2
3.2708,43.0,4.188571428571429,0.9257142857142856,497.0,2.84,37.47,-122.21,2.553,37.47,-122.21,-0.0340339400314262,0.038207365688843,0.0017786241682370165,0.0003042785558868139,-0.02739402429277675,-0.0044976659159311075,0.015819681015846646,-0.0010293147623677509,-0.0011773122724905497,0.00046863565181657154,-0.015391133117643847,0.005175265096310748,0.0005415634263233701,-0.0007251968136087002,-0.003213409840066422,0.004173804857991228,-0.002978959916796327,0.00073599657662892,0.004475790894377947,-0.0008937246433840927,0.027941615262788527,0.04734789398453044,0.0009344024167195143,0.0015394844611170534,-0.0008980783902859043,-0.028482660167366173,-0.003449947030597728,-0.003692372180258844,8.429857,9.640896,2
3.4426,7.0,5.416393442622951,1.028415300546448,3006.0,3.2852459016393443,37.73,-121.16,1.39,37.73,-121.16,0.03426589233705845,0.003867187666247542,-0.00047158850947785574,-0.0031830018316169155,-0.019937045859956863,-0.009987055281723452,-0.0062782195708310645,-0.004848916265641803,0.00033584086898373025,-0.001997934824737961,0.030109658344133712,0.0026977124474331774,0.0015916377128784736,0.0007914610243010458,0.00031566652804076393,-0.0030056862367381695,0.005689066835472584,-0.000998993543881145,-0.0004662561912678044,0.0022109943673989823,0.001604612006168421,0.0012688565645817096,0.00021773413708155143,0.001209584382340339,-0.0013150693163707058,-0.028812400660831412,-0.0132335799937242,-0.12685312529837503,4.311862,6.6169505,2
1.4861,49.0,4.602272727272728,1.068181818181818,570.0,2.159090909090909,37.83,-122.27,0.972,37.83,-122.27,-0.06065084933726152,-0.03751171660936819,0.0014590534365027312,-0.0035836905135460816,-0.026400491521548698,-0.03376432701723693,0.00804546583027939,0.0016717012370788503,9.579706496656387e-05,0.00050621803107953,0.0075505460489222655,-0.0011227434875495969,0.0006747047483403271,-0.0013499347933326948,-0.002746992403454469,-0.008078451888929474,0.005289223729547624,-0.00420604565028018,-0.0009989216227039306,0.0022458931948042427,0.0005904517971161855,0.0007452632652308319,0.0014255843650407137,-0.003221822232919941,0.0009169718191604759,0.012296505789454707,-5.0000797821868956e-05,-0.13652142171936438,4.128802,8.346584,2
4.4107,22.0,5.350828729281768,1.0359116022099448,3215.0,2.960405156537753,37.51,-121.96,2.235,37.51,-121.96,-0.0033404724310163456,0.018295797469074487,0.0006885380917400208,0.0028471460075153864,-0.014378708937107921,0.022340867870760086,-0.021666004683739585,0.0007731735148961123,-0.00020251683350324504,0.0004686808094911876,0.014014394764432284,-0.002133328377891146,0.0011920018972034988,0.0011069589719040927,0.0008853656981555474,0.0008104273100524861,-0.0007946663253229811,-0.0034563291791146703,-0.0004465158431900492,-4.5604775400144706e-05,-0.00012669238551629573,-0.00022525036547916565,-0.0019312861536831037,0.0005432308796746999,-0.0016095918069379473,-0.02063339607912967,-0.009659509457289042,-0.055388790402311844,9.820523,9.325285,2
3.5078,15.0,6.254587155963303,1.146788990825688,1228.0,2.81651376146789,36.83,-119.71,1.09,36.83,-119.71,0.034477491104403186,0.0013987009811357773,-0.0013125658900832277,-0.0006372124456190855,-0.04505793129248879,-0.01766870678615862,-0.026125458275629395,0.004814136016133655,-0.00012532485394376274,-0.0006562831171157354,0.018185471772383097,-0.006423967712893746,-1.7491272376291852e-05,0.0013675881295538241,-0.001440527095847099,-0.0013557899817210391,-0.013163282871775832,-0.004154561939538669,0.0006382763592108296,-0.001050954759377296,0.0005953328345978171,0.009784151470872604,0.0005076939000543592,0.0007901613664742682,-0.0008131362071975166,-0.025416644987159204,-0.002337175932788149,-0.26585433394478386,-0.6181439,2.8987334,0
3.256,18.0,4.321782178217822,1.0816831683168318,1268.0,3.1386138613861387,37.53,-122.03,1.833,37.53,-122.03,-0.0007680485326380803,0.02361478087095803,-0.0019687419099629266,-0.001064108395952916,-0.01068681069275589,-0.0039837056912108825,0.014944890993262749,-0.0004996907851452082,0.0003355447744288308,-5.835108802592945e-05,0.018949758221271245,-0.007485606138322613,0.0008292131597287155,-0.0006010589847762358,0.00020557356107272403,0.005351608538835732,-0.0010449342499267579,-0.004719675349433558,0.0002325423980908519,-0.000535414899751914,-2.999930611999183e-05,0.000524594084170193,0.0006144508056156229,-0.00041639326560265644,0.0006044854322319922,-0.016832338830604594,-0.01720070691128897,-0.06445956597692112,8.305431,9.352176,2
2.9708,27.0,5.494577006507592,1.123644251626898,1371.0,2.9739696312364425,36.04,-120.14,0.609,36.04,-120.14,-0.005305081359331364,-0.01643553585379224,-0.002317592149751593,-0.0015517026955961175,0.014301806744950919,-0.032832991801722514,-0.012925873895459492,0.0013499310411991434,0.0003900326435117438,0.0005713705161425816,-0.008255439617896543,-0.0004428961592628966,0.0009720962783630731,-0.013803432584821649,-0.00035070950506440885,-0.011838333941973013,-0.0006450252410929656,-0.0016488451195574157,5.478617205421948e-05,-0.0016484989020705033,0.003000905022637886,0.010961842670178303,-0.00031498936363195,0.001217379551833109,-0.0007961285218943046,-0.022770587870395535,-0.008950572179279137,-0.2137611497414282,-3.0265021,3.0419366,0
3.5744,20.0,5.07037643207856,0.9345335515548282,1449.0,2.3715220949263505,35.11,-120.59,1.978,35.11,-120.59,-0.012598914467411284,0.014199687175397348,0.0012659750214909877,-0.001084407127089132,0.011985658512570229,-0.003597292366400847,-0.005105002291312605,-0.0003370880879020158,-0.0015279114842384875,1.0917518762040192e-05,-0.019393249588059484,-0.008794026204764648,0.0027104160659650934,-0.0004441282789066376,0.0005424557393291584,-0.004202007197169145,-0.004710932183828991,-0.0021484677656241217,0.0034445965469201423,0.0035470433398999417,0.007189495225820593,-0.029301308192034674,0.00024388585293321928,0.001594403953166052,2.6852206492168335e-05,0.01890974752757398,0.008719506283107662,-0.15657510868131383,7.823737,7.345627,2
3.6378,17.0,5.432075471698113,1.0226415094339625,1802.0,3.4,37.81,-121.22,1.261,37.81,-121.22,0.017336058857143538,0.0052658510475726734,-0.000483687309733084,-0.0010599617221692,-0.023864547095077338,-0.008015403218892011,-0.007901568344485528,-0.0020664740426562574,0.00027195993444816425,-0.0005076708312349987,0.03430467087360323,0.003323225863638988,0.0024975879072505684,0.0007860490359554177,0.00029459153331761254,-0.0013486299333574296,0.005611441143577781,-0.0010301853159311472,0.00011550733561435126,0.002636713351730214,0.0017396981122997494,0.0014425816493180805,0.0005576799498242556,0.0024502398274993935,0.0005415058512366853,-0.013812288003965707,-0.011569687947023193,-0.1325726832981547,4.3087277,6.6718245,2
4.7,37.0,6.118032786885246,0.9836065573770492,822.0,2.6950819672131145,37.61,-122.42,3.413,37.61,-122.42,-0.001367184948293069,0.01920476289797681,0.0005893405112464437,-0.0016391549248073337,0.02055340150819583,0.009857933448604524,0.021765803032267446,-0.0019869941183184347,-0.00036322577190184014,0.0014856876108699456,-0.007432371766004367,0.0009619807999402309,0.005899151215451284,0.000955842739324754,0.0018896893705763343,-0.0003527645572725343,-0.0026934193664887463,0.009514881498445314,-0.0007066851498236103,0.0018084435576451838,0.0010610043682901694,0.007193380971831091,0.0020878463595019776,-4.33230844768843e-05,-0.0017935562446737162,-0.018845742557455657,-0.011285034709473446,0.07180768446475456,12.769775,5.0773606,1
3.725,34.0,5.492990654205608,1.02803738317757,1063.0,2.483644859813084,36.62,-121.93,2.78,36.62,-121.93,-0.015954228396662256,0.016469062777171552,0.0007000515756182146,-0.0019942958439213973,0.0016477465028543951,0.018365394835392602,-0.01140309989072668,-0.0010534220543036352,-0.0005052642358706106,0.0009802482822565423,-0.007015154669710256,0.004589657234784545,0.0008685362791755004,-0.012575447913405811,6.0641601391536414e-05,-0.0095934151437292,-0.004345500710480849,-0.006245008440780046,-0.0001685015407829527,0.0022391287326890795,-0.00036067260200317315,-0.007864252897459782,0.0009496462111410479,0.002717459513299398,0.0015457755708134266,0.011269001222146465,-0.009832260001508497,-0.06234551613888931,9.170878,8.67535,2
4.1212,52.0,5.520161290322581,1.0040322580645162,490.0,1.9758064516129032,37.9,-122.28,2.875,37.9,-122.28,0.029808553419023585,0.017406520919944324,-0.002134661784787111,0.00025713680383671804,0.11459378845512778,0.0291040083593886,-0.017310314335509162,0.002643340730011426,0.0017065851761353472,0.002081388195052931,0.08743863202489552,-0.0009041409258454198,-0.0015473985930233801,0.0010055208611333968,-0.0017680272631553989,0.00309848897160402,0.004264588638924381,0.0056106065043943845,0.0017910894195627798,-0.006040405747312071,-0.002164216812287914,0.0031947261043879798,0.004386675097201706,-0.0031769509200120305,0.0001831676780730115,0.008089720457905554,-0.029566053850702042,-0.13603618013796448,8.7389965,6.778589,2
2.4583,35.0,4.04,0.96,261.0,2.61,37.77,-120.85,0.75,37.77,-120.85,-0.026771628485910248,0.03380483392151909,0.0009032818491812284,-0.0008895911034424436,-0.03954882483428016,-0.04194548366893559,-0.0011115945095791632,-0.0003797091421953746,-0.0013964907233647073,-0.0015219838121305652,-0.0041096325735157134,-0.002557065345040818,-0.00029507015821604035,-0.0015018053147785322,0.002733659589379674,-0.0026047272709065162,0.008455350047596009,0.003484853400360212,0.002547294859749154,0.001813702219226093,0.0024852873847904583,-0.0013388196780996506,-0.000622064419586677,-0.005462111132607487,0.0018865966760861822,-0.027053459620214083,0.0004015214286422947,-0.13972557824763546,5.2844496,8.579138,2
3.1912,33.0,5.288753799392097,1.03951367781155,638.0,1.939209726443769,36.63,-121.93,3.198,36.63,-121.93,-0.007700423109904225,0.0009642549237753099,0.00015467992010915612,-0.0022706451689230873,0.0648538109376598,0.003684579604045247,0.01750890587918622,0.0021671968609462333,0.00022793533007305409,0.000891500560356748,0.07069599276595127,0.005209395187114775,-0.00028334920141105246,0.00018836290588443514,-0.003598918643402498,0.0014381525807761802,-0.004217842677516469,-0.008372461053042733,0.00010011676675656421,-0.0005449233630703871,-0.003411590454459147,0.002498557759543344,0.0009856481935021175,0.0030873362162425217,0.0034757327561605327,0.04092646023618814,-0.0003675204877206391,-0.0439825078438377,9.790717,7.43138,2
2.6214,7.0,5.491089108910892,1.0495049504950495,1374.0,2.720792079207921,37.4,-120.84,1.038,37.4,-120.84,0.05787820686807857,-0.0183624757520244,-0.0005559464155714786,0.00022611761945405702,-0.0022849861622252707,-0.039346920129254635,-0.0017564349795854534,-0.0055984065833496,-0.0007049907304738873,-0.004551537043824145,0.006902334766057342,-0.007100448151730281,-0.0002339987511824356,-0.0011626701956342733,-0.00021990545633098434,0.0012244747944740318,0.0011570118653328357,-0.00028762946933445224,8.95173089801226e-05,8.834460595586397e-05,-0.0017939124009433522,0.004390902115331804,-8.246579100779238e-05,-0.0001355520731942595,0.0003764889941955946,-0.024858641811554796,-0.0010197522144448391,-0.15908046804571477,3.36524,6.4864845,2
4.0473,5.0,4.851305334846765,1.3087400681044268,1503.0,1.706015891032917,37.93,-122.05,2.665,37.93,-122.05,-0.04696106085695055,0.016144496292130894,0.007795138603811099,-0.0013430652718314697,0.11997407022493269,0.02717460932735554,-0.008039266936323841,-0.00968629201255474,-0.00010980719051969639,-0.007351779095528856,-0.15117405300130954,0.026032197818891246,0.0019379026180194828,0.010690561661134615,-0.0007039937938631021,-0.003870522946669685,0.006853766715232873,0.003176636756447307,-0.00015535547156091876,0.01893123053143768,-0.007254372276980534,0.008193979856037937,-9.311149395229566e-05,0.0003969790371520048,0.0004179258450016612,-0.02937590321675721,0.007889280501890665,-0.10598572090917045,8.463421,7.682163,2
3.9243,44.0,4.276442307692308,1.0084134615384617,1779.0,2.1382211538461537,37.42,-122.15,4.048,37.42,-122.15,0.0062885683147021155,0.024530784239603677,0.0039594575166659795,-0.001884595969677648,0.014328502398825667,0.034628260049211004,-0.016531186024565304,-0.0005988412651881162,-0.0003443168550960709,0.00048239375139553175,0.02832186862144053,0.007991491242681429,-0.0008984895422084628,0.000944091542376416,0.0006711712442040681,-0.0035137923823762712,-0.002436792287608739,-0.002198017865667222,-0.0003437506086808532,0.010259480644039854,0.04345123008366624,0.04056454855200014,0.00037923700481409724,-0.0005232706287640325,0.0001707891372628337,0.04102861651899576,0.003958847564707242,0.02947774889656488,11.883321,5.32802,1
2.8323,40.0,5.386804657179819,1.0504527813712807,1998.0,2.584734799482536,35.17,-119.46,0.508,35.17,-119.46,-0.041830117245756346,-0.02966375033286005,-0.0017403266965144372,-0.002801769396482007,-0.0329463728801807,-0.03520884164503248,-0.003232971822576089,-0.0014865663414803626,0.00016971649159681855,0.00013491434569797277,-0.008504829390084515,0.004968435820700719,0.0012816274033667571,-0.0006876832412019828,0.0002903884078092051,-0.005394576736133208,-0.005580739308440711,-0.0029334043710551403,3.020540527905602e-05,-0.0009914561728805668,-0.0015144589874668407,0.0038597853971763275,0.0003528246399376682,-0.0038967490884472093,0.004365841078987374,-0.024384180875300598,-0.0007019819342805596,-0.22597945443263145,-1.7833083,1.7293286,0
1.8913,43.0,5.498637602179836,1.111716621253406,1111.0,3.02724795640327,37.76,-122.18,0.912,37.76,-122.18,-0.0425531343148681,-0.01471933969539754,-0.0025020323197334888,-0.0035842675949391864,0.027361805811731445,-0.03852453229435337,0.020077599389671616,-0.00043952952233009663,0.00014467405275080174,0.0006322287431952271,-0.007330689611030796,-0.004409067319825865,0.00023372223787397723,-0.001768985925420375,-0.0006315265652790326,0.0019961366508329543,0.0032914083565723728,0.0018575567357532743,0.0004429323940106756,-0.0008096584729365,0.013843913867412018,-0.024209003628998926,0.0007613445711824359,0.0006797189546936852,0.0008351448306546179,-0.020904258243572508,-0.01149087044390674,-0.11867131679726006,2.536368,8.084701,2
5.0463,52.0,5.793220338983051,1.0779661016949154,719.0,2.4372881355932203,37.86,-122.25,4.563,37.86,-122.25,0.03235706660543411,0.01793641741528881,-0.0015373861012543373,-0.0015317905693373662,0.030094442766040747,0.01751978358459657,0.008562735155460832,0.0018026382052536982,0.0020750651660877695,0.0017319368305025317,-0.01244911246624613,-0.0012301124853518351,-0.0011105897598038044,-0.0009026789776346518,0.00047550599843835693,0.003051469442681389,0.003779029566229443,0.008073566520397195,7.62703079709448e-05,-0.0009702035483107873,0.0011005070737763756,0.005500443581611229,0.001662699788185622,-0.0006637029175732859,0.0009050508898006269,0.018429224706469117,-0.002776759576644411,-0.11409486534227832,7.6128187,7.0918903,2
3.0147,37.0,3.95820895522388,1.0,1771.0,5.286567164179105,37.48,-122.21,2.181,37.48,-122.21,-0.01743676286884342,0.04032975093057158,0.0011005759893960422,-0.002304755482281446,0.04284469532648727,-0.023598427255063614,0.018558627071871912,-0.0007657157645930831,-0.0004594013165734924,0.0005670236365604789,-0.014927547171709283,0.006254342777793239,0.0012742181400139025,-0.002634891104321838,0.0007313438263184525,-0.005344220289857938,0.008765749924690569,-0.01171979596918207,-0.0005401264624867084,-0.0013196610949121148,0.02134216684571558,0.022541941493533182,-0.0015835976936779883,-7.997474564307225e-05,0.001357452343913789,-0.008570098998377537,0.04117103492113081,-0.004328721451882371,8.176035,9.038121,2
1.7564,19.0,5.577720207253886,1.1865284974093264,1317.0,3.411917098445596,36.06,-118.99,0.426,36.06,-118.99,0.00927634796582015,-0.016814545353615224,-0.002693509970860519,-0.0019313159363368614,0.04065943347135045,-0.043377347366459255,-0.001632164184726449,0.0006620184669466786,0.0006845288632843307,-4.5399363487743374e-05,0.009537744299019,-0.00822250852627843,0.000428282998670028,-0.00033158184192414076,-5.306172370728614e-05,-0.0033482220743739034,-0.007927288385719971,-0.0025557188110463536,0.000373504588136563,0.0014023267606799892,0.0018082454552221907,0.0077214103918673985,-0.0013810110117698983,0.003634209426817121,-0.0006005683793376275,-0.020699051053691856,-0.022331814636448306,-0.24214170077791217,-2.9673052,2.9688458,0
2.5238,49.0,4.192023633677991,1.106351550960118,1487.0,2.1964549483013296,37.8,-122.24,1.693,37.8,-122.24,-0.03644485028336655,0.023974805661523275,-0.0015432057703614768,-0.0021074981574487296,-0.047262644818850875,-0.02824091718516018,0.01064896821496614,-0.0035105217230554826,0.0003542209589838064,0.0007497735835670646,0.006642846425312531,-0.0013552289975626395,0.0006225893522374121,-0.0014973385718299005,-8.153187193679534e-05,0.0007573247678665188,0.004970620024312353,-0.0005736165751220881,0.0004480657101221554,0.0007038931291858356,0.01300583973694369,-0.019604747391004224,0.00037873134428891735,0.0007126972102120615,0.0025550406406954444,0.014956406901901947,-0.012418690263062348,-0.11075964005485613,4.863211,8.860796,2
3.3715,52.0,5.105882352941176,1.0070588235294118,1086.0,2.5552941176470587,37.77,-122.19,1.439,37.77,-122.19,-0.023178506897776622,0.003682450801033357,0.00046172773269668674,-0.001590847631821879,-0.06446161738704091,-0.0012638355682323842,0.012884145839104634,0.0037984662762397983,0.0014204250470265713,0.0011628914282635961,-0.012214832213295763,-0.0038143046882196754,-0.0055311033874386505,0.0016131348081300993,0.00035674087237075894,-0.003306626447110585,0.005088850995471105,-0.0004826006727897489,-0.0003268421695395043,0.0017833809455989847,-0.0008029973618548286,0.006946158557342149,0.001511223547339436,0.0007092967302826988,0.0006298142956267322,-0.014683908996511242,-0.013945964831242998,-0.13946265848700645,5.3754244,8.341928,2
1.625,34.0,3.972972972972973,1.0332640332640333,1886.0,3.920997920997921,36.56,-119.61,0.53,36.56,-119.61,-0.016871999784577953,-0.019504330599624198,0.0009034469611480056,-0.0019881977046067936,0.045004583703095666,-0.04418301148946605,-0.005365382893015355,-0.0004479442535912054,-0.0005015208602515344,0.00015598558835076064,-0.012169581838665284,0.00469076477091224,0.0009124031099039564,0.0015213508964259915,0.0007649082621872533,0.004348135628315883,-0.0001832125141556308,0.0024683373953274445,-2.4676709243589533e-05,0.0010724535423610412,-0.0020616405238572913,0.002076594592643099,-0.00042028129305628296,0.0036099787722828217,-0.0015278720367799656,-0.014149207161544813,-0.019502071253499544,-0.2546353423760083,-3.9747746,1.9743438,0
3.2604,30.0,5.551020408163265,1.0816326530612246,531.0,3.612244897959184,37.61,-120.76,0.879,37.61,-120.76,-0.00417273717187499,0.0024340916124304243,-0.0018519040766216653,0.0010480293316287614,-0.00983072620986358,-0.008416646621900498,-0.0049873748955925066,0.0011409168312466274,0.000124878039230734,0.0005291765567222746,-0.01399667638055425,-0.0013409521250449994,-0.0007438573304877206,0.00032368990039170016,0.0014495204583309437,-0.0037624865003273032,-0.010896389732085029,-0.0007455256547846994,-0.0010807973312818794,0.0012282938102383904,-0.0007329073814649783,0.0023015165447911605,-0.0036268597623285853,0.00024170011876066766,0.0026225221375503825,-0.008920191702298274,-0.024138368766661183,-0.13461506952135086,5.979709,7.6099052,2
3.3906,35.0,4.88,1.0552380952380953,1398.0,2.662857142857143,37.7,-122.18,1.789,37.7,-122.18,-0.021354433893779234,0.010898914782703932,-0.0022380493922947594,-0.0017726515929826255,-0.054294671674172415,-0.0027633543321984445,0.013563897236585343,-0.000380615072390656,0.0002392385387718085,0.0009397803607908219,-0.010476993689197136,-0.0017747096519871808,0.0011729781904469064,-0.0015238986022425766,-4.5861443094323006e-05,0.0028586139263272513,0.0026201799486110806,-0.004374764503140479,0.0004256421092407814,0.0003266980013767476,9.499614128587164e-05,-0.0012439904328627705,-0.00012509897478188274,0.0007304112696392979,0.00018128889399288587,-0.026124185669289472,-0.0006166461483057266,-0.13449912889814766,5.530069,8.189242,2
4.5833,27.0,6.080321285140562,0.9759036144578314,1284.0,2.5783132530120483,37.28,-121.92,3.088,37.28,-121.92,0.01426417660816443,0.019590661275526403,0.000670214132160686,-0.0019260999074411055,0.036572278792170926,0.028881369109957235,-0.01197175611734481,0.0005650538175297383,-0.00036322577190184014,0.0012845982638488404,-0.0032656530188131384,0.0019863428399289483,0.0011281402591745283,0.00030673120455260974,-2.8242711159075766e-05,-0.0013380104131663234,-0.001715026640779441,0.004778201675443472,-0.0006957228506660987,0.001267441516831271,0.004258861471358159,-0.005859997235968612,0.0006998057493968527,-0.0003293905206133426,0.0008730088168201184,-0.011201088342562032,-0.0025971497605805746,-0.0570602351824364,9.687503,8.472717,2
3.25,19.0,5.70945945945946,1.1047297297297298,855.0,2.8885135135135136,37.74,-120.91,1.767,37.74,-120.91,0.00010682718116955731,0.001296103561053529,-0.002426482170287949,-0.0005004586730399933,-0.028192969252680212,-0.010469205858768897,-0.007454920909414462,-4.047402083849455e-05,0.00024443285992399117,-0.00017025112843263815,0.014901098045875952,0.005190069035401402,0.0022856954436079745,-0.0010712180912791267,0.0015076693758673573,-0.002068180227034382,-0.0005470919996800976,0.0008871131259702285,0.0001265359245618754,-0.0007381474160799553,-0.004627754485707586,0.003544088097727925,0.0010180473408941447,0.0009565409539916137,0.0007665070251314295,-0.031210009032296517,-0.007183094567561236,-0.13714556484709534,4.557087,6.9014535,2
3.7262,36.0,5.01423487544484,0.9644128113879004,1002.0,3.565836298932384,37.61,-122.03,1.649,37.61,-122.03,-0.01347778772581879,0.018774822123988465,0.0003091336284932589,-0.0018204997595221955,-0.025021676900487934,0.008950617614282093,-0.013104434088219302,-0.0011717075408397802,-0.00046501695078303434,0.001052612549158094,-0.020259610940943844,-0.0003354369012810827,0.00045797021830888836,0.0006387903568490153,0.0006162595538225789,0.0023990725417152472,-0.0048833534485527115,-0.0035581931083330607,-0.00045153153365936466,0.00030257515967237685,0.0006461673279611986,0.0023613147816015055,-0.004863587821738528,0.0008019363248360258,0.001988340411823935,-0.002871251281980818,0.017048572097234944,-0.07574393443564813,8.966181,9.416202,2
1.7188,43.0,4.181818181818182,1.1302211302211302,1227.0,3.0147420147420148,37.78,-122.21,1.268,37.78,-122.21,-0.04264513253555306,-0.020100695270955964,-0.0025983360040326108,-0.0023761682158560215,0.025355941090065018,-0.038671788100178274,0.019119155400638355,9.126642673025888e-07,0.0003478442912878463,0.0007276078350244895,-0.007574381119320587,-0.004409067319825865,0.00034846371732791964,-0.001412720250377458,-0.00012241549764744608,0.0021873325801857685,0.004690627753067659,-0.0016479041806430623,0.0003675868609591704,-0.0009244766760050226,0.01354353835306033,-0.024107752683042424,0.0004863102977628454,0.0007154618620354358,0.00029686343566432555,-0.020920723070794955,-0.013534058314203663,-0.11766549743063887,2.580148,8.03617,2
1.6875,33.0,3.6095444685466376,0.9869848156182212,1077.0,2.336225596529284,35.27,-120.66,1.742,35.27,-120.66,-0.028690665314880928,0.05981302678295862,0.0016974038619089462,-0.0012529436414624618,-0.04291085585046131,-0.025557689482883852,-0.002292605777299005,0.0020737986096486796,-0.0004190122585248821,0.0009253728119106304,0.009192233193955932,0.005300000545140595,-0.00039671359844344696,-0.0003622898670651893,0.0010526499387128608,0.015043366911107034,-0.0013016120533513845,0.0013497391990804368,-0.0005129641920596148,0.0024027017935366653,-0.0017461756118195924,-0.008760477448947467,0.0015641193407573855,0.002452833564488375,0.0010073203102978425,0.015392219736516692,0.006825742988925807,-0.12862928190527656,5.0528946,9.024481,2
1.7188,45.0,5.008064516129032,1.0403225806451613,257.0,2.0725806451612905,37.77,-120.86,1.094,37.77,-120.86,-0.056891872424756136,-0.02625752954999419,0.003023682954063278,0.011676512005576957,-0.02093375015545267,-0.019882855197699105,0.006350227597629365,0.0008527519911383709,-0.00041086623711969,-0.002152649267133963,0.01766318662553914,-0.004895764178289699,-0.0021664599027364792,-4.741851232855302e-05,0.00440986348900148,-0.008787181824916683,0.009505733891108453,0.0006220519288660362,-0.0030434173721429485,0.00441001001641831,0.00253685500171388,0.001327842042249848,-0.005835404592820411,-0.005516629762397955,0.002045103330706557,0.060836828320427645,0.03762463010704601,-0.11908918346617214,4.292614,8.452408,2
3.162,26.0,3.576452599388379,1.0764525993883791,1283.0,1.9617737003058104,37.56,-122.32,4.15,37.56,-122.32,0.021992297491747474,0.012809994400261293,-0.00014714094858450874,-0.002334887706392988,0.0800566355937837,0.006207771863458814,0.04452861032163107,0.0028877469430187283,0.00027663009557043973,0.0007797244455542443,0.05257422873126601,0.003927342467169779,-0.0013101527765002055,0.0013006203645758007,0.0015236153297429537,0.001300029075279255,0.0018735420515870974,-0.0019533422128813495,0.00042633571851461555,-0.00014778868033999415,-0.015462706463451823,-0.005894785881850814,0.002431001830832828,-0.0019049412675131415,0.0007887807334053192,0.05302062033852893,0.060400766213066066,0.015507300247776563,10.096586,7.3221154,2
3.6,22.0,4.851449275362318,0.9094202898550724,820.0,2.971014492753623,36.72,-120.08,0.832,36.72,-120.08,0.0007710226700291999,0.00936080813701999,0.0013902173509687016,-0.0007237944488195611,-0.03411345258556234,-0.011438470210005141,-0.018978445132243463,0.0003593028627576882,-0.0010734294182382642,-0.0002994552615371342,0.013789158228494485,-0.004055499400341964,0.0015504221830998418,-0.00038287359311819653,-0.0009354348182746117,0.0023182127841775446,0.003411049614911326,-0.002483245988772662,0.003008620306870468,0.004330401932368195,-0.004560820347658195,-0.030183207512366424,0.0013340350582047627,0.001344149138518488,0.00018526897828333283,-0.029424095275827858,-0.005337888343907641,-0.2357754104696812,-0.32276824,2.6478145,0
3.6765,26.0,4.649038461538462,0.9807692307692308,2059.0,4.949519230769231,37.33,-121.84,1.636,37.33,-121.84,0.005965082811683484,0.01114312909635618,0.000846324784579371,-0.0013063119129555012,-0.023524423024859287,0.0009361253985937921,0.008443844774135553,0.001511066874699372,-0.00046501695078303445,-0.0002553119081632573,-0.011178321583021629,-0.002760727470598639,0.0008315723757205183,0.0006576765279742492,0.000918041472269383,-0.0015567975091023592,-0.001071465296374627,-0.008997376354559243,0.0006770239995054105,0.0007412760003688367,0.001142951280347823,-0.005147930241206664,0.0021324396482896926,-0.002623244427962609,-0.0025718400373991373,-0.013803142650066701,0.014718243753288255,-0.061669973187448615,8.739509,9.48326,2
2.0469,41.0,4.484581497797357,1.1233480176211454,1412.0,3.110132158590309,37.77,-122.19,0.893,37.77,-122.19,-0.04263103822141233,-0.028823676035291557,-0.0025111661760547467,-0.003984395656445333,0.026648444373625364,-0.03942613956132416,0.02035488323961116,3.7515762280541215e-05,0.00021873517406764464,0.0006996428120423987,-0.007574170381785505,-0.004409067319825865,0.0003246503758638548,-0.001523828768465553,-8.091342171115058e-05,0.003835057519823606,0.004777944041974023,-0.002851840737878649,0.000440209493773198,-0.0008193136575778527,0.01376372804014485,-0.024135037871985173,-0.00043540015121043465,0.000715461862035436,0.0002320405139090561,-0.01966988065071463,-0.021680170602352167,-0.11798984202889087,2.5822883,8.039423,2
4.5913,49.0,5.748299319727892,1.04421768707483,770.0,2.619047619047619,37.72,-122.47,2.597,37.72,-122.47,0.019150497111021382,0.019407899532639647,-0.0023328609001206403,-0.002096263389602312,0.0030644065994682172,0.005788770074582051,0.01688513005985569,-0.00041271472389971774,0.0004510647788385542,0.001311015630215373,-0.02497884434087627,0.00047967838850481007,0.008995174376407178,-0.0013623256400102444,0.0005689165581545572,-0.002006706277602385,0.0054449018500977095,0.001467860582551296,0.0004202772126506377,0.00027905619784466325,0.0030609046912915042,-0.004553031874815356,0.002011946717790161,-0.00031621604961993535,-0.0012800064101061224,-0.019653264122390494,-0.008718499406135933,0.061069349523770154,12.74691,4.878297,1
2.6667,52.0,4.68,1.08,308.0,4.1066666666666665,37.76,-122.41,3.25,37.76,-122.41,-0.01623339933578432,0.014348306812864165,-0.0004275247260746195,0.0012816666893683429,0.04593219257974085,-0.007023912349472,0.0174471257526428,0.005535713994722051,0.002186699873517312,-0.0009746123635849765,-0.0088069195493776,0.0025048015451795444,0.009880711383446577,-0.000667702037895868,0.0006563760241792226,0.012149699424240577,0.013834655957135353,0.01499138277600913,-0.0025343404046979474,6.738429810764204e-05,0.00038427667080112116,-0.009891498311432143,0.0029356755770641816,-0.0028487729137009112,-0.0005159955361987425,-0.003473970072918809,0.024379587115690746,0.12262936874907167,13.064096,5.504028,1
1.9286,29.0,3.896813353566009,1.1335356600910471,1743.0,2.644916540212443,36.97,-122.02,1.953,36.97,-122.02,-0.011671792424496865,-0.01804441481609752,-0.0025789826861294936,-0.004008494186500976,-0.004461449208033061,-0.03884871985880617,0.01892721304523201,0.0020927073455583164,0.000517463519024583,0.00041234702876473617,-0.005822573301052577,0.0019083103741702999,0.0008444669284026181,-9.152474087391376e-05,0.0002703627982948981,0.001966890202366315,-0.0008564968443395596,-0.0029915489547575275,9.181126291739518e-05,-0.00015401745857811979,-0.00036301980810034496,-0.001798777802058345,-0.0003379142988633009,0.0020455569423944945,0.00082746282302559,-0.025428041283038945,-0.0005587478568607044,-0.0644413434277681,8.092767,9.392012,2
3.2632,8.0,5.466666666666667,1.0444444444444445,930.0,2.583333333333333,35.12,-118.43,0.998,35.12,-118.43,0.05352765514321907,0.005464978567948133,-0.00043507595297465214,0.0002739861605784692,-0.05449244126880158,-0.016411751148577108,-0.030330289262247692,-0.005305535055896206,-0.0007546435843427892,-0.004565352257263795,0.011892476710768738,-0.006370817685190094,-0.0010070102687415477,-0.0011145840813078726,-0.0002688945475629371,-0.0030208658134483657,-0.004282958639435984,-0.0006878583934909954,2.6332555339788815e-06,-0.0010053289223777525,-0.001733768104316783,0.002030143189943043,0.0013482300807844039,0.0014347013567845585,-0.0005448811539053008,-0.019933836625743728,-0.0011487486911466304,-0.22362864733334722,-0.8070207,2.9605389,0
3.5083,43.0,5.084558823529412,1.0110294117647058,853.0,3.136029411764706,37.74,-122.15,1.22,37.74,-122.15,-0.03415990015671168,0.002112689462569673,0.0005884487707191547,-0.0007651240188672304,-0.021224556051729893,-0.003521903282793905,0.015107147606615277,-0.0002516039167950085,-0.0003760927776851613,0.00045777739946562424,-0.01670686323874471,-0.004168668742437941,0.0004583773497903622,0.0017550120946266605,-0.001226514503778602,-0.0009439704416537923,0.004934032337018091,-0.0005888166173278917,-0.00033294130599460174,0.0023241970084509405,-0.0012015159048904486,0.007593584073119226,0.0004848917840814714,0.0007320679895004736,0.0005573287135208056,-0.01856093784390522,-0.014212467425350756,-0.13456135010236042,5.6112924,8.154874,2
3.569,15.0,5.2100396301188905,0.9854689564068692,2355.0,3.1109643328929986,35.32,-119.06,0.707,35.32,-119.06,0.026653430178484677,0.004149239204548807,-0.00011360722594595343,-0.0020327423397131766,-0.036819566914973845,-0.01707379570132213,-0.031214590772388976,-0.002255363982579572,0.00028714459411802374,8.794415217866315e-05,0.027267689242509715,-0.008419024294908085,3.657543077229198e-05,0.0009110541044369454,0.0007206348562824553,-0.001707366169555744,-0.0010436034051230217,0.00019285348196528072,7.455308807018145e-05,0.0021179211347528773,-0.0037283508131538837,-0.00616659816763724,-0.0018820353646146098,-0.0039338541809609395,0.00317510064820312,-0.02137863867325368,-0.01626302260232098,-0.24605269884738248,-0.54406035,2.8767781,0
4.2672,47.0,4.650793650793651,0.9714285714285714,1119.0,3.552380952380952,37.72,-122.4,2.194,37.72,-122.4,0.046713260134634525,0.00010950899025143351,0.0004219072078353893,-0.0026419414058443873,-0.037592357042143164,0.012218637291844213,-0.0026392140788469272,0.00034924299146461976,-0.0004658472278052306,0.0016099501056348565,-0.0226166382429003,0.0008561225849475094,0.0059270653201870215,0.0018597351987610744,-1.743262295403328e-05,0.0014456452289663651,0.009521718459366602,0.00776804848764057,-0.0005344228112904677,0.0010745666152054737,0.00021626004775726347,0.010557699562004362,-0.00615331925918242,0.0007040816856466448,-0.0032427253958991946,-0.004548004448016096,-0.008305552604309258,0.06492189169367837,12.563009,4.7587447,1
2.6801,12.0,4.378486055776892,1.0099601593625498,1971.0,3.926294820717132,36.24,-121.02,1.0,36.24,-121.02,0.0320678620399916,0.01747153760570704,0.0004876280912178045,-0.0032573210529404906,0.028382913520706196,-0.03029356825015325,-0.0055340713438359985,-0.0021090267959049877,0.00019756661530957742,0.0002134816223232246,0.023096585051898138,-0.009306269764474788,0.0009399037634382442,0.0006456527815629134,0.0007510696174619668,0.007365960313041733,-0.00041871054502614345,-0.001247692921497149,-0.0012067033371172186,-0.001608875723876033,-0.0006596436501670438,-0.006833160699948153,-0.0021982351842090835,-0.007366797424105772,5.4101891133237944e-05,-0.015597006614238481,-0.022439383493070165,-0.147621172849507,3.5836523,6.611965,2
2.1518,44.0,5.1443569553805775,1.031496062992126,1286.0,3.375328083989501,36.73,-119.77,0.53,36.73,-119.77,-0.039637742362114835,-0.0341625158868784,0.0015308880048763463,-0.0037151441494073594,0.05115424999618584,-0.04561102320228476,-0.0032216094642792377,-0.0018334403073782524,-0.0005289233637484824,0.0006524791016293283,-0.010739167775785645,0.006136963636306344,0.0008741377338494839,0.0011696729845917728,0.00045089884671337946,0.000778872971878699,0.0033523629283124566,0.00022249252087266924,-0.0001516498085230142,0.0009607242593803176,-0.007172174814090741,0.0008074060828830307,-0.0011144348723577952,0.0027643310917559484,-0.0006153208129605958,-0.020791629504372175,-0.019559287812110807,-0.2618945040820309,-4.32605,1.5703152,0
1.775,29.0,3.827838827838828,1.1391941391941391,1245.0,4.56043956043956,36.51,-121.45,1.125,36.51,-121.45,-0.009420587751396876,0.02488887463493763,-0.00269394647777671,-0.002563792553590102,0.03995335184318951,-0.04261995129208649,-0.0055264156709180804,0.002085088769110839,0.0004349549172979307,0.000580880264408393,-0.004909919456978923,-0.0014886439315083032,0.0009250959188651568,-7.689684251263449e-05,8.724522194111175e-05,-0.00713087126984863,-0.00042904354268047786,0.0034185024572342647,0.000416589571483999,0.0007376250235378029,0.0022428725899709475,0.0032007015280889816,0.0005855739525302222,0.007937058414686199,0.004294849524922726,-0.013766890275997357,-0.014241000653598873,-0.12492471730649934,2.8532357,8.373695,2
2.6053,33.0,4.786632390745501,1.102827763496144,971.0,2.4961439588688945,37.8,-121.21,0.992,37.8,-121.21,-0.025632008342415174,-0.0037379534770539684,-0.00196457106458187,-0.0017134952170943605,-0.03260536231215532,-0.03610822968400605,-0.0017273468727887413,0.0011849613891132434,0.0002496003373017971,0.0009348964952637496,-0.0017915991232138409,-0.0013598497779567663,-0.0004771838564772053,-0.0007728827641279774,-0.00012120311155669887,-0.005066937727245101,0.005811699237522334,-0.0017557548051542412,0.00014536753479045577,-0.0012466946984528464,-0.0009904798232623399,0.0027723847235604695,0.001353310906838016,0.0008928409817225151,0.0010054827259062535,0.009601541197869217,0.004582921890173189,-0.13141032131344665,4.4451866,8.311256,2
4.7685,5.0,4.331352154531946,1.0950965824665675,3959.0,1.96087171867261,37.39,-122.04,2.801,37.39,-122.04,-0.08364455415134349,0.01704512095089546,0.0027305233927788623,0.02075831694656363,0.055768039718963054,0.0060084790195965845,-0.0059067520846781026,-0.00788923325641817,-0.0009444177330426367,0.018470931610841224,-0.13375258725173542,-0.009667217044121934,0.0012687907999433233,-0.001014876474601669,0.0017553077264801282,-0.004852046782068079,-0.000456042918111131,-0.0030812419949361397,2.3076882374403735e-05,0.00471249851324762,-0.0023719609262862207,0.0020284366410494173,0.027593963472702248,0.0005165315796774342,-0.0016011370393775263,0.020966087333181317,0.0062838643219737715,-0.04491270382087061,8.478246,7.8631663,2
3.2042,11.0,5.852713178294573,0.9870801033591732,1285.0,3.3204134366925064,36.07,-119.07,0.762,36.07,-119.07,0.035237455795356754,0.001046225699691964,0.0008910378775955891,-0.0004616143187382855,-0.016695568654922166,-0.016902727427230563,-0.030358857096945118,-0.002014378806732519,0.00012674212977683294,-0.0031921985137506183,0.02899211811355518,-0.008472557460434436,-6.250079307442853e-05,0.0015385731245900784,2.3089882075538515e-05,-0.0029491012491077383,-0.006582168582896728,-0.002915758449848838,-0.00047058084614176067,0.002577376847890412,0.00010198261054045345,-0.00398308818169346,-0.00039518632941808077,0.001187672280424488,-0.0005452068290344002,-0.030064419198651368,-0.011782934228978125,-0.25942520137908026,-0.61835927,2.9004166,0
1.47,36.0,4.377777777777778,1.0055555555555555,405.0,2.25,36.29,-119.14,0.619,36.29,-119.14,-0.0332810633167817,-0.028220147226775513,0.0021847996839289897,0.004617696511900294,-0.05573303885594851,-0.03513469487344642,-0.0032933732457801797,-0.0013426317606033606,-0.00033930156801194057,-0.0010042850302164521,0.012499794565279491,0.005117424874726476,-0.00012568616236484787,-0.0006320932793716438,-0.0029976178269809205,-0.004358078622610259,-0.0014404265462499516,0.0001656942129964394,0.0020995514973250395,0.0023032119623529845,0.001850799967804297,-0.004813980479498405,-0.0026913577270492933,0.0023265490972063617,0.0017470637188966491,0.0106502578940584,-0.0032680500755890704,-0.2511196831210187,-1.0977069,1.5078176,0
3.0703,37.0,5.049586776859504,1.068870523415978,1093.0,3.0110192837465566,37.72,-122.46,2.118,37.72,-122.46,-0.01902813555508789,0.00503068882630236,-0.0016895141003527233,-0.0013892435348650794,-0.018341412195364754,0.017363656895496363,0.08915619036156043,7.90599831321773e-05,0.0002392385387718086,0.0009397803607908219,-0.01427230123137848,0.0007174283326518511,0.004673813321074668,-0.0014218535495791203,-0.000257725573400505,0.003153039990073153,0.009888934447603347,0.0040651890896466975,0.0004270655786737514,-0.0007664096813547601,0.003454170780157145,-0.004499482787354466,0.0017019106889742553,0.00035711355022515455,-0.002231338146261786,-0.01739491076978563,-0.008897607495611927,0.09680622148956061,14.450377,4.8991156,1
3.875,23.0,50.83783783783784,10.27027027027027,64.0,1.7297297297297298,37.12,-119.34,1.25,37.12,-119.34,-0.05471178784188607,0.016445889095488712,0.0044052501478684105,0.014133120100287075,0.08621650729338107,0.01560703995033861,-0.01456668963627435,0.007622265022248763,0.003061096115852707,-0.018059936200430775,-0.10229068050200943,-0.004670926394956994,0.0019376229057851695,-0.017924424998988865,0.0010417404700858645,-0.038555828323656,-0.012094562159749866,-0.004377676978670337,0.009337120813518245,0.012090245071124635,-0.021772262217026217,-0.0016822023081612912,-0.13710752069976648,-0.04221944335540291,-0.061358379348238984,0.014474451573214782,0.019097395201537568,-0.24209768168418333,-3.9665592,1.7326586,0
2.1538,44.0,4.368852459016393,1.036885245901639,825.0,3.3811475409836067,37.73,-122.19,0.797,37.73,-122.19,-0.03964857114259614,-0.00319801660226436,0.0014928374664158416,-0.0018460467248200595,0.052645452540137555,-0.03708954070913309,0.020049778492478264,-0.0005318721392313105,-0.0004446470276596284,0.00037723259298500677,-0.01073598741275861,-0.004643943050453625,0.00039386096092293,0.0002435177171423331,-0.001214962527057089,0.003529078065002028,0.004610691113663305,-0.004102242249156081,1.1307531281529968e-05,-0.0004922475813253066,0.0005153505414050025,-0.0017007027811762267,-0.002488515758709572,0.0011912171215557993,0.0006304159746000634,-0.012755547063804802,0.00726838181044099,-0.12658724631511323,2.3737361,8.398761,2
3.7679,39.0,4.517241379310345,1.1544827586206896,1137.0,1.5682758620689654,37.81,-122.43,5.00001,37.81,-122.43,0.04285371925519347,0.012892554063137279,0.003769011406593494,-0.001163840501249211,0.1900600109635773,0.048796288650563485,0.06048170665702507,0.0016975015314144323,0.0005830934552767332,0.001984898408332224,0.13450749107164803,0.0014047891324312355,0.0028579749081780893,-0.0010479045365600279,-0.00022497738259123426,-0.03540814830783824,0.012654678061368321,0.012447351955808816,0.00047262332028513135,0.018045552086524627,-0.005835227453682299,-0.004320195871741992,0.004959111144552926,0.0004779771064641439,0.0017955611477178976,0.039068164187916345,0.0751789268273444,0.16562472168916212,13.455474,6.6534553,1
4.4531,33.0,4.835978835978836,1.0476190476190477,766.0,2.0264550264550265,37.45,-122.17,5.00001,37.45,-122.17,0.03467839761578045,0.010397531686125937,-0.006971114232130272,-0.0019557961744167073,0.1183476096040411,0.008262017761110936,-0.009123696544325594,0.0026400925043846015,0.00027101446136089825,0.0026115658916794795,0.09767022385266567,0.004850857037322045,0.00022017117792433842,-0.0010531993824027636,-0.002818932542999474,-0.0036177194727420297,-0.000999769385288216,-0.0033205696708568906,0.00040752993580085554,-0.003941345457713518,-0.022964905010654287,-0.015302015313031865,0.0036915186177691145,3.4501991072316e-07,0.0006119626783457394,0.023554386856951732,0.004278761421692444,-0.015641891221193815,10.052772,7.349859,2
3.25,42.0,3.413114754098361,1.0262295081967212,1396.0,2.2885245901639344,37.35,-121.9,1.853,37.35,-121.9,-0.028751948372957456,0.008608738329321288,0.0013019845324914584,-0.0020141538433579875,0.022581445406857185,0.0029257870537233647,0.013168482283365273,-0.0009388167192517462,-0.00033870122088652994,0.0008787206912840908,0.009624980072436144,0.006909409080745901,-0.0002206142738520058,-0.0004085824927837848,0.001974352502510707,0.0018517107798149222,0.0016051057250745535,0.0007010039566037478,-0.00010770112036323003,0.0015022498642629392,0.004453395098013858,-0.0071351311873591085,0.00027890256253267705,-0.0006334602177887232,0.0006315440371400222,0.013429942422418647,-0.012322732852466954,-0.07840805241444329,8.756169,8.507154,2
1.7708,22.0,4.367662203913492,1.181256436663234,1929.0,1.9866117404737385,36.82,-119.78,0.535,36.82,-119.78,0.038319806593650606,-0.028106242904146945,-0.005992147641880932,-0.004038484015337885,-0.05631214073521753,-0.019904469099199563,0.0032116303372021846,0.0003202047194129536,0.0007877358597671907,0.00033007479843439176,-0.03648833071704498,-0.005371162787176567,0.003182693801278553,-0.0005261178310528039,0.0002504358179767208,-0.011060018947183092,0.00425664682840294,-0.0002111977135851624,7.853212279212167e-06,-0.006019680124085307,-0.0014281906743102684,0.007569877818218574,0.0012532061412595366,0.0008719722896466428,-0.0006654999635001659,0.0615856289598487,0.03253425548617193,-0.24539857222942188,-1.2769773,2.6642265,0
2.8135,52.0,4.584329349269589,1.0411686586985391,2987.0,3.9667994687915007,37.76,-122.41,2.603,37.76,-122.41,-0.016299596974729876,0.014256625070104929,-0.0014042531330789,-0.0018265165340480625,0.04611770905091061,-0.006575519956600808,0.0176044073050144,0.005622457928594949,0.0023381005759639008,0.0005312344427312441,-0.009363417023951727,0.002855466804834934,0.009956555832817543,-0.001485840833898714,0.00027668826077854663,-0.0010213890246352968,0.013162309192725659,0.0031815037477961844,-0.00010280984626525537,-0.00012064339572036457,0.0022727489981689726,-0.0013162356106617397,0.004197549616179927,0.00010172735699164767,0.002345497342392252,-0.005564581599262361,0.003715461156519992,0.12752072241770207,13.027363,5.3852053,1
4.5859,17.0,4.433333333333334,0.8848484848484849,695.0,2.106060606060606,37.7,-122.14,1.872,37.7,-122.14,-0.056357245183233595,0.006035960500514484,-0.0002899576633758319,-0.004348067112950223,-0.016529912123483075,0.004322876772052337,-0.012885720877760206,-0.0043088682163797895,0.001061587174213137,-0.0020856804120306647,-0.08095545049106873,0.0008611531063119162,0.0025602915052820668,0.0012162457382532425,-0.003380563060373478,-0.0036788703028307326,0.0037956088566040314,-0.0012773290273761096,0.000240498290584713,0.0045650275739176505,-0.013858989986321181,0.018105478861898942,0.0021462657053987117,-0.0015510278445991313,0.0009536568343810687,0.01607535506465528,-0.0017013887918230957,-0.115799747925623,8.150976,8.020455,2
2.7538,41.0,4.376731301939058,1.0664819944598338,881.0,2.440443213296399,37.64,-120.99,0.996,37.64,-120.99,-0.042269395993722904,0.011297247445665405,-0.0018017142380885069,-0.0017016408902030369,-0.043286890832057334,-0.033224519227888424,-0.0014621570027198627,-0.001263366233114736,0.0002184112570942042,0.0004730554115187426,-0.001623384288821867,-0.0035032728378198855,-0.0015414064494062923,-0.0006111066864390186,-0.0013081474870092666,-0.004004952534033077,-0.0022989226399662355,-0.0017691093147811302,0.00010539749481284397,-0.00045046266706826065,0.002051476542077977,0.000951596315866739,0.001410011727227484,0.0006424105551223648,0.0006780228161195614,0.010117320269572808,0.006310512350348392,-0.12942753042743424,4.7211223,8.631367,2
5.1121,19.0,5.618852459016393,1.0478142076502732,2006.0,2.740437158469945,37.06,-122.01,3.081,37.06,-122.01,-0.002920355571435425,0.01915748649760054,-0.0024048477318759733,0.0024362517005140916,0.013660981277590264,0.023183280619409125,-0.010453452869003866,0.0001686747474510529,0.00019406813356754603,0.001395100571558853,0.013173156972360423,-0.0058848095016406365,0.0002615451356520372,-0.0010443308848743131,-0.0007146996093504381,0.00028579132391179515,-0.0035234157470177873,0.004315980552314289,0.00014682105791890204,0.0007617054884667986,-0.003484482623734389,0.0009296507881823076,-0.00036181383228949443,0.00020624610615279054,0.00041925781173420034,-0.016205151833804873,-0.00535689342334648,-0.04970224889342774,9.877914,8.715959,2
3.3715,52.0,3.843388960205392,1.0539152759948651,1240.0,1.5917843388960204,37.8,-122.43,5.0,37.8,-122.43,-0.03555134112784494,0.019867573328498294,-0.006260498104854854,-0.002491236706680989,0.08876044341133965,0.03461621529020485,0.12015733782885799,-0.002818338849522057,0.0019330372405843592,0.0013397939215537753,0.06502490553729756,0.002517351600287283,0.0022826078621124247,0.004803694429758144,-0.00019837883805982027,-0.033454162659865526,0.009231123232226463,0.00529885166960287,0.0004737725628740056,-0.003701529196148674,-0.0008072058887918096,0.010449987326932517,0.002795790380718099,0.0004647693624289694,0.001831532986289622,0.059575932192542064,0.09047556369241104,0.18240727675283863,13.847118,6.3394547,1
5.2662,16.0,5.869337979094077,0.926829268292683,1770.0,3.083623693379791,37.31,-120.44,1.262,37.31,-120.44,-0.05509494321208638,0.01874671164512723,0.0010236083071998945,-9.357219942940316e-05,-0.022737578031323827,0.01626319967033478,-0.0033342244546507856,0.0004623644596053044,-3.455450525876119e-05,-0.0006535174175180641,0.04818333681320378,-0.010203008467825153,0.0006117685691980452,0.002676107401697045,-0.002139932944095644,-0.0005054314302841632,-0.0072525085030028915,-0.002260961560504607,0.0030388349065746546,0.004408091630934678,-0.0058921247361789116,-0.0294095625649675,-0.00039079317955474126,-0.00018135619366724622,0.0009661448023961309,-0.006487527784358045,-0.008174320052196852,-0.19961517340137952,0.9559664,2.9707413,0
1.2902,43.0,3.3085106382978724,1.0106382978723405,293.0,3.117021276595745,37.64,-121.0,0.675,37.64,-121.0,-0.04079702494298939,0.04993496143599987,0.0005959858936599066,0.004769618203372455,0.012474107111133734,-0.04447612693843518,-0.0034832059593700266,-0.001957698556950281,-0.00025739033147860696,-0.0013037093904248224,-0.007526169467820809,-0.003356736275768597,-0.0006583001607385459,-0.002071515829139478,-0.004569365437251819,-0.007634610703863769,-0.002545376259021879,0.0056130219721951405,0.0025161656203006788,0.0011305439734612067,0.0005366769718635625,0.0001564455509042442,0.000850634064328047,-0.0023215821267370835,0.0018312472649586247,-0.023254204279952232,-0.013889377006976397,-0.13389308781309547,3.0614583,8.429064,2
3.2052,21.0,4.056049822064057,1.0346975088967971,5124.0,4.5587188612099645,37.32,-121.83,1.79,37.32,-121.83,-0.0006953532393802593,0.03401503723528657,0.0007644967559933406,0.0003114259840972496,-0.0001024866358387757,-9.55793432825015e-05,0.021706366989729196,0.0019002012915909322,-0.00028909677003181503,2.644561864108963e-05,0.021644431732142838,-0.007891979179434145,0.0015117816734353975,0.001025651618255905,0.0008848285488674954,-0.0017258697950013424,-0.001130973019587161,-0.0015157846151307986,-0.0008985428857186352,0.0010177562220872718,-0.0019155500268375574,0.0008120998762573679,0.0036170930654278923,0.0038568171577523513,-0.005565608211264055,-0.010211715764361999,0.017767534163371155,-0.046644618931679115,8.516954,9.222185,2
2.5156,20.0,5.491379310344827,1.117816091954023,1241.0,3.5660919540229883,36.21,-119.08,0.593,36.21,-119.08,0.005557847829615172,-0.01956619785398965,-0.00203141067214114,-0.0014025021392627473,0.03798547620601018,-0.03902483695260259,-0.0020696498457294177,0.0010459365110149302,0.0005656444250392682,8.74689394801017e-05,0.012289209574461786,-0.008619961597280044,0.0005597724477945889,-0.0006466533070172166,5.294113499280213e-05,0.0037167987701993105,-0.0011400564541694457,0.0006747844484021614,0.0004657218496383395,0.0005352999271359282,0.002980061757863369,0.007865930721243315,-0.002063149794912583,0.003494059118234385,-0.0012081236955729217,-0.01174198927257398,-0.017584406920773166,-0.23581479377696515,-2.8443067,3.1489005,0
1.4913,32.0,4.901785714285714,1.0089285714285714,726.0,3.2410714285714284,36.83,-119.69,0.546,36.83,-119.69,-0.009095332107552763,-0.032499151447533715,0.001668895960385627,0.00029867696636613945,0.03170555253144091,-0.04518471848453394,-0.004853245878203108,0.0013762367028353616,-0.00045824363816570794,0.00036274583182258096,-0.007210609935151306,0.004431433147080591,0.001077427078305935,4.896115507064505e-05,-0.003681035061390387,0.000337662056284406,0.003703780257377125,-0.00118580925871144,-3.2776578844412126e-05,0.0010230923366153113,0.00770525342802762,-0.004796678472338735,-0.0016933599200241601,0.0017496744193049604,-0.00026240666148654877,-0.03153022224430385,-0.01210527931220252,-0.2765589212629495,-3.3357077,1.9535604,0
3.925,35.0,5.05668016194332,0.9392712550607288,556.0,2.251012145748988,37.35,-121.97,2.871,37.35,-121.97,-0.0028109253706438265,0.018527746630583677,0.0013267268519483245,-0.0003547170913113317,0.058764909302430036,0.03751284240344425,-0.02364479164550552,-0.000556719581820084,-0.0015385165310199483,0.0007734355156253327,0.024033431894944335,0.0053603129196977874,-0.0002910207087264893,-0.0011760907301994607,-0.0031849467367949585,-0.005019887969088198,-0.0012834203775225447,-0.005011768993431888,0.00257656555571758,0.0019591039178447006,0.022300252870108093,0.025950267528564126,0.0016388412199952252,-0.00045177247355502866,0.001459000995728945,0.014608232115920267,-0.009679851978437714,-0.04212058561610389,9.80933,8.270827,2
2.3903,52.0,4.466302367941712,1.1347905282331512,1932.0,3.519125683060109,37.75,-122.41,2.361,37.75,-122.41,-0.016657258150827275,0.006816904744571911,-0.0016686285865233435,-0.0028276853110094148,0.04542427672858812,-0.018011139704687113,0.017134713872291044,0.005626065210022095,0.0008924618622139814,0.000459810651126746,-0.00821411786001857,0.00443287126184453,0.010826179392149051,-0.0015498409980576164,0.0002880212259104566,0.007204912344860229,0.011663562905249949,0.009291855721572295,0.0004810312561144104,-0.000165612891979361,-0.0004174669511785267,-0.012873005372744923,0.0003779200888291009,0.001871025341971264,0.004320602898713897,-0.007701645663592988,-0.010375887068848302,0.09878387761036599,12.873358,5.265386,1
4.1029,52.0,5.632022471910112,1.0084269662921348,847.0,2.379213483146068,37.79,-122.46,5.00001,37.79,-122.46,-0.006133772364318657,0.015489861536462084,0.0005100703382710358,-0.0019263608722616568,0.06828524350761246,0.028477346899951562,0.04719151436037889,0.0026411878656186025,0.0017868987892836804,0.0011036694674188552,0.002818894116580759,0.0028117259917069975,0.0033552131081131835,0.0022411924748169847,0.0015571780012085907,0.0062493374105525345,0.012353866888390368,0.008953649612282785,-0.00032668388842390457,0.0025774567984886794,0.004291185575989595,0.020596582320196184,0.0024141967274808173,0.0003190148599153908,-0.0015201533402281688,0.02405182669609489,0.03553359687362506,0.1651278555169371,13.776558,5.86321,1
2.5568,44.0,4.57037037037037,0.9703703703703704,378.0,2.8,37.75,-122.16,1.111,37.75,-122.16,-0.041465139675235185,0.0012386975831503817,0.0005684333775070562,-0.0009167682309573155,0.009014496255904695,-0.033976506790768746,0.02060661435997722,-0.0005407302579732117,-0.0002898728396121568,-0.0017136752872531683,-0.00854575055723996,-0.00558869551588068,0.00035693505317350267,0.0007606989667737025,-0.0011334591130190454,0.004544247513468613,0.005334947087312966,-0.0020065024216546637,0.0026591552237436467,0.001383894740655978,-0.0005061929826776343,0.007161227702698431,-0.0007912526140682371,-0.004250018847960822,0.001885697537893272,-0.026039844728240946,-0.000885781113619629,-0.13845344236868531,3.016238,7.9897895,2
4.3625,13.0,6.970731707317073,1.0195121951219512,702.0,3.424390243902439,36.93,-119.87,1.118,36.93,-119.87,-0.03927341412561953,0.02145240044638137,0.00025206362767752515,-0.0030010186031986215,-0.0354980620351436,0.021987562429725546,-0.005716877538386328,0.003202418148530671,6.950603421685207e-05,-0.0012467902823168108,0.04318372841401925,-0.009221598548718762,-0.00028800494887224707,-6.521341707091388e-05,0.010176977266046907,-0.005327289026881881,0.007198560179569424,0.00013003739518477832,0.0016211178450342702,0.003049432436908556,0.002468832987022185,-0.004742988201996794,-0.004188730106873542,0.003924388046381325,0.0022368385348805393,-0.008355422032109636,-0.015563702447235508,-0.22963146847037702,0.8744832,2.8454425,0
3.5375,35.0,6.543956043956044,1.043956043956044,537.0,2.9505494505494507,36.74,-119.85,0.967,36.74,-119.85,-0.017512924764395768,0.00041944709806695667,-0.0029300771841846937,-0.00012112361068031879,-0.03920323891278524,-0.018107341754275193,-0.026506477952155688,0.0049993976377746266,-6.361191592721459e-05,0.000738640925693461,-0.012754338331112357,0.00364178919936394,0.0017140586471735416,-0.000462192856589548,0.007156149449288111,0.0032526848577462773,0.0045965036137207175,-0.0007508956058479761,-0.0032637070092720933,6.519706216239592e-05,-0.008014046497075026,0.0008292184745261596,0.0006584844680272346,0.0019455079204205774,0.0022535611451158627,-0.034175610829470314,-0.006692096536909901,-0.25651218290812156,-0.65937734,2.1425521,0
2.8125,29.0,6.078571428571428,1.075,914.0,3.2642857142857142,36.46,-119.69,0.792,36.46,-119.69,-0.010567065941494341,-0.02821339447190114,-0.0018831129537865,-0.00016919747894183305,0.04401005704401415,-0.03375874978586248,-0.003156229697148502,0.0005180827501080348,-8.401469526483912e-05,0.0006250397856106629,-0.007369683089662173,-0.0005491679161640417,0.0011834215470380603,2.3884391241678652e-05,5.984537368043468e-05,-0.0015129225339254905,-0.006132045272880187,-0.0019505226110622168,0.00034289041197841015,-0.0011891243653373465,-0.0027198578106018847,0.002328796316409247,-0.0018736284300123695,0.0014461897765037565,-0.0003688823964144033,-0.031262090286536974,-0.012996974238166356,-0.26538434726173565,-3.5352886,1.9842429,0
4.6781,52.0,5.399749373433584,1.1804511278195489,1297.0,1.6253132832080202,37.81,-122.43,5.00001,37.81,-122.43,0.09975680328079987,0.021279563466496305,0.0037717496224035523,-0.0005704383113764833,0.13721349055917162,-0.0037287911277433415,-0.03828547880325394,0.004355523795447167,0.000755172188103741,0.00305906159529139,0.14780484200621327,0.004144525225412259,0.0024186359389167756,-0.0011686268934552448,-2.8608656080768253e-05,-0.03180867909620677,0.01221643644652499,0.010345817467086925,0.0005258599035149492,0.01772531777603889,-0.0042510847143251065,-0.0035857701499137314,0.0038743064139263993,0.0004726191741314833,0.0020384511706785687,0.018714847519662608,0.04176900777080326,0.14348731896376188,12.91432,6.759037,1
2.7279,34.0,3.404063205417607,1.090293453724605,774.0,1.747178329571106,37.39,-122.09,3.656,37.39,-122.09,-0.04605027055874514,0.06165989520592664,-0.004452325218166386,-0.0025145357992321362,-0.11907966190415283,-0.012957627223844657,0.01953461004068921,0.0006757682527768696,0.0004726465352238285,0.0009645095797895272,0.03868522315432942,0.005713945521785415,-0.0003229922534085434,0.00047373245462643945,-5.5568769622784306e-05,0.013649090734266652,0.0017767146380840333,0.0001555447771939937,0.00028010201734752127,0.015658804541021556,-0.00640204858081396,0.001984041276847078,0.003888527868828966,4.593825188681778e-06,0.0008037639813550889,0.033507270939420714,0.0008480631314668996,-0.051386853967564386,5.2534375,9.2433,2
2.6694,18.0,5.3655462184873945,0.9831932773109244,674.0,2.831932773109244,37.11,-120.27,0.759,37.11,-120.27,0.008053946763486782,-0.027047492502584265,0.0014681023982634005,-0.0001147155834656558,0.02199756163908691,-0.035242981852756615,-0.008495500256254415,-0.0008239081806325269,-0.000302213698029101,-0.00036181205095800527,0.008239173750627085,-0.0058171939319568156,5.316729696923986e-05,0.00016116997118548944,-0.0037196935013373645,-6.449068298442233e-05,-2.2343245600253838e-05,-0.0021553813878507928,0.00010269727972908387,0.0013705540420827706,0.004269483656959092,-0.00719954654347579,0.0010911290924711379,8.11153396828066e-05,0.002337308864245341,-0.023225216736149926,0.00011201918061577678,-0.22618679965204497,-2.6088493,2.937507,0
1.4615,20.0,4.210982658959537,1.0751445086705202,1000.0,2.8901734104046244,37.35,-120.62,0.692,37.35,-120.62,0.009862582294193584,-0.02335365588070261,-0.003206186603945744,-0.0001522686527539641,0.0030033942697684944,-0.043391430586725496,-0.0022855166417764814,0.0013247014279620798,0.00045673839721420846,-3.398250490210508e-05,0.005533435593626034,-0.006505382867230285,0.0008014092472508507,-0.0006399739586793174,0.00011409521623351705,0.0010587011071527472,0.0010823670958742748,0.0008983152560796849,0.00011770590941358152,0.0005215491462676308,-0.002954009253888423,0.0028613330493768192,0.0009913860062294982,8.51848534799654e-05,0.0002973003910048947,-0.03217700137346726,-0.006309539076231068,-0.1773255891142867,2.872413,6.78018,2
1.933,30.0,4.295,0.9875,914.0,2.285,37.66,-120.99,1.07,37.66,-120.99,-0.01793437144726706,-0.023582489371390083,0.0017311646982120944,-0.0035586613965323775,-0.061141652253368005,-0.03772710538143857,-0.0018422846903170666,0.0015506979728778622,-0.0003611283768874919,0.0006500581717948214,0.010627509847858537,-0.0005062389648319626,-0.0021334981276604995,0.0005101942728303673,0.0002007061094623469,-0.002197749619592272,0.005189318364794861,-0.0011368379188290356,-0.00041965992908590095,0.0010670040024105742,0.0017639826632589912,-0.0016890399066426644,0.0015650085488798776,0.0010159157147457839,0.0008784512316642013,0.01377706128931386,0.006745405643943696,-0.1310915079130785,4.4694476,8.495229,2
2.0536,42.0,4.735632183908046,1.0421455938697315,946.0,3.624521072796935,36.73,-119.74,0.5,36.73,-119.74,-0.039724480109585805,-0.02403010835951997,-0.0012019217985511695,-0.001977705287846689,0.04812205493825451,-0.04592506625401155,-0.0038515795401352724,-0.0014851578310719823,8.720788987016644e-05,0.0006935294156471863,-0.012018270803777646,0.006024425950798836,0.0008143842905598052,-0.0006730553428407034,4.0697166822394827e-05,0.0076741937425986355,0.0033528607752402262,-1.2592827080124356e-05,0.0004609657850679174,0.0007817867972804811,-0.007371269427682613,0.0010449947488935343,-0.0031865997026042873,0.004168108480704272,-0.0010267690959731917,-0.009377839645041415,-0.01878258975293851,-0.2575357404816447,-4.300558,1.6009568,0
1.9236,29.0,5.126482213438735,1.0355731225296445,909.0,3.5928853754940717,35.13,-118.92,1.063,35.13,-118.92,-0.008827531384910284,-0.013507186062401507,0.001538622286375111,-0.001654808689381097,0.04746032400423554,-0.03335205177470212,-0.001474086142933364,0.0014466072726947853,-0.0005167270375294926,0.000637131470740299,-0.004910904739124683,-0.0017379011222392994,0.000904011911268202,0.0011696729845917728,0.00047161449878024283,0.0038426182059110143,-0.0043240401850293654,-4.9365959820472836e-05,-3.565874845727035e-05,0.0011333381017135905,-0.00023003660583092173,0.0020517626045532082,-0.0031854131470488503,0.004193737301337902,-0.0010321008585054187,-0.015564019135399072,-0.017335518748283905,-0.21473922216560576,-3.7383466,2.903435,0
4.4081,39.0,4.657360406091371,0.983502538071066,1519.0,1.927664974619289,37.94,-122.54,4.352,37.94,-122.54,0.10857892152041215,0.006692440549902025,-0.0035317234460395253,-0.0014890047273433099,0.17887955194313349,0.052218407167499946,-0.003933029998057679,0.00042981351087605785,-0.0003443168550960716,0.002858931599656344,0.14985208383006046,-0.021997525071573373,0.00972059581552999,0.0019571241175546945,-5.492171656293442e-05,-0.004612180721662156,0.01690656987015938,0.020484978832935003,-0.00035209690124366757,-0.009739686825424244,0.004275654879557463,0.017914433741555894,0.0012381092424833524,0.00028475743004104743,0.002489667098385675,-0.030396976231947315,-0.06981942162808302,0.02872070262002042,12.693466,6.920598,1
2.8152,27.0,6.142028985507246,1.0811594202898551,1268.0,3.67536231884058,36.16,-119.45,1.069,36.16,-119.45,-0.006524293878735965,-0.024936043657457913,-0.002116433257507505,-0.0019469289135274073,0.04570804699152771,-0.031985389445357754,-0.0034440933419749575,0.000517234170289726,-8.401469526483915e-05,0.00044643230000900855,-0.0056720264938799015,-0.001471276132610951,0.000833974777154501,2.3884391241678652e-05,6.422157935564117e-05,0.007377475658228703,-0.0063950115725015496,-0.0014726029815149253,0.0007747508300928168,0.000705645232702728,-0.0010223680502362332,0.0034179732445117662,-0.002275589094025014,0.0037924450944166674,-0.0011980329582242824,-0.012256122552432927,-0.019065218705485606,-0.2590168190026668,-3.8715584,2.0327973,0
3.5391,30.0,5.229468599033816,1.2946859903381642,1500.0,3.6231884057971016,37.75,-119.55,0.559,37.75,-119.55,-0.0041892859654108165,0.0031325267328441305,0.0009189800506687461,-0.0019427638171321674,-0.017920024922659768,-0.01602874213935077,-0.025208043690093683,0.0011753517571887683,0.0031213070256402692,0.0005846485617446923,-0.01440057173870352,-0.0010580920425876323,-0.0003187754516932426,0.0011920614395184437,-0.00017367848278289951,0.0014275659394972571,0.005676602518435101,-0.00011888496230448319,7.359890233043386e-05,9.836131615558331e-05,-0.0001341970155520518,0.0023550604017330903,-0.0008617779199626255,0.0032840974187936813,-0.0001688979808018067,-0.008496135118821472,-0.018497821894408472,-0.1953541612355662,5.6050253,7.6315246,2
1.6722,35.0,5.300632911392405,1.1803797468354431,1131.0,3.579113924050633,36.56,-119.25,0.591,36.56,-119.25,-0.020659410087734306,-0.017776739583071802,0.0006649614746800609,0.0002964868975201667,0.04859303500094543,-0.04419710492854024,-0.004556716438528361,-0.0005992323796477444,0.0005379386326092462,0.0007888356299466978,-0.012372613243157728,0.0048224372615419744,0.0008958115429308298,-0.0003598413820814104,7.437520707212257e-05,0.0033868051683263955,-0.0006086031412322201,2.1414924915145533e-05,0.0003924827661359302,0.0014746185930383533,0.0030991023666185336,0.009377072788875774,-0.003065719271014871,0.0038434359479884877,-0.0012481336341141997,-0.013392159247109833,-0.018716914178295456,-0.24204440754297157,-4.0423937,2.0611188,0
2.5074,33.0,5.665441176470588,1.150735294117647,880.0,3.235294117647059,36.94,-121.02,1.177,36.94,-121.02,-0.019506730172943083,-0.020742585892482106,-0.002146937860744071,-0.00037812844112955404,0.043269182383234656,-0.04001054763902915,-0.0014237224863342254,0.0007102281583305311,0.00034027163234880934,0.0007285371089553966,-0.01145289315748057,0.0050226927740855895,0.0005909369160544602,-0.0010669535097855463,0.0017790375381615017,-0.0010839544074055583,-0.005449961235075091,0.0005938896119742428,-1.217814968093778e-05,-0.0016232775164560463,0.0016269983624575103,0.00507290940525117,-0.0018037407231114857,0.0025725477082295975,0.0011399500330999059,-0.027769168942282773,-0.011911506592977164,-0.14885745627427194,2.1148922,7.792379,2
1.6121,41.0,3.5617433414043584,1.1355932203389831,1062.0,2.571428571428572,37.8,-122.25,1.714,37.8,-122.25,-0.04111893936486116,0.057721839133106946,-0.0029690549103545895,-0.0013486424493159373,-0.019642656715503023,-0.03610289462389154,0.009051342983484126,7.861141413261066e-05,0.00037604673194647316,0.0008812650605301127,-0.007741593584101341,-0.003141811696339989,0.0034974663042842595,0.005186523744690107,0.0012619519651138507,0.015225375489599253,0.0054170607318241,-0.004508718402967133,0.000375570952238274,-0.0009799088145125293,0.013961147353405976,-0.019084156238068462,0.0014486807430114095,0.00035561604213503245,-0.0009484162428733293,-0.015307889917749784,-0.006637911844923808,-0.11536121590633833,5.2158785,8.848282,2
1.7083,44.0,4.349282296650718,0.985645933014354,1680.0,4.019138755980861,36.75,-119.77,0.483,36.75,-119.77,-0.038638131813501383,-0.021030198834228856,0.002118382897582829,-0.002858786691939401,0.05023168214614333,-0.0447109572983786,-0.004689431718880471,-0.0017414359993106405,-0.0005289233637484824,0.00033473210341003587,-0.012126388109256413,0.006253588352823581,0.00083819763202387,0.0006098273902911832,0.0005553924708908412,0.006245760060319998,0.00328486392320616,0.00011407045138459813,-0.0012233743008637132,-0.0033019845662260396,0.007246014572459919,-0.00524158611517708,-0.0016122309140666827,0.00382318155974618,-0.0015914118993162823,-0.01242379230018392,-0.01922799094873885,-0.26545889315286647,-4.250191,1.4754472,0
4.7391,35.0,5.94919168591224,1.023094688221709,1273.0,2.9399538106235568,37.69,-122.49,2.728,37.69,-122.49,-0.002245030563320469,0.02090957110521045,0.0007013447828585989,-0.001526700408898968,0.0035398261181286586,0.004320291340637435,0.014759416747000332,-0.0014655964745305902,-0.00036322577190184014,0.0015847988305195586,-0.014327213321869932,0.0015269277016419882,0.003384132538477331,0.000677410734837012,-0.0006922755953580387,-0.0005506184547662514,0.004542110318517809,-0.0014648956320971423,-0.0005522324141258468,0.0010650982030435663,-0.0008715819655201946,0.0137201962567568,0.0008728704584736611,0.0005849494033282955,0.0015029089525427225,-0.02009910818606828,0.007201172195068187,0.06189111879550681,12.753235,4.9601374,1
2.8569,52.0,4.703315881326352,1.1465968586387434,1243.0,2.169284467713787,37.78,-122.44,3.722,37.78,-122.44,-0.02804949894958463,0.01194367308380049,-0.0012606827739382541,-0.002151934339596575,0.02135016035045193,0.011329875178367062,0.07320531322336048,0.0049964617330402385,0.0005573145809134854,0.0012247591206884225,0.007527904418195813,0.004365118199396817,0.004237368039522654,-0.0016037469300320547,-0.0001938489917877084,-0.013785545824225249,0.014733103333466157,0.023892547300764354,0.00036343968441592857,0.0007241802370786994,-0.00012202247439722482,-0.00922933975281355,0.002022775968199979,0.00046470910266757,0.0013138060152801244,0.03993705052552975,0.01247500429900291,0.12735526595542632,13.949217,5.844509,1
4.5581,25.0,3.9016253207869975,1.260906757912746,1525.0,1.3045337895637297,37.8,-122.39,5.00001,37.8,-122.39,0.025106384348749608,0.019539853578618673,0.0058747089343348085,-0.0010387480290627573,0.061929375717507805,-0.0014077500168078686,-0.008073392618423884,0.0030124487472609107,0.002730018843327995,0.002335741156574272,0.032315830120073746,-0.0005280137422220851,0.0018150110439667016,0.005790901463705032,-0.00023458209195915093,-0.03423959605799345,0.010236232217421955,0.007521963617566614,-0.0028370575827931163,0.039906189576698906,-0.004880699200267378,-0.009552201899398068,-0.002892481857272459,0.0004661920573240597,0.003038282572586042,0.031025888594870186,0.06578247710418468,0.12081182656062174,12.993638,5.4679017,1
1.7778,30.0,3.447058823529412,1.0329411764705885,862.0,2.028235294117647,37.87,-122.27,2.688,37.87,-122.27,-0.03364100351190655,0.06243310956839084,0.005440619974586775,-0.0025828836073708453,-0.09702238382677739,-0.03215181299697309,0.012092608950922568,0.0015266648613993343,-0.00033950115804820877,0.0005867861750460722,0.028446319577705784,0.000925070074112736,-0.000735625524002817,0.006895514093892564,-0.0003621898451339165,0.014020576657057002,0.005150761428661717,-0.005745543833921558,-6.142474000945389e-05,0.0052707184363542095,0.0033684497181595855,0.005964468888218596,0.0021884942953360087,0.0007484708391479819,-0.0010345014506859924,0.014280841026295808,-0.007260114881637809,-0.13961372566468816,4.9803195,9.082669,2
2.0658,34.0,5.938144329896907,1.2061855670103092,363.0,3.7422680412371134,36.56,-119.64,0.925,36.56,-119.64,-0.016958456994634302,-0.012739247984319664,0.0005921885560747371,0.02186728202071396,0.04352818682609389,-0.04485058773526077,-0.0034641219869117005,-0.0015618356233307812,0.00019229957646676107,-0.0003913499472952692,-0.011494079534543173,0.004547127189952331,0.0009163744118355292,-0.0006027605751062095,-0.0030221935582095166,0.007201544013504523,-0.006336514587439998,-0.0008913558209112766,-0.003706567633091868,0.0009044606992699698,0.0029587055362284846,0.009129995261376483,-0.000849132880453599,0.0050406850504206,0.001316416341303897,-0.01138460928796661,-0.019228241899696675,-0.2576795671712891,-4.102354,1.9692943,0
0.536,16.0,2.111111111111111,2.111111111111111,166.0,18.444444444444443,37.67,-121.04,1.625,37.67,-121.04,0.029213918052989396,0.167582249349623,0.006317117665991225,-0.025909762373837186,0.04214317530142396,-0.039350672206542925,-0.014024328054951903,-0.003035158920873621,0.0012415572870032483,-0.008580669700284146,0.022150182279138227,0.0023015273147971114,0.0024905424206671865,0.016581070105330612,0.0006926300780219885,-0.02405378240130406,0.011905976682273037,0.021165799496343892,-0.001109023946003699,0.0017488217050980767,0.013918257054307026,0.0033978641709584917,0.0006059681663514361,-0.0010188410701112238,-0.0004966419936595996,-0.011943122465073218,-0.01706685942690946,-0.11912267751062944,7.1637034,9.162918,2
4.1302,36.0,5.869565217391305,1.05685618729097,913.0,3.0535117056856187,37.66,-122.11,1.727,37.66,-122.11,-0.0035257633680384035,0.011835717820603475,-0.0023987821943246327,-0.0016934878869207064,-0.01621894765519883,0.02697292318507395,-0.02119590551358652,-0.0007001114025293514,-6.361857527638907e-07,0.000997468641112179,-0.014075992366300171,-0.0008305630364504101,0.0006594980064318685,-0.00145152983684133,-0.0006325675445409865,-0.0013884699296657834,0.0011820295174733589,0.006337933062129884,0.0003171060280867292,-1.3000914613905961e-05,-7.737147057862914e-06,-0.001092830631934739,0.0012160163021045292,0.0006620601126208441,0.0008996441110680697,-0.015974083581499373,-0.014250741461560003,-0.12306249001635158,6.6061687,7.2860446,2
4.7478,27.0,5.7625,1.0135416666666666,2855.0,2.973958333333333,37.53,-121.93,2.435,37.53,-121.93,0.010062760285344807,0.018617463435147336,0.0007255492100193171,0.0010398944197723876,-0.012958097548916202,0.026485260223201128,-0.010298063618501897,0.0010948356953192114,-0.00035926964125044744,-0.0010597122792669429,-0.011437464236094983,0.0008162198103291527,0.001304726926589242,0.0014691889507101158,-0.0003141158846234821,-1.9338734498844453e-05,-0.0031694744780674704,0.00420697999342608,-0.00027240889548250913,0.0011594824817164858,0.0008146192557762775,-0.003495073031500632,-0.0015206229073321522,0.0005432158620399823,-0.001468397613244124,-0.012087955951732492,-0.011976433801750733,-0.05071915467256489,9.54546,9.302946,2
3.7545,52.0,5.242774566473988,1.1194605009633911,1043.0,2.0096339113680157,37.75,-122.43,3.837,37.75,-122.43,0.019083253662734615,0.019789170418297107,0.0015882501479748303,-0.0014265550412636725,0.1317997765678865,0.030077755408404086,0.0600839260993046,0.0038910124775252096,0.002454015559923114,0.0022732661035827183,0.07015049165431611,0.004292874876581185,0.0028385391560613593,-0.0016487804716134467,-0.00010283269368045303,0.0016754686234044152,0.011728181848216538,0.0054672614761442735,0.0004421911410541096,0.006227333919078966,0.00018530229865670563,-0.009649586051718563,0.00444287054973138,0.0002051552139058667,-0.0018507085241171867,0.03269256010894527,-0.02700607802389806,0.08912771613943923,13.442039,6.6312966,1
1.5662,28.0,3.8308823529411766,0.9877450980392156,1564.0,3.8333333333333335,36.97,-120.07,0.48,36.97,-120.07,-0.006393949864359372,0.022705078141692488,0.0018728216081145017,-0.0011221608561541522,0.03878816358120863,-0.04540578007249177,-0.008870612592277932,0.0018550498375593538,-0.00045824363816570805,0.0005435408981686455,-0.00458380127499195,-0.0015611977674604197,0.0009111324754590415,-0.00032532701956700615,0.0005489192443836419,-0.006428754801342375,0.0011970101957611088,0.0014941536894064968,-0.0012233743008637132,-0.0034081087156193775,0.002061532699319869,-0.006718446229260176,-0.0015524436693906568,0.003435075437602719,-0.0009847351154216035,-0.020396508176245456,-0.025033574036681595,-0.2312914463828371,-3.3887079,2.7197874,0
4.4,18.0,5.606132075471698,0.9764150943396226,1359.0,3.205188679245283,36.28,-119.16,0.793,36.28,-119.16,-0.0015283494025542471,0.019145752659806323,0.0006361262940920218,-0.0024107491035587434,-0.028730708935894765,0.021044998152970104,-0.012651789191815766,1.283307647217331e-05,-0.0003918395267228847,-0.0007341941437717824,0.022091918738277268,-0.007572142578834223,-0.0003119181920647088,0.0017453937761120813,9.223070241853583e-06,-0.0015935549740522018,-0.0065957075273404145,-0.0012639295500819,-0.0004784735354044447,0.0031585651114533113,0.000712808740396933,-0.0038760084522429703,-8.801304921890255e-05,0.0011845593477930003,-0.0005689929856662416,-0.022892027094663713,-0.010294653699610924,-0.23275051296257643,0.4065727,2.8269892,0
2.4286,33.0,5.674285714285714,1.062857142857143,556.0,3.177142857142857,37.34,-120.3,1.036,37.34,-120.3,-0.02019550495048153,-0.021940661212342675,-0.001967093328832362,0.0008610895451282782,0.04512011941885365,-0.04330082088558313,0.001021808389823393,0.0007280240471461076,-1.6647770382505047e-05,0.0007295283444512887,-0.010769912357078385,0.004386536339671623,0.0010369159615156004,-0.0003872551370457481,0.0012434112013259566,-0.0009542990328914081,-0.0073297331548847575,-0.003514017867875814,-0.001563448017140281,-0.001009888822441631,-0.003918831822308377,0.0027236926597154283,-0.0017222163946027783,0.00045275413446342584,0.002383888522066916,-0.0282890358345381,-0.011048887732203033,-0.20746578456280473,-3.8459733,2.819806,0
3.3125,29.0,4.959349593495935,0.943089430894309,619.0,2.516260162601626,36.21,-119.32,0.783,36.21,-119.32,-0.007424962549843537,0.012905152313728907,0.0037356174761098686,-0.0004012425587508942,-0.0448556103439043,-0.00940120138380798,-0.026662332287440964,0.0012299677624844824,-0.0012346421739599517,0.0004285189973385568,-0.009002317127101202,0.0023683386405525886,0.00044653451770477825,-0.0007919226790051906,-0.003442975811665788,-0.001793314236525585,-0.00037542067244562794,-0.0008903929514179411,0.0038657759793489558,0.0022102967751530035,0.007917711795007387,-0.018053762534088847,0.0014691420620075765,0.0019783451629772075,0.0021221965631643414,0.004601812659043871,0.006797817520942126,-0.2643179377518694,-0.813303,2.1400597,0
2.3125,31.0,4.77,1.01,2467.0,4.111666666666666,35.79,-119.23,0.621,35.79,-119.23,-0.00946124042838047,-0.0006654626646351911,0.0013506323742892843,-0.0031374734765825256,0.04360753439221591,-0.04240699857054971,-0.0037785160805248563,0.001291112998887572,-0.0005267252586302852,7.44406408974516e-06,-0.009527548760245504,0.004573792736722493,0.0007852852972434185,0.000569754787401207,0.000791042858239047,0.010464684322473147,-0.00041461415562515805,-0.0010183341662795278,0.0020913513316582065,0.00046310589421889436,-0.0010800879639467531,-0.006119928852899309,0.005479076690572271,-0.011326732214147631,0.004617765552074489,-0.019905028974643742,-0.018211333868172683,-0.2513320719152453,-3.8100624,2.201571,0
2.9375,19.0,5.236286919831223,1.029535864978903,850.0,3.586497890295359,36.33,-119.67,0.817,36.33,-119.67,0.004191587572011296,-0.016638704390325717,0.001263202227966176,0.0005277105704988063,0.0389417526505151,-0.029513586373657925,-0.00953294881108362,0.0008662609504379766,-0.0003447059506013111,-0.00037854386018848474,0.015009260200731456,-0.008484279907826242,0.0004716152571572505,0.0005652172521832432,-0.0010461086320787496,0.0010649940095264201,-0.00038908967413280916,-0.0001473366183627066,0.00013975643656460128,0.004997358881634257,-0.0006589344911172122,-0.005472897918277512,-0.003746844846960336,0.004481635997838838,-0.0010556430576661308,-0.010712645319682315,-0.018307922802784916,-0.2672193687844146,-2.6680315,2.7020798,0
5.0551,52.0,5.148936170212766,0.9952718676122932,940.0,2.2222222222222223,37.89,-122.29,2.322,37.89,-122.29,0.03376956011343848,0.0180036431607231,0.0004632236744579359,-0.0009306809828812871,0.02824254006691627,0.014798006470802825,0.010776891848138901,0.003889314143751192,0.001452200969615661,0.002147176941948689,0.0041065821825579645,-0.001233139258483142,-0.0014117224281099347,0.001631291183001293,0.0005145487093865308,0.0002312119353766964,0.008364209918325162,0.0034432153329336424,-0.0002714174291973196,-0.0024174145474003183,-0.002091636790655619,0.0038018687035622483,0.0024903832251036307,0.0006646789008637037,-0.0015251635622715242,0.009200060324540793,-0.01602571447299801,-0.12596265909767212,7.741675,6.959349,2
2.4196,26.0,8.518248175182482,2.7007299270072997,253.0,1.8467153284671531,37.68,-122.08,2.75,37.68,-122.08,-0.01484515250794178,-0.029125862193145363,-0.0007569472180720733,0.00971656179805242,-0.09880964433370854,-0.01940700550358426,0.02087450931986596,-0.0043106099896769124,0.0027565677101984553,-0.0017772738362970835,0.018500201950558785,-0.0002699694709090198,-0.00018154790744868868,-0.0379542111128624,0.008025284236006399,-0.028109473578665146,0.009565166632573945,-0.005925526379897261,-0.005139531751426815,0.002191112874651577,0.01398233343660655,-0.025486614549682506,0.015496850076032284,-0.0055850015187123275,0.005184176355822216,0.05348893023657207,0.002631468683636158,-0.07102483722122029,7.3330355,9.691041,2
5.0,26.0,5.768072289156627,1.0210843373493976,2780.0,2.791164658634538,36.67,-121.68,2.023,36.67,-121.68,0.015188520812330502,0.018969107910483465,0.0009793287710521401,0.0017041784709904246,-0.017136775183183323,0.02438589684145191,-0.015798487061764902,0.0011997412187638886,-0.00040796440674783314,-0.001193627287044148,-0.010348039821814918,0.00204136633999072,0.00030117852300754714,0.0014691889507101154,-0.00029694572210308247,-0.0007860224556364387,-0.0002775548975583867,0.006231253570062249,-0.0004334569189610866,0.0012704120148678301,-0.00041319702068186157,-0.007406944027532798,6.399740576809785e-05,-0.009614231222414752,-0.0030355355465219356,-0.013673859693409927,0.00126832745317362,-0.06777988625577468,9.473464,9.42491,2
1.4427,43.0,4.52051282051282,0.9974358974358974,1623.0,4.161538461538462,36.72,-119.77,0.477,36.72,-119.77,-0.03832419074219068,-0.032336133223561124,0.0017475394075102957,-0.001489412472286324,0.04780466567431413,-0.044825171902398195,-0.0048068557393623704,-0.0017395270228913035,-0.00045744370100402905,0.0004510595196205515,-0.012133176737119068,0.006250303748273922,0.0008548954073501386,0.0005106338905020038,0.0005711026047080548,0.006117694372629797,0.00328785464758417,-0.0002517730308441108,-0.0012233743008637132,-0.0033863033201350003,0.008255702629946635,-0.004605569158816945,-0.0013317910250488928,0.00382318155974618,-0.0015914118993162827,-0.013693861590718693,-0.020799725167503603,-0.2619100011874897,-4.3381124,1.5417933,0
1.2269,28.0,4.873663751214772,1.2050534499514092,3900.0,3.7900874635568513,37.71,-122.41,1.819,37.71,-122.41,-0.007090935274403547,-0.031093573853138726,0.0032301142458405815,-0.00013068006815021403,0.03664583354591065,-0.017875186976209337,0.0014267192130469225,0.0011780475200011103,0.00033708653546574586,-0.00021414440624662894,-0.004823771521844639,-0.003404182400817355,0.0012277867712536658,-0.0011828530077001144,0.00023242806957740703,0.004402373432210795,0.009006505239959273,0.0035133611753676514,-0.0002045473610703816,0.00012197963822156157,-0.0008218117596816288,-0.01259670448431708,0.004241561288263405,0.00011744098628447286,0.0023121436593291113,-0.01194144279972188,-0.01170754801882218,0.10310564054089519,12.915059,5.3059645,1
3.5,43.0,4.507874015748032,0.905511811023622,586.0,2.307086614173228,37.53,-122.27,2.674,37.53,-122.27,-0.029099131714705594,0.01372332653103397,0.0010523132849307529,-0.0006111585992933447,0.022891008128339413,0.0017427516019620861,0.0017902638046777418,-0.0011041512470507252,-0.00117731227249055,0.00046863565181657154,0.00838506104136229,0.00454222276570625,0.00159470562473682,-0.000381074377810382,-0.0033577031509953964,-0.0025247445554558417,-0.0028376470691672583,-0.004694915832592827,-0.0011923439722685994,0.006458980875639978,0.030637480364110622,0.05206943393322249,0.0014021553198660416,5.801892764845931e-07,-0.0016089712374924535,0.018267096310197937,-0.004482677942505343,0.020837902313937624,11.873523,5.3976793,1
3.5795,12.0,6.857575757575757,1.2424242424242424,913.0,2.7666666666666666,37.47,-121.11,1.456,37.47,-121.11,0.033697549388581355,0.001037523640670958,0.0009893089625467406,-0.00014225713040875507,-0.05000805731451667,-0.006575213472057158,-0.003741982681249363,0.0028022214721240184,0.0024691854405286583,-0.0006742290725143603,0.018395383797093833,-0.007575901369038092,0.00040191298066405315,0.0012861667382934796,0.00014195448149769557,0.0014089301530678753,0.004193509241091692,-0.0008621140520003399,0.0007031680489080457,-0.001411414283015289,-0.0025207803749148737,-1.1888148751200456e-05,0.0011567807859647957,-0.0005705598579074519,0.0005038458079133393,-0.023825939178146228,-0.001783252780571466,-0.13888358584170496,4.4204144,6.539732,2
1.3036,52.0,9.136363636363637,1.5909090909090908,74.0,3.363636363636364,37.64,-121.01,0.75,37.64,-121.01,-0.01895000247751907,-0.022111418358581787,0.015524204758011547,0.02729677393951456,0.03246825393296493,-0.04246706801195288,-0.004012020791256596,0.01379131439102678,-0.023907575883947152,-0.045028576662365385,-0.0062766592876219995,0.001676319826590073,-0.004163549755202937,-0.03946909291944798,-0.01459239431613821,0.007912324658710076,0.002555856543918561,-0.015113539598620164,0.004113064654322107,-0.0010546258073882643,0.000899434765969765,-0.0005947595342302212,0.009429397779550954,0.019451382327551475,-0.04369494808934652,-0.022997124721497866,-0.015380330577837685,-0.13342683404417638,2.0450072,7.7575216,2
2.2222,20.0,5.1875,1.011904761904762,1390.0,4.136904761904762,36.35,-119.41,0.529,36.35,-119.41,0.00853973672294556,-0.030976565461987567,0.0013418456750908443,-0.0027783111744745246,0.033189874133199154,-0.044655173096268694,-0.004788308158029504,0.0008161671034458861,-0.0003447059506013111,1.8458300200406693e-05,0.011297672473711861,-0.008751634087909774,0.0005763640147677158,0.0005697547874012072,0.0005649087610577555,0.009026642312927168,-0.00046091391061834654,-9.828523860207406e-05,-0.0012404761028309767,-0.0017306509104141608,-0.0006589344911172122,-0.006131412634167415,-0.0009957478524933849,0.003533957426006625,-0.0016199413480196222,-0.013692370859104177,-0.021884051544126055,-0.26608741011768267,-2.64357,2.7407537,0
4.2614,50.0,5.483091787439614,1.038647342995169,500.0,2.415458937198068,37.32,-121.93,2.113,37.32,-121.93,0.026250284286520906,0.018278676043217264,0.00044344938927895407,-0.001170850649064416,0.002454275750198987,0.023441378947924932,-0.024338739395555132,0.0008475320722262521,-0.00022083115575319105,0.0018165869648292363,-0.016765145663592943,0.007075848417746599,-0.002898361167459792,0.0001982063984388755,-0.0032628177510590464,0.0011397620675271112,-0.0015335395388545304,-0.004582266967832243,-0.0006730051350504247,0.0004056549354052785,-0.0032152203468261507,0.0012024059678630817,0.0014261286970780824,0.00018325498272908443,0.0028860380291307803,0.01200489965644275,-0.005696789469209639,-0.056978748604654315,9.440959,8.692801,2
1.0,52.0,3.9270833333333335,1.0104166666666667,530.0,5.520833333333333,36.75,-119.79,0.45,36.75,-119.79,-0.04951072803478318,-0.019562074191873984,0.007507624820759314,0.0004038277790045029,0.0513059141729786,-0.04451283756289685,-0.005271406412390577,-0.005665460232692628,0.00580837313196513,0.0008558042100895589,-0.010684294451071543,0.006777299531517208,-0.0031157043015415465,-0.0011892076466245565,-0.0033181889653873856,0.0030949944337517036,0.0040153898315732905,0.0038465738990912752,0.0011824622568763147,-0.003132689741697254,0.007911382587177149,-0.004727570737208748,-0.005430817032446243,0.004512623226526884,0.00047036573509936076,-0.01337262932314333,-0.021246217449463145,-0.2644597276746619,-4.375228,1.493605,0
2.625,20.0,5.953229398663697,1.0066815144766148,1394.0,3.10467706013363,36.27,-119.57,0.974,36.27,-119.57,0.007439474088960677,-0.022277065377887408,0.0015264482515815266,-0.0008141310911625693,0.01793365232329512,-0.040724772107514434,-0.005423385425277913,-0.00018230562745959086,-0.00024291477172011682,-8.074820948249757e-05,0.009215294932562696,-0.007887653047958312,0.0002350770625607645,9.809118533588284e-05,-0.0002165271258005733,0.0007457644133306308,-0.005875841690517484,-0.0015035414932008822,-0.0008691013251488541,0.00217811196681365,-9.190100067783905e-05,-0.005568799239406287,-0.00010371751076810531,0.0011993806947289743,-0.0007470912118954945,-0.022498341082107444,-0.016035963644276743,-0.27467903535632293,-2.583097,2.4988222,0
2.197,30.0,5.104938271604938,1.021604938271605,1894.0,2.9228395061728394,36.8,-119.75,0.745,36.8,-119.75,-0.009269470460234387,-0.03463533414915603,0.0014206403160735796,-0.004324197852014876,0.018880592387776524,-0.046764591918336276,-0.005934521858619596,0.00144164313280431,-0.00044721469918350903,2.6832018144723005e-05,-0.00613164741194585,0.003353405938152523,0.0006588365676408549,0.0005551268890399274,0.0007615169220676214,0.0006211831174474844,0.004157284625276657,-0.00026893915839579685,-0.0002501306511710589,-0.0006140599573337779,0.008383740721044487,-0.004999251822474873,-0.00027766485474350113,0.0007298352115735565,-0.0005345870636591714,-0.03522174075397328,-0.006405894305318364,-0.27319918710597546,-3.0379848,1.971475,0
3.5187,33.0,5.072727272727272,1.025974025974026,1912.0,2.483116883116883,37.7,-122.06,2.094,37.7,-122.06,-0.018050316438925462,0.005703959688525228,0.0002669252808395168,-0.002653155145561513,-0.015578254997183865,0.00404138746396444,0.011979507158786856,0.0010342676140903929,-0.0003768927148468402,0.0002930530880117366,-0.007617002678684187,-0.0005684844745187437,0.000855991381789991,0.000552545473275393,0.00045399675551095124,0.0009019654902160724,0.003407710031936826,-0.0034549805196306153,-9.25183754339875e-05,0.001617368425787501,0.0023965310466795716,-0.0007338961702198336,0.0004502797097317313,0.0006902082844461592,0.00040143685897584013,0.0086763826519417,-0.010315052380501042,-0.08898437930871037,8.444101,8.962998,2
3.4198,27.0,3.44804318488529,1.0789473684210529,2764.0,1.8650472334682864,37.41,-122.11,3.519,37.41,-122.11,0.025890724796834345,0.007775262467277646,-0.0029225323649159102,-0.0020154149784056543,0.11752987517911555,0.007933588094165642,0.017737358348857788,0.00250666372112593,0.0002758388694401616,0.0003006955818109641,0.05235912929456405,0.003747360793850009,-0.0007052135233870257,0.0013006203645758007,0.0016892601372700089,0.00041416355705697997,0.0029527504219676063,-0.002736203337564645,0.00011559189463718649,-0.00013897187980357789,-0.028666879739000253,-0.01998814846533515,-0.000157604929201094,0.0002770738559522097,-0.0018516458077248714,0.04688518103328711,0.003948043711536512,-0.026223770601898535,9.988813,7.3334723,2
4.1058,30.0,6.368,1.048,1117.0,2.978666666666667,34.9,-120.43,1.64,34.9,-120.43,0.008156366263482163,0.01586528194359629,-0.0028058615990362314,-0.0014938659694734395,-0.02483273262197643,0.02342843625012088,-0.010457335323197736,-0.00023130346673153895,-6.922755013675662e-05,0.0007179269989364425,-0.011746159124918545,0.005439453791104484,7.775541207407415e-05,0.0015615352096992525,-0.0016901937448915581,-0.0005213136602455077,0.008958529020335297,-0.0014603466221097083,0.0006885129892967205,-0.0007320193645810399,-0.0010364874075738223,0.004505248511977072,0.001144039250524473,0.0010739552949918698,-0.0005815338122671735,-0.018040963381675483,-0.005229720791112177,-0.1507487700685719,6.2803454,7.259491,2
3.5547,31.0,5.552238805970149,1.0149253731343284,479.0,7.149253731343284,35.95,-121.32,2.0,35.95,-121.32,-0.0025556132628013753,0.004523123935364574,0.0007576069227951265,0.0012532878327597124,-0.0031736666723860673,-0.0048462410708806,-0.007963653173265979,0.0010381559475488588,-0.000523936395255559,0.0015260969608980456,-0.015831211099667175,0.004378734756758476,0.0010449198821896935,0.0020101262806913526,0.0005238089740011475,-0.0036360280010083955,-0.00748496515784835,6.436235675617508e-05,0.00242078667303859,0.004762551126377132,-0.0010782906247664508,-0.0042935773224560955,0.01297090828902591,0.008577632879378651,0.00684055229620022,-0.009906475512025658,-0.012113874954737097,-0.13465433112705477,6.3601217,7.5919514,2
3.5536,52.0,4.116959064327485,1.0292397660818713,1227.0,2.391812865497076,37.75,-122.42,4.0,37.75,-122.42,-0.015819779757545623,0.03251768704674685,0.0005055241532947061,-0.0019284930248882855,0.03286078504951823,0.030773560603885978,0.11067847698017358,-0.001845005104246276,0.0014148094128170296,0.0011786336036800201,0.011296598717043351,0.003451891291143454,0.00844096103633224,0.0015437176800184465,0.0002688301738487663,-0.0022727159023476283,0.011972968466410801,0.010802264373342868,-0.00017501694277754842,0.0026217722997821007,-0.0001074837840246116,0.007278789580841822,0.0015013032229670646,0.0006274531270597545,0.001536697257325278,0.015894727474246282,0.024956117232012014,0.09622210773243495,13.972549,6.0217214,1
2.9861,17.0,5.376413570274637,1.0145395799676895,1580.0,2.5525040387722133,37.12,-120.27,0.815,37.12,-120.27,0.04562707353098029,-0.018024942100734694,0.0003702534839877295,-0.0007487139255588883,-0.030016466498191712,-0.03192979767417601,-0.013088505565918368,-0.0023537683222165685,0.0003287699825336152,-0.000958361698524251,0.0034874772907735425,-0.006913777981362841,-1.8798944550382264e-05,0.0007269601352111005,0.0002900179595048551,-0.004830744407696932,0.00025241970285010693,-0.00204252266926704,-0.00022910045601681024,-6.327460272508579e-05,0.00417898623714796,-0.006895585933456266,0.0002043117421258942,0.00019613482499399693,0.0002292172484846402,-0.011829963293448171,0.003326033690457982,-0.22464031252618435,-1.3894713,3.0253353,0
4.7917,34.0,6.112328767123287,0.9863013698630136,1035.0,2.835616438356164,37.25,-121.92,2.432,37.25,-121.92,-3.203295108605847e-05,0.01874911008692401,0.000790144409842021,-0.0011016397567654818,-0.009108253105604092,0.026432870012726904,-0.012379851845506966,-0.0017069996128997404,-0.00036322577190184014,0.0015936983412778009,-0.013187328442293792,0.0037590845516487044,0.0016542305935744305,0.0002917821919448711,-0.00042878675261120546,0.00019289220951222084,-0.0021454081399348134,0.0038222279637110776,-0.0006829052137259779,0.0011454952076234602,0.004070312229303068,-0.005859447008183905,0.0012548121209327607,0.0004495909194783929,0.0011332322238002987,-0.018378161164563103,-0.005170119037903539,-0.05743906295097386,9.415304,9.325001,2
1.9429,39.0,3.8534599728629577,0.994572591587517,2606.0,3.5359565807327,37.49,-120.85,0.764,37.49,-120.85,-0.037965490396389086,0.01828364251691549,0.0016382681290492054,-0.003321969523818525,0.039288561780018265,-0.04388316399933247,-0.005453396411564566,-0.0013639404638380263,-0.0004762724675997043,0.0002505436287559922,-0.011418193236592945,0.006150561636701636,0.0005479312611572002,-0.00040221397756724656,0.0007904443822042592,-0.006893415436508679,0.001407564911705696,0.0026706077487104966,0.0021804238549819675,-0.0014269610281812198,0.002244938466859169,-0.0023933695205245117,0.006309992917625914,-0.006762151924235869,-0.00043922944485306516,-0.026584903324892002,-0.02089976247274217,-0.15947533926689372,2.769338,8.416181,2
3.9032,3.0,5.863329583802025,1.1929133858267718,4432.0,2.4926884139482564,36.85,-119.74,1.408,36.85,-119.74,-0.007267129687597553,0.014915598377739342,-0.0015192013219208688,0.001549996193120141,0.03154235972884704,0.0447425947421034,-0.0018141041585379596,-0.0030252961757708825,-0.0002050654369166773,-0.002092083656855693,0.011586190249810816,-0.007935395482807896,-0.001934678963427715,-0.0010257130759978874,-0.0004896438319601042,0.000533009426554285,-0.0027793301394900462,-0.0005065509503938974,-0.0003706009317160535,-0.0008011120201068866,0.0038423178729765045,0.00984234897176588,-8.871562624673186e-05,0.0007004765846484766,-0.0007641715749925371,0.022685478181833748,0.008949031108379241,-0.22773118692570526,0.45559683,2.8111832,0
4.2788,52.0,4.614457831325301,1.0240963855421688,483.0,1.9397590361445785,37.88,-122.26,3.325,37.88,-122.26,0.06644112291089843,0.007728115547422058,-0.0037468157717767555,-0.00030069768385211626,0.14564738324380844,0.018795330728495083,-0.018815413596184286,0.0032002607814852063,0.001452200969615661,0.002819178852626635,0.0852391454219528,-0.001158391675743235,-0.0015473985930233801,0.0008457420510482245,-0.003472312067896043,-0.0030475846638293295,0.005330571293111791,-0.0014158602637966624,0.0019117776269380906,-0.010869647284849768,-0.0021229398898417913,0.002517924173449346,0.0033970509926929213,-0.003012560904554106,0.0008103016548989415,0.00019961889493697613,-0.01767010015874052,-0.13064944616156593,8.883951,6.818601,2
3.2375,25.0,3.392523364485981,1.280373831775701,411.0,1.9205607476635516,36.14,-121.62,4.5,36.14,-121.62,0.02973394057870951,0.005409557272546432,-0.0020553882922942097,-0.0004243233242620483,0.07270455922189092,0.0050017882868384905,0.015516296129121296,0.002900318368432376,0.0035633525729930615,0.0033798176237287477,0.052295162175869984,0.0026677133039539084,-0.001061591519069365,0.023747702198920143,-0.005856721792291358,-0.0004925578977949599,0.00405155215029124,0.010403730345755811,-0.0009063452339473779,0.0007612237610131783,0.004912131653218646,0.017736532176504404,0.003560789770248516,0.004903954493757296,0.0031748349316172517,0.049382366921825835,0.030568978915931768,-0.06083502066879801,9.826073,7.3787217,2
2.5551,12.0,5.676891615541923,1.2106339468302658,1236.0,2.5276073619631902,37.43,-119.98,1.05,37.43,-119.98,0.049579979588513526,-0.0254187328013519,0.00047119578731316794,-0.0009798676735041326,-0.022602600849139277,-0.03902179761038571,-0.00787845002323135,0.00034007007967673997,-0.0002934365255719439,-0.0006468263884168706,-0.0015884279215422818,-0.007684211879591166,0.000574411965717685,-0.0009574415042171804,-0.000187771529226519,-0.004233874391726617,-0.0069283391972680426,-0.0035630094329672365,2.8307117170088267e-05,-0.0007974443115740851,-0.0005520246380998665,0.011421322187372955,0.0010200305516259028,-0.0001824805456767294,0.00011973846507821656,0.0031228051733969983,0.009035084378167059,-0.21955439443247785,-1.5159622,2.9885824,0
3.4821,9.0,5.363537710255019,1.0151926207270754,5372.0,2.914812805208898,37.52,-120.86,1.271,37.52,-120.86,0.036424793453984514,0.0029411324271627487,-0.00041406612241205666,-0.0006102509649641898,-0.03590738378004478,-0.009907560455875986,-0.0069458608732026125,-0.004786880875880639,0.0003967222518710992,-0.0006514429523364121,0.024431811768366795,-0.006285916177228755,-0.0003164959696730183,0.0007323721235567288,0.0005520822475955488,-0.001672583746732409,0.0010732449340358236,-0.00032248768355645004,-6.766206806751589e-05,-1.7334209880945153e-05,0.002515232607294819,-0.002863873298181689,-0.0015183251588487818,0.004765840303859802,-0.004392719702716759,-0.028241500949526082,-0.00687327342506053,-0.16014811865675413,4.386059,6.552672,2
2.9688,39.0,5.579207920792079,1.0272277227722773,1388.0,3.435643564356436,37.72,-122.46,2.32,37.72,-122.46,-0.037721379848209516,-0.01758733574880721,0.0009992203670597542,-0.0020614299827039595,0.0388812099180177,0.0006825985460524978,0.06001034881761162,-0.0008046509463384815,-0.00046882605838695254,0.0008182108328794519,-0.014442618389508236,0.0005142389699162289,0.005166745084688277,0.0032866566054778738,0.0004054616894644169,-0.005628337709675699,0.004268090619785007,-0.0009238361178844693,-3.705854726358772e-05,0.002905609659905852,-0.000992850844859753,0.013423828637888848,0.0008687821524680185,0.0009420421217699252,0.004525204214882759,-0.006309937758828313,-0.00854234334621448,0.09388276086797225,13.128441,5.3707137,1
3.4125,37.0,5.294416243654823,0.9949238578680204,555.0,2.817258883248731,37.62,-121.05,1.25,37.62,-121.05,-0.019391551211601896,0.002352171308565619,0.0006030258392587309,0.00035226152705493304,-0.05587238713913294,-0.010034785174715143,-0.006497555631546105,-0.0017940654755468832,-0.0003768927148468404,0.000646374424864099,-0.01120866097055753,-0.0049390133743553895,-0.0002920047276373654,-0.00023468324394863686,-0.0034573540189804103,-0.00224156893220923,-0.0031104824145137154,-0.0011637729476802682,0.00193200557839367,0.0019392599935251743,0.0019662637842999546,-0.00031436713656509123,0.0010672527302975877,-0.002183506690916664,0.0026589449030754646,-0.028009314920885882,-0.0017164318750132598,-0.1314737154311832,5.5101876,8.18174,2
2.7361,21.0,4.277978339350181,0.9747292418772564,1488.0,2.6859205776173285,34.86,-118.17,0.833,34.86,-118.17,0.005352518595832635,0.017262802928675425,0.001602242419347131,-0.0008091606878096651,0.0015808018595256442,-0.02781922519840913,-0.012888931554050864,0.0005905634656565479,-0.0002910313666352544,-5.876962299166167e-05,0.008972804490904972,-0.004008052642271831,0.001756719801485492,0.0005423851992402174,0.0004955581029537518,0.0038592217396494744,-0.0018835010624214394,-0.0014897235832214111,-0.000510667918464411,0.0009371050483513832,0.0013893610004807365,-0.007012036361217157,3.326985927218417e-05,0.001449012498037294,-0.0009878788537719563,-0.01486615018756303,0.0074089332939855914,-0.13525357944982286,3.8029246,7.0651855,2
1.1185,52.0,2.60893098782138,1.1312584573748308,2124.0,2.8741542625169147,37.78,-122.41,0.55,37.78,-122.41,-0.04869512130910179,0.1510018243000119,-0.006444711573926029,-0.07940742575998869,0.016583830227751103,-0.024482692752135025,-0.015293308466637042,-0.003932569201190117,-0.0004654245338634997,0.0035067334193621597,-0.005277269373249823,0.0023797800869464923,0.010657542813975096,0.0050201627542830135,0.0012627712838697948,-0.0005726311248362697,0.009023532168377162,-0.031314157068038695,0.0010141242284472047,-0.0006686436396649885,0.000426895994171324,-0.00622973179093705,-0.00904667455737126,-0.0004935292162265839,-0.009061344715460488,-0.03205586791835544,-0.0067824549456222865,0.10135938831818037,13.182377,4.899684,1
2.2391,35.0,5.385416666666667,1.0729166666666667,604.0,3.145833333333333,37.85,-121.3,1.2,37.85,-121.3,-0.021870526616627046,-0.029357462586103708,-0.001742291177312471,-0.002090626840685738,0.040343040089447585,-0.048269974502453745,-0.002771601063951962,-0.0005572652973919963,0.0002392385387718085,0.0006120542603697875,-0.010339983333958106,-0.0005700677292787993,0.0008842551453875067,-0.0004504451343885508,-0.0027659749594279802,0.00013602374844072054,0.005802334645407394,-0.00044916428703191093,-0.000323935730041797,-0.000513172230540146,0.0028010166228138924,0.0018827377223517498,-0.0009042018926367695,-0.0028045650213769915,0.002891521778765841,-0.012262762027834358,-0.00904938807548473,-0.13498351053889282,2.0880072,7.749183,2
1.7546,52.0,4.733333333333333,1.0466666666666666,1085.0,3.6166666666666663,37.76,-122.21,0.806,37.76,-122.21,-0.039385746108859185,-0.027183995905346425,-0.0007953943846075649,-0.0009568287768389501,0.05203571383387972,-0.035623401822001306,0.021399530607751478,0.004407687900653719,0.0023346719293993604,0.001160563333048603,-0.010297439557580796,-0.0034422219434056853,-0.005237053187136512,-0.001499044569320604,-8.101334106608009e-05,0.004286489113434233,0.00481142981078602,-0.005520629200912227,0.0005414603735054884,-0.0003449878049235613,0.00038636647811290893,-0.002765161462389528,-0.003662659095421947,0.0011476999213880406,0.000932604269257303,-0.0031398808663216995,0.026373837200288047,-0.12577193021743538,2.2900436,8.371563,2
2.5455,32.0,3.878787878787879,1.0389610389610389,548.0,2.3722943722943723,35.28,-120.65,1.659,35.28,-120.65,-0.015314208919553374,0.046912503785077435,0.001026618391661458,0.00021527024230437713,-0.05042625009853681,-0.03140813230764049,0.001695895562978193,0.002583959466224101,-0.00043326034743132387,0.0004148718554921538,0.011612455038674398,0.005080438120006785,-0.000420526939907512,0.0007554200288868225,-0.0032807018816735723,-0.0010364583270052045,-0.004270404877732639,0.0023822915151330577,-0.0007270949199863545,-0.0011085990766106111,-0.0018840713284021217,0.00564176486223696,0.0010643959837999398,0.0030210298876236106,0.0029450822472874075,0.011094597406832706,0.007191881694966373,-0.11149475446653008,5.0588994,8.96407,2
2.5172,31.0,4.895774647887324,1.1887323943661972,746.0,2.101408450704225,36.97,-121.94,3.308,36.97,-121.94,-0.021204537482986858,-0.008611820906407535,-0.0017671887728406346,-0.001503803724975641,-0.022815583346188332,-0.01661952229708454,0.01856101460539568,0.0019924854811008397,0.0005548550758232144,0.0004906577882319657,0.02517616552429077,0.005167363604286351,-0.0004863348926559772,-0.0003700858331425228,-0.00317916712222589,-0.012862299243736209,-0.0012250569482686441,-0.007454042723497907,-0.00029882524476511666,-0.000238077016235,-0.0004391923166575784,-0.0007813333995215792,0.0019275004817980567,0.0026455747180836407,0.0011387770188429648,0.04759123671893279,-0.0012626197027970694,-0.05912592275987984,7.979222,9.491339,2
1.8519,52.0,2.654450261780105,1.1047120418848169,1055.0,2.761780104712042,37.78,-122.41,0.325,37.78,-122.41,-0.03935654616302304,0.12928189434790704,-0.0025909288553221757,-0.0035460461478955415,0.0024061147655562278,-0.02185824309965458,0.007020693078276631,-0.003905453693933573,0.002422239637334024,0.0010509669049663362,-0.004675661838194411,0.0038273582805866467,0.01041845723936943,0.005132820768299557,0.0009867467893550363,-0.001898523577628073,0.009001001103869328,-0.03136141682827476,0.0004412470617647241,-0.0006406792332339374,-0.000991277532284405,-0.00406135500165634,0.001620064096080176,0.00010655544833112677,-0.0018589017814274497,-0.0338234752753563,-0.030880393866995443,0.09921476651005655,13.2062,4.9181604,1
2.4732,14.0,4.445402298850575,1.0747126436781609,4731.0,13.594827586206897,37.0,-122.06,1.313,37.0,-122.06,0.03298344759726877,0.004791733363720143,-0.00017591494226763108,-0.0005365890086472765,0.045421102127858,-0.03168795473333112,0.021372177421313428,-0.0026433071561410165,-0.0008793542436750118,0.000675085295926809,0.02331884590119281,-0.009010689991616024,0.0008529416254728699,-0.0011631836270757897,0.0004767769801383516,0.0024998051082221677,-0.0010468863651460867,-0.007686706749305462,-0.0004579030752150223,0.0004984461653776041,-0.004083144717728079,0.0006144509456844275,0.00469345908162988,-0.005344441711581481,-0.008333913746095519,-0.008071240929964812,0.01886320909754569,-0.042442863865180966,8.316684,8.921839,2
4.6477,27.0,6.098214285714286,1.2410714285714286,1230.0,3.6607142857142856,36.92,-121.47,2.659,36.92,-121.47,0.008194580926436705,0.016463303628218,0.0004477390693783394,-0.0011766267603760764,-0.034204597009935,0.030270161495921186,0.013946121194001904,0.0004748987767367767,0.003060305219341201,0.0011945683996123216,-0.014117358889759592,-0.0015135593333229927,0.0011308423147188102,9.091304422408585e-05,-0.00023254760923236786,0.002327353639917077,-0.0034027010807883224,0.0019959574016462527,0.0007457469853488212,9.791468865244664e-05,0.0016128750143402871,0.0014967226061795716,0.0008755095022082047,0.007893066030464042,0.004431312428964649,-0.0001658655526878285,-0.00016823787288806815,-0.08755154678614363,7.179045,7.662134,2
4.0806,6.0,5.716269841269841,1.0277777777777777,1432.0,2.8412698412698414,36.32,-119.27,1.102,36.32,-119.27,-0.009880643191055971,0.010866473550048104,0.00043391878048363013,-0.0009876082417165579,-0.027214665115163232,0.037134340808973106,-0.005357252132535809,-0.0032271627666516384,0.00015044371233521568,-0.005230382627831591,0.023559501981162696,-0.007453716473353463,-0.001301753036143522,0.0014198555925002071,1.0896262752526793e-05,-0.0018667399277227997,-0.007338709518644137,-0.00020732258011675467,-0.0002398656434700771,0.0017209364444879466,0.00046947389916378844,-0.005999633958833741,-0.0004662333955471654,0.0011981002971465184,-0.0007650599590207404,-0.020659434373276688,0.0006739568996318163,-0.2540825533183643,0.527621,2.7831242,0
2.8194,33.0,6.275401069518717,1.232620320855615,1482.0,3.962566844919786,34.71,-118.14,0.93,34.71,-118.14,-0.01892704078731641,-0.021475055759079396,-0.00019760516116029963,-0.002157385923467318,0.050873687894483204,-0.02681523491345345,-0.01005060456430936,-0.000612940433657636,0.003118037960923608,0.0006909214582122712,-0.01327801969971905,0.004658466526231834,0.0009480780976209569,0.001304724839620102,-0.0016235888148261506,0.004967047414011124,0.0071218420458203716,0.0006312792350741261,0.0010407896388065765,0.0011466637193445549,0.0023594463316899614,0.008698335875277163,-0.0007180812830289415,0.003641953709612816,-0.0017298451050040034,-0.012044213765079715,-0.0028159839038051303,-0.12670851470268088,1.9974599,7.839158,2
3.8462,52.0,6.281853281853282,1.0810810810810811,565.0,2.1814671814671813,37.85,-122.25,3.422,37.85,-122.25,0.003420285572234823,0.016946159305621523,-0.0011791729661748416,-0.0008089301721457807,0.06580479383640427,0.03447340811853033,-0.0006402931384415796,-0.005907504029614021,0.002089825871363497,0.0010551972851170195,0.011015512645715863,-0.002975561881266938,-0.0015579316938596902,0.00025963357131144927,0.005296749679617976,0.006709032870319377,-0.007563787002557348,0.0034929048416403492,-0.0017493035892590136,0.0010692471296518094,-0.0013280702302995806,-0.00044282381651445583,0.0016050001035851041,-0.005471466797298652,0.0010655995487648326,0.020536016173985535,0.0030649416231422525,-0.1225145655511888,8.149539,6.8281474,2
1.2185,22.0,2.9456,1.016,2024.0,1.6192,37.82,-122.26,1.7,37.82,-122.26,0.04209040035836017,0.0907793864121254,0.00644063636165597,-0.003157602016398943,-0.06007763775317387,-0.033785376340901764,0.008415118853633715,0.00048137841048050676,-0.0002854290759162782,0.00031618634340927415,-0.038608287727331304,0.004756712604304285,0.0010359826473551126,-0.009636970103824834,0.0016229845705373785,-0.031634102705354446,0.00027588878301963195,-0.014456771986082625,-0.0003597673063743186,-0.009405098804454688,0.0032213835552020328,-0.013106007790793333,0.00041800774641117475,0.0004805153816024156,0.0018609992438214206,0.005451045287358116,0.01938037354704337,-0.15218494070487693,5.209696,8.756871,2
2.9213,52.0,4.837962962962963,1.1064814814814814,496.0,2.2962962962962963,37.78,-122.26,1.908,37.78,-122.26,-0.03010434435872488,0.010046638172520361,-0.00168376927200034,-0.00011873613424444792,-0.07228961953568085,-0.024990760443856147,0.0031506676579017004,0.004769520450315333,0.0024281439922504687,0.0008942594497090282,0.00645269917666368,0.0012479544244427972,-0.0029164131322786547,-0.0010399253908756506,-0.001791676795573031,-0.005521455775254998,0.005286245069820601,-0.004261986441251639,-0.0014669808685828063,-0.0018860277852063507,0.014347048659205462,-0.020937666622857214,0.0012113076545441932,-0.002962309079167712,0.0009292749196068699,0.004953996298500593,-0.01435756116642739,-0.10755174898994278,4.73808,8.789088,2
4.5,17.0,5.986175115207374,0.9723502304147466,825.0,3.80184331797235,37.3,-121.83,2.358,37.3,-121.83,-0.022179925368981952,0.017561141566121218,0.0003617942781588351,-0.0029997803648312447,-0.02558873627219743,0.018693410679400918,-0.022126152191979175,0.0040428075181113575,0.00013809739860084488,-0.0012985148588968978,0.053110602871933636,-0.009004876930818535,0.0003718738392079593,0.0002464181607918157,0.002703451297289245,-0.0009456615057257947,-0.0014703792564809766,0.0038478256527574,-0.0008940130467411077,7.255048845356715e-05,0.0029553247258827966,-0.0031666414403611924,-0.004779664442659784,0.0006173466907782504,0.0019859362028497537,-0.0035365719847380113,0.01942868005741499,-0.058417060812866725,10.116193,9.3648405,2
1.6786,36.0,4.076923076923077,0.941025641025641,1311.0,3.3615384615384616,35.33,-118.99,0.529,35.33,-118.99,-0.020194807644609132,-0.022189015111906255,0.0001688168423212418,-0.0017307163988448634,0.03314046108416964,-0.04309471702429173,-0.005797913133301071,-0.0013757992084122781,-0.0004775769202032485,0.0008797435001845649,-0.009908062749546434,0.004932189863000362,0.0008553019080688015,-0.0005984080756281494,0.00046617575162352236,-0.0010260159687757132,-0.0017158014314375247,0.001161699988021454,0.003469060869338398,0.0017509316216163249,0.01233429128969262,-0.012319269050450181,-0.000477501296782633,0.0016077483857823247,0.00024932516523436645,-0.021535605714738226,-0.011369876435648792,-0.24557813642956774,-3.5522218,1.8264906,0
3.5586,26.0,2.844141069397042,1.0944254835039815,2374.0,2.700796359499431,37.39,-122.01,2.222,37.39,-122.01,0.0014226504864798062,0.006135063961563848,-0.0017152467472612346,-0.0010585762727985306,-0.058138410289554854,-0.0009639876272993761,0.012140446291756219,0.0023925106982118083,0.0002431934769619766,-5.05166497880114e-05,-0.013137180406869405,0.0019188346255043013,0.0007537667555420029,-7.113752787103067e-05,0.001748328194110538,0.003250689843023834,0.0012789735226793433,0.0013807139407110574,3.103936138475175e-05,-0.0010574695772957677,-0.0023206638731119453,0.0017733984561568762,-0.0012166723016512938,0.0003295741940608938,-0.0017435933918022051,-0.02182902862731262,0.0013020582160891947,-0.06470352373742363,8.989016,9.68141,2
4.2312,22.0,4.488027366020525,0.9806157354618016,3508.0,4.0,37.36,-121.83,1.838,37.36,-121.83,-0.002513335202125722,0.0023609611703048197,0.0008551373156951755,0.002883555299547965,-0.036943804144771504,0.0248885233742595,-0.026722248041746506,0.0011335747519308926,-0.00029423243020041117,0.0004664909256970031,0.022800190733516395,-0.007832018359709505,0.0013631978969006892,0.0006576765279742493,0.000996077957896399,-0.001218917228786687,-0.0010299747955903294,-0.005090393418837366,0.0010500981033146302,0.00041250121821441845,0.0025212628236321246,-0.005147930241206664,0.003964000918315542,-0.0008821264043598841,-0.003932714504719378,-0.008791371178330697,0.01751840769204648,-0.05476716703978592,9.997994,9.716315,2
3.9871,26.0,6.387218045112782,1.0225563909774436,799.0,3.0037593984962405,34.87,-120.43,1.577,34.87,-120.43,0.006767370979348694,0.015902927448942117,0.000906951736951635,-0.001180134374884857,-0.029135436694747042,0.026914732929795918,-0.010986306299244524,-0.00010661449684558172,-0.0004318171362858329,0.00039539831672940836,-0.010492640195607925,-1.7093858257016435e-05,0.00021731753255661151,-0.001281280027216007,-0.00046801918476539154,-0.0004919492928644932,0.008871865581149673,-0.001515813493313462,-0.0010939161047557485,0.0014202824939777005,-0.003357182215646632,-0.0088242851733771,0.0011271534262803726,0.0011256738102436836,-0.0004187187967935693,-0.01941904312577994,-0.005786509598581093,-0.16435068062870067,6.093015,7.2557907,2
4.7027,14.0,4.951739618406285,1.037037037037037,2698.0,3.028058361391695,37.32,-121.8,2.276,37.32,-121.8,-0.04109818756912615,0.004602856885747431,-0.00028709583977235844,0.0066013983723608,-0.007011215483523616,0.022560366626854535,-0.01735738995431023,-0.0019214528418584045,0.00036763166179672283,0.0042260792422818645,0.029470224890671675,-0.009903084760134104,0.0002765890403943141,0.0013367753241281194,0.002312526603568318,0.0021509632451053515,-0.0005490354743130516,-0.0018097881320954438,-0.00045239283334544205,0.00031840724159612087,-0.0028901496285283655,0.0011212231240855608,-0.0013865143177200269,0.000615551035826414,-0.0015359516893232626,-0.0103234686804804,-0.013630804138247016,-0.05438095144645707,10.209585,9.04287,2
3.8047,35.0,5.015037593984962,1.0526315789473684,406.0,3.0526315789473686,37.75,-122.16,0.943,37.75,-122.16,-0.015602137051193671,0.019057540387098858,-0.0022237490042955922,-0.0038810720049556975,-0.03507158302433361,0.01898865381638233,-0.015211412840126129,-0.0003887721012166826,0.00023362290456226657,-0.0012194649455168707,-0.015576576807936648,-0.000319005562443307,0.0009390965687024395,-0.0006454588988549506,-0.0016195923294268408,0.00302767978894348,0.004710296138846278,-0.0013886750310451899,-0.0017070612389478606,-2.2285700315836942e-05,0.0004034360436515331,-0.0012824145295300988,0.0011132801776172017,-0.004252712944691122,0.0020187969577389856,-0.016370484708710952,-0.01445775512038601,-0.13147441274347096,6.4072275,7.3760633,2
3.075,52.0,5.322649572649572,1.0128205128205128,1098.0,2.3461538461538463,37.85,-122.26,2.135,37.85,-122.26,-0.01759627685845109,-0.0008758971924831997,0.0009688857728147015,-0.0016155472929481945,0.016309206726279002,-0.0032653596733113765,0.0017345351928964986,0.00460994060396245,0.0014204250470265713,0.0011539919175053539,0.011326746496693633,-0.000690281438881351,-0.0035488788744087113,0.001626449196606023,0.00036629465756053133,0.00306559655414199,0.005073041007003111,-0.0016472813215690216,-0.00032614856026567,0.0019302871184120498,-0.0018745505899122295,0.007349639574718713,0.0015494127352799797,0.0005626966429202641,-0.0010114531214563992,0.02211013034722617,-0.009578027439392274,-0.13773270681536343,8.01982,6.898854,2
3.12,23.0,5.366492146596858,1.0732984293193717,263.0,1.3769633507853405,37.86,-122.07,1.55,37.86,-122.07,-0.03583107190674676,0.001127316748171757,0.002536569536242249,0.002737581966289491,-0.010807199322465372,-0.0162494252391221,0.0095140961343996,0.00033792215522125127,0.00018172536829195323,0.0007078793443496888,-0.09205704034464882,0.005710892696524073,0.00312062236720148,-0.00032859678777841835,0.004601573606361532,-0.040470306629999564,0.00421100952130123,-0.0039542403607959985,-0.004933250373658805,-0.014618712483334984,-0.0016039465054223257,0.00347810172341999,0.0024899435258103624,-0.005811101084222567,0.0025734288667623867,-0.025092811808379828,0.03503075880645151,-0.1215193527653606,7.82157,7.9324675,2
2.0325,52.0,4.218323586744639,1.1812865497076024,2034.0,3.9649122807017534,37.75,-122.41,1.781,37.75,-122.41,-0.0335091062106419,-0.009565586899724652,-0.0026044979280864197,-0.0043526976219627235,0.04414469895471465,-0.01966664617910088,0.0062839523091433045,0.0023745710111596693,0.0008924618622139814,0.0004329012467228597,-0.00919683222602476,0.0046705960196449445,0.01075291034652073,-0.0013584441217426306,0.0002478043228821883,0.002428255918459058,0.011662053801219608,0.005177670282294013,0.00026008912115687394,-0.00011622693516302195,-6.061965512889811e-05,-0.012559549477952884,0.0019076405678219567,0.000864897241157555,0.0031855218946448107,-0.0059705817462885665,-0.008056151676862272,0.10125029310800142,12.948211,5.37823,1
2.8603,52.0,5.169082125603865,1.0821256038647342,567.0,2.739130434782609,37.73,-122.39,1.89,37.73,-122.39,-0.028039142555582902,-0.01783490402558578,-0.001962299042073499,0.00021656201639471794,-0.0020964178669492326,-0.013428983287772048,0.03291489468414078,0.003960318351868782,0.0019621330913002326,0.0008942594497090282,-0.007879305183411336,0.0017926666406428281,-0.0014122455722470522,-0.0013293268160258433,-0.0025444497771257395,0.00011876180935045926,0.011379296371443092,-0.0005893991689723951,-0.0009838824045236762,-0.0008137155015911488,-0.00026947997218329165,-0.008558424680731622,0.0015299803304445543,-0.002003810441108306,0.002031037560366583,-0.02899467472849774,-0.02664608195957363,0.045480819154182624,12.823227,4.92984,1
3.449,27.0,3.7245053272450535,1.095890410958904,2104.0,3.202435312024353,37.69,-122.47,2.391,37.69,-122.47,-0.000871007459519083,0.01469512988443166,-0.0013874587180599262,-0.0015118460864054417,-0.019450767210047046,0.01936265443625271,0.10879466295098611,0.0017095645945938887,0.00016630050944486607,-4.011652535835607e-06,-0.012837060245542022,-0.0019483174253082955,0.0018290367098031562,0.005451916253235017,0.0001429362450104156,0.0030231098150928144,0.002177926784188876,-0.02557928619800318,0.0002373376794829121,-0.002096136565593513,0.0019309262597767794,-0.007399827521213406,0.0011693070199364083,-0.0002441412640140153,0.003413482728824826,-0.02542844685360451,-0.019129294056472252,0.09248514547482606,14.546229,4.842709,1
2.6528,9.0,5.116814159292035,1.047787610619469,3026.0,2.6778761061946903,35.59,-120.63,1.135,35.59,-120.63,0.05521497471655573,-0.019222603131519325,-0.0005796833438438866,-0.002858159124272513,-0.006312163285663174,-0.038861520870663684,-0.0009128502703165851,-0.005287259160891832,-0.000754476722101552,-0.0011307331745291256,0.006864970462316284,-0.0071097618057737585,-0.00029019012245567967,-0.0011626701956342733,0.00021175982065978972,0.0012689860221688693,0.0002327726086030624,-2.7371634004011176e-05,-0.000302932322864447,-0.00038625689444444144,-0.002972420747976911,0.0038999765944418173,-0.001167880456908845,-0.0039702679250725485,0.0030185198983151596,-0.024429370159951353,-0.0003377186173710814,-0.1696021254035088,3.284935,6.432558,2
2.3384,27.0,3.2289156626506026,1.0100401606425702,2031.0,4.078313253012048,36.77,-121.76,1.21,36.77,-121.76,-0.00567735347647513,0.03731960542837005,0.0013919935265961222,-0.0006070707457379824,0.033349271416737596,-0.03364867869949535,0.02607717670090198,0.0018961355117000363,-0.0005080960820708782,3.6042349237999554e-05,-0.004962300891021044,-0.0013485527811767132,0.000847831359090866,-0.0004353638816817051,0.0021318640426283147,-0.021391905452392772,0.004996879847520415,0.00249331013437595,-0.0001278367000037952,-0.00019046085608715648,0.006856970998857324,-0.0034718163618752077,-0.005515015699211761,-0.016479822529828686,-0.007953474687712833,-0.01178721717075691,0.02027808220541161,-0.06847038307032893,7.8490686,9.005782,2
3.7813,52.0,5.057755775577558,1.0264026402640265,1405.0,2.3184818481848186,37.75,-122.41,2.759,37.75,-122.41,-0.005082554697125554,0.018291287068612473,0.00040958890128523927,-0.0018314645252494163,0.04211358856097242,0.03938176104647282,0.07976567066129245,0.0034879244259327096,0.0014148094128170296,0.00127019475591564,0.0029078774633768804,0.002498821303692393,0.0032348086193703706,0.0016396529320279133,0.00033652124954718733,-0.003905347819747469,0.011976319661533176,0.007158157221428847,-0.00017501694277754842,0.0026217722997821007,-0.0001074837840246116,0.007278789580841822,-0.0006387863765912895,0.0005922857017946185,0.0027274812757400314,0.01900506333138388,0.024361772875318613,0.08614080313819178,13.807113,5.8942986,1
2.25,24.0,6.044871794871795,1.3397435897435896,514.0,3.2948717948717947,36.65,-120.31,0.766,36.65,-120.31,0.0042044898355377185,-0.03136205997556119,-3.186864359649237e-05,-0.00020362604302608578,0.03155444724306319,-0.04446778236353483,0.0017331427259754879,6.59767368084889e-05,0.0033487691295186564,0.0001327330205875381,0.009458305925531544,-0.002238049860733941,0.0014618791275445864,-0.019471977353970972,-0.001015157720464723,5.8344323671466286e-05,-0.006929657353521259,-0.0075475916776832,-0.002444537899291612,-0.0019038586148225117,0.003703455414220331,0.0152925495075766,-0.0013106560311108267,0.0017445326104679948,0.0014632387919114782,-0.030905876177944117,-0.011952226724411721,-0.20709235251550925,-3.0118904,3.3063967,0
3.2112,20.0,6.517307692307693,1.353846153846154,1309.0,2.517307692307692,35.6,-121.1,2.045,35.6,-121.1,-0.003416703355695125,0.00519171882110475,9.751812329075949e-05,-0.001289755419235897,-0.03497045075594339,-0.002765995668550323,-0.005298670106609493,-0.003204753922254179,0.003317270361998244,-5.746852609101548e-05,0.014013754343610515,-0.008024974638683072,0.0009719913785173478,-0.016079597998555083,0.00041774550953839994,0.0023496666357080745,0.01605666668473205,-0.007616737700702205,0.0005046552258664733,-0.0016338361247056502,0.0006074258917813398,0.007701734252436361,0.00014798407831809448,0.002048086097976714,0.0007284636472404068,0.0018068906452396005,0.005249808472612323,-0.11799593162024676,4.981239,7.4235034,2
3.4412,39.0,4.17340521114106,1.0745732255166218,2156.0,1.9371069182389935,37.59,-122.37,3.538,37.59,-122.37,-0.028462781338908248,0.03639282847641058,-0.005377650549375125,-0.0022841050840676216,0.11001366219245955,0.015430212270696613,0.07933939052642265,3.605886269644667e-05,0.0002766388066018406,0.0005672759665584029,0.07201561172175977,0.0028957595244291125,0.003348861809020969,-0.0009111115179009177,0.00047514971606387666,-0.004206659600481167,-0.006240777877217131,-0.0002480734177483777,0.00021134112073419302,-0.006663974678989294,-0.010716528783708172,-0.00936445430133217,-0.0007468225641664263,-0.0018051529550529098,0.0013049920511900444,0.0509807912204894,0.02213348247808337,0.03956638864342651,13.493663,6.5629706,1
2.6101,27.0,3.921419518377693,1.097591888466413,1364.0,1.7287705956907478,37.71,-122.14,1.817,37.71,-122.14,-0.01668367735783626,0.03214515928394773,-0.004390770647692944,-0.002637498080571107,-0.09788960989557202,-0.016212116223876187,0.020919774146910555,0.002582744724026104,0.0004726465352238288,0.0008352195943646144,0.02322391143659206,-0.0014971774496678276,-0.0008168388870392139,0.00584177157435409,-0.00016342404811481577,-0.0028105872080896287,0.0012478886400806369,-0.004884199509332478,0.000426625309009942,0.01788202521269696,-0.003817820808742595,0.003438766686461561,0.001153330765575741,0.0005849043487980161,0.0003158246104154463,0.03466643197698341,0.0005320175411561832,-0.13549477418001646,4.878083,8.981169,2
1.7464,35.0,3.218,1.108,1675.0,1.675,37.87,-122.27,2.167,37.87,-122.27,-0.05502691748803974,0.09243793190332958,-0.0073633459097390205,-0.0037645598899434074,-0.1332971676366293,-0.03247713133394683,0.012473481440857796,0.000867108336467556,0.0004409814348279975,0.0008930189566725244,0.03514858845683838,7.76848561542153e-06,-0.00011452448668610541,0.0057822894681931695,0.0011944474561616189,-0.030610880135617958,0.00259018466190314,-0.00376571674870661,0.0005235023999386798,0.015799350882646286,0.010000187747319549,-0.015444494042080354,0.0011062381799559098,0.0004720325687511867,0.0025959102147333794,0.0011727491835779227,-0.006513515436704881,-0.12373148421573492,4.9477816,9.129213,2
3.0766,52.0,4.277142857142858,1.0514285714285714,1428.0,2.04,37.77,-122.44,4.389,37.77,-122.44,-0.021887976850396222,0.037970114445011235,-0.0009971283144267653,-0.002741422217815298,0.04437604366019646,0.028208466900403822,0.09169624300678578,0.004778639166321868,0.001999524648098864,0.0014108845040681811,0.047835184478666096,0.0025173516002872866,0.003303600690223019,-0.0013751011306677152,-0.0001652868198345482,-0.0030482029680229984,0.0148463025965051,0.023286148644101775,0.0004273304140311474,0.0025621865817292908,0.0022113461789006472,0.0013892626488926686,0.00043802637232999957,0.00046284023648528226,0.0025193786489849383,0.040031613507283785,-0.019636770465986532,0.12716709176471394,13.83448,6.333727,1
1.5611,29.0,4.462915601023018,1.1278772378516624,1530.0,3.9130434782608696,36.71,-119.76,0.444,36.71,-119.76,-0.009354731903644404,-0.032074906639972985,-0.005007212418343027,-0.0012464713644796416,0.04613612968149707,-0.04543348005347697,-0.004173529611631455,0.0016766462042462698,0.0003647259610022448,0.0005607612570242823,-0.005036838004030388,-0.001508524152660935,0.0009885369051485546,-0.0007593113210337611,0.0001927610254478274,0.005965275824300629,0.003875096133200657,0.00014452051651551144,0.0004828236516056033,0.0007695957935013962,-0.0010384750362106906,0.008523132718759699,-0.00043813021679909,0.0037978253751192676,-0.0015523979658923742,-0.015767740639179725,-0.019137966761311468,-0.253394381706041,-3.9598334,2.0737643,0
3.4509,22.0,5.63575042158516,1.0860033726812817,1342.0,2.263069139966273,35.12,-120.6,2.177,35.12,-120.6,-0.01468998782166233,0.005503307978020727,-0.0017612433503758815,-0.0012592631338558258,0.03333563964373642,-0.0003590275739334936,-0.003503637715060991,-0.0009170082389796588,0.00010482897036293145,-0.00010808611005742064,-0.02491350159153504,-0.0051983923160030645,0.0029359512122330233,-0.001018671094841211,-0.00043653577494328505,0.0017351358258149228,0.00013384713251072544,0.0017893182518169458,4.4511901476624246e-05,-0.00243169036514957,-0.00043080427073584614,0.006151424775508206,0.0007996497080807311,0.0011470159870176776,-0.0007518501369158514,0.015213633111520559,0.008547438207123656,-0.14014759505671204,7.814763,7.316202,2
5.1149,39.0,5.878048780487805,1.0276422764227642,1571.0,2.554471544715448,37.71,-122.48,3.142,37.71,-122.48,0.04770706144919395,0.022521491281062914,0.0005757398842339083,-0.0013084965332569598,0.04972015253163316,-0.0003015399129252263,0.0007470898127387691,-0.0009852276830945711,-0.00036242583474016126,0.0015831630253072154,-0.020597451700573206,0.00017939424024931703,0.0058840228579094935,0.002012686141308679,-0.0003976161669508456,-0.002220850747927043,0.005535066184601695,0.004000404519425926,-0.0001621427374238706,0.0017166050846721451,-0.00023549912256155326,0.014292489205385665,-0.0006748450661818431,0.0005979119229534637,0.0026956557409065648,-0.01186545616589511,-0.0029294833092963963,0.056049973444462727,12.454898,5.0101485,1
1.9535,11.0,4.613941018766756,1.021447721179625,1708.0,4.579088471849866,37.28,-120.49,0.571,37.28,-120.49,0.04389557510775072,-0.026736515873144833,0.0009999125234748049,-0.003706292773804516,0.02692296288921315,-0.0425868992521008,0.0011060864486327447,-0.004587937451380471,0.0003102575194930541,-0.000875597213010791,0.024156870480396136,-0.009461324645880172,0.0008074777012647502,0.0007470000219180083,0.0004986012837756759,0.007451169782646363,0.00023240356440910157,-0.0017159457698176768,0.00019600060712603973,0.0024710957859427718,0.0028084301998527275,-0.0065387940026445665,-6.719957204206581e-05,0.0019592956562929148,-2.278861657896027e-05,-0.01739566258212144,-0.027090148752697257,-0.20949631074513278,-2.5238655,3.569467,0
4.1776,35.0,4.425172197871008,1.030682529743269,5380.0,3.3688165309956166,37.48,-122.19,2.653,37.48,-122.19,-0.003900507617579182,0.003111078041119753,0.0004333503648749626,0.00293669601478566,-0.042054194484378624,0.022769539322932218,-0.031948712585519456,-0.0007411161414439878,-0.00046106082013164153,-0.00106619504202868,-0.02070998301073452,0.005140038048684473,0.0012063142243558928,0.0009504600575929548,0.0009352293782740885,0.0018567406488232798,-0.0023906457937964334,-0.00203374661224615,4.842336811602022e-05,0.0009582357618648675,0.014400899380371064,0.02209973148160711,0.00015433605299676313,0.005262402221663293,-0.005899022400096357,-0.008849616227131082,-0.007958466412579893,-0.0036091678267211615,9.708223,9.51574,2
1.75,49.0,5.552631578947368,1.3421052631578947,560.0,3.684210526315789,37.81,-122.29,0.75,37.81,-122.29,-0.04565723795348671,-0.015266105740089634,-0.000520490309417985,0.0002931075120798963,0.05514325960324764,-0.03922376492882052,0.009318478981752452,4.64301964898542e-05,-0.010252268276032497,0.0005643732356826923,-0.00993642245819425,-0.0008170629899032418,0.0006614042710565119,-0.017456969708165623,0.001498221009387799,-0.0027593247157705774,0.0011513050447200604,-0.0014040601032139627,-0.0007308168842505964,-0.00018099048972884007,0.014279975571251607,-0.020644283806956303,-0.0049809710289166675,-0.0026862570448169167,-0.0018448587017713658,-0.006724542088415235,0.026104720131333352,-0.11455437407236047,2.3113427,8.357345,2
2.9899,52.0,4.050964187327824,1.078512396694215,1545.0,2.128099173553719,37.76,-122.47,4.065,37.76,-122.47,-0.033846745265107885,0.03618067333208677,-0.0013174824325162496,-0.002115485658586495,0.012521103507016273,0.01120425708033481,0.07564217790633562,-0.0030038265279333804,0.0019995246480988644,0.0012270562109819093,0.01230728660936905,0.0025173516002872866,0.0033036006902230205,-0.0014216955549899305,-0.00016528681983454826,-0.0065519394791358114,0.014843074207597425,0.027599892763773528,0.0004371232744209822,-0.0002729856673538233,0.0015745988601056089,-0.009080238132077654,-4.081893812532231e-06,0.000462941297996013,0.0025094847270843742,0.039859003415483554,0.010316775660029339,0.12828971205485976,14.007432,5.805777,1
3.4485,27.0,4.888482632541133,1.0329067641681902,1233.0,2.254113345521024,37.89,-122.51,4.583,37.89,-122.51,0.005986947261391039,0.013272573838441054,0.00024924435249374516,-0.0017363645102152268,0.05357925878235464,0.028807949505237528,0.11682542141463645,0.0016048130428564819,-0.00033950115804820877,0.0006223594352644666,0.022986582588957846,0.0019066637000237426,0.0001998942775456741,0.0004493963832738494,8.33353061044314e-05,-0.004749986568197223,0.018518253118410422,0.028145878910061314,-4.3276315684226464e-05,-0.0007801630262971224,0.0016815060365491193,-0.008284108752803032,0.0016130736059784307,0.0006507752343042133,0.0013322635388762015,0.028082746851391557,0.02971137621641394,0.17612539186667445,13.989892,6.2230835,1
2.9297,28.0,4.699551569506727,1.1375186846038865,1737.0,2.596412556053812,37.79,-122.19,1.405,37.79,-122.19,-0.010014930194423987,0.016541263513808527,-0.0016954033375664547,-0.001971798126462654,-0.04198453944535129,-0.024990962448565735,0.01496132708056415,0.001257676202823034,0.0003470443541261673,0.00046388755211468466,-0.006879886110380348,-0.00312567244875969,0.0004986012890422156,-0.0015773658855828944,3.0431232048298444e-05,0.0010288396668940302,0.003944612228987807,-0.003335963521768665,0.0003755709522382739,-0.001306789567799476,0.01312577912436187,-0.024053151747927645,8.481660727900276e-05,0.0007172555765896119,0.0001815685257906727,-0.021574103863931576,-0.007394995485935183,-0.12545821272095886,5.470818,8.416583,2
3.5739,45.0,6.052083333333333,1.0338541666666667,968.0,2.520833333333333,37.77,-122.16,1.76,37.77,-122.16,-0.03441774336687995,0.006036396077320818,0.00037636070531488935,-0.0014832317095639556,-0.041760907149699225,0.003855545192368865,0.00788334700426471,-0.0010334570178959712,-0.0005283160305585297,0.0007017259098347903,-0.012183699198487089,-0.004733614814453554,0.00022593912741373205,-0.0012123745995965174,-0.00047790542225371695,-0.001119008074227998,-0.0017163872238172783,0.005345413534713391,-0.00043777075149154925,-0.00036577035294450486,0.0017667344509603858,-0.0005240561148145989,0.0013372933793263366,0.0006331337672489338,0.0007548983328068374,0.0005987454873589479,-0.009072363542968129,-0.1368284416362498,5.4060693,8.3167925,2
3.0125,52.0,4.941780821917808,1.0650684931506849,660.0,2.26027397260274,37.83,-122.26,1.844,37.83,-122.26,-0.028505418926115623,0.007927572462554044,-0.0013554823220761935,-0.0014629178269596338,-0.06627664869798419,-0.028528338371503717,0.003297272125700132,0.00490982325720971,0.0019995246480988644,0.0008942594497090282,0.014019431912018062,-0.000691704421129165,-0.0038500115427148422,-0.0012827574125516572,-0.002769239480528936,-0.009535447002572438,0.0053996412568925786,-0.004399665034087968,-5.3419936841297286e-05,-0.0011205584061626823,0.00019216988677891086,-0.001498951151742204,0.0013139104511226216,-0.0031068168839507677,0.0009914293932448354,0.014653775537066836,-0.010596616109499631,-0.13364958367388158,4.6814938,8.732126,2
4.9135,52.0,7.188811188811189,0.902097902097902,317.0,2.2167832167832167,37.73,-122.15,2.75,37.73,-122.15,0.030280595491386043,0.022899391509222888,0.00028055076986654407,-0.003941268746023335,0.03401359571532429,0.016452396683802026,-0.007572701675624907,-0.001859197690686371,0.0023777551772163094,0.00015485989411630896,0.00499645005516828,-0.006985371858785325,-0.004306253881700392,0.0023523396408006987,0.014654568855175241,-0.007376770172478055,-0.026826676254838523,0.00659020006194252,0.008619386811416028,-0.0020414539612911976,-0.011766435063563788,0.018989625724871177,-0.002931555686288179,-0.0026441513787821835,0.0016213853336367475,0.0038368990318009945,-0.010235233576720048,-0.10425275105426013,7.7079697,6.9504375,2
2.325,35.0,5.171428571428572,1.0615384615384615,1368.0,3.0065934065934066,35.42,-119.05,0.632,35.42,-119.05,-0.02520098140693673,-0.022402682599164492,-0.002038631352444714,0.0007048500978883272,0.024346347069012998,-0.04458866328146247,-0.0035632700009127286,-0.0005744016533689502,0.00016795846606362328,0.0010027540501245445,-0.008180166313199158,0.004670785607048721,0.0010579568273000896,-0.0006876832412019826,0.00015851119276071043,0.0008681424067402334,-0.0011313764547854497,0.0007637676840254948,3.020540527905602e-05,-0.0011823050605444451,-0.003482828304421579,0.0006690099952856898,-8.505560050737318e-05,0.0012308554370703223,-0.0008781250313793951,-0.023683471175663596,-0.009367019415334457,-0.23968989981687505,-3.4470875,1.9092379,0
3.2917,19.0,6.182656826568266,1.0867158671586716,1578.0,2.911439114391144,36.69,-119.47,1.601,36.69,-119.47,9.751391167889722e-05,0.0011902465116129125,-0.0027705492472543257,-0.0009338889867671499,-0.028210571560860608,-0.017284505989951807,-0.028115231706217336,-0.0003761663201749017,0.00011967481442895907,-6.97566344683316e-05,0.014867752340995447,-0.005837363617736893,-2.431279779481769e-06,0.0013411012404476977,0.0005239037553830004,-0.0019398572856146536,-0.0021891242176454223,-0.0020310270646107698,0.0007400934890731202,-0.0012995942839559467,-0.0012512331984618375,0.003358283429800095,-0.0003252900127790731,0.0011563299946910697,-0.0008603607082170521,-0.033080366261264905,-0.008314076073179723,-0.27149887306845066,-0.5477586,2.7434754,0
2.0313,17.0,6.060728744939271,1.2469635627530364,1425.0,5.769230769230769,36.57,-119.97,0.694,36.57,-119.97,0.030696365553493237,-0.01319158490274323,-6.601355174362085e-05,-0.0025719633641299376,0.02587037322582287,-0.046282317127816476,-0.008050582040581684,0.002446235338581027,0.0027096665561915988,-0.000611762337156452,0.022853424739112022,-0.009031407850657876,0.0005492467463868781,0.00010555410074824026,0.0003824877788657462,0.008154111781902118,-0.006735978366541061,-0.0031477112948263323,0.0006739981069082594,0.0009155508677520792,0.0038114616108181174,0.010850389908418821,-0.001195246588189791,0.003486030772974535,-0.0016571792878955906,-0.016302428007139165,-0.030811463650615874,-0.2245510778904593,-2.5947943,3.4225957,0
1.9728,32.0,5.468208092485549,1.1445086705202312,624.0,3.606936416184971,37.55,-121.03,0.979,37.55,-121.03,-0.009644680579975886,-0.012643479938816093,-0.0023610150443122793,-0.00148125124238548,0.045120970663221516,-0.044443135602093065,-0.0045803931039443925,0.0016016019011040018,0.0003068941168433967,0.00038720652166049265,-0.008867039336596296,0.005263820406023587,0.0006141747827323142,-0.0003795127910188405,-0.00333098102441813,0.006897612309384606,-0.00021383675266127816,-0.00040455540894620656,3.5631401473328396e-05,0.0011670982766425154,-0.001746652497871612,0.0025571154082884248,-0.002747291626399635,0.0025541846581882592,0.0033901354282374506,-0.014534197955401125,-0.018006568223385408,-0.1355645960532553,2.0984435,7.7626753,2
1.5433,11.0,4.462068965517242,1.0827586206896551,713.0,2.4586206896551723,36.32,-119.65,0.504,36.32,-119.65,0.06461809076002373,-0.03366265428572,-0.0012097682577720545,-0.0026516102885292487,-0.027684136281142052,-0.03737397890153517,-0.003420767221233516,-0.00507708651926347,-0.00068220583322682,-0.001967678234397422,-0.0031912619086619655,-0.0076074734081278276,0.0004089153932605655,-0.0008030939952247101,-0.003098641506619371,-0.0035481857475913726,-0.0003115286432226616,-0.0007830345458505138,-0.00035545106498999495,-0.0011657662434339973,-0.0017452234057606137,0.0035029250899652736,0.0011802456883312433,0.001078031045884661,0.0010614243531160371,0.009781395255317295,0.004850848423551082,-0.25618863204526515,-1.5011843,2.9615407,0
3.9909,14.0,4.608303249097473,1.089350180505415,2738.0,2.4711191335740077,37.54,-121.96,2.36,37.54,-121.96,0.008805945182535382,0.009598009897954164,0.00013180060514714223,-0.002100324746895819,0.023672964837402152,0.03669435327934028,-0.022232545269596046,-0.002579482523103119,-0.0007440795416490563,-3.7010514883711e-05,0.009632089490493483,-0.008086271516909015,0.0009536156278036788,-0.001166234948439655,0.00035359562165990547,-0.003893210333118652,-0.0009078541338792057,-0.004100516173990947,1.9343565842751433e-05,-0.001048449831915136,-0.00044368720001654023,0.0008333036278354928,-0.0008206210056594745,0.0005304811382321217,-0.0017662134652977916,0.016118996845411567,-0.009952716973180167,-0.05356164815246339,9.679338,8.3816805,2
5.5647,31.0,5.435658914728682,1.012403100775194,2296.0,3.55968992248062,37.68,-122.48,2.687,37.68,-122.48,-0.004888201320814162,0.017452376968831146,0.00012463455286794894,0.006292492333896208,-0.050433451035982874,-0.019382627568745876,-0.10933756139072137,0.0011431601451070419,-0.00046106082013164164,-0.0016909168140033562,-0.011688047055155783,0.00271530097791591,0.0037396672921038623,0.001872817910090382,0.0008722654992889983,0.00020684417939317352,0.007687394392170534,0.009205538237287652,0.0007031570847048196,0.0015075375140353893,-0.0015844042933041498,0.015514436130518068,0.0057904538931837085,-0.0017306167590451285,0.0012171149743669784,0.0019338320665073,0.004612700071730713,0.057417995944981225,12.338217,4.674575,1
2.7857,11.0,4.851380042462845,1.059447983014862,1468.0,3.1167728237791934,37.47,-120.84,1.103,37.47,-120.84,0.04928247441069786,0.00611772305342547,-0.00038658044310706653,0.0002185471612596437,0.018571914486902402,-0.03281068077589236,-0.0024616645105214863,-0.005560152770593175,-0.0007049907304738873,-0.003609245211340484,0.016128965178887743,-0.00936971303582457,0.000653032830200588,-0.0011626701956342733,-0.00016286518442968931,-0.0010818795695980315,0.0012587523170119526,-0.0010027847008185725,8.372168757863622e-05,-0.0005628061645077589,-0.00016248057439613114,0.0024359232177393825,-0.0002220269776012641,-0.00012591712739519804,0.00037030800234656074,-0.018054861378532752,-0.01619275101565159,-0.15604725430938432,3.427861,6.464057,2
4.9432,10.0,6.89873417721519,1.0379746835443038,470.0,2.9746835443037973,36.35,-119.67,1.188,36.35,-119.67,-0.04644462148408275,0.025265521957122124,6.018515249968593e-05,-0.006345109185095166,-0.0018634981327298468,0.02398132392831622,-0.008490566969653484,0.014388268273546107,0.0001411886455809605,-0.005660590924297181,0.029228410382402033,-0.009827873423779086,-0.0010178987117148274,-0.0003012897024059315,0.017537892839931905,0.003308127902543785,0.009798652264190322,-0.0011299878633651169,0.0012058084171258565,-0.001004611306381292,-0.0027402849936048507,0.00212311821046804,-0.0002935328603060539,0.0019938475093556176,0.0011880590511238547,-0.012847157403732067,-0.006889554769485584,-0.22871328075972963,0.79579115,2.895621,0
1.4853,45.0,5.285714285714286,1.2,167.0,2.3857142857142857,37.8,-121.21,1.018,37.8,-121.21,-0.03675319519703862,-0.021195253346920982,0.00017604353688071517,0.026314742024206035,-0.04755875830692142,-0.03569857614934212,-0.002438088013429718,-0.0004278416371192806,-0.0002454827505281699,-0.024437090535538837,0.004598110406881592,-0.005174083062420622,-0.0016400236801277716,-7.482882688472967e-06,0.006511986865417782,0.0004936561623224226,0.007513479858226149,0.0020391407964142675,-0.0029761346617659043,-0.0029567399891224,-0.003301239357682173,-0.0009747155212124257,-0.005199501768990113,-0.0021892066856297066,-0.0020975912818149726,0.014677783800038494,0.004988466541089421,-0.1335132979597594,4.3923726,8.388178,2
2.0548,52.0,2.976470588235294,1.2666666666666666,421.0,1.6509803921568629,37.77,-122.42,1.625,37.77,-122.42,-0.08990183449943093,0.07644629984475845,-0.0059194582757435025,-0.0031031714625252525,-0.11498245690396605,-0.003936151753421345,0.03427646620701419,-0.003083816662584335,-0.034989329760736224,0.0011493459787067241,0.03444927769131013,0.004768561929848786,0.004076906860238549,0.0014848350066862743,-0.006705145296635542,-0.03066358124163438,0.006111825695692782,-0.04260823840610793,-0.0010029888970667896,0.014600732417393542,-0.0034295510569330896,-0.005123718299416351,0.003192994674257048,-0.0031589870393703107,0.001746224383872564,0.03506066459293446,0.014400615550634313,0.10612686210674417,14.036231,4.769339,1
3.9063,52.0,4.569696969696969,1.0606060606060606,447.0,2.709090909090909,37.76,-122.18,0.938,37.76,-122.18,-0.005110985136821099,0.008427805547093253,-0.002156930453593772,-0.00012014098133100815,-0.04467431797924528,0.03159732042260442,-0.01906468142826055,0.002817349863452465,0.001956517457090691,0.0011538907896158019,-0.020041150781954818,-0.004188094331052834,-0.003731016191220752,-0.0010427767323100132,-0.0024131714707247894,0.003487809930435289,0.005375937369736188,-0.0016849800801833014,-0.0014895323443943267,9.663540037198528e-05,-0.0005001545443886558,-0.0013865979651132433,-0.0019006596456129766,-0.004252712944691118,0.00224860407755696,-0.02221626104512757,-0.0010422860375775157,-0.1287379065645346,6.3841004,7.3317227,2
4.125,52.0,5.371663244353183,0.971252566735113,1085.0,2.2279260780287475,37.89,-122.28,2.709,37.89,-122.28,-0.0008851975924037557,0.01645878429564846,0.0004620621951253076,-0.001956972175343174,0.03494708638173682,0.03229181784283364,-0.008614552135619066,0.003618694252855912,0.001452200969615661,0.0012790942666738828,0.0104299193479765,-0.0007660121816726758,-0.0019229977266366706,0.0016254811440022678,0.00020915597133330636,0.0025224219820186265,0.008228051530202207,0.0027970748321245425,-0.00032454589594430044,0.002466023232521418,-0.0018160642105650364,0.00745053447790479,0.0024903832251036307,0.0006351613707757243,-0.0016263312517284757,0.016961053722728835,-0.014212911870526536,-0.13232103925953623,7.956082,6.8534245,2
3.05,17.0,8.32008830022075,2.004415011037528,1160.0,2.5607064017660046,37.64,-118.98,1.889,37.64,-118.98,0.046071933184196764,-0.02304948480258835,0.0009170480376877381,-0.0006534834626142331,-0.03024853502146402,-0.031016832638481626,-0.004631236727577166,0.0006756849779229237,0.0025546539690363816,-0.0006435384930384045,0.002006266556409148,0.0025738365272193345,0.001093130285822083,-0.029032153013418105,-0.00013261823474843806,-0.00805751109413954,0.0005078527702429584,-0.004363676754886142,0.0005501554728010373,-0.0008106057962484761,0.0008828354072612761,-0.00515284103646448,0.0013037741942934057,-0.0004085246142019773,-0.0003298331392901726,-0.012905525934904512,0.0045308136596560605,-0.15053773662499206,3.565101,6.5092354,2
3.4222,33.0,5.073322932917317,0.982839313572543,2010.0,3.135725429017161,36.7,-121.66,1.581,36.7,-121.66,-0.012584827546106528,0.002112908702204268,0.0009151727934882246,-0.0025038733259858535,-0.02166007824264148,-0.0023848847739803654,0.01319533173096175,0.0015761887639122053,-0.000425587480344226,0.0002930530880117366,-0.016748832447301028,0.004865787841787398,0.0010653057208354429,0.0006430486296129698,0.0008432975544693871,-0.0015190165597195856,0.00207046755696656,-0.003380324846774939,-0.00035782852879507883,0.0029875725159204127,0.006580125903902793,-0.006555890817695956,0.0014417341824526158,-0.009523652811810734,-0.001546280480077503,-0.01775338206860992,-0.01008754672489232,-0.08136995589633896,8.181176,9.535022,2
1.2656,19.0,3.791907514450867,1.1560693641618498,248.0,1.4335260115606936,36.6,-121.89,5.0,36.6,-121.89,0.04377493863579924,0.07604251050618027,-0.007729107162509409,0.01715733428532275,0.10836461827673467,-0.015908511656346293,0.01374592776053227,0.0013803988155068518,0.0007428979861047755,0.0006526668650467023,-0.040895766480220586,-0.008268020300655102,0.002458206903570551,0.0012738024680224204,0.002065943028528243,0.01328923106593928,-0.003113084312782126,-0.0020631547701723983,0.011096701359582982,0.06245870768010353,0.005737245686106591,0.01110762749834881,0.08871406138845465,0.0057887970333692935,0.011198937142735595,0.0833575762691373,0.06281775848261763,-0.04460225514293173,9.157725,7.7006917,2
2.6094,38.0,5.197183098591549,1.0528169014084507,1491.0,2.625,35.42,-119.03,0.679,35.42,-119.03,-0.036300873437883636,-0.0236915081826992,-0.002038631352444714,-0.0018053754383371794,-0.01529906981287102,-0.0412399998135303,-0.002960745570513023,-0.0014931288744735455,0.00016875840322530216,0.0009392349087345811,-0.00631712943739741,0.004918788092690784,0.001065035711671667,-0.0006876832412019826,0.00015851119276071043,-0.004190225407299921,-0.0013748585249457673,0.0003532297802750849,3.020540527905602e-05,-0.0006931515169502903,-0.004006708617405656,0.0007029368275139333,-0.0002073392120849512,0.0012308554370703232,-0.0008781250313793958,-0.030238710709307566,0.0005457346581644414,-0.2427487300220361,-2.1803312,1.8106153,0
3.9423,39.0,5.5096525096525095,1.1833976833976834,1338.0,2.583011583011583,37.15,-122.13,1.803,37.15,-122.13,-0.0024592393043669043,0.013958513097839773,-0.003855762763597346,-0.0019894628730546264,-0.05439116815032105,0.03356493460651127,-0.0198942121705614,-0.0011450837706228998,0.00026816753576146084,0.0009887250325302129,-0.021322804587295224,0.006352313703977076,0.00044830715515785597,-0.0013024622274686688,-0.00029013486156948573,-0.0021750046376242628,-0.003085993844149107,0.0027071261136549733,0.00020801300646367633,-0.0005689268078821469,-0.028759399780260236,-0.06211385561433017,0.0005773665485599507,-5.2741109568992594e-05,0.0005141532805113402,-0.01806909951601643,-0.0007780786602612532,-0.03185040844921328,9.54425,9.896759,2
3.2552,51.0,4.810502283105023,1.0753424657534247,1173.0,2.6780821917808217,37.77,-122.18,1.201,37.77,-122.18,-0.02094505309163057,0.01177330838611915,-0.0016069382537785867,-0.0013824449473619136,-0.052470455814934494,-0.003010417262743617,0.01391569963646907,0.0020693181267945147,0.001962133091300233,0.0011300692202571463,-0.012373772931440616,-0.004238078661038602,-0.005746201575774245,-0.0017063749674607318,-3.1720321799870864e-05,0.003033518714692219,0.004833910500078778,-0.003315375848063537,0.00042660055387201164,-0.00022030948182383343,-0.0004554594302489946,-0.0014089484084954945,0.0011128994373479912,0.0007216811166120688,0.0002594268237244567,-0.025691884137288325,-0.0009031080384356378,-0.13631854771945096,5.472505,8.259931,2
3.1429,42.0,4.685344827586207,0.9051724137931034,1304.0,2.810344827586207,37.34,-121.94,2.865,37.34,-121.94,-0.03587850865182197,0.01816504780239359,0.0017574794413868441,-0.0017454768309185117,-0.029627503708581616,-0.006997759678363622,0.015099767605097604,-0.001370860022636464,-0.0011773122724905488,0.0007448212288876575,-0.013899124887982795,0.00518267091581164,0.00041485627236326477,-0.0003783360579002333,0.0005812468329054834,0.005209392164979935,-0.0015698319197837128,-0.005838234822322267,0.0010677439050992543,-2.417926255520239e-05,0.04442220480017028,0.027690688167458212,0.0006722617664700328,-6.910483936448683e-05,-0.0004937200924265405,-0.026742874410529013,0.00014177291613303957,-0.04857711340150157,8.405362,9.751205,2
4.744,48.0,7.117647058823529,1.088235294117647,610.0,2.563025210084034,37.8,-122.19,2.573,37.8,-122.19,0.02474436742256798,0.019763890323532266,-0.0012953363510673202,-0.0014169396555435987,0.008715875764501013,0.01706174388353383,-0.009744365031837673,0.0032837233321766613,0.0004527953987912301,0.001276024216440171,-0.023020834000326663,-0.007322162528156073,-0.000742239891584763,0.000308899119933772,0.0100480586130062,-0.0008033161205100025,-0.028894200790967894,0.002219532410617761,-0.0008010897492039146,-0.0016949673946501953,-0.0014923093197788718,-0.0021610229862464034,0.0015761744278902454,-0.00317824465509992,0.0027529529263461967,-0.008517939618451447,-0.013349090675338994,-0.11435533319084527,7.4112697,7.106906,2
1.8315,28.0,4.510204081632653,1.0790816326530612,1066.0,2.7193877551020407,37.67,-120.99,0.905,37.67,-120.99,-0.010478440289302692,-0.03302255576457333,-0.002527566767549009,-0.003345440256743983,0.0018285892025275811,-0.0448588041520114,-0.0016875140892145548,0.0013089082556124452,0.0002176113199325252,0.0006672785306504584,-0.005375928674195784,-0.003786624172888689,-0.0005918998925405869,-0.0007942585163595824,-0.00016500589466324014,0.0031328932522237322,0.004860448223316925,-0.0011742383054174535,0.00014397549951171906,-6.49107413687085e-06,-0.0017725963515814224,0.0015382489803930784,0.0009548751363954401,0.001025005727089245,0.0007633852773599603,-0.027994324481360588,-0.0003271267165960531,-0.13574733517410098,2.9320726,7.330739,2
2.033,16.0,3.705211726384365,1.0732899022801303,1914.0,3.1172638436482085,35.74,-119.23,0.684,35.74,-119.23,0.03668588748528063,0.041957010331627805,-0.0009615031172027365,-0.005081805228606895,0.00714025420547234,-0.04578455438379496,-0.0038817317469184735,-0.0018025182553827869,-0.000818639723028881,3.9322388362716e-05,0.01529817568167502,-0.008372200632372501,0.0001357989404155246,-0.0004583457151623433,0.0006581272134192322,-0.006713758882889592,0.001126508358713642,0.002625564536594535,-5.350835745124545e-06,-0.0005022495393308747,-0.003359274948951114,0.0019120873503101915,-0.0002982941248003992,0.0007042883431347272,-0.0006487529483242877,-0.022553705571902435,-0.015738757991302775,-0.2543079998371855,-3.079473,2.8434417,0
2.0536,9.0,3.950704225352113,1.0211267605633805,662.0,2.330985915492957,36.81,-119.71,0.55,36.81,-119.71,0.07170827038605916,-0.015924025926902147,0.0010679844476904374,-0.0010330055253898352,-0.04643017650205573,-0.04163124709837476,-0.005660380211726229,-0.004420893307802774,0.00034407135572232095,-0.0016596259442783674,-0.018891187539459245,-0.008667414667904945,0.0007916742398577324,-0.0005917827597143571,-0.003630919067078699,-0.004370471411642869,0.005050132019277629,0.0024526406178816866,0.00035501164795084404,-0.00013232640051433973,0.009481390992028781,-0.005565777281881967,0.0010849289772857011,0.001724063791644199,0.0013097048863647456,0.012121343485882447,0.006232406704232166,-0.26855192587236865,-1.4245545,2.916182,0
1.5642,15.0,4.403292181069959,1.0534979423868314,1070.0,4.403292181069959,36.62,-119.32,0.515,36.62,-119.32,0.03891426697692802,-0.0305788876978859,-8.444127954659411e-05,0.0017060689267512738,0.026430064572826047,-0.04423129071150082,-0.003839094839533601,-0.002531898841702766,-0.0008287105736395632,-0.0011075796775076522,0.021353705052386214,-0.008742203087027133,0.0005200163800591742,-0.0009998434329859876,-9.232714821016656e-05,0.00688397772964443,-0.0003932018894774271,2.3361396550025946e-05,0.0004156753826671945,0.00040719645758823864,-0.0021929858374951142,0.0025459976672300095,-0.003373013806912876,0.004446118015342798,-0.0010663239180022596,-0.014042455114672421,-0.021943105650542295,-0.2558075550756014,-2.2503614,3.2532306,0
4.3125,52.0,6.645333333333333,1.106666666666667,1109.0,2.957333333333333,37.78,-122.19,1.644,37.78,-122.19,0.030764019951570937,0.019423441673074346,-0.0015963537415502119,-0.002372175335384253,-0.02541883235482874,0.02228311723201108,-0.029193721088487008,0.0008078208547951502,0.002532864218851326,0.0017719126586691835,-0.01238071167086228,-0.006143508232877067,-0.0027760578829552824,0.0013354249475180466,0.002145403224038291,0.00048557695640308996,-0.0198515026084996,-0.007825276870560973,0.001113224243673874,-0.0016084047076807577,0.013834083103527928,-0.020212122492745913,0.001258766372675598,0.0021282410583972292,0.0004341853974967518,-0.02554340270661113,-0.019139314954668814,-0.09929874687923233,9.356717,9.337753,2
2.3523,28.0,5.206896551724138,1.0,535.0,2.306034482758621,37.77,-120.86,0.947,37.77,-120.86,-0.017595893794477534,-0.02558057549866638,0.000991588070881619,0.002722183509955643,-0.061212715422673716,-0.039381217832073975,-0.0019699897718356224,0.001214996737626069,-0.00039851993368612354,0.00048028250577951414,0.007854075302834558,-0.0023478568632218774,-0.0016768366648667271,-0.00021083597465412784,-0.002915213284418826,-0.0013638693818579476,0.006703357623581986,0.0004778859989043777,0.0019284674480175513,0.0018802819628305162,0.0024413809300001567,-0.0013875852200819598,0.0018084009525395396,-0.002683276717058568,0.0024641901166183528,0.014234687062563792,0.0062722096455743335,-0.13378943430698637,4.390119,8.443585,2
4.375,29.0,4.981288981288981,0.9397089397089398,2000.0,4.158004158004158,37.35,-121.81,1.855,37.35,-121.81,0.0044469148693517665,0.010088108009888817,0.0013077918303231629,-0.0001458051275571506,-0.049757144808931154,0.019832933561946015,-0.019849386497966793,0.0015754481073580883,-0.0004568257660524722,-0.0015386687538811589,-0.014838348938653849,-0.0016646007351269788,0.001153338772938633,-0.0004914380410458811,0.0010117354347469,0.00031618351104377565,-0.0009203127484994189,-0.005910889406760181,1.1260621681409125e-05,0.00048021666083521305,0.02206160178701328,0.02698359670615892,-0.0012408128919671507,0.0006792671749807769,-0.0005091338821905444,-0.006478620370956287,0.017030303307904126,-0.03329061087852496,9.765935,9.674293,2
3.4861,26.0,5.588461538461538,0.9653846153846154,896.0,3.4461538461538463,36.74,-119.98,1.125,36.74,-119.98,0.003880925384140553,0.0022379915470612803,0.0007693275773463228,0.00014838356354457196,-0.015930114805581087,-0.012426603908636867,-0.01881811666059053,0.0009325515953030573,-0.0005399479798853005,0.00042920982564334227,-0.011135731981021213,-0.0021172809148380265,0.0008322515405427801,-0.004313077257291511,0.00033560565871424645,-0.008581357829528615,-0.005333361190649602,-0.0029642511903379323,-0.0012125798445993346,-0.003670463499369795,0.00731103230790816,-0.006994532566030528,-0.0041289006699514585,0.00416763024646336,-0.0010153620708914701,-0.016950787329022735,-0.025039001975643637,-0.24399969837224314,-0.6781122,2.4602797,0
2.9271,48.0,5.046594982078853,1.0788530465949822,682.0,2.4444444444444446,34.63,-120.46,1.466,34.63,-120.46,-0.025142005956908443,-0.009117130066348924,-0.001930113543759701,-0.0014759816249198677,-0.05478044455045082,-0.026028084222508966,-0.00271534525442242,0.0006941155442132632,0.00026781071971434866,0.00047139590261935046,-0.005412082133224267,0.008289869272135096,-0.00278053309955454,-0.0005115731942605434,-0.0032189985643546522,-0.007640563857836868,-0.004976178981969198,-0.003419927608648671,-0.0004294771291054497,-0.00149795806659621,-0.0002541703759228118,0.0056131738583376735,0.0011703389999802643,0.001110981352822621,0.0015416414561851936,-0.00425435716500094,0.0005650593729229692,-0.15569412317121267,4.784809,8.350885,2
2.5833,52.0,3.208791208791209,1.0813186813186813,1165.0,2.56043956043956,37.32,-121.93,1.675,37.32,-121.93,-0.027434185863739073,0.048731376775093885,-0.00204594029109116,-0.0016918166634195325,-0.02192961810766267,-0.033853667500789615,0.019823511836446445,-0.008033787102808923,0.0019621330913002326,0.0010938576746321515,-0.006254818291528181,0.006949895970635549,-0.005569310716337436,-0.0002536837268662099,0.0014148851048663654,0.016090123400081896,0.0009076505733148398,0.0015049575905399595,0.00016330669581008208,-0.0005294119460362573,-0.002669181892322771,0.001697395321626532,0.0014680360125808936,-0.0005579697341439609,0.0005616456636353863,-0.017277158265042995,-0.005537245762819307,-0.06691587970196006,7.9844875,9.491089,2
2.5644,31.0,5.234527687296417,1.0944625407166124,817.0,2.6612377850162865,35.35,-119.04,0.73,35.35,-119.04,-0.012898129201194198,-0.021379025765860614,-0.0024071765528849865,-0.0011734898777243847,-0.008871158947564775,-0.0408053562980656,-0.0028893134211313877,0.0016273088979521667,0.0001783202645936119,0.0004330954927235447,-0.004713671912654669,0.0031883950516456774,0.001069983969442576,-0.0006658187405964601,-0.0012889551507955306,0.0007928198413955576,-0.0008715081479183593,0.00040143990179551767,3.3951098376816066e-05,-0.00146061112323707,-0.002676836740062072,0.001693878839359139,0.0009376664926161588,0.0014828624836338395,-0.0005992466303374368,-0.030253576499038603,0.00044631421405069195,-0.2429891972276832,-2.2550747,1.9770792,0
4.6611,16.0,5.840449438202247,0.9662921348314608,1417.0,3.1842696629213485,36.95,-121.82,3.493,36.95,-121.82,-0.02518842873221863,0.020724254867128384,0.00026178627677494743,-0.0020991460718365303,-0.016639481805895008,0.02199047115918284,-0.019375525709450343,0.002800173197140957,8.940263310345922e-05,-0.0016997376374285585,0.0450655826583826,-0.0094567913962249,0.00028223838421939385,0.0015380299952643091,0.0009457583945700779,-0.0005817044404663424,-0.0031752796850855218,0.005909188614963398,-0.00025773256789134624,0.0018174089789275475,0.0021376270690321563,-0.005603343932299866,0.001483204198584899,0.0019850785500091566,0.0010335850542472359,-0.013684319335797626,-0.001173079011275904,-0.056722007028909394,10.221233,9.221817,2
2.6719,52.0,4.691075514874142,1.0045766590389016,1109.0,2.537757437070938,37.78,-122.49,3.185,37.78,-122.49,-0.01745099947141715,0.008625607028760572,0.001010263024638723,-0.0016121323115197161,-0.01685845976889536,-0.007366597426398072,0.022221189161812052,0.005641914395468013,0.0014204250470265713,0.0011542416745794631,-0.0027251529027653163,0.002747827420781395,0.009009475367653424,0.0017249092022507233,0.00017218944005117774,-0.0024768653146001983,0.015028262062584782,0.026567790528898638,-0.0003254187001065343,0.0012460332637006526,0.0053544618375151645,0.02075094751207065,0.0022121363951580313,0.0003497168310136444,-0.0023335018799778284,-0.003546730849686765,0.005039168685891279,0.12390354515244843,13.292762,4.909633,1
1.9417,35.0,4.78743961352657,1.067632850241546,620.0,2.995169082125604,35.33,-119.0,0.538,35.33,-119.0,-0.023793980242883872,-0.028802555657944186,-0.0014533573703203752,-0.0025612913832314815,0.023665690871704725,-0.04534256248890544,-0.0033710796239494753,-0.0005207976659781097,0.00016795846606362328,0.000611259051239437,-0.0076641806576162935,0.004669362624800906,0.0010817701687641545,-0.00031891949375986424,-0.0030202614230572054,0.0025855538442399366,-0.00135850397781565,-1.8773395011166014e-05,-0.0004498150854342529,-0.0017899458969535729,-0.0034838695499368505,0.0008824925391923757,0.0005489793699959473,0.0017812561357560457,0.0014963996457591298,-0.024778391953266112,-0.009293207622803055,-0.23923287768844967,-3.4252276,1.9100631,0
4.5486,52.0,6.884057971014493,1.0507246376811594,665.0,2.4094202898550723,37.58,-122.37,5.00001,37.58,-122.37,0.02249561569040892,0.019640667709852455,-0.002059403898116916,-0.00213279369949102,-0.01619574285541914,0.024060512455316624,0.030504022132642916,0.0035387048523566776,0.002076795786040445,0.00167280143901957,-0.019125940200303754,0.004266713125329219,-0.0015810195896890557,0.0007220337501893741,0.007884906383077223,-0.004910258030988386,0.015030374029842577,0.00512393073807829,-0.0008335486187332578,0.0008687454599027668,-0.008260487258250298,-0.007998738212949953,0.002253970232833118,0.0009283779726078098,0.001624535389827507,0.013010484919939553,0.03774166872586139,0.1860531189791828,13.905581,5.4055524,1
2.181,37.0,4.6773255813953485,1.087209302325581,1173.0,3.4098837209302326,36.71,-119.56,0.599,36.71,-119.56,-0.021230662671643658,-0.011783186798053333,-0.0021619610513692,-0.001984338359246084,0.05154560840588565,-0.045627743592079384,-0.0037502295397402827,-0.0016379556866458667,8.640795270848745e-05,0.00085829648588344,-0.01115771671416745,0.006303842904412944,0.0008769743665580677,-0.0006827846842978704,8.57081722040324e-05,0.0040366653201222066,0.0033625901166973926,-0.0008193146427609855,0.0004828236516056033,0.0007446947642125854,-0.005172446781683564,0.00283601574182144,-0.0023462077167409018,0.003693648714962662,-0.0006026919624366783,-0.02086233966833896,-0.023689608963511244,-0.2631592086345093,-4.0310106,1.908622,0
1.9145,52.0,3.2241935483870967,1.035483870967742,1846.0,2.97741935483871,37.8,-122.41,2.25,37.8,-122.41,-0.03931421983459878,0.08243845074409464,0.0017060434664245981,-0.004137105255158964,0.018470402450735668,-0.02201723634408535,0.001646496414183177,-0.004162608132741603,0.0013599561894337689,0.0007768606545425966,-0.004834865630710945,0.003206970286663079,0.00940357446668158,0.006725431255558693,0.0015225817762558036,0.0014234807854517943,0.009231950980329034,-0.04029184729715526,-3.9873837580819564e-05,-0.0012461697092272482,0.003225753217635203,0.0044572514299536636,-0.0009349478914849186,0.00016791073275612125,0.0029119263844427615,-0.014808149525177445,-0.00985950313697769,0.1636100213124246,13.23538,5.029158,1
3.9032,19.0,5.001422475106685,1.0099573257467995,1810.0,2.574679943100996,37.7,-122.13,2.18,37.7,-122.13,0.0031095253180786343,0.019548714945607632,0.0004571264027698464,-0.0010504997858004003,-0.0398239944145696,0.03220164338607661,-0.019788159910377044,0.0007086968351726272,-0.0001878040297360721,-0.0003201397947586175,0.020480948015472532,0.0046210010813569425,0.0007116028890677546,0.001749016749026039,0.0003823231728319328,0.001630475691594107,0.002846821520273638,-2.7578361982647747e-05,-0.00042413489471813265,0.0019779816498033294,-0.00040934621973468324,0.007390822778110496,5.8140779148443005e-06,0.0007127149551228683,0.00012089534919873895,-0.014500481482709859,-0.001328027216825228,-0.12870595381361116,6.417809,6.750172,2
1.398,14.0,5.654223968565815,1.212180746561886,1011.0,1.986247544204322,37.51,-119.99,1.038,37.51,-119.99,0.09821804977921621,-0.02652662954188345,-0.002084037921717926,0.0003273034828824528,-0.03096384620320809,-0.0189534738553462,-0.0020145379399230615,0.0004868582301105351,-0.0002514344698618173,-0.0011592307701781648,-0.05757562274277981,-0.007702795714304588,0.0019400026353730013,-0.0007961063537457675,-0.00019291230398341033,-0.006266730171684562,-0.006828941730601414,-0.0035676617209680914,3.049558704770536e-05,-0.00740432936941729,-0.00017193343684420467,0.00683448616908017,0.0015713065796220474,-9.144587709887449e-05,0.000339454304918614,0.06234694457241352,0.03465694314120125,-0.2068136743590115,-1.2921426,2.769742,0
2.6343,14.0,4.696308724832215,1.0369127516778522,2294.0,3.848993288590604,37.73,-120.93,0.815,37.73,-120.93,0.03206430991284952,0.0028739336203364297,0.00014175268506534907,-0.0023403128700692044,0.020439380471538225,-0.03873624718972579,-0.004523917515642966,-0.002256544111671192,0.00025942450642886956,0.00031809956032271733,0.023173520194779137,0.002582710752737549,0.0025375058028464727,0.0013032792922074994,0.0005020358032013682,0.006005465791540153,0.005574450272418236,-0.0011822624469839443,-0.0017555548450823612,0.0004152653592046398,0.0032389052692163847,0.0010717790644224384,0.0032829713132135757,-0.007804951641876722,0.0003758603543842341,-0.018477675303170658,-0.02165276936148593,-0.1308630438667786,3.3964887,6.5870676,2
5.1017,13.0,7.082857142857143,1.1257142857142857,1075.0,3.071428571428572,37.91,-121.6,2.414,37.91,-121.6,-0.04554325590469731,0.019427811394878848,-0.0012114844154440501,-0.002159255625093449,-0.012811939072728387,0.033009066657209644,0.011338048896080258,0.005700941032004099,-0.0004965211642846673,-0.0017539313109789997,0.028499044809477507,0.002715414116346189,0.00031069099888672265,0.00117173278515717,0.002663053096105785,0.0041642457686225315,-0.024341427421030026,-0.009262301019226711,0.0008008271559647404,-0.00170171776524889,-0.00370693231640086,-0.0016960539422785162,0.0013391179841695084,0.002587139643148501,0.0009470169475961792,0.0007284663563053324,-0.01066246621215149,-0.07783929859173463,6.564031,6.238072,2
3.275,48.0,4.5,1.08984375,1273.0,2.486328125,37.76,-122.48,3.321,37.76,-122.48,-0.018121184262743728,0.017307536547425784,-0.0017489433068528651,-0.0021606624823745082,0.004996393045025224,0.028951848719417583,0.12482455715246024,0.002208449018143195,0.0003381327040510174,0.0007495238264929551,-0.00832889608919694,0.0024776545937739113,0.013072594124148223,-0.0015830239963426941,-0.0002685292068808964,-0.0035354454015180314,0.014674812821886546,0.024629236398365898,0.0004381225994121769,-0.0010779617811439478,0.0012586624329198647,-0.012271679892341313,0.0016101235933410605,0.0006138093906424678,0.0013175035083468323,0.013183199915326986,0.034978900720593516,0.12611898219094675,14.191775,5.81482,1
3.9167,41.0,5.277591973244147,1.173913043478261,1159.0,3.876254180602007,37.71,-122.45,2.436,37.71,-122.45,0.0031180414220952427,0.01198807070750034,-0.0015097732707270736,-0.0019190942484976514,-0.04396658854977259,0.020582144841533243,0.05558504495676172,0.00018827863975734698,0.00025972005535165193,0.0007601359507104782,-0.022335393191639595,0.0007593763573535332,0.005861323525675096,-0.0013978801499449785,-0.00045349092721820095,-0.0035401282514019292,0.009182019019008262,0.005157059310641736,0.0004814317404511576,-0.00129426121795001,-0.0006116389072816015,-0.01753101215045932,-0.005863182371095505,0.0009761032364071251,-0.0006704845658709497,-0.006770126879224991,-0.003347702226227572,0.07792931703459555,14.042105,4.6752677,1
1.9045,20.0,3.262468654221232,1.0080802451936473,7604.0,2.118696015603232,37.43,-122.15,3.75,37.43,-122.15,0.025784948049811577,0.08784566595375205,0.008460391628010029,-0.0012655351614282427,-0.00550285981064709,-0.01154433879049676,0.024501315354221533,0.00306969246319434,5.5756561146680296e-05,0.005623614904394586,-0.022444548938860595,-0.008278687491330098,0.002616220817225344,-0.002204704694520897,0.012577720540231782,0.003030793268444445,0.010983077429394536,-0.006795802442428171,0.0021666954484581918,0.012076632625937434,0.04939265163154612,0.038017692749325996,-0.0005355515249964723,0.004147061655839526,-0.00588086001468095,0.059239881123462,0.007471754624468693,0.03566679122613024,11.847778,5.352166,1
3.332,16.0,5.815789473684211,1.0997229916897506,2140.0,2.96398891966759,37.02,-119.57,1.118,37.02,-119.57,0.023042571046003105,0.001169781673982435,-0.0018789826167147502,-0.0014937278816211427,-0.03389734548096519,-0.01656884931432938,-0.02812796939206695,0.0003294020091957016,-0.0004890383503900811,0.00014405953175641314,0.0244038129495268,-0.006419267056805919,-1.14026796183518e-05,-0.0010032877925266724,-0.00029918443928191046,-0.0025569222768301926,-0.006469442151987741,-0.0019859618147061286,-0.00026216322929457046,-0.001022294016682827,-0.002548777224114065,0.0019971396448330184,-0.00137973293456278,-0.005604411678670673,0.004324774388371831,-0.029136795639013835,-0.008119116831883181,-0.269713799900058,-0.54513305,2.811774,0
1.7011,45.0,4.057017543859649,1.013157894736842,797.0,3.495614035087719,36.73,-119.8,0.448,36.73,-119.8,-0.038407316372960326,-0.021668247527553617,0.001294299485618144,0.000421122850785737,0.045173031261793624,-0.044681457279802946,-0.006477926567779913,-0.0012532226091668788,-0.0005643704783945534,0.00043332595316650024,-0.01166553023643275,0.005789727966129731,0.0008500672302901541,0.00040985435701668094,-0.0010260450424356823,0.0008077267206771867,0.003265912505161459,0.0005498402227321667,-0.001241486474303639,-0.003578420088762072,0.0077119570041160055,-0.0052422258982200735,-0.003994708255426613,0.0042109274851978434,-0.0010842826083187144,-0.015058193748957253,-0.017846895053437346,-0.26581950753685074,-4.3191047,1.5277668,0
4.5721,22.0,4.563139931740614,1.0955631399317407,2206.0,2.50967007963595,37.33,-122.04,3.512,37.33,-122.04,-0.0014885036465476084,0.004903387881064713,-0.0011911328022600647,0.0021925715605566726,0.019372383009045726,0.023009000058620815,-0.007084435930061783,0.0010032124464475973,0.0004100218668932071,0.0009032275155418267,0.019563886470664513,-0.003748823288291818,0.0016157677140657902,-0.0007093673197048967,0.0005592464261048842,-0.0007380044012326665,-0.0005065290886213274,-0.0024758301957142443,-1.796729491901957e-05,-0.0013525693065722295,-0.003500504519995,0.002001917263911835,-0.0010834146051849358,-0.0011934955073815178,-0.00030554866789511616,0.009763166680460653,-0.005010262451093795,-0.04763105419427198,9.616315,8.374916,2
2.8042,35.0,3.895017793594306,1.0800711743772242,1193.0,2.122775800711744,37.34,-121.91,2.409,37.34,-121.91,-0.03765947300202827,0.03645606305532792,-0.0017610905022191678,-0.0021267673188556067,-0.03676454200056264,-0.01354190616899974,0.021057060362041483,0.0007589019610884082,0.00027663009557043973,0.0009963915449926167,0.02761111592635066,0.005316849651831816,-0.0003133692311128311,-6.585961789248483e-05,0.00022066407642083456,-0.0073386682215287515,-0.0007174746744311158,-0.0004448576957198682,0.00017250668431856064,-0.004034340467879885,-0.004035466652694277,0.002264182122423219,0.0012954492232952481,-0.0004801736702879844,0.0005865599620213187,0.04492221560199203,-0.0011206312023583488,-0.06101692681847299,7.8076625,9.618133,2
3.337,29.0,4.212074303405573,1.0557275541795663,1602.0,2.4798761609907123,37.29,-121.97,2.653,37.29,-121.97,-0.0077783832915629125,0.03726533029540371,-0.002158482947980204,-0.0018780707383159723,-0.01692142180595557,0.0032810035251546166,0.01320959937738039,0.0021338867005227737,0.00023923853877180838,0.0007118618900446826,-0.008860851887212666,0.0026970526154060353,0.0007137568375111077,-0.0005595471433255332,0.00025671781345740403,-0.004171109910444091,-0.0010070726669031606,-0.0017672735510551793,0.0001418824199199026,0.0001041911252645126,-0.00327171063628986,0.0012348776325307018,0.00020628384354055748,-0.00032120642988318123,0.0005148648397097097,0.011536602797647264,-0.011227926879090449,-0.06697725347636489,8.395952,9.24895,2
4.4004,24.0,5.706373292867982,1.0349013657056143,3970.0,3.0121396054628224,37.24,-121.9,2.558,37.24,-121.9,0.007610395083078831,0.018080089628881375,0.0004607109939701731,0.00345077143019976,-0.013643579271352922,0.02239181488430248,-0.021724415670132616,0.00025104412677522917,-0.00018323425634870312,-0.0018126878846053602,0.016818138117687516,-0.0018684328146012683,0.0010802819822707203,0.0003062631202267563,1.9396358976228112e-05,0.00015847168927430187,-0.003022507251749456,0.0063470065908745,-0.0005651741967997305,0.0008185062926316643,-0.002446281591168204,0.0013144135487396004,-0.0011603153681794029,0.0011099796849173083,-0.001607124719712737,-0.012112603613193135,-0.013655114968239493,-0.04901119500998954,9.809092,9.233514,2
3.5833,52.0,5.15819209039548,1.0715630885122411,1312.0,2.470809792843691,37.77,-122.5,3.229,37.77,-122.5,-0.02011382940681303,0.010501297504189027,-0.0018913664619010083,-0.002052205254067002,0.0030735117063060385,0.03166130407338361,0.11575200216405022,0.004038038187762459,0.001956517457090691,0.0011950867129547809,-0.0090064025696489,0.0028110428249738897,0.009192202026521951,-0.0015830239963426941,-0.00019384899178770835,0.0005422850759817654,0.014779106670049487,0.01124112835240596,0.00042663680475731313,-0.0001998860630227089,-0.0011448406662349661,-0.008406283634576149,0.0015008326880774068,0.0006195813389366703,0.001301319513576234,0.014388195007544432,0.03432574640347449,0.12976841122408786,14.225619,5.7843184,1
3.8274,52.0,5.341959334565619,1.055452865064695,1769.0,3.269870609981516,37.72,-122.44,2.52,37.72,-122.44,-0.005853748777773055,0.014897246037869625,-0.001940656660095663,-0.001429110981016932,-0.04177964175282517,0.028046756206746345,0.07377342591717753,0.0026473947690886443,0.0023290562951898183,0.0008331164750100577,-0.01793945355474612,0.0020233230669754907,0.004356335367124165,-0.0013978030560185652,-3.254101017583428e-05,-0.00138689580323405,0.0098405563176582,0.010984058856789084,0.0004175900244142193,-0.0001474220592154849,0.0019428834385576146,-0.0005125409779254294,0.0025656180342956024,0.0006076581437252881,0.0044370913835218,-0.02338480118227788,-0.0187647587629666,0.09102180868040864,14.246523,4.6812925,1
1.375,52.0,2.697247706422018,1.1307339449541285,1136.0,2.6055045871559632,37.77,-122.42,3.125,37.77,-122.42,-0.04482942614633389,0.15677311178411865,-0.004006721690152419,-0.001010978975164056,-0.03479812530039946,-0.02199664241106829,0.005405957097491954,-0.003905453693933573,-0.0004209002696141499,0.0010675794247204213,-0.004161029116368927,0.003056021826954867,0.010556291484266376,0.0050201627542830135,0.0009867467893550363,0.01770579656841787,0.009088032561882549,-0.03136141682827476,0.00036617143648093374,-0.000802104106899682,0.000191132934586964,-0.006433828737503978,0.001782458018303954,0.0003774482149457182,0.0016918518822083605,-0.03235956385726235,-0.030567520601541075,0.09840093272223932,13.193277,4.821842,1
2.883,28.0,5.875930521091812,1.066997518610422,1231.0,3.054590570719603,37.84,-120.97,1.419,37.84,-120.97,-0.006149636160810425,-0.016661099692655567,-0.0020503733124691437,-0.0015664941294309127,0.01792969498145082,-0.03317354488280785,-0.007996448648189625,0.0003960191121799012,-1.6647770382505156e-05,0.0006425054743949925,-0.008277728788814503,-0.005774186063668887,-0.0005366179740230362,-0.0010676088108220216,-0.0006946305005718845,-0.000374166599662274,-0.00060332929815154,0.0005091747492374998,0.00010703012734416318,-0.0005014384990914385,0.002635892325451276,0.0009848428075798902,0.0004737607247657804,0.0009874615159267215,0.000402673116830886,-0.009888998188150927,-0.012417075432674177,-0.14436779553529072,2.5942302,7.4077883,2
4.0833,35.0,4.7898550724637685,0.929951690821256,1577.0,3.8091787439613527,37.69,-122.46,2.667,37.69,-122.46,-0.01098255936784027,0.008409401917050967,0.0009585927836066751,-0.0012610959265921197,-0.04060512134195193,0.020309732570725172,0.052518552423198556,-0.00051131016782637,-0.0004568257660524732,0.0009422149674279869,-0.02141348162315737,0.002601777875727603,0.0029963665450380584,0.000862312327387256,0.00030461854351399714,0.00038835978055242506,0.00902172112314083,0.01803586700135972,-0.002025755285412611,0.0011774475183948657,-0.002712276867954592,0.035350472385566795,0.0005855199647374589,5.714934921370184e-05,0.0018431042496983726,-0.0075776778932868105,0.0022984996448062412,0.0831625186451614,14.062888,4.7202973,1
2.9817,21.0,4.876988335100743,1.0455991516436904,2756.0,2.922587486744433,37.44,-122.07,2.25,37.44,-122.07,0.003683449127288212,0.014460008712307475,-0.0017598787841002774,-0.001665891460017806,0.0168811549195918,-0.024739419902721386,0.014911150752402388,0.00080971425598746,0.00039558873356130073,0.00025877191767439945,0.01004320412604691,-0.0034350062815963213,0.001433976053256882,-0.0007357693555283835,0.0004617934432851212,0.004985900382829092,-0.0010747163342574465,-0.004709722299221364,8.237415557680385e-06,0.00023864851438597123,-0.0031179891797779736,0.0007908168451846649,-0.0012126234908535606,0.0005467030114008799,-0.0017044743302423492,-0.02733163883333044,-0.007602256349572948,-0.06363269597363344,8.162753,9.141668,2
3.7652,20.0,6.115921787709497,1.0516759776536313,2055.0,2.870111731843576,37.31,-120.45,1.335,37.31,-120.45,0.0009945736989659896,0.012360746836399612,-0.0027780594964296897,-0.0020367852059482616,-0.028805999404827125,0.02453471905794026,-0.0005151308933703552,0.0001595116966725949,0.00017244091472826283,0.0002529516842403988,0.01552941364805745,-0.006424044607260468,0.0005543790976597242,0.00012353621982570174,0.00022503013431688208,-0.001269881865157143,-0.005666224052216634,-0.0022227169863550168,0.0002681655410051543,0.000669607978609986,-0.0025482377564345383,0.0028726998513251495,-0.001055744759770925,-0.0007626036012132128,0.0003467870491920674,-0.021917805441957133,-0.0009027036266376039,-0.19483770674696316,0.5837959,3.2170947,0
3.825,38.0,5.80827067669173,1.0488721804511278,662.0,2.488721804511278,37.77,-120.86,0.964,37.77,-120.86,0.0021690679901693534,0.015947068693176296,-0.002319044224719249,-0.001774186415325428,0.0042097347018753345,0.03484606672527599,0.004081085289362324,-0.000720680768732577,-2.1463467430368216e-05,0.0008875155639018051,-0.017543688286861675,-0.004844039379154794,-0.00102387403600576,-0.0006758771845800688,0.0002836615366054728,0.0009085320004676761,0.0005247328906345875,4.600289387958451e-05,-0.00035854031921140966,0.00019671703122681457,0.0026328874082574604,0.0017220131841038397,0.0015921915875147454,-0.002696949998123756,0.002765190484601395,0.019615133762437835,0.009471187997868964,-0.12207340934374662,7.5759273,7.275682,2
3.5352,17.0,6.228540772532189,1.177038626609442,1919.0,2.0590128755364807,35.14,-120.7,3.578,35.14,-120.7,0.014623563748739537,0.010317779426498846,0.0016784603810233718,-0.002140778950545256,0.08768746443841269,0.005785261574424524,0.006619246407473836,0.004684090444408747,-0.00015751029413644608,-0.0003478328183586873,-0.11422906564522164,-0.009379015834988937,0.002470519341141066,0.0015452213700771263,-0.0016186361256625326,0.0049582344125100155,0.009595125085258959,-0.0002917966457758285,0.0006098637859343317,0.003117106117159832,0.002985422882112267,0.010005709099123539,0.0006759509349978927,0.0017318171295756797,0.0008471230170684705,0.050925244243562554,0.04258253222240191,-0.0922781150221248,8.475764,7.6558022,2
1.586,14.0,4.087074829931972,1.0789115646258505,3535.0,4.809523809523809,36.61,-119.55,0.569,36.61,-119.55,0.03732230184928707,-0.018305876654256273,-0.0012906031062956537,-0.003611051096605155,0.02575215332700484,-0.04419688784459214,-0.004931797176794133,-0.0015582190687119084,-0.000829501799769842,0.0007046852211022174,0.021368344148198867,-0.009080274353380473,0.0005341854832965675,-0.0010095727744431548,0.00037546826108069813,0.004085021109565473,-0.00039237290629576954,0.0024246236119170013,-0.0015987723001448424,0.00015712772341169685,-0.0008631139601515309,0.0033745467458854038,0.0024258450795381524,-0.01166694135314772,0.004156485921730224,-0.022654381036027512,-0.019479022582816325,-0.2488892789324117,-2.307613,3.315479,0
3.96,45.0,4.944099378881988,1.0093167701863357,920.0,2.857142857142857,37.76,-122.54,2.722,37.76,-122.54,0.00559138893999597,0.01040327124912078,0.0005878884679240154,-0.001621952546353507,-0.03115968760594175,0.022629957889453562,0.05042505088263351,0.0003001267211679711,-0.0009004054070251804,0.000859065325705239,-0.016039037059564453,5.3160774841630784e-05,0.005507399424209619,0.0017056002352882184,9.258790521392801e-05,0.0019046685381033828,0.014296786043854863,0.01580581412060015,-0.0003271443943186407,0.0016378275592974527,-0.0002480554990795601,0.015125743003345559,0.0020335071925379083,0.0003637940331646743,-0.002346466906395731,-0.02711100064271851,-0.023472650421438184,0.08809458071166457,14.049301,4.557923,1
3.0465,43.0,4.528673835125448,1.1093189964157706,1332.0,2.3870967741935485,37.76,-122.51,2.742,37.76,-122.51,-0.04278201995253118,0.016333167125383796,-0.0018038140062094433,-0.0021554803733421918,-0.05979971597914066,-0.0010380786362085303,0.07671110903162885,0.00045037144868005554,0.00021873517406764464,0.0007511833353923471,0.003911752675048988,0.0009851072487425735,0.0034666566859272102,-0.0013987399858690051,-0.0002685292068808964,-0.0041698389399166935,0.014715840943316438,0.02354274486783914,0.00043825047434232296,-0.0015019796276344556,-0.0004897855938631407,-0.016602712540793943,0.0016047242109988953,0.000613809390642468,0.0013159333978271456,0.008142856657091756,0.025969184842056174,0.12391980881068745,14.181236,5.0667014,1
2.2407,38.0,5.219858156028369,1.0815602836879432,670.0,2.375886524822695,35.35,-119.02,0.76,35.35,-119.02,-0.0403588255931943,-0.033819894296305726,-0.001948344049437218,-0.0036609391488587073,-0.05964339043926378,-0.04170637377427748,-0.0027857897888566756,-0.001233545134905925,0.00016875840322530205,0.000611259051239437,0.006042839711417801,0.0063531056469784755,3.912280809591616e-06,-0.0003153344467411074,-0.003194676375345395,-0.001649996862197444,-0.0014144119565331098,0.0007729318419964433,-0.00042934925417530373,-0.0016161134203824547,-0.0028779302332460964,0.002343911571247261,0.0009696090188234584,0.0011110560042353757,0.0015320898666864625,0.0075792597866786784,-0.0031645426709781934,-0.23993074816958046,-1.1277723,1.5082121,0
2.475,40.0,5.6173913043478265,1.1782608695652177,504.0,2.1913043478260867,36.62,-121.91,2.583,36.62,-121.91,-0.046360352622510516,-0.028345791464817003,-0.0019026614816698053,-0.0004735836817394886,-0.05253464803882733,-0.02832661564965991,0.01701840300595585,-0.0021383380010069567,0.0002970344511942831,0.000585063706145948,0.009903507915956539,0.006792507834163117,-0.0005875998424544094,-0.00037953646293959186,0.0013092405619126411,-0.0034245214834653023,-0.0042103719493649765,0.005950110259578169,-0.0016330495459875565,-0.0020876980284600887,0.0004187267671784377,0.0011523529328831257,0.0008848288044482643,0.0029702268481699066,0.0035419409823576604,0.012089435761504001,-0.010660075643596065,-0.04853107336838399,7.876292,9.718028,2
2.3087,52.0,4.038759689922481,1.065891472868217,1438.0,2.7868217054263567,37.74,-122.42,2.586,37.74,-122.42,-0.024897290863856062,0.03298027593664352,-0.0017905295034531248,-0.003967344098030741,0.002791165523083726,-0.02079490931468588,0.015449059013377337,-0.006991144726862149,0.001962133091300233,0.001118904503430166,-0.004158311411588684,0.0016695599921286886,0.009461045487469177,-0.0014819311725111904,-8.292012970728065e-05,0.0031280334600562493,0.011638940132147975,0.0130464668488703,0.00043006216609615256,-0.00041080771659416553,0.0014957193913302312,-0.0009777403962718109,-0.0008972522916109559,0.0006144036475438824,0.002910830825596935,-0.032703660425702386,-0.03222549063788095,0.08440736313383265,12.910758,5.0246983,1
3.1333,34.0,4.35374149659864,0.91156462585034,754.0,2.564625850340136,37.75,-121.43,1.32,37.75,-121.43,-0.019515624699356894,0.028144711157208232,0.0014583403004229303,-0.0016347880088212867,-0.07801926180529045,-0.012896977874341041,-0.006417352953374129,-0.0009547597507518803,-0.0011643201896232834,0.0006572326772150466,-0.009795939732390619,-0.0014172605987652841,0.0008149718099326361,-0.000891483042958021,-0.003083123646217828,0.0030091659883524882,0.006303058314526506,-0.0015462515913328876,0.002066380813162092,0.0007999768048761971,-0.007950000311529263,-0.0027261612813454933,0.0015365987448976404,-0.0007755657080524451,0.0014690863111118026,-0.016525473588749003,0.0035935685619092285,-0.1182556824188256,5.3584943,8.426477,2
2.774,38.0,4.809523809523809,0.981859410430839,1547.0,3.507936507936508,35.39,-118.97,0.595,35.39,-118.97,-0.031233397063957162,0.0034129345768505077,0.0013585302163243562,-0.002096294104699926,0.05557589287649379,-0.03180422678147008,-0.0030678161639572767,-0.0018693305940354924,-0.0005298814521199988,0.0008094836348573831,-0.013296189342498868,0.006151675068019183,0.0009342277314654711,0.0007057626423006505,0.0005750563996557482,0.003977693241585764,-0.0015914136050515818,-0.0004451725799753897,-0.001251786874140211,-0.002212139445219013,0.0001556872782282017,-0.004109614727815327,-0.0013339702977358914,0.003849161638344453,-0.0015751856665780176,-0.011800734959286439,-0.016582613964248937,-0.24536087310416116,-4.17108,1.8664821,0
2.6477,32.0,5.885964912280702,1.456140350877193,856.0,7.508771929824562,35.13,-117.28,0.533,35.13,-117.28,-0.00874791764630816,-0.01623181320295672,-0.0016109714793272499,-0.00023124885871048505,0.06277824632792461,-0.02630215332903427,-0.01616187700040259,-0.00171386471762112,0.0031201171084949634,0.0005192984661112088,-0.011455149126014808,-0.00013832195686376005,0.0026228503578434037,-0.013289462533254335,0.0012581389794848147,0.0051659929747969995,0.002188753089106785,-0.002901800175909224,0.0007545053779935048,0.0012501803468828177,-0.06682570275392317,0.050752864351897874,-0.004652246106144232,0.0035090732837840125,-0.0034736065447240395,-0.009646893462854435,0.04132783495526609,-0.22676707103599145,-3.982789,2.538871,0
3.4167,44.0,5.068376068376068,0.9615384615384616,687.0,2.935897435897436,37.49,-120.79,1.607,37.49,-120.79,-0.03544253993077364,0.013629419636122688,0.0008799574768124227,-0.0009886592544156203,-0.038938287151835504,-0.01047198721299521,-0.006827996058395588,-0.0019198740981047893,-0.0014819107242760332,0.00046087184918975255,-0.014379504860699823,0.005450015861071895,0.0007728921299166518,-0.0008525048069647832,-0.0036530259439042883,0.0021194371027045524,0.0003822120569797386,-0.0005096972257751416,5.6256316666756576e-05,0.0017355813307521738,0.00258149968861862,-0.0029502347246286083,0.0012007943457409543,-0.00018944066278153682,0.0024592738164264374,-0.033225751511170194,-0.005135747952011019,-0.16085697748795527,5.481749,8.168863,2
2.0893,21.0,4.836734693877551,0.9673469387755104,960.0,3.918367346938776,37.93,-121.24,0.65,37.93,-121.24,0.009966066152251103,-0.023989433077920657,0.002433610569729355,-0.0009924899278604586,0.03840399424564652,-0.04985688576901194,-0.00413685900552818,0.0009698770611383847,-0.0003022598956537214,0.0006523604725471947,0.015248942934280672,0.005103379615262446,0.003461183091637099,0.0007031259272705551,0.0001015545044022566,0.008589859674156541,0.003549700499872259,-0.002710644165085325,-0.0011561863375712934,-0.002976726900561497,0.0006013577864500347,0.0007387058301059581,-0.0039029633343703714,0.0026038287309171227,0.0016276221423878062,0.025029881776644818,-0.013316976257148743,-0.13098282685748186,2.1961482,7.533787,2
2.5444,30.0,4.847953216374269,1.016374269005848,3668.0,4.290058479532164,37.79,-122.28,2.75,37.79,-122.28,-0.008729703735102064,0.0012358339587909722,0.0008394972386775383,0.0005821677611012847,0.043119376800508605,-0.03171300588257511,0.010350288812995621,0.0007520983804743968,-0.0004554451859220997,-0.0002027921508786274,-0.008743857431377478,-2.730891923634994e-05,7.624344397995009e-05,0.001774177528205904,0.0007001438631740266,0.015521719327236982,0.004082255018709791,0.003655383456432289,-0.00020157103448654638,0.002134092866515988,-0.0016138129327890071,0.006691737590465722,0.004375276051206604,0.00035809044273398287,0.0024564293247795774,-0.005555526330988904,0.07250012298341228,-0.11438245640724241,2.4249156,8.554196,2
4.5,36.0,6.332185886402754,1.0550774526678142,1366.0,2.351118760757315,37.66,-121.01,1.514,37.66,-121.01,0.005964881395658538,0.020239350223842746,-0.0022932472078945197,-0.002302789731267104,0.0424212797807259,0.01657168594003326,-0.0007773308724207461,-0.004871133998978594,-2.0532784639371074e-05,0.001557659723491498,0.01813756748062809,-0.003348252547900132,-0.0008886052039563008,0.001526089778801145,-0.0006637605788847209,0.0025962760845110117,-0.006874860961281005,-0.0011214534486581394,0.0007818172522704342,-9.877289537273691e-05,0.002057987330981197,0.0009426918697604702,-2.2348440124882168e-05,0.0018592990869178855,0.0003155716031207832,0.012885852798441665,0.007128903282085973,-0.1079787582333359,8.023379,6.9054112,2
4.3451,24.0,6.483771251931993,1.0911901081916535,2200.0,3.400309119010819,36.71,-121.62,1.778,36.71,-121.62,0.004443542674824482,0.020438945494540693,-0.0017784247055631778,0.0007949579892778942,-0.03962003670996702,0.0247913632860499,0.00035735163196636455,-0.00019270188948636673,0.00010608835842560829,-0.0013560508632088578,0.012861509536274802,-0.002543405993995926,0.0010781873199353276,0.001404142879945177,-0.0015739161399978673,-0.0026892319806031133,-0.011352275967663287,-0.0029087986841885662,-0.0003004824509615121,-0.0014867511542670715,-0.004429958840142646,0.005269786345632436,0.003398189589806657,-0.016273483989969608,-0.001880299543481239,-0.017696696364107603,-0.004240972294821835,-0.06447549487540313,9.64286,9.813212,2
3.7222,30.0,5.484154929577465,1.1003521126760565,1444.0,2.5422535211267605,37.69,-122.1,1.958,37.69,-122.1,-0.007401166796794659,0.01604299942917714,-0.0011987678481527723,-0.0017195860090270857,-0.04457116849383096,0.014436014833039733,-0.009065113986123908,0.0015080352953588656,0.00024398470309225508,0.0008280647284549688,-0.004835798180073824,-0.00030487796621644523,0.0002144390303686859,-0.00149749656641909,-8.874923680597098e-05,0.00021636513060605054,0.002133566958505597,-0.002320261859245272,0.00035226057341294903,-0.0018772728338826172,0.01571199229640115,-0.01983120227391454,-6.139085337313604e-05,0.0007235037126191638,0.00032097168748229795,-0.00022779958899666486,-0.008687788107567544,-0.11684757488553228,6.2941074,7.4805512,2
4.2297,47.0,3.873741994510522,1.0576395242451968,1808.0,1.6541628545288198,37.45,-122.16,4.25,37.45,-122.16,0.11008763384446071,0.007933347637644859,-0.008744131583884025,-0.0011600295746494972,0.19627230687174954,0.01419008625390312,-0.028615697127450417,0.0014243400479640182,-0.0003435924726229669,0.0013181105806444487,0.15615725261853672,0.007737240492783614,-0.0010462394084646796,0.0007829362114762678,0.00030746405236208333,-0.02955442397783187,0.0011690923014201755,-0.0020118376684569355,0.00046991824036232254,-0.002443173356839845,-0.03042836438557035,-0.014719640689779656,0.0024602693007378033,-0.000540653610791714,0.0003181084808521683,0.012660522725688302,0.003713869068578141,-0.027570956065517096,10.304159,7.2284417,2
2.425,46.0,4.927710843373494,1.0180722891566265,772.0,2.325301204819277,36.33,-119.31,0.849,36.33,-119.31,-0.04688255842223365,-0.00570677359614267,0.0012258103779681905,-0.0016182136782200672,-0.05319507825427523,-0.03999351613609395,-0.005588256508774459,-0.0007469000718950157,-0.0009030924160314847,0.00045633968809086765,0.003988643735894205,0.006303931204282269,5.212863513428038e-05,0.0004174889205833627,-0.002551139051558786,-0.002061961370820296,-0.0007024543660988108,-0.0009955784762894569,-0.0002853217026159003,0.0008512219487971928,0.0008476717542756676,-0.006753693561399144,0.0012992487944973358,0.0017395850887455243,-0.00045829322408697524,0.01225363968679352,0.004489414675535674,-0.2677822625232752,-1.0738176,1.5378253,0
3.2216,36.0,5.319796954314721,1.0380710659898478,1454.0,3.6903553299492384,36.92,-121.76,2.383,36.92,-121.76,-0.014632149245360713,0.002787617462782435,0.0008684698891116328,-0.0021026946398320246,-0.00524275723883741,0.0001303175904576465,0.020157524174721535,-0.0017437471360188734,-0.0004941417303186931,0.0008152977359631672,-0.01922039906511642,0.005128241772145863,0.0011255119706246176,0.0011215868702653719,0.0006436214540453895,-0.0006045334658201942,-0.0016461900655002492,-0.006117400573313196,-0.0002107761114214763,0.0005664458214088688,-0.0038698597832842467,-0.00011577062904184621,0.0016943270320154817,0.005992481690636494,0.003483190549410658,0.0015663319120579938,0.02445138497297279,-0.04787092643814504,8.585039,9.315464,2
3.7065,16.0,5.487272727272727,1.0751515151515152,2531.0,3.067878787878788,37.52,-120.84,1.248,37.52,-120.84,0.023821552067103402,0.009460140952872174,-0.0008876552516294261,-0.0017604123429747008,-0.04042049923910315,-0.0074588357782485164,-0.00712442375749626,-0.002592065239441071,-0.0007657067604883393,-3.19998231322867e-05,0.0283342291141753,-0.008276155800539003,0.0008118420639665369,-0.0011778115254370688,0.0003125030816027105,-0.0012468181683751686,0.0010427898035053533,-0.00035479744358472506,-0.00022253750009362398,0.0004976756810661989,-0.0001809260422305258,0.0024660736947079813,-0.0014537525492286797,3.3100373366434034e-05,-0.0008122424149515849,-0.018276077589575602,-0.017446690089427182,-0.15576135202154542,4.380659,6.592397,2
1.5045,43.0,4.58968058968059,1.1203931203931203,1061.0,2.6068796068796067,37.82,-122.27,0.938,37.82,-122.27,-0.04161705685327659,-0.0380233167973324,-0.0029914705349600654,-0.0010269910161867751,-0.03687502727283431,-0.040132044028799364,0.009569432281802754,3.751576228054089e-05,0.0002920771832641542,0.0007363514436064557,-0.007000447717631282,-0.0036500170239019314,0.003475609492660019,-0.001582949665364756,-0.00010822611969775152,-0.0015855556069672306,0.004755050056162797,-0.002960607934284558,0.00044819358505230147,-0.0005764836749200226,0.014201552277632633,-0.023635550687817745,0.0010538854534592546,0.0005999062089634376,-0.0009346182947369419,-0.014076091807686996,0.0016092169930000575,-0.11648814783373948,3.7477803,8.118698,2
2.4414,21.0,4.795148247978437,1.0754716981132075,1446.0,3.8975741239892185,36.86,-120.51,0.719,36.86,-120.51,0.0065449630981035106,8.246258811049849e-05,-0.0018543234933674952,-0.0013280097878574284,0.036664772688167695,-0.04142712694307247,0.001451619788533809,0.0010689165314043912,0.00024354937362825835,-9.469936103938508e-05,0.012954618037691818,-0.008032215416705273,0.001749406385292658,-0.0007308707986242715,0.00019505958951435625,0.010337475133819215,0.00019861077866832806,-0.0018334577938876517,0.0004609657850679174,0.001577129238326519,-0.0034121702184974887,0.0027827732987144582,-0.0006780220551927537,0.003776271393319296,-0.0015455273986927974,-0.0159773333612579,-0.026763306615317655,-0.20821551878983402,-3.1393228,3.232091,0
2.5719,35.0,5.133738601823708,1.127659574468085,1475.0,4.4832826747720365,36.5,-119.26,0.743,36.5,-119.26,-0.021548482958880313,-0.017267874568077234,-0.002074712766826224,-0.0021832179273591434,0.045532107749363726,-0.03944390492340192,-0.0037968529185650165,-0.000723295452237187,0.00038158516310193434,0.0008126608873886648,-0.013576669433363341,0.004773262818845769,0.0009202145557914527,-0.000700190424134558,0.00019747792938304036,0.008547980763912912,-0.0003746721645621064,-0.0003418195502278126,0.00046510539894995776,0.0005761700630346098,0.0031094603929907017,0.00956119681164931,-0.0007549382684643681,0.003812500619972907,-0.0015419864947936268,-0.011464656997478727,-0.022120752666838467,-0.25318617687072814,-4.055903,1.9184523,0
1.9375,52.0,4.209677419354839,0.989247311827957,488.0,2.6236559139784945,37.8,-122.23,1.266,37.8,-122.23,-0.03881380172157996,-0.01737523972019567,0.001891236390428697,-0.001835448801837516,-0.011646050706814466,-0.03849920775633013,0.009379354476721313,0.002312282871724213,0.0014204250470265713,0.0008262658170843192,-0.00545806061507845,-0.0022519745884266207,-0.0026011859988155726,0.00087755527079346,-0.0034488591141973533,-0.002544490710789139,0.005330754365611173,-0.0008061588536097675,0.0017890601285991366,0.0006029268406127212,-0.0008610095706899452,0.0067887393428060685,0.0008317613310473864,-0.002868249107004882,0.0008883871999309757,-0.024880752866312358,-0.0017244243188691295,-0.13207299866051214,3.188904,7.7278676,2
2.9712,52.0,10.105105105105103,1.9339339339339336,796.0,2.3903903903903903,37.0,-122.04,1.166,37.0,-122.04,-0.029866857206397687,-0.020207766246560455,-0.0004066220062590946,-0.0018110427782747776,-0.06928196386215604,-0.02588021456822907,0.013206302935946317,-0.005246448479245865,-0.03751578412993551,0.0009116773176773366,-0.003385736001847727,0.007037565455754385,-0.0073481140371832445,-0.020431402376452686,-0.0005767279802676644,-0.02511630689467987,0.0008028554602453604,-0.001143994384268961,0.0011387773144358796,-0.001336794840555635,-0.014335225896628884,-0.005699711006436312,0.0010908395197916764,0.0020688848468649384,0.0007932560771563178,0.005422166044397897,-0.009348033743122031,-0.037136313652272025,7.865488,9.732962,2
4.5625,21.0,4.667953667953668,1.193050193050193,801.0,3.0926640926640925,37.5,-122.49,5.0,37.5,-122.49,-0.004437778542017061,0.0002895484026951786,-0.001708570955995771,-0.0027329378740632913,0.0033547313008687146,0.012600697924587786,0.018297968292081756,0.0012716652450040487,0.0005082571098478559,-0.0006632395352827524,0.015515692429607394,-0.004477163618427845,-0.00012261138124460095,-0.0009589063017167931,-0.0010049130855772363,0.001686612511388776,0.006131848884220307,0.021328431236796657,0.00035054599649618154,-0.0008406019400724508,-0.009335207906858833,-0.024004050880119688,0.0018698382551393736,0.0006968173595061476,0.0003766253166651792,0.007884247483523017,0.060529674198425955,0.33172418324341296,13.924948,5.5054107,1
3.4073,52.0,5.302521008403361,1.1743697478991597,1430.0,3.004201680672269,37.75,-122.41,2.547,37.75,-122.41,-0.021845393382409123,0.0007264483468497218,-0.0016461297519396669,-0.001775225967691942,-0.03840007696642639,0.02050827848361252,0.10800385798574866,0.00403891445833183,0.0005199230241148545,0.0011681479364866279,-0.010860689785367496,0.00504856956473188,0.010450603432386699,-0.0016838257307659795,-5.403619181092231e-05,-0.0020259337421276204,0.011449961636201334,0.001231446310485894,0.00036711551577031925,-0.002267679606214429,-0.00043059500341777613,-0.011461798537358518,-0.0007833142034269567,0.0006138093906424677,0.0029140497939496284,-0.017411512891208,-0.009017411932181633,0.10208179741077532,14.4969425,4.8712153,1
3.1989,37.0,3.943820224719101,0.99625468164794,939.0,3.5168539325842696,37.47,-122.2,3.208,37.47,-122.2,-0.013840841542772188,0.03647914334279416,0.001042863030425613,-0.0002974208296547564,-0.001357431225737073,-0.002861125708077984,0.017848938859365334,-0.0007358692464787643,-0.0004594013165734924,0.0009507025741462718,-0.018187319467842238,0.00578745561796808,0.0012860877382801887,-0.002634891104321838,0.0005746989058668264,0.0037162663081301175,0.008771659558588071,-0.005273497779838591,-0.0005401264624867084,-0.0017994730060184342,0.021886860481518923,0.022534772727806587,-0.0036487618446409934,0.00029134868796743007,0.00136103423980876,-0.010953208373772297,0.05328112885529884,-0.0037631449119175293,8.461422,9.355677,2
2.7083,16.0,5.1187845303867405,1.0773480662983426,1013.0,2.798342541436464,37.79,-121.27,1.739,37.79,-121.27,0.04010499919919804,-0.024820986645317084,-0.000322841880384905,2.6386067596042954e-05,0.005531737542825007,-0.032667589789007814,-0.0013864825224895903,-0.003052669634824144,-0.0007473596503206953,-0.001000053096057251,0.009530155674861297,0.004797428130323229,0.002457978565486973,-0.0012529035468575632,-0.0003319759114488957,2.610968309109054e-05,0.006020656945345278,-0.0007496962160450937,9.593751850769274e-05,4.610242521430546e-05,0.002406105896027381,0.0016102694655918182,0.0010482197460960833,0.0008731675017946672,0.0009701845311022683,-0.023937763403681245,-0.0026744438101644736,-0.13440143805009483,3.2829683,6.622686,2
4.163,49.0,4.71830985915493,0.98943661971831,660.0,2.323943661971831,37.54,-122.31,3.938,37.54,-122.31,0.0029964358018466325,0.008366467293072668,0.00044411438474108124,-0.0016945483168012334,0.04321858137908848,0.03261448493047251,0.0020203367417684563,0.0006372120833488701,-0.00020919097443218554,0.0005730879785573947,0.004268600582025095,0.006483999224323063,0.0005257946147120393,0.0004938954879882959,-0.003627020696429789,-0.0025904847233089684,-0.002639097663710431,-0.0019923484814388425,0.0002568772241406079,0.006682532485869319,0.021491533075439957,0.027080240902594123,0.0023558054790758474,0.0009022424848716135,0.0008307355554926694,0.03113065645765694,0.046059927809457196,0.036636191650110755,11.920693,5.349577,1
3.93,52.0,4.781578947368421,1.181578947368421,948.0,2.494736842105264,37.76,-122.46,3.9,37.76,-122.46,-0.009076113425261724,0.008212140335993039,-0.0013662653722477363,-0.0020661140709004595,0.014228774560476476,0.03300415097436576,0.059251797261016086,0.002899228279066471,0.0005143073899053123,0.0012932502856551568,-0.017152934892668767,0.00410750959797809,0.005040052508739077,-0.0015736784950698317,-0.00020410902023796352,-0.005362956167020897,0.014265049222710826,0.023173100851315662,0.0003643837637053141,-0.002004298908036215,0.00022914830213390338,-0.015509747926829095,0.002422182712650216,0.0003560233065523224,-0.002259328071960139,0.018113446997378147,0.035167028829388755,0.1034918075705165,13.915584,5.798906,1
1.6854,18.0,4.756535947712418,1.175653594771242,3415.0,2.790032679738562,36.79,-119.82,0.647,36.79,-119.82,0.010041923951454737,-0.032774301188558785,0.0004141241784869485,-0.001728341743221473,-0.006029740565357198,-0.045163044076304934,-0.004538426485941482,-0.0004189705858482816,0.0007169203322341587,1.0811326541505263e-05,0.007449478315768921,-0.005688613723103509,6.795228079133267e-05,-0.0003946752034388116,0.0003662141385614193,0.002569744775711144,0.0039171928787345095,-0.0004792384664514015,-0.0002945755715746672,0.000875439730870202,0.0006732678407728954,0.010051004596014029,-0.0011535729316759257,-0.003989135382058585,0.003009617196770572,-0.02497027946227414,-0.002378554481219158,-0.2554606870187848,-2.252859,2.3013709,0
2.2222,34.0,4.935064935064935,1.0415584415584416,1009.0,2.620779220779221,37.35,-120.61,0.75,37.35,-120.61,-0.02546309554794128,-0.018804766233219868,-0.0020768361215189775,-0.003567052628859118,-0.019967692561837384,-0.04543428142329798,-0.0013737387809238614,-0.0005741321293865096,0.0002176113199325253,0.0008951970013965974,-0.0033205355886228856,0.003759635875267295,0.0007098537110637391,-0.0007357693555283835,0.00014351903677899063,-0.00262042968663408,0.0010056952320947922,-0.000884047924356822,0.00011708945872519973,3.493760162983916e-05,-0.002725781086899308,0.0028242699731998366,0.000955050893856159,0.0001047302243808128,0.00033679344882339376,-0.027995195122083736,0.0008949752909377928,-0.17544302063148762,3.0668075,7.3911314,2
2.5033,9.0,5.012987012987013,1.0506493506493506,2157.0,2.8012987012987014,36.51,-119.56,0.701,36.51,-119.56,0.053565106603475,-0.020315657358993173,-0.0005185328726274934,-0.002858159124272513,0.00018999362817905983,-0.040363316821518135,-0.0038771858286798986,-0.005287259160891832,-0.000754476722101552,-0.0011316103974549014,0.008470490181858022,-0.006411707267594188,-0.0009430190441704796,-0.0011145840813078726,0.00021175982065978972,0.0028980417432301884,-6.314049419522711e-05,-0.0003276242659963943,-0.00029223800224359474,-0.00038625689444444144,-0.0032220945102490995,0.0024275590822529147,-0.001167880456908845,-0.005785677105254203,0.004381740793605159,-0.025681361709682486,-0.002917141429080961,-0.2570836860067422,-1.8738276,3.0881927,0
2.5,35.0,3.36697247706422,1.036697247706422,398.0,3.651376146788991,37.47,-122.22,1.667,37.47,-122.22,-0.02013542382459226,0.04560950649039573,0.0009334734406525454,-0.0017316920037097638,0.03387003296241172,-0.03229872519238587,0.013990247989121669,-0.0006582415782022486,-0.0004454469648213077,-0.0008640995128482502,-0.012418349613869829,0.004791503701271176,0.0017242537062117477,0.0017836715320719418,-0.006105227970305093,-0.021536355014526744,0.0026918089910121772,-0.004352892814800862,-0.00010588683033108637,0.0011406419040924944,-0.012117966596777045,-0.005478522051527829,0.0036608887529723244,-0.00040755408277307515,0.0022230959439825952,-0.005906133701480013,0.025603504926255457,-0.030229974998437138,7.971252,8.993514,2
3.3893,52.0,5.368029739776952,1.1226765799256506,1253.0,2.328996282527881,37.86,-122.26,2.417,37.86,-122.26,-0.017729940078924984,0.0061209915511366295,-0.0011314834390991734,-0.002122178755539624,0.028217598247640686,0.0016181510625192194,0.00230440695924813,0.004847240286209008,0.002422239637334024,0.0011704450267801146,0.010677277447166313,0.0012493774066906107,-0.0026152804639725247,-0.0016569292017041544,-6.633783136942245e-05,0.002255334482494081,0.004851870941516062,-0.003417240036606629,0.00044940249969908295,-0.0024129632845715904,0.015587684807246939,-0.02352224428723796,0.0009277962036667591,0.0008138816643306713,0.002707973514235976,0.024284086380696943,-0.009844558530480725,-0.11501768420589636,8.182275,6.9804893,2
3.1696,17.0,4.07,0.97,307.0,3.07,37.5,-122.04,1.563,37.5,-122.04,0.025123991571616894,0.04064275394863033,6.571438904840105e-05,0.00015439182832372215,-0.01725392588530022,-0.007859574948389342,0.017188036989327506,-0.0009333327238861278,0.0001912219310842749,0.0005035875177208553,0.025229556202283506,-0.007997904960805664,0.0008292131597287154,-0.00034528054820728794,-0.0006549696765910267,0.003852197801767821,-0.0014131536268891926,-0.0011241404336479375,0.002446013145933991,0.0008934202381792528,0.0008361944415895342,-0.0026758498368170984,0.0007482086219585522,-0.0011322113352346854,0.002367598230145635,-0.018697491960132012,-0.017702630596259115,-0.0691795201727915,8.652964,9.503342,2
1.55,17.0,5.425149700598802,1.0808383233532934,672.0,2.0119760479041915,37.56,-120.93,1.661,37.56,-120.93,0.09681205009748184,-0.0236120248501448,-0.004262120732934949,-0.002999866455733714,-0.025988589885844113,-0.01671292756917582,0.005401794981673313,-0.0036974335544439005,-0.0008402489471959265,-0.0001002306253750338,-0.05977035595133205,-0.008304331441680662,0.002584976850238238,-0.000865234371940958,-0.0029845087986010996,-0.007948551607098746,-0.0002202219518817692,-0.0004867019038942721,-0.0003678488805966202,-0.000319122055078205,0.000561141735569803,0.0041545003235437215,0.0013479500003636354,-0.000406549128390193,0.0027906315795143883,0.06512574839260567,0.03971311603432888,-0.12699156957588265,7.188017,7.2869134,2
2.6576,18.0,5.304545454545455,1.0924242424242423,2009.0,3.043939393939394,35.94,-119.06,0.657,35.94,-119.06,0.007254459293127937,-0.02140160334876886,-0.0024120071214320344,-0.00245889139603541,0.016555598556265556,-0.0407872705193672,-0.002990974320826208,-0.0005430336584377245,0.0002746265002506344,0.00023510948728900705,0.009882403852081976,-0.007838478605262107,0.00013579894041552477,-0.0006814871283746177,0.0003755699898018899,0.0011326584308253723,-0.0010276196860254478,0.0005406657894281132,4.721597508218515e-05,-0.0016801441459524374,-0.002128726088590665,0.0014212714887293285,-0.00014013843816893868,-0.003910192475818207,0.004306930846400491,-0.023076582898658732,-0.015394242229890678,-0.23549052706971352,-2.563769,2.9293857,0
4.5208,19.0,5.485074626865671,1.1791044776119404,597.0,4.455223880597015,37.33,-121.85,1.881,37.33,-121.85,-0.003950926918799289,0.016631262452756573,-0.0018591780042677647,-0.0019028078649592742,-0.03439223658413973,0.018438848910535325,-0.02132139541843959,0.0015900337015611289,0.00045362443751028296,-0.0006876602993310051,0.02025547430178107,-0.008434496206464005,0.0003259990141344244,-0.00035276154990929057,-0.003097606476790391,-0.0010303614508798597,-0.000874182979801887,-0.006517821459033684,-0.00022176487062094963,-0.0009145473284382388,-0.005937971407916692,-0.00244515692048607,-0.004582922134268139,0.0009228465594179963,0.0029086605193074516,-0.0026742075120407514,0.013856427144659204,-0.05054163219040574,9.934376,9.677113,2
3.0667,19.0,5.357495881383855,1.0115321252059308,1971.0,3.247116968698517,36.32,-119.79,0.758,36.32,-119.79,0.003248537044936693,-0.015856216849187067,0.001263202227966176,-0.002787758973358543,0.031037196678514636,-0.03157114417921567,-0.008838814660914907,0.0009179451208996031,-0.0003447059506013111,0.00032528173039645086,0.014577844135713138,-0.007973228848246663,0.00013416844890622322,0.0005697547874012072,0.0007511528327283584,-0.001196259312523562,-0.0005303673216255845,-0.0005046601426094055,-0.00048794694446298835,0.002678344777755312,5.1208163583293465e-05,-0.006077479786910665,0.0013593450222614796,-0.00392309001701294,0.004352793899750524,-0.02945681708180083,-0.013820309453583078,-0.26159229552667557,-2.7232332,2.62194,0
1.9722,34.0,4.28695652173913,1.0765217391304347,1172.0,2.0382608695652173,37.36,-118.4,1.161,37.36,-118.4,-0.05516643668162113,-0.02605772035422725,-0.003385876661270446,-0.0045024522709720145,-0.10547239500418956,-0.02264848094160295,0.004459751258570697,2.604883463821357e-05,0.00025404478835964025,0.0011278841055985898,0.036989027764088925,0.004905630113471448,-0.0003746019081837395,-0.0005245075643089721,0.00013354473531287527,-0.010033983318912695,0.00025388102118163096,0.00023140627451467312,0.0001170894587251997,-0.002460321627238128,-0.0030398133917502916,0.00108585735305713,0.002086099448224231,-0.0002730225128655852,0.00011376200041410213,0.060293146807887325,0.027390343398718427,-0.21757072015413106,-0.98851085,1.4817945,0
4.1926,12.0,3.890977443609023,1.1033834586466165,1216.0,2.2857142857142856,37.25,-121.81,2.445,37.25,-121.81,-0.04970088047188051,0.01659964401656749,-0.00024576800566113383,-0.002494301137069372,0.032780610213909635,0.024259254149990098,-0.023125235433480662,-0.003357820196471421,-0.0008765346317978864,-0.001743636484860354,-0.034874006661168536,-0.009792796901120698,0.002261391135097456,-0.0005108234211243956,1.1921146662705089e-05,-0.0026872139923320966,-0.0005536265582830422,-0.0014037889242250192,0.00013780582527573112,-0.001940779165516493,-0.004801713584122047,0.0024522372677854825,0.0007405423204099326,0.0001620931270430141,0.0005418766897043412,0.010677669907257404,-0.0023659087113344487,-0.062487956943788885,8.860436,8.291525,2
4.1098,14.0,5.940279542566709,1.0533672172808133,2235.0,2.8398983481575604,36.83,-119.74,1.082,36.83,-119.74,-0.02617497334653709,0.012131496010796822,-0.0023082003265314194,-0.0012212102110321233,-0.026233016214344637,0.03319027764864713,-0.0048353206812648975,0.002303517561058778,-0.0005440235796155375,8.639898436225491e-06,0.02108499766061164,-0.0074043380699088165,-0.00024396289530014594,0.00012322826374211795,0.0002236478852973665,-0.0016897606398923386,-0.001270558085770081,-2.743706649481099e-05,3.387413165562283e-05,0.0008931184713311034,-0.007946178988481363,0.0008438759829023141,-0.0013816132419942515,-0.005818101445921877,0.004410064969727588,-0.017743624091069263,0.001484091073926473,-0.2419093496648682,0.58027524,2.867449,0
3.3229,9.0,4.5,1.0461538461538462,860.0,1.6538461538461535,36.84,-119.82,1.193,36.84,-119.82,0.028907270352861312,0.017167141302602693,0.0012489255189527325,0.0006357008066697294,0.060775807604048576,-0.004840386629881316,-0.017788648071304237,-0.00862964716632724,0.0006411743669869226,-0.00321788970759275,-0.12785230904503195,-0.0086803644379401,0.0008855374924359324,-0.0012806299280965574,-0.001150149496855844,-0.043190309830687904,0.004291012665105256,-0.0013881468855806841,7.791704857689948e-05,0.007997399474064724,-0.011424938070600894,0.002218100413326059,0.0026318001055372436,0.001507982146955046,-0.000641459798339348,0.03670851120312321,0.042350113500518365,-0.25482355046381033,-1.2023847,2.3770728,0
1.4415,36.0,3.967741935483871,0.9032258064516128,737.0,3.9623655913978495,36.56,-119.6,0.544,36.56,-119.6,-0.01932460837060624,-0.01940249794065223,0.0007691562854989561,0.00039388699177114294,0.048314777425913856,-0.04447130970765987,-0.006555144831064977,-0.001450932026893726,-0.0004500524534351461,0.0006184883675174575,-0.011699682718908618,0.004775494434387761,0.000685921780845632,-0.0018880282096920933,-0.0037173756712577874,0.004181257137657885,-0.00021945551969213353,0.0027463336294734414,0.0030179930090047445,-0.0025222410291399757,0.00534547450553442,-0.019717946828689225,-0.004300142528261475,0.004662508268122637,-0.0002089276111681553,-0.01429012066601262,-0.0185077874944101,-0.26044364288722294,-4.087682,1.6803187,0
4.025,21.0,5.478935698447893,1.048780487804878,1753.0,3.886917960088692,36.89,-121.37,2.938,36.89,-121.37,0.0007376887330400729,0.011783160200774303,-0.0024504866947084305,-0.0005945756890303716,-0.035597411773350206,0.032066592744665556,-0.0007723630819128719,0.0013875380634297946,0.0002692479272694592,-0.0003815785367986249,0.019533774657226503,-0.007743967292882581,0.001424597344262724,-0.0007211414571671041,0.00019951950256915873,0.0006527809154268761,0.0003435950714874192,0.0017256731636428179,0.0004645039154440361,0.002110900247560023,-0.002616325318900809,0.0047103918037618995,0.002435368897783532,0.007891708451953312,0.004075711233963659,-0.010055913579641307,-0.007603592219454526,-0.11571292610873975,6.449181,6.6425157,2
2.3466,28.0,5.227777777777778,0.9722222222222222,588.0,3.2666666666666666,36.3,-119.65,0.534,36.3,-119.65,-0.009161222797897986,-0.021751649765439057,0.0013585302163243562,0.002741703965901906,0.042104355084108015,-0.044810271565551896,-0.00476620305958534,0.001252933694725049,-0.0005297233009101611,0.0004522815010245989,-0.006362614896909153,-0.000632778173332545,0.0009732779285697965,0.0001912756141796053,-0.0034900067462671574,-0.0008685746718056732,-0.0006192859363780282,-0.0004174564048260981,3.1575763042136944e-05,0.002611525365258595,-3.622755832619377e-05,-0.005956844948752418,-0.002072777537896048,0.0018084982867012705,0.0014029243197146853,-0.032723368103686847,-0.012086141650962,-0.27125362370024303,-3.4619176,1.982924,0
2.7188,17.0,6.633228840125392,1.3322884012539185,909.0,2.8495297805642634,37.57,-120.02,1.131,37.57,-120.02,0.03284072275847065,-0.028444389959406867,0.0005729072474895381,-0.00021461936449965367,0.014865044553442454,-0.03631012478556633,-0.005747734034332533,0.0027208103913346797,0.002555612057407898,-0.000624685059121489,0.014161398512147715,0.002966785175091435,0.001189331061622255,-0.016793317787702454,0.0007304450584023559,0.0025657214825806542,0.022202149577338123,-0.0018684575790598999,0.0005502301516046947,-0.0004434262782438762,-0.0015436116862256326,0.013344337615353082,0.0011583004776419602,-0.0006458205166365372,-8.722484023332463e-05,-0.023124720114685863,0.0006537249542915411,-0.18332083669479987,3.0642338,6.480344,2
4.049,19.0,6.121731289449955,1.0820559062218214,2325.0,2.096483318304779,36.83,-119.81,1.26,36.83,-119.81,-0.007186687882793002,0.01728564315130328,-0.0015108338418808182,-0.0015615026373675786,0.011886685467524452,0.0301120810574257,-0.009579190476299558,-0.0007515890891537252,0.00012515222502323134,0.00015714713188251625,-0.03970612028522325,-0.007773347975360039,0.0017098643002067262,6.161483293378226e-05,0.00011498122806613499,0.0028424710006341317,-0.0016123040318025664,-0.000792552708182921,8.750826309417687e-05,-0.00024719653452535696,-0.0069458466500664584,0.002329072821954215,-0.0006828945886688286,-0.005633528831995199,0.004407718214906398,0.037914241938072746,0.026425614963987522,-0.23150181162685146,-0.91033375,2.4370525,0
4.6023,8.0,5.917293233082707,0.9473684210526316,446.0,3.3533834586466167,34.64,-120.44,1.634,34.64,-120.44,-0.04669769188685698,0.01890729183861718,0.0003381441072929229,-0.0022625624662830908,-0.02061058867455338,0.017257992105933845,-0.008719886014404862,-0.00014875538563079063,0.00032772241645687036,-0.007280988246441375,0.03825860998088929,-0.009692840392493228,-0.00021721560937796057,0.0026365842734737102,0.0013069267346996032,-0.0006147968672703281,0.0018488115681385329,0.0031268855565489222,0.0032571989224924863,0.0025953920095514813,-0.0037495898311529106,-0.007595337343771655,-0.0036977813620881713,0.0023502970637862674,0.001950033041402616,-0.00729871478788088,-0.008481509559823306,-0.15215476670537917,6.3879623,6.5067058,2
3.0924,14.0,7.762987012987013,1.4642857142857142,798.0,2.590909090909091,37.29,-119.56,1.146,37.29,-119.56,0.043056133924750044,-0.008045378561587024,0.0007577138797676339,-0.0003977378988239153,-0.06968893271470575,-0.015048385035008629,-0.009825265620761057,0.0018647430808601132,0.0025556120574078975,-0.00013899500460301054,0.00900813328690143,-0.006619984267708079,-0.0003144716673255349,-0.014667164200894875,0.0007699751141836543,-0.005297198332323977,-0.0006277259434058836,0.0010509991808529146,0.001027559974064454,-0.0007174989477562645,-0.014026818803043446,-0.001373294058478796,0.0011846663158523185,-3.4510166164767e-05,0.0005662409361268544,-0.02423963325058685,-0.000597485288595124,-0.2341134090961944,-0.8274518,2.9494543,0
2.2656,15.0,4.755364806866953,1.1321888412017167,2383.0,2.04549356223176,35.26,-120.66,2.262,35.26,-120.66,0.09080316361461624,-0.013826781267732614,-0.001276543956249246,-0.004088612738001163,-0.034677313214291815,-0.01074836259300941,0.006609208733918178,-0.004058696879209188,-0.0005195583381827758,-0.000422063994476714,-0.0610330401321273,-0.009148407177838047,0.002559618045331499,-0.0012357402341900614,0.0002472201864448871,-0.014681983932355399,-0.00454264702750578,-0.002421140525725717,-0.00035369708914078865,0.00044637299986589136,0.0029851936222286095,0.009951433192973307,-0.0006283454066163252,-0.008822874266740735,-0.0022107683488088734,0.06261807378261947,0.03957194241110679,-0.09982799862504958,7.270022,7.3344345,2
4.6654,27.0,5.214765100671141,1.0313199105145414,1178.0,2.635346756152125,37.26,-121.98,3.407,37.26,-121.98,0.013736801411838686,0.01780157774610774,0.0005838869988074358,-0.0008500383778263588,0.002014543405277553,0.02645390875284484,-0.010169180867918768,0.0019793265722554245,0.04219122717178894,0.0016066449489495604,-0.0053641344764684415,0.0019655055055758886,0.0011197952627241214,0.001116855963630543,0.0008248272779357887,0.0005289947260851342,-0.0005645281044630721,-0.0028888119561278364,-0.0005802701338709544,0.004732884689149024,0.0454177892918308,-0.0009338341020479866,0.0013698689710256006,-0.000292403112121321,0.0007302247442272045,-0.013937332256073187,-0.0032485108920809335,-0.04827091507016725,9.667158,9.251862,2
3.48,26.0,5.610619469026549,1.0123893805309734,1524.0,2.697345132743363,37.31,-120.46,0.953,37.31,-120.46,0.0013140074250824864,0.001699358218939836,0.0008543833792376748,-0.0012138154211128415,-0.06558550037442468,-0.010427900457341125,-0.01079869473434182,0.0011076837215892067,-0.0004725810550029665,0.0004190880118375716,-0.012509674808838833,0.0019114688375545153,0.0002913891541565771,0.0016708253602606238,1.883342683222549e-05,-0.0020712107563505564,-0.006915460956006571,-0.003568637450377472,-0.0004756485776765487,0.0018401541793114408,0.004343534400599377,-0.006746949483644364,0.0001382249056073337,-7.254198468207477e-05,0.00021321767652071423,-0.024955837853698377,0.0013007254476155412,-0.2158307425830201,-0.19431676,2.5493264,0
4.6071,14.0,5.674698795180723,1.0271084337349397,1884.0,2.8373493975903616,35.28,-120.7,2.399,35.28,-120.7,-0.04041309289964917,0.018002537244694576,0.0006120352268710027,0.0026931358567104727,0.0022923315858679057,0.03032303109457334,0.00020085199580124777,0.00031923834779457635,8.644757364912453e-05,0.001989566901659046,0.02858095227659097,-0.008022008261654869,0.0002666463788239748,0.0014721267558641246,-0.002025434985452156,-0.0006572228699573665,1.816426516092645e-05,0.0032006789794995555,-0.0002377423271508085,0.0018599641641392577,-0.0026151802142263796,-0.007984831749036343,-0.0004204843905508404,0.002257355511040755,0.0008444893911205638,-0.01366050112994489,0.0032980754738617386,-0.1088352161440672,6.6115193,6.3899508,2
4.3472,52.0,5.256,1.268,473.0,1.892,37.81,-122.42,5.00001,37.81,-122.42,0.09840175727902603,0.0211009710145575,0.005615345799210485,-0.00037792793945884895,0.174539734474175,0.009471948103255882,-0.04020272490504464,0.003440708963577237,-0.03516024336205957,0.002976763373104396,0.14571449245808862,0.004198919451954445,0.003456594660477359,0.02191089686029245,-0.002064530491824688,-0.0012080487887890538,0.015563010675973024,0.01010062932585787,-0.000444618251510723,0.010398147286462857,0.004075231004811853,0.004286437801027118,0.0010704973124886733,-0.00195436147977142,0.002395052978748968,0.0177874868667581,-0.048308063127394454,0.14513279273051,12.862004,6.845851,1
4.6587,10.0,5.838709677419355,1.096774193548387,1779.0,3.1881720430107525,37.93,-121.7,1.525,37.93,-121.7,-0.04440145202351973,0.01807436391921631,-0.00041766091587229384,-0.0004361997422035319,-0.026941602293417046,0.03909520336239268,-0.01864242743517458,-0.0031960577511244044,-0.000566548914918338,-0.0008192655377760765,0.03473689054134533,0.015164797641875255,-0.0004524004828664264,-0.000991400279905077,-0.002741359565509407,-0.0005851475242538283,-0.0004646403510576776,0.0035449900634279942,0.00023589261741237692,-0.002178689434877248,-0.00014153679318731625,0.0009940281474700929,0.0012225459113238146,0.000889756227127389,0.000391839747730481,0.0006136530842556774,-0.0057215318925429625,-0.09483041841398135,6.5919886,6.225756,2
2.6941,11.0,5.599378881987578,1.0854037267080745,2074.0,3.220496894409938,36.93,-120.04,0.633,36.93,-120.04,0.04405774830088369,-0.02390932087574537,-0.0006849270110544852,-0.0034959597935239027,0.030263402166150095,-0.03530673617421144,-0.007186301891794724,-0.0030668973409860452,-0.0007977298055980725,-0.001037871497064541,0.01918393922220719,-0.008455480056430788,5.289292729558134e-05,-0.0006465070479106177,-0.008828175429697759,-0.008828252995744534,-0.00836871244214149,-0.003627516509558647,-0.0002741413996250004,-0.001003432342984421,-0.0024163995746835647,0.0036626098754652292,-0.0014811018587608542,-0.005617426167564441,0.004247700545339458,-0.02342875033947395,-0.012005438638735252,-0.22217072246350208,-2.4500873,3.491335,0
2.9,46.0,4.6394366197183095,1.0591549295774647,854.0,2.4056338028169013,37.88,-122.3,1.448,37.88,-122.3,-0.03972216705226729,0.01395543111180807,-0.0013956881124003327,-0.0017193677303045955,-0.051828226458354144,-0.023904368016100935,0.0034540323963014744,0.0009895881652520326,-0.00029106238742115454,0.000473338249421869,-0.003821005578860107,-0.002004540231436794,0.0026033300827967122,-0.0016510036898805566,-0.0016117196463378254,-0.004018930065747233,0.004972591632853455,-0.0041554432041646504,0.0004080956701445436,-0.0006687955183544489,1.6023648863991148e-05,-0.0012042388359767542,0.0020607573287965125,0.0006170820873332775,-0.0016754078931163342,0.017330395324567063,-0.014469431379717138,-0.13560060405391922,4.801762,8.796163,2
1.6148,16.0,4.365661861074705,1.0996068152031455,1955.0,2.562254259501966,36.32,-119.33,0.866,36.32,-119.33,0.05205810434324141,-0.028213770478401515,-0.0018616337637953465,-0.0028826115535043116,-0.029071017803345693,-0.04210082144682307,-0.004596139447047952,-0.0026563473854788818,-0.0007791173954687491,7.202272726338269e-05,-0.0011592012082521847,-0.006799344722704356,2.8931228507741305e-05,-0.0009880692955237804,0.00031606461279439456,-0.0015455853323255591,-0.0002367505670902182,-0.0006043881103732488,3.5185442692516985e-05,-0.0013784395185614082,-0.0018922226329055165,0.003440455058333589,0.00029936339617992304,-0.003919703595008666,0.004245311001539659,-0.016080157288822176,0.00048285081629831795,-0.25460479580546935,-1.5082545,2.982804,0
2.1516,52.0,2.75,1.0285087719298245,895.0,1.962719298245614,37.78,-122.42,1.875,37.78,-122.42,-0.07126497601175073,0.07297386673214336,0.00562820255084377,-0.004403358000581996,-0.09364704385369395,-0.0041632944608356644,0.04640650582916936,-0.006474196142165557,0.0014578166038252032,0.0009959217314129314,0.024306794123477995,0.002610961412411328,0.0031663567934900215,-0.009378056427463553,-0.00014776615261767405,0.011200961265538906,0.005530460836541347,-0.0490793685792783,-0.00019243550694364014,-0.016251599518967798,-0.0014908149429577297,-0.005382428818420402,0.0026861067525110124,-3.65419177029753e-05,-0.0020983927915691988,0.046424586004368495,0.00757222451486839,0.1014521905687185,13.975766,4.6950045,1
2.395,35.0,6.703333333333333,1.163333333333333,970.0,3.2333333333333334,36.25,-119.69,0.941,36.25,-119.69,-0.022031868681767965,-0.023594928894607924,-0.0022537553761559376,-0.00043285169543344525,0.04489169820017013,-0.043804102899854945,-0.002830233214131412,0.005321819506257426,0.00033796413907857467,0.000855174614178598,-0.009657764172786845,0.004930120586547132,0.001462726113173846,-0.0012127348256911691,0.0034808979869873804,-0.0028966872934835684,0.021789659693117042,-0.0019407029885472073,0.0005357133000627092,-0.001792614549916162,0.002521297162101864,0.009341829963317429,-0.0018434019019902442,0.0008085904309749027,-0.0008031351359825584,-0.030895827688236666,-0.012542300072454075,-0.24643107491535707,-3.8779523,1.9330921,0
1.9076,32.0,3.7895752895752897,0.9806949806949808,2052.0,3.9613899613899615,36.71,-119.55,0.558,36.71,-119.55,-0.007901207736515928,0.041840917652324436,0.002118382897582829,-0.004039570086325131,0.035525239785033205,-0.04428322827094119,-0.00575960918473914,0.0018233491123591419,-0.0005297233009101613,1.2964918623062262e-05,-0.008999904889221554,0.004524618294026287,0.0008573149930321725,-0.00021812000834140215,0.0007715147715831593,-0.01710237308080892,0.004755176164215495,0.003113833052223131,-9.809658520811967e-05,-0.0017338129600828844,0.007762920793587266,-0.004141972102755635,0.0012269832176010366,-0.005962678318800666,0.005762545489966845,-0.016374055348240442,-0.01709566833414287,-0.2627069356880185,-3.344167,2.7168176,0
4.8355,17.0,5.346153846153846,1.0701357466063348,1369.0,3.0972850678733037,37.25,-121.84,1.416,37.25,-121.84,-0.03087138369384886,0.018155947985636574,-0.0010161691507372618,-0.002580315084548768,-0.004230502685125457,0.02253959107417837,-0.017636292447851316,-0.003936774525336677,-0.0007432883155187775,-0.003396379756521446,0.032633979728043334,-0.009903084760134104,0.0002822383842193925,-0.0011679145337106164,-0.0004041340892532437,0.0010816091242129146,-0.0006378935295776306,-0.0015596829414942337,0.00016175091923790666,0.0004512445876969497,-0.0030894694575558947,0.0012406780941962325,-0.0004540055119425582,0.00019881719296426556,0.0007664042019367157,-0.009196562544888955,-0.018800000276556726,-0.057866699215319374,10.240295,8.9994335,2
1.9671,41.0,4.287394957983193,0.9983193277310924,1342.0,2.2554621848739496,35.36,-119.03,0.768,35.36,-119.03,-0.04824145214997717,-0.025237246746829298,0.001955597310650178,-0.004223007782023053,-0.060331308063537564,-0.04025214907954636,-0.0034514670802987353,-0.001093598044368958,-0.00040998129359471507,0.0006816272440564118,0.00830751178119349,0.006354528629226291,-0.00029722038749653763,0.00046745102017520224,0.0004592153161156917,-0.005302224983774851,-0.0012047349145980608,0.00026332794753751313,-0.0005129641920596148,0.0019625384988281804,0.0010395865908300614,-0.004809935768255017,0.0009005685860521263,0.0012220845244575948,-0.0006974571063513374,0.00854053782818874,-0.0034697493237687404,-0.2507918013515939,-1.0843133,1.471773,0
1.7227,52.0,4.954022988505747,1.011494252873563,922.0,2.6494252873563218,37.5,-120.85,0.857,37.5,-120.85,-0.03997165338621127,-0.02842636707217354,0.0016897911010368034,-0.0018552194512663253,-0.0025218799848621474,-0.04506263546302271,-0.003318291924480016,0.0030280016069246934,0.0017275444362825996,0.0011372176789169438,-0.00617698421745829,0.0033249464233070327,-0.003078422435154114,0.00036062595299900105,0.0005602075172141532,0.0026811518134127006,0.000605274138997543,-0.0005223287746939826,-0.0004228595837975819,0.0006403047354792161,0.002347798836084261,-0.0027815213297247635,0.0013885352364014817,0.00016663864318790982,0.0007430796079393664,-0.028560366652033903,0.00040831131425671805,-0.16364721439768667,3.0739522,7.520414,2
3.3479,30.0,4.73225516621743,1.1257861635220126,4065.0,3.652291105121294,37.64,-122.08,1.821,37.64,-122.08,-0.0034566659668794023,0.01166043730981628,-0.0016729402577959505,0.00048252937765844763,-0.009023851515166121,-0.00046717937004926534,0.017977300912650682,0.0014129419372386118,0.00013463540904903474,-0.00019056890587877126,-0.01415786664279379,-0.0005479983230745077,0.0004793043952657423,-0.0007970363578349907,0.0006331539712506218,0.002640806016771651,-0.0072205669013667715,-0.0074685327082374825,-0.00033318114527015126,-0.0008134547740609849,0.013536382161945764,-0.02159816062143389,0.0035367770460325246,-0.00017783039098232453,-0.002035255064628626,-0.003600888870484398,0.021310225727658717,-0.09382635845368269,8.581581,9.165789,2
5.3991,29.0,6.380281690140845,1.039003250270856,2784.0,3.0162513542795235,37.59,-122.48,2.73,37.59,-122.48,-0.007165411094127363,0.021284578766199536,0.0005478065758316464,0.003988754069030713,-0.027409451979736155,-0.014851425344216858,-0.1071878341421923,-0.00029252181593065313,-0.0003483320263272576,-0.0012058223191592147,-0.010373365903296322,-0.0018671913589526435,0.002586188656167071,-0.002575860854207357,-0.002823537487809797,0.0003907242445345708,0.0018989734159546427,-0.01226872607725737,-0.0010506705295577569,0.0007606574082703409,-0.005069742382350014,-0.010102621906340346,-0.0029063882926803988,-0.0006810773366135562,-0.0005433895743358049,-0.007300754925374598,-0.003920689185948089,0.09337694188003695,12.379294,4.7359214,1
4.0524,13.0,4.074949358541526,1.047265361242404,2946.0,1.9891964888588791,37.31,-121.92,2.139,37.31,-121.92,-0.03855253158205742,0.01958334079222259,-0.003581185189777199,-0.002619817330905915,0.08299376638827441,0.02512967342707947,-0.020962808492908328,-0.003320828637443608,-0.000869451346657837,-0.0020790231627944257,-0.13728268049907175,-0.010166293560984294,0.0023538192638917995,-0.0010439595176907704,0.0003340675350040175,-0.005060952043787751,-0.0010931605681608434,-0.003738911826459421,-7.849982363087687e-05,-0.0016934794989147302,-0.0034883205121117224,0.0013387946960760197,-0.001852356099258601,0.0005595125016329712,-0.0017704699830851755,0.03272199274604202,0.004451814268967986,-0.054928173438486216,8.531758,7.821712,2
3.8598,14.0,5.684536082474227,0.9371134020618556,2819.0,2.906185567010309,37.69,-120.97,1.744,37.69,-120.97,0.0031368010588018005,0.012477079325291776,0.0007082321402189966,-0.0011893636121067853,-0.03255266418313134,0.02362273747875464,0.0016330710041501642,0.0004892889577911035,-3.05983746073685e-05,3.479130588094899e-05,0.02392327488881296,0.004405873482306319,0.0022260374895117538,0.0027249845358692354,-0.00021007230503360537,-0.0016534670248728712,-0.0008891291204657582,0.0023386498817475516,0.002463084360637739,0.00040298466131979304,-0.005791145502787001,-0.009799236188845727,-0.002077243943403575,0.00013916322317050712,-0.00013440801732142408,-0.026510931778077902,-0.0025375221455289955,-0.11537054969490426,6.4263163,6.473561,2
4.9327,8.0,6.083870967741936,1.219354838709677,475.0,3.064516129032258,36.83,-119.69,0.895,36.83,-119.69,-0.047659432238757855,0.022855012223635736,0.0006328328177336552,-0.007895525681090072,-0.0027885503584901897,0.024213481435657006,-0.006598358177590043,-0.00011664063550413455,0.0026323232768067258,-0.007352320981655033,0.030591772306334343,-0.009288822036306342,-0.0008529080909767255,-0.0005879584793601817,0.0019580302278598065,-0.0003933357547087988,-0.0020123995978928435,-0.0003003088801111866,-0.00299104564589213,-0.00166770569168504,0.0006205058668962834,0.009293646160238275,-0.00010126440988504557,0.0017111554394620874,0.0010543751419303448,-0.009240728239232672,-0.013283926343492555,-0.24726468059816661,0.8721363,2.8453968,0
1.3451,30.0,4.664429530201343,1.2114093959731544,1116.0,3.74496644295302,35.38,-118.99,0.575,35.38,-118.99,-0.009354017591063572,-0.032206293898191206,0.0011534015112596224,0.0005222549961388239,0.0476870340168358,-0.04451497616213828,-0.002235547653762337,0.0016766462042462702,0.0004928769898509296,0.0005609171592005585,-0.007367346548177588,0.004835944093927557,0.00043612053333515216,-0.0003598413820814104,8.845495482828442e-05,0.005966638823117597,-0.0010867563106713711,0.0008989007803088489,0.00038178844551507794,0.0014911261565093224,0.0016085046646524468,0.00721554492314253,-0.0030756132784497403,0.004072800566987578,-0.0010305747576585139,-0.01290669814999693,-0.017580468402085093,-0.2350074586231365,-3.9836488,2.4432907,0
5.0353,12.0,4.6575539568345325,1.0553956834532374,2516.0,1.8100719424460432,37.56,-122.29,3.058,37.56,-122.29,-0.09016935780262937,0.009615097839899889,-0.0045969980454510125,0.0064979279367465585,0.03675914418533583,0.00567642152476727,0.002225781613227363,-0.003660710616873191,-0.000900842759830207,0.002154040181739416,-0.15201481433318814,-0.00895625278878242,0.0013540071862415762,-0.0015198600359709116,0.0019214338258560773,-0.0044161490350576975,-0.0017970257950562895,-0.0014839899028273346,0.00030508861208387373,0.002361955623572219,-0.01572706133677374,-0.00770075291546823,-0.0023502255935240234,-0.0006139046749344312,-0.00011992616328615912,0.006487070694453165,-0.019937023153151226,-0.006697186705831114,8.445974,7.9470963,2
2.9167,24.0,4.766718506998445,1.0567651632970452,1750.0,1.3608087091757388,37.87,-122.08,1.027,37.87,-122.08,-0.0003632396016133751,0.007128254805639705,0.00038957517235090684,-0.0026419613280067953,-0.07486436445939973,-0.03156529624683613,0.007683305824932834,-0.00032104870669423085,0.00032969742417400137,0.00011546619432630274,-0.06810531265191093,-0.006457997603344866,0.0026317975626870427,-0.001146735583781264,-7.906487415960649e-05,-0.05624271335537451,0.0008349547765880619,-0.0027590108368494167,0.0009127653743338706,-0.011181417686663085,-0.0039678333646443985,0.00569836709856682,0.0002585838421209926,0.0005505448804098429,0.0004866020640527179,-0.022102294110427485,0.03347303318123943,-0.17004818404209004,5.6647735,8.232787,2
3.4722,35.0,3.822274881516588,1.014218009478673,675.0,1.599526066350711,37.83,-122.25,2.431,37.83,-122.25,-0.006582876266753983,0.02078676384726482,-0.003656891391056556,-0.0016942803486537485,0.09710603218565483,-0.010940100522863112,0.01184049121185301,0.0012398877541921409,-0.0004257870103142662,0.0009928363728050865,0.07019971748875682,4.490181832671758e-05,0.00010187105956758333,-0.010049829310112033,-0.002627099052428978,-0.03370561770154154,-4.422922210364217e-05,-0.014837540709352599,0.00026724326325752083,-0.017865807906130238,0.0034269858788820353,-0.013170249558706555,0.003976075270822027,-0.000765457175835604,0.0007904950795049805,-0.008646283000618104,0.021521848824554084,-0.14962290627502947,8.412484,6.652489,2
3.4286,34.0,5.886831275720165,1.0493827160493827,1375.0,2.8292181069958846,35.34,-119.02,0.714,35.34,-119.02,-0.017379924401973217,0.0007657770913166499,-0.0029082600055243524,-0.0017598785909057914,-0.050575446901464635,-0.0167154494302738,-0.029711968624845205,-0.0038279638474757005,-6.63006242514072e-05,0.0008732068880256431,-0.011585590893940881,0.0034426015410792543,0.0012915912425598987,-0.001059650328569575,-0.0003807701728024517,-0.006000577399614225,-0.004806320521292019,-0.002719353618009669,2.1016346375718628e-05,-0.00016937635698137526,-0.004084643623580734,0.00048483977288576275,-0.0003407022136949165,0.0012083108785477632,-0.0008248761205482774,-0.030123765395076472,-0.00022399617076974295,-0.25129207403877435,-0.6147094,2.1897113,0
5.0821,4.0,4.014634146341463,0.9951219512195122,853.0,2.080487804878049,37.44,-121.9,2.655,37.44,-121.9,-0.08749831142226461,0.012208430259753282,-0.0005531963916990881,-0.0034735015083123713,-0.017041557846064145,0.007266168199206718,-0.007259884611836668,-0.007889910278862726,0.0002930928698521263,-0.006280154273715889,-0.06904151677192612,-0.009071672276004892,0.000792328780262195,0.0006012733591394453,-0.0012633975469459324,-0.0022565739068751943,-0.0009167064916509852,-0.001957415841183156,-0.00019841558211837164,0.0011684024149302885,0.0036312734479154543,-0.006087601096604877,0.0019027405617326148,-0.0002600571823783303,0.0008174425843264195,0.02276544084162417,0.0001903523279923859,-0.05861503281456728,8.350898,8.299177,2
3.5331,30.0,5.539115646258503,0.9761904761904762,1804.0,3.068027210884354,37.6,-120.94,1.029,37.6,-120.94,-0.003791894374082098,0.0019529251780219259,0.0006662146568649236,-0.0016584677770913958,-0.039614196346731155,-0.010622808786092522,-0.00656882608769113,0.0010107220772183375,-0.0004725810550029664,0.0004378935039564726,-0.014001622380407114,-0.0008613725818265772,-0.0007063360300454739,0.00038052550819376056,7.061207898224015e-05,-0.0020216442211700857,-0.004550440160261532,0.0010581496055817724,-0.00040881725584911014,0.0018208831342964246,0.003587208601682076,-0.002662153355836875,1.9106873309650158e-05,0.0004995922559974536,0.0005813448009293264,-0.01985794989081629,-0.014832705345622645,-0.15095059982292655,5.684669,7.8656616,2
3.22,52.0,5.956639566395664,1.075880758807588,984.0,2.6666666666666665,37.78,-122.19,1.565,37.78,-122.19,-0.022874872141489824,0.0015134645820916491,-0.0017607358212344566,-0.0013532472129364473,-0.05426423686069073,-0.0029603666496406103,0.014323655416595329,-0.0015815325539599138,0.0020806808002973116,0.0010894222961957685,-0.012325678578123125,-0.004154356847942402,-0.005547128671800905,-0.00012828131065509968,-0.00010090613606717229,-0.0024689109746480814,-0.0015687926795902366,0.006177285244275067,0.0007424585709769001,-6.129226312677693e-05,-0.000443483954701463,-0.0010034341461378072,0.0011087908021352815,0.0006272607574440015,0.0007817233013563539,-0.025865233485526988,-0.008024025084468929,-0.13500782550282273,5.4351335,8.30269,2
2.5703,45.0,4.874251497005988,1.0538922155688624,754.0,2.25748502994012,35.42,-119.03,0.624,35.42,-119.03,-0.04722375185422407,-0.0063631991292095345,-0.0017541487890498483,-0.0017289982829966227,-0.06115590281197129,-0.03675515770480099,-0.002970680302951385,-0.00037655833344915385,-0.00031254703510654374,0.0004744523062650204,0.009424849632190516,0.0063531056469784755,-0.0002972203874965378,-0.00045707493232964813,-0.0032993496913930748,-0.006304610556324033,-0.0013480119417142685,-0.0003368369008231043,-0.00036043110240345586,-0.0015527441756388659,-0.00420780211058968,0.0012531684648338789,0.0013017754888296502,0.0017226996952835751,-0.0005807456816706565,0.005367971443825718,-0.0029617520273744974,-0.2406397708145097,-1.1037325,1.468657,0
4.5625,34.0,5.764119601328904,1.0564784053156149,1019.0,3.3853820598006643,37.36,-121.98,2.427,37.36,-121.98,-0.001979721912072,0.01775645264528895,-0.0024708606398121135,-0.002300902802706219,-0.038503776942461175,0.024890646521041712,-0.008180360103624976,-0.0018229792468034299,-1.9308345137712245e-05,0.001580134752494012,-0.022785685826049513,0.004480841544726515,0.0015802551658258392,-0.0010466721950761473,-0.00031410593588087927,-0.0008114748966546173,-0.003323484617219599,0.00379415788154293,0.0002631543969155754,0.0008529375583694442,-0.003030661114161731,0.00047185395338195243,-0.00379229257677712,0.0002879086657388151,0.0008222379310889184,-0.005917476862521964,0.012908986180283745,-0.03993873636250531,9.509029,9.717287,2
2.73,33.0,5.581218274111675,1.0228426395939083,1245.0,3.1598984771573604,36.34,-119.19,0.969,36.34,-119.19,-0.019496207095468183,-0.026639949365748813,0.001285327602096833,-0.0021140325267784907,0.05322973929400729,-0.03213471786415257,-0.002627976146219047,0.0008324751783534657,-0.0005222339088718684,0.0008111694481711555,-0.011443106018371433,0.004571952206874082,0.001144889804154983,0.0027080773281686864,0.00035361110311656665,-0.008067246067120561,-0.007974610327257584,-0.0029827459086763167,-0.0002449506355963031,0.0012370392164569167,0.0006839201290191616,-0.003576767563151555,-0.0005681412461310659,0.0012078465339081864,-0.0005002207503119246,-0.02128412867397357,-0.011377921762539189,-0.25302097710468185,-3.7831006,1.934503,0
3.0379,47.0,4.8293333333333335,1.0693333333333332,948.0,2.528,36.62,-121.92,2.493,36.62,-121.92,-0.039715670861475455,0.010323773985167787,-0.0017643319051879928,-0.0017397493915372291,-0.03841740743789074,-0.023942028685624176,0.013170687637511561,-0.0006518831942928341,-0.0003397571529185403,0.0007584233372511974,-0.007896741680954571,0.0060375721600474715,0.0003980745565222864,-0.000891913518700076,0.0001699452356856769,-0.00294100849365739,-0.004496869383684773,-0.007570480754446175,0.0001380899230498707,-0.0008131789874310408,-0.0031657032766566023,0.0024225940679893313,0.0007243648619429798,0.00269901088569262,0.0013758027648836599,-0.007050714597580929,-0.010707570116540048,-0.05156445952618411,8.058269,9.760571,2
2.9554,52.0,5.068119891008174,1.0899182561307903,1215.0,3.310626702997275,36.84,-121.4,1.365,36.84,-121.4,-0.026719600285083394,-0.0035101738196437124,-0.0021301210992646933,-0.002250156590946309,0.038898681644446376,-0.030439991989119407,-0.006697012267414882,0.0024301905592982163,0.003026017296437452,0.0011412968843530309,-0.011202155322459348,0.007175373263583806,-0.005091851494140895,-0.0007311775448821634,0.00014494375160577425,0.0023058382360393766,0.0032133967452975393,-0.0008250409866649191,8.244068401368526e-05,-0.0009813227032372637,-0.004918831521022853,0.00487237923299266,-0.001445508040499489,0.0026274173820323623,0.0014037553448334626,-0.027610215510690872,-0.015040821648702036,-0.14168004416751528,2.2388237,7.9966297,2
1.4812,39.0,5.42483660130719,1.1405228758169934,1061.0,3.4673202614379086,36.39,-119.23,0.535,36.39,-119.23,-0.039426152857260276,-0.019366107950505976,-0.004875383877629902,0.0002964868975201667,0.05099081589801383,-0.04494961967760298,-0.0027834865961105194,-0.0015152285898945644,0.0004936769270126086,0.0009243843274262166,-0.011533020028917308,0.005885264645944455,0.0008381595155211291,-0.0007593113210337611,2.8667900302737246e-05,0.0009791279705481221,-0.0008934909658509107,-0.00012872053824106405,0.0003924827661359302,0.0010912781481654528,0.002221872797984393,0.009184869035814818,-0.0029859455271055205,0.004170003158732842,-0.000958140195848472,-0.015496162563256546,-0.01696805380113188,-0.24697907636442634,-4.2713237,1.701776,0
3.2721,11.0,4.522935779816514,1.0428134556574924,1476.0,4.513761467889908,37.39,-120.71,0.738,37.39,-120.71,0.03535100051886919,0.01581447864658652,-0.00039312402337572845,-0.00016255623900695172,-0.011279548282095105,-0.007930640759741764,-0.005940912626218296,-0.005150137488533629,-0.0007874993322005397,-0.003364109612256875,0.035707394909695794,-0.009556553187051078,0.000756092377183819,-0.001148042297272994,-0.00010208297303923238,0.0025178477779455874,0.0011213796526516908,-0.0004557630667416636,0.0004918651154924861,0.0014782218960467173,-0.0012803823886943047,0.004374952704665287,-0.0005337529538546586,0.0019127396954129552,0.00020864301363012554,-0.014394260976432075,-0.028318798470420733,-0.15520261602586075,4.2165637,6.5498433,2
4.0313,39.0,5.266666666666667,1.0484848484848486,406.0,2.4606060606060605,36.62,-121.93,2.538,36.62,-121.93,-0.0024585287493096354,0.016436699790972367,-0.002325790207131594,-0.0015201444746091091,0.007926898585547801,0.03943525834652979,-0.022695429561061332,-0.0008798949427653087,0.00018572807622655975,-0.0012194649455168707,-0.019212097229480883,0.007289861052192391,0.00018001569408491975,0.00014371404403807166,-0.001970691928329967,0.0018716687548854197,-0.004706884457195633,-0.005583349119932237,-0.0018480631787873732,-0.00017179430401728188,-0.0030857742777484275,0.0024841122078433564,-0.0034904317781374182,0.004413595794403158,0.003515501600088959,0.011206243048361446,-0.011468044513773798,-0.04206234486107098,9.360445,8.595362,2
4.0911,43.0,3.7867867867867866,0.951951951951952,836.0,2.5105105105105103,37.38,-122.02,2.246,37.38,-122.02,0.006308722703558312,-0.007979939733928076,0.0009451492799617869,-0.001936490981373247,0.018800784384119817,0.035905910568413274,-0.02867529614333759,-0.001148801971488988,-0.0014658991396462914,0.0005790170344025574,-0.01878719285262035,0.007241679640233763,0.00018001569408491953,-0.0013192522573934407,-0.0008827746755264613,0.0008459474646417471,-0.0003483798195082451,-0.0010737165956588937,-0.00023209748658967243,0.0014594211022293862,0.00341909661188053,-0.004221637103652484,0.001711903211258035,-9.644166905746539e-05,0.0009690142347185076,0.015071610996771106,-0.011299255843692685,-0.06919677379045547,9.347555,8.405957,2
2.619,44.0,3.30142566191446,0.920570264765784,1354.0,2.757637474541752,37.79,-122.2,1.347,37.79,-122.2,-0.0406570800776704,0.053346369271558045,0.001183966482414442,-0.0017157825958837964,0.007972672272009844,-0.03408148000313102,0.023137640566433405,-0.00012339369310297266,-0.001177312272490551,0.0008898287007091478,-0.008811542279541146,-0.005380960852658132,0.00017857580779605288,-0.00956239395077252,0.001666177640471926,1.8647560118046948e-05,0.0035813024001451073,-0.012787745314857275,-0.0017757624669624192,0.0007005899710184435,-0.013962734728076416,0.014846969524967214,0.0006847941599119932,-0.00041706490219081595,-0.0029975025778400805,-0.02671917532491433,-0.0064013734836166755,-0.1377558321117564,3.0468602,8.412085,2
4.3235,32.0,4.821138211382114,1.048780487804878,1067.0,2.1686991869918697,37.89,-122.11,2.795,37.89,-122.11,0.020474948057592632,0.011008789830777846,-0.0025094809986840137,-0.0026608387978925216,0.02074273952166273,0.025719168200643,-0.023621157845931096,0.0022793001043822578,0.00027101446136089803,0.0017596227304960028,0.039484336321896546,-9.586966720926763e-05,8.123956136300725e-05,-0.0015051063382792503,-0.00017870853143237364,-0.002248279395942348,0.0071870883924784685,0.00019722417977255385,0.00032876501831204336,0.00306968590560132,0.0008177442768885482,0.0008843809961675591,0.0020724794230034507,0.0006279429614609419,0.0008089141366019817,0.007476224685000968,0.00028005690202142564,-0.14259566458683323,7.7968183,6.788754,2
2.6458,26.0,5.416666666666667,1.101851851851852,830.0,3.842592592592593,37.82,-121.27,1.275,37.82,-121.27,-0.0033401025618564353,-0.016569603397412553,-0.002068400009046027,2.4721128537233194e-05,0.043539626119915756,-0.041846729137662714,-0.00458276039207698,0.000963012143596328,0.00016709173557514476,0.00023467916440030165,-0.004817687236863102,-0.008632466984184654,-0.00027740580342255764,-0.0007743689779820761,-0.0016694979984350844,0.007727161886956568,0.005289863160476146,-0.00027216853346264655,0.0005296031678628934,0.0007385459404245817,-0.00021449146193887013,0.0029873943681328788,-0.0034036061163719095,0.00308973264287315,0.0017575316904177058,-0.008904787645232342,-0.013604486065880989,-0.13618993477693628,2.1534429,7.66623,2
4.1705,11.0,5.563758389261745,1.0100671140939597,913.0,3.063758389261745,37.66,-121.04,1.628,37.66,-121.04,-0.03403285672615713,0.015257983106273883,-0.0003227383026358934,-0.0010979301113207174,-0.015673414850966846,0.029487139967761877,-0.0035787043028810365,-0.0036810799255557634,0.00038112700011060704,-0.004298591197540973,0.025584412871083498,0.0015407609588936689,0.0020801618450966048,0.00308727609739324,8.185329667412223e-05,-0.00629251308579681,-0.0018371256934685107,0.0028673532474530724,-0.00037903640524356637,0.0021791663617595214,0.0012532058020888034,0.00022243722075935188,0.0016802838775745578,0.000976206889930731,0.0010525486938739986,-0.016077021328051923,-0.013814548469311705,-0.11211308803175879,6.544241,6.310857,2
3.4048,30.0,7.088541666666667,1.5208333333333333,628.0,1.6354166666666667,36.55,-121.94,4.871,36.55,-121.94,0.01693751989159489,0.004434621753247041,0.005678728366430051,-0.001513682281190304,0.1251538961282329,0.009709419617396345,0.016304845714387086,-0.008725733428160715,0.003147772622380287,0.0007039304905747611,0.05827372015006748,0.004422219461124756,0.00023907210104571965,-0.023567434100617134,0.00697064895149517,0.1687294680928906,0.025483559049613098,0.016250144511823234,-0.0006790724020628466,0.02274205543661449,-0.006691753547661416,0.004642226398681887,0.0027448378703984148,0.0031486688874706134,0.003675478470883321,0.07331709254699559,0.04976114288746393,-0.003679812872168126,9.991257,7.385297,2
4.5075,39.0,5.2509855453350855,1.0420499342969776,1744.0,2.2917214191852824,37.51,-122.27,3.649,37.51,-122.27,0.04247071199585642,0.018071514144777596,-0.0019646759468203343,-0.001766306493565987,0.035571428470627844,0.0224882121742568,0.005162600692570479,-0.0003835851419108667,0.00024032719664038982,0.0005796078079874755,-0.001066759980201407,0.005342058307447592,0.0018344073552159276,-0.001043606841853617,0.0004379810186266939,4.131821919513284e-05,-0.0012341483693116882,-0.002017475671609101,0.0004256421092407814,-0.002927727893094065,-0.012017791205988778,-0.009132515689146773,-3.473141181419344e-05,-0.001524102016555833,0.0014306070387477522,0.011987460946462745,-0.00563707322972396,-0.006777494296101732,9.771746,8.101799,2
5.0365,52.0,4.884057971014493,1.036231884057971,925.0,1.6757246376811594,37.8,-122.43,5.0,37.8,-122.43,0.10539160432594286,0.009492506119731021,-0.0038259830202822345,-5.920100563181177e-05,0.1263311079456183,-0.018371137267778004,-0.040853653468293206,0.004083385359178182,0.0013074261042319564,0.003053181696783897,0.1458423421631525,0.0022004166244611744,0.0023888706666385035,-0.0001666907782551329,0.0004401049566544965,-0.036310787903563305,0.011803889003234076,0.010745713812076105,5.926129953921808e-05,0.0012949213142950536,9.790181831441833e-05,0.0003682609110107881,0.004889334385358101,0.00022437631300007864,-0.0016145907383478726,0.012050684284080938,-0.038415894557303924,0.14048669879215533,12.853727,6.8167305,1
2.3173,30.0,6.115942028985507,1.1768115942028985,1301.0,3.7710144927536233,37.6,-121.2,0.865,37.6,-121.2,-0.010372642598251837,-0.01959040036300146,-0.0024668711530210926,-0.00017480045427903967,0.042186485072835345,-0.04290012956360506,-0.004228405113982256,0.00038122036639700967,9.411310442618845e-05,0.0006026023017817714,-0.0076612751334074825,-0.00137596200937579,-0.000791876915702199,8.849609236743692e-05,0.0001771031003442811,0.008700252312109058,-0.007277599545975333,0.0018388303454802252,0.0007861301749103875,0.0007828884720225704,-0.0047210379036040214,-0.0003240196975625147,-0.0024177864414431953,0.002420900338700662,0.0014032340105917833,-0.014851011405187148,-0.0177408560906511,-0.13907248858797927,2.0766082,7.720129,2
4.4085,52.0,4.68561872909699,1.060200668896321,2023.0,1.6914715719063544,37.77,-122.44,4.0,37.77,-122.44,0.09784966542047621,0.007214881046547748,-0.006110493789667926,0.00011628621548084103,0.14417978479331264,-0.00936880968847909,-0.04049289287072718,0.00371370550731679,0.0019096030060984201,-4.555985065815575e-05,0.14692223994865317,0.002250478109393488,0.0023695970399598776,-0.0019207454387153275,-4.828157553760802e-05,0.001305295021366871,0.014044864844787364,0.02251590393176733,0.00040686934871631957,0.001686737564831591,-0.0016180840232794386,0.0005905034235711802,0.0016215438924060146,0.0005100284468801849,0.0019920078854456405,0.005064825342965434,-0.05342835043285947,0.09422385880797128,12.810422,6.847628,1
4.7328,45.0,5.573913043478261,1.0847826086956522,1056.0,2.2956521739130435,37.78,-122.51,3.511,37.78,-122.51,0.043247079944333015,0.021687896217948036,-0.0011836912868525206,-0.0020804551353414713,0.011973096339405728,-0.0031732265024828205,-0.007113039723145414,0.00019289993928465343,3.758795051786695e-07,0.0014206858695226207,-0.0013385814774989314,0.0012706328616829733,0.004514730944424768,-0.0012045270501802546,-0.0009959930423293435,0.015405559796401147,0.005036856758211947,0.008503110509389598,0.0004500324347756729,-0.0023672228583017686,-0.0017863020733433121,-0.015957720569783042,0.002034211292137234,0.00027535085143415457,-0.0018669215107979635,0.005849350683134863,0.00728187148857986,0.09695227529272649,12.564338,4.89104,1
1.8144,19.0,4.3485576923076925,1.1466346153846154,2051.0,4.930288461538462,35.79,-119.1,0.498,35.79,-119.1,0.008905485826856525,-0.021536025071040334,-0.0026004754684281596,-0.003420725790219053,0.039572773977042494,-0.043670849210545724,-0.002076436804759469,0.0011428840763478291,0.0006947535422594697,0.0004748571078031628,0.010605061692785881,-0.008619961597280044,0.0005169229664796388,-0.0005355447889291217,0.00040173069646058706,0.0059896758291904575,-0.0011909325877732942,0.0019832631355653886,-0.00023969985716711163,0.0004953725272925044,0.0021531172757242884,0.007733136278474032,0.0007737465845836616,-0.006268468746271438,0.005615647141434864,-0.016563557020315995,-0.017662796863409966,-0.22960854186556234,-2.8289561,3.2174792,0
3.7734,48.0,5.300829875518672,1.1369294605809128,1285.0,2.66597510373444,37.75,-122.48,3.147,37.75,-122.48,-0.009170966760393678,0.015006180692998462,-0.0013686566306446472,-0.0016131716337480914,-0.043392579064208195,0.030388042478258083,0.07171035290416089,0.0010768998601422802,0.00044032288519583443,0.0008658825670795177,-0.01979614586441365,0.00028290379980887363,0.008297752794625704,-0.001612006313176796,-0.0002780102616371836,-0.0012391556436489096,0.01285665759697679,0.011913785202140712,0.0003664440458875347,-0.0017350047786622639,-0.0013612950665586089,-0.016280120747280157,0.001016325701809397,0.0006196824004474015,0.00129142559167567,-0.026996825340237455,-0.024454568307702665,0.08493188106131168,14.2915,4.6325045,1
3.0435,40.0,5.009803921568627,1.0196078431372548,771.0,2.519607843137255,35.36,-119.04,0.695,35.36,-119.04,-0.038944243431917616,-0.008904049971583509,0.0013022911862751547,-0.0016340022844799692,-0.03683506000914983,-0.02911705687404571,-0.0068134738601642155,-0.0016307581115301405,-0.00044737285039334664,0.000456982190335274,-0.008110177696357425,0.00579889421110872,0.0009113434679633672,0.0005505893538219637,-0.0025606928367485583,-0.0036844424130902964,-0.0017450574257235048,0.00011303494055648857,-0.00029665539788748256,0.0004788040550898214,0.0007110220686040132,-0.003834850855936491,0.0012795340544761431,0.0017835683147889756,-0.0004465281256323838,-0.002957709275794182,-0.0008642755063099436,-0.25058772575629856,-1.0805252,1.6025513,0
2.5904,23.0,4.659630606860159,0.9973614775725592,1885.0,2.4868073878627968,36.83,-119.7,0.714,36.83,-119.7,-0.00121187834640679,0.00011913652381297647,0.001300067744545642,-0.0021791191649266984,-0.03885188461502704,-0.036887742732747274,-0.004754131568915207,0.0005634479584000026,-0.0002900732782637379,-0.00032702680709332697,0.006643606628735795,-0.004443737047448015,0.0023604297085235214,0.0005667034660373414,0.0006550060614647813,-0.0035858920055020452,0.004224344975107933,-0.0015252492086384858,-0.0004845516187831169,0.0014159449804120525,0.008585149967253153,-0.004848276609907332,0.00047856924878782495,0.0010148238145180947,-0.000752101059675465,0.010528846712623665,0.005917521276191138,-0.2732817848733113,-1.0776565,1.8733547,0
4.2281,26.0,5.990062111801242,1.049689440993789,2288.0,2.8422360248447207,37.71,-121.93,2.06,37.71,-121.93,0.014852474265310844,0.018284091068280328,-0.002603808648394812,0.0004211549256727272,-0.008216546364485034,0.02802560672666685,-0.028811287450062457,0.0005480271325452337,-1.4274118830423534e-06,-0.001179518479757839,-0.012008066110148059,-0.0029376458793419708,0.0004303838003446177,7.477640045167023e-05,-0.0001352972933701739,0.00011179485747406999,-0.0021147439571528965,0.00632277206677929,0.00033445762690851883,0.0007666848083980036,0.0025238375061490317,-0.0002377182887013306,-0.0015209325605648573,-0.0001951542397314055,-0.00041344795796200155,-0.01593122814509745,-0.0038334662215156537,-0.07363346895056547,9.478457,9.2690525,2
2.0976,25.0,3.660839160839161,0.944055944055944,1505.0,5.2622377622377625,35.99,-119.96,0.477,35.99,-119.96,-0.0008556842448458208,0.03511810153628488,0.0019233008685205838,-0.003106190674984727,0.03474019651826243,-0.04624101354361673,-0.009812563486473387,0.0019994940102288604,-0.00036439069525982923,0.00028705363633780635,-0.003301937472615733,-0.003160158285636009,0.0003789238113125835,-0.0013672345773615316,0.0010868350205823878,-0.018282764432491334,0.002182659764942658,0.003396629724824191,0.002716531710970409,-0.0024125119845119854,0.007730835373989259,-0.02642199602229575,-0.0023725131500676837,0.003953043752517368,-0.0009049140660413734,-0.019676192348481638,-0.02789775579669272,-0.23448909201063692,-3.3639896,2.6952264,0
2.6631,26.0,3.8046783625731,1.0900584795321635,2246.0,2.626900584795321,37.66,-122.42,2.44,37.66,-122.42,-0.0061189752867683,0.0666161419944664,-0.002226684480725496,-0.0010258868000004398,-0.010502372604739808,-0.011557691610558182,0.01192515128121013,0.0024923151066863648,0.00023844731264152988,-0.00010852876081184758,-0.006020770888233937,-0.00021730493306481525,0.0018439539169213992,0.005302586318894349,0.00011412690877203832,0.01727274336241484,0.005516093029976023,-0.00014391163212735918,0.0002481721326016257,-0.0004864566275532562,0.00046947414874150175,-0.0036448981052327814,-0.0017518247739881333,-0.00023255399535667158,0.0019378214562436773,-0.028194141801875457,-0.03337503696429087,0.08098913999749416,12.953614,4.9143133,1
3.6895,14.0,5.316441441441442,1.125,2648.0,2.981981981981982,37.12,-121.65,2.393,37.12,-121.65,0.02894141869526285,0.009454491913564162,-0.0003482273186156523,-0.001775881541674691,-0.03844946639607003,-0.002650023305722798,0.007074382418253011,-0.0025911889688716994,-0.000765382843514899,-3.7010514883711e-05,0.02768012457798209,-0.00909638107427515,0.000564158228605888,-0.0011952172652737567,0.0004202917414199489,-0.0011548939832159498,-0.0011980580699268017,-0.0037595004022021655,-0.00013734622642210594,-0.0016048325404170527,-0.0046775926611742945,-0.000853173499797197,-0.0011596709055929834,0.0003828293369253338,-0.0014353498414477707,-0.01761792872429858,-0.006581824698157846,-0.07204288353525082,9.044309,9.8941765,2
4.6719,24.0,6.924901185770751,1.0296442687747036,1490.0,2.944664031620553,35.31,-120.7,3.37,35.31,-120.7,0.00933283097839182,0.021038879727778983,0.0009404489054542538,-0.0009689372150235125,0.005703306742307991,0.038259520220199954,0.00021611796542959867,-0.0034018973429029843,-0.0002649887463546023,0.0009534744013071458,0.014290725726376236,-0.0001401949538798638,0.00025991829845434006,-0.0013184160086033188,-0.0012739662577885228,0.004042575150248762,0.015412835095803438,-0.0004343931754892848,-0.0010743775961781217,0.0017570365875994578,-0.0025503952930000587,-0.008034108639091821,-0.0005823485211064908,0.0018290283769943165,0.0005678347560079261,-0.02001091508590773,0.0005399547403550157,-0.09798994958224003,6.825807,6.6704607,2
2.25,15.0,6.11214953271028,1.2554517133956389,730.0,2.2741433021806854,35.68,-118.06,0.675,35.68,-118.06,0.06499620344817987,-0.03570649950199672,0.0006945650760709337,-0.0027425385156586604,-0.043656847035255825,-0.03276072567821988,-0.011569351181678211,0.0016020781579844947,0.0026951951870123484,-0.000192437375193192,-0.024343395297082824,-0.008465784857589045,0.00202009123834205,-7.03991453473892e-05,0.0007557561804162605,-0.004441214817333651,-0.0028767379845443,-0.003076984867371136,-0.0007699376793512574,-0.0015289141371844252,-0.00026089579996814606,0.008631864526435296,0.0012145525740807667,0.0018657510942691204,-0.0006603967502968748,0.011239441678071995,0.008041944461650593,-0.1377673434128127,3.8569896,6.411603,2
3.7813,41.0,6.003787878787879,1.178030303030303,1091.0,2.066287878787879,37.9,-122.54,3.892,37.9,-122.54,0.025477549116620035,0.01941834808635965,-0.001050075066355031,-0.0013994957725895374,0.12477848659279284,0.038564094636877315,0.06251783423361679,-0.0005163582042089854,0.00012099965208632566,0.0017883820507363988,0.0812420168312138,0.0014003393770521142,0.0039057177686362995,-0.0003879741428419268,6.770746452661311e-07,0.0032201984535529084,0.002142207557798621,0.006187253541050268,0.000684529939510017,0.0008189547155376037,-0.004337678410665751,-0.018401248917307007,0.004469468060597634,0.0004648542794799997,-0.0018813468170065669,0.02924535731239568,-0.011605945498259019,0.15099141451133524,13.51444,6.6148047,1
2.3095,36.0,4.692847124824684,1.0364656381486677,2151.0,3.016830294530154,37.3,-120.46,0.683,37.3,-120.46,-0.023577588838989878,1.4027642576989915e-05,0.0010669598286065865,-0.00368658932666947,0.024819745666041716,-0.043430077822058474,-0.00035594268078952874,-0.0017491375187297618,-0.00038535680806421694,0.00026173072540421977,-0.008233248974149447,0.005409334141124695,0.0006866906740022095,0.0011069589719040927,0.0007765868059170674,0.004003152140215084,-8.543029433803035e-05,-0.0026257370324081954,-0.0007248676947989479,5.039417579689152e-05,-0.0018537796846780277,0.0022812461110513537,-0.0015190361812013038,-0.0019392401899213396,0.00045834156050474767,-0.019449775757518255,-0.009775596169349216,-0.19902595010011623,-3.6834874,3.0353005,0
3.24,9.0,6.218106995884773,1.257201646090535,2239.0,2.303497942386832,35.52,-121.11,2.646,35.52,-121.11,0.0390180246914029,0.007090305240237374,0.0005548057429197825,-0.002679136838612677,0.030565705749976954,0.00023179431154832334,-0.006121316877129624,0.008789733132816741,0.002592497404365221,-0.000593494274227813,-0.02560058333139517,-0.009552595216101321,0.002269801690618739,0.0014953675555912044,-0.0012401555764001157,0.0031229396591238323,0.0025958193973159805,-0.0023406951724679235,0.0003167131494944114,-0.0017986431302645693,0.0009666370198287673,0.0037188058486881297,0.0007767738693749206,-0.011668474916827803,-0.001813548907351464,0.017290376053042518,0.007508314117456656,-0.1314359811149327,7.641335,7.203877,2
3.2685,52.0,4.844943820224719,1.0292134831460673,872.0,1.9595505617977529,37.77,-122.25,2.542,37.77,-122.25,-0.02191712653121517,0.009800593179994708,0.001468602214884415,-0.002238521628710799,0.06908235690153733,0.003253242903560561,0.012464763750552568,0.004686095633397788,0.0014578166038252032,0.0011182458177223346,0.05874817689426716,-0.00168755833855479,-0.0020860516827077022,0.0016168566560568766,-0.0011422805034956413,-0.009169436249045315,0.005200838920492052,-0.0024770984689182957,-0.000195897119167781,-0.019062164286880873,-0.0020241534443275703,0.002296668627609419,0.0021903383607787064,0.0004723179781383497,-0.0011699684324315489,0.034141750144686726,-0.007496780343568455,-0.12749064762983378,8.4491005,6.6540704,2
3.4306,34.0,5.774410774410774,0.9764309764309764,780.0,2.6262626262626263,36.22,-119.09,0.743,36.22,-119.09,-0.019115050405724237,0.0021324751199364757,0.0008950507502746456,-0.001235683227347356,-0.07164690204879653,-0.016823700351548395,-0.03172734720854331,-0.0012381365247357999,-0.00042889021040048357,0.00075523950430805,-0.009265487647127325,0.003441178558831439,0.0012954313865158227,0.0015543674204844702,0.0022692124350669252,-0.003588063163807903,-0.00660914702095666,-0.003062305899208826,-0.0005000877019697002,0.0024100258009707395,0.0013303392772946276,-0.003933979046484121,0.0011910428809821226,0.0014718328021769702,-0.0003792557313567845,-0.028502197756789877,0.00027584589903171955,-0.2606759042106895,-0.6081417,2.1959763,0
5.0782,52.0,4.85377358490566,0.9669811320754716,461.0,2.1745283018867925,37.73,-122.43,3.108,37.73,-122.43,0.033818093955600405,0.004571764234789839,-0.0005615153075838159,-0.010896066719151542,-0.034474053710434154,-0.01413659851350676,-0.02696205275131169,0.0038292643090931363,0.001452200969615661,0.0020055203556158478,0.0015251406151110343,0.002111551151130051,0.002534431764588345,0.0007469808907883684,-0.005266311860606089,-0.00340410247239656,0.011598861068443678,0.008064275330264263,0.0014382392303158825,-0.0018115930517744819,-0.0003194378726324626,0.004361256299990682,-0.0005634884468227648,-0.0019322727216260988,0.0013078173437682029,0.016118820428014442,-0.011787251508412486,0.06616847383086724,12.500546,4.790821,1
2.7857,8.0,5.680733944954128,1.255045871559633,1454.0,2.6678899082568805,36.78,-119.85,0.797,36.78,-119.85,0.056475292781736644,-0.02754497890206293,0.00023181638626614155,-3.163054574055891e-05,-0.00044086602951525297,-0.0340015284709248,-0.0038583628696894847,-0.0022012550988423866,0.0026430105306617597,-0.004209114989191389,0.006556887859508954,-0.006374882150118998,-0.0009210765568621313,-0.0010372896529953015,-0.0003433874366809521,-0.0009304213169599865,-0.003251228825951121,-0.001972211489518599,-3.0164362999557616e-05,-0.00041442771376003467,0.0007147998498707488,0.009584280494582006,-0.00018620175724236147,0.001152521205943064,-0.0008733452539760132,-0.02407743488652052,-0.001063489899083267,-0.26531684410279865,-1.8360918,3.0634475,0
4.25,1.0,20.125,2.9285714285714284,402.0,3.5892857142857144,37.65,-120.93,1.892,37.65,-120.93,-0.045149925608801315,0.027742773367033315,0.0014224353169053298,-0.0031371549493016864,-0.03152574169093914,0.030545506142529693,0.005790316478576126,0.01419066413544072,0.0024741778438652816,0.017152067779251403,0.04135692915838462,0.002655692781521903,0.0002741882065056742,-0.037942367271699126,0.00756154627698071,0.0043340938575737445,-0.01247872629817071,-0.013417757239782592,-0.004033176466798833,1.8871304117591573e-05,-0.0009684982458779562,-0.0008588814241209733,0.0056399119937927435,-0.0025586936887165537,0.001857699792616309,-0.003551823699665166,-0.01568640214244502,-0.09077604513991566,6.5413947,6.239818,2
2.2574,23.0,6.018229166666667,1.2682291666666667,1019.0,2.653645833333333,36.63,-118.18,1.047,36.63,-118.18,0.00233649757109492,-0.030558018484542843,-0.0002233641284812922,-0.0030430462448789307,-0.013014370320597969,-0.03899402689888217,-0.012791638571086677,-0.0001816825484364048,0.0033664832005320887,0.00019715420120196622,0.008251242939284843,-0.0039006686527781596,0.0018503781161975845,-0.03263784911298801,0.00021495008923273307,0.0006590816472039105,-0.00394955386218646,-0.0012992001132091917,0.00015341034768114989,-0.0006604364309684802,0.002229742744311174,0.007224682448375987,0.0008370169892005,0.001626649190102635,-0.0007739456017730452,-0.02151706880516044,0.007626380171415016,-0.140628364859275,3.1386383,7.167056,2
4.5795,28.0,6.025390625,1.078125,1277.0,2.494140625,37.31,-121.88,2.628,37.31,-121.88,0.012813373994726833,0.018173781605007863,-0.0019088827271803214,-0.002105916494252483,0.011819504225391327,0.018897137707929133,-0.013760977197556165,0.0006518856433113286,-6.361857527638703e-07,0.0013741007186290565,-0.0008173741836074299,0.0024995661672837484,0.0007067954282848709,0.00012538345536594858,0.0002971552611821641,-0.0009325704585332925,-0.0011685141286003648,0.00647000510978978,0.0004733857176004477,-0.0005341618635945168,-0.001970917904800128,0.0022737199478417855,0.0006155996220485144,-0.00035546793353501913,0.0006725103109875793,0.00932408901038582,-0.005136960363516959,-0.05697627751936798,9.628528,8.474963,2
3.6563,14.0,6.032154340836013,1.0418006430868167,1031.0,3.315112540192926,36.8,-119.85,0.888,36.8,-119.85,0.02654750818274849,0.0029944518761382366,-0.0020621935988853553,-0.0008345809716538592,-0.025089911688954723,-0.01451597109432209,-0.025613122192400833,0.0025827417891101305,-0.0005619045128702075,-0.0005754973569867957,0.03029935421607239,-0.008388865758910815,7.964794641219241e-05,0.00010593794093254538,0.00026326188553123166,-0.002983954011029523,-0.00159960640840653,-0.0020756626565074693,0.000330392929710955,-0.0004470964597698204,-0.00777775005661807,0.0006971802220568966,-0.0025309487074451644,0.001417799134933327,-0.00042534426898205313,-0.029887725489718985,-0.014702939103473246,-0.271303839712464,-0.55473405,2.86256,0
3.6312,7.0,4.579741379310345,1.0948275862068966,1358.0,2.9267241379310347,37.76,-121.43,1.476,37.76,-121.43,0.026134550234451027,0.015132373757763024,-0.00016191386843301953,-0.0007624769222114129,-0.038351346054513714,-0.007622670559436424,-0.0057717626658375125,-0.006775248431239166,-0.0008182547019035774,-0.005601897428825511,0.02580203903565452,0.0037819656918759094,-0.0001144545834825264,-0.0012239881540377473,-0.0005288770298896258,0.00408000198194857,0.0057234338406960345,-0.0010699177355433442,0.00013894239291641414,-0.001506979055123813,-0.0015316891310482748,0.002157299127673825,0.000239121042609219,0.0008721012831619068,0.00048070565534028063,-0.032161222007057275,-0.009356890219837436,-0.13143515194767738,4.461143,6.5452347,2
3.5395,24.0,5.140350877192983,1.0315789473684212,1448.0,2.5403508771929824,37.66,-120.97,1.279,37.66,-120.97,-0.008632902485873782,0.004678709697456649,0.0005546360037583685,-0.0015006686513043244,-0.05410263808926496,-0.005924728499735788,-0.005962554499501797,0.00013625534079732342,-0.00024137851276635262,0.0002895151871002039,0.014024115737607055,-0.006086947418220078,0.0004468553376457924,0.001058199152530061,0.00022732799967787432,-0.0009929308211327247,0.004891133669869207,-0.0008483135410799063,-0.00034683222610520795,-0.00030284982512071833,0.0037920381798046037,0.0006297123615227955,0.00023946028411139222,0.001016044570726556,0.00024275116249346877,0.0029942542298838004,0.005599025644004787,-0.12908243541380593,4.963475,8.223734,2
3.2447,12.0,4.936859147328656,1.0286022665947112,4656.0,2.512682137075013,37.7,-121.01,1.422,37.7,-121.01,0.039120045898525635,0.010959507820114674,-0.00010587572398416408,-0.0005626258674322881,-0.023631749100322463,-0.0044891615595961856,-0.00702122062147695,-0.002377420047562529,0.00033272611318500817,0.0005841548468892267,0.008455205580798524,0.003596282852691594,0.0027289674068996937,0.0007608882567755532,0.00041970657032941455,-0.0014022491670028663,0.005212800846389203,-0.002067737669136009,2.1810279887301252e-05,0.0008668554019187707,0.0020070099068025984,-0.0015419935155380157,-0.0010279086556033363,0.005912197600717219,-0.004572796637739123,0.0066516157991662744,0.006809589270343885,-0.12417491538489352,4.598589,6.66531,2
4.2006,24.0,5.972222222222222,1.1150793650793651,1360.0,2.6984126984126986,36.98,-121.94,2.907,36.98,-121.94,0.009851364385503525,0.016901580549077953,-0.0019351516420179386,-0.001626185461924846,0.013877160025328282,0.027462094595240447,-0.029356200026358737,0.0011191011444084264,0.0003153080672110397,0.000895958208063959,0.020923621107182485,0.0003392554747135023,0.0011379020291058372,0.00014993825564918808,0.00016347237063035118,0.00038461734267064557,-0.001348142756933015,0.004861051870177025,0.0004764154414424041,-0.0010938432316475511,0.0001390678425285251,-0.0011770495589442924,0.00019019297505308937,0.0019736151454096103,0.0009472956790247853,-0.01316482045736627,-0.002380053720996796,-0.05662313290578255,9.816171,8.664631,2
3.7852,37.0,7.3,1.3966666666666667,490.0,1.6333333333333333,36.55,-121.92,4.658,36.55,-121.92,0.008225396577345969,0.0160755834977841,0.005733886533571649,-0.00028392248468968296,0.17287634732607832,0.018740095193890822,-0.014869501758844245,0.0015335409926686145,0.0031625136621803345,0.001808200102285802,0.07621406529529906,0.008530946607695749,-0.002721131100475513,-0.020936962959234383,0.011491703691578233,0.16477836361399287,0.024793195053924518,0.015568460347041103,-0.0023194552685941593,0.02314828748404005,0.0037118979307676175,0.01150201744189677,0.006107907112965618,0.0037839812114614344,0.006884764853179492,0.06401894149759986,0.04850195687569171,-0.01348134261119278,9.97865,7.3610263,2
3.526,17.0,5.733606557377049,1.0956284153005464,1656.0,2.262295081967213,35.32,-120.84,1.839,35.32,-120.84,0.018712095867788717,0.005281484971124338,-0.0011474192071017873,-0.0013622302129700967,0.03861605236777592,0.00250495879323521,-0.004546107915556643,0.0003476576627323062,-0.0005691273299498715,-0.0004076481360601582,-0.04843409595849386,-0.009355923528847516,0.0026073130138493344,-0.000841450025096226,-0.0004579951667785666,0.0019769859027899722,-0.007052251112549477,-0.0016973553798826908,1.498977582735764e-05,-0.002695710430673767,-0.000276372822316106,0.0069865155853921284,0.00013471211635004705,0.002376743775770948,0.0006433578690855928,0.015110502402380802,0.008466354294272768,-0.13603615867420996,7.8016686,7.466327,2
4.2188,17.0,6.024793388429752,1.1074380165289257,431.0,3.56198347107438,37.54,-120.72,1.313,37.54,-120.72,-0.021680195485531375,0.019103583129179473,-0.0009430723518755936,-0.0020809775943910237,-0.03125155361341537,0.03353840001467076,-0.0004385861306379763,0.004088691185272961,-0.0004371464673751755,-0.00038058288565004025,0.05379057360324807,-0.008503228397348322,0.0007473160209463094,-0.0006739064814663179,-0.0001468907929488894,0.0013177562672509657,-0.004650173944933471,0.0004471245544807801,-0.002544819516948214,2.716540428566972e-05,-0.0027157268956079575,0.00574917140844304,0.009727595165922238,0.0018146773601475867,0.0018194707948288192,-0.00823988539445522,-0.024530207958080103,-0.1327672102485727,6.33499,6.411117,2
3.1205,30.0,4.132530120481928,0.9718875502008032,753.0,3.0240963855421685,36.97,-122.0,2.405,36.97,-122.0,-0.00413134104375352,0.04260001899940337,0.0013519447759215702,-0.001057699417398585,-0.018176714270483195,-0.00675981836280696,0.01470117327842145,0.0018270042036469857,-0.0004255874803442259,0.00041845595411795953,-0.013527848645686597,0.005108384742541411,0.0007052192145199874,3.262634948245755e-05,-0.003665295444948529,0.003333108799784585,-0.0014507367972068092,-0.0019198398449669716,0.00013887374409892603,0.0008023082678388526,0.0018294745800839698,-0.005270573023446691,0.0009196165591398118,0.002597950720382415,0.0013541260124736389,-0.019730425679854904,-0.011719462796704683,-0.06919650264954831,8.353976,9.357189,2
2.0062,29.0,3.681318681318681,1.175824175824176,202.0,2.21978021978022,37.81,-122.26,1.25,37.81,-122.26,-0.020031164187292543,0.05307886308658077,-0.0013042221108731976,0.032567913217622764,-0.04812753163389517,-0.03732123346364458,0.00826156904620909,0.001949470799016903,0.00023646385504275097,-0.0011295195165865165,0.011512839098716868,-0.0017585893768290934,-0.0004208702229818199,0.006134432718151969,0.004486174718241861,0.01872168282777601,0.005340534140313761,-0.006215563982409397,-0.0035229571796592087,0.0013119309702420592,0.014592553894215125,-0.01780018021208958,-0.004111056414181051,-0.0057435237502965805,0.0013675537719808225,0.02049131207040368,-0.011776590707599692,-0.1194577281157063,4.963575,8.936097,2
1.625,34.0,4.473684210526316,1.0833333333333333,795.0,3.486842105263158,35.38,-118.98,0.508,35.38,-118.98,-0.018646739495380107,-0.035736691522691995,-0.003270966988951899,0.00029681234246024715,0.04745829848376383,-0.04368287211271218,-0.0028561854704056587,-0.0006678367245579441,0.00011365230499559779,0.0006391433374206116,-0.011565395521426127,0.004276078826914597,0.0008760563538455515,-0.0007464431164150374,-0.0013485252211217695,0.002594098480941716,-0.0012806770892181108,0.00030353105825830677,0.00043629890488917965,0.0012057879427164312,-0.0021515745905026193,0.001752825510244873,-0.003101000832780072,0.004209757664615029,-0.001039007097468596,-0.015600954018764702,-0.01719004802131879,-0.23607740976240738,-3.9996994,2.2241504,0
2.9783,19.0,5.093514328808446,1.009049773755656,2426.0,3.659125188536953,37.66,-120.9,0.825,37.66,-120.9,0.003932570715938101,-0.013792838290453932,0.0009522283263683523,-0.0018610445250253878,0.03332656684600183,-0.029564822417997468,-0.008757263313954114,0.0007695792253150903,-0.0002920550544525326,0.0004770093654856823,0.015067754778370553,0.0028128378724876775,0.002502147304248008,0.0005555967946392584,0.000495931853544703,0.005923225065945756,0.005094450143820427,-0.00047805297508699625,0.0021810403056703493,-0.0001880005784308735,0.0007284345382229593,-0.0008259540856916877,0.005771274432257673,-0.005944618580684684,-0.0005591706726527539,-0.018762013996601986,-0.02167944215170897,-0.13200253692555383,2.4115653,7.389117,2
4.4597,29.0,5.61578947368421,1.1228070175438596,1722.0,3.0210526315789474,37.14,-122.11,2.041,37.14,-122.11,0.008119882288418685,0.017915979239751367,-0.004045705159588738,-0.0013634290588196384,-0.02177344574761912,0.024798625388196986,-0.013847643862594414,0.0010713329594011242,-2.193948761860706e-05,0.0008006022017458076,-0.01260651092237934,-0.0003331251659985687,0.0014634026779407098,-0.0009581504291048086,-0.00048291290522917726,-4.1585125356754907e-05,-0.0033830079783512892,0.006352683183426266,0.00026625374881491214,-0.0005650441783722322,-0.028115776018265034,-0.06181169240808828,-0.0006401663617346624,-8.370401627669155e-05,0.0005358610955208496,-0.013263935034460914,-0.014099446922779774,-0.020240891025211382,9.533537,9.825822,2
2.5208,52.0,3.9081632653061225,1.0357142857142858,448.0,2.2857142857142856,37.4,-122.08,3.167,37.4,-122.08,-0.028817476231745954,0.030445491873553387,0.0009450927008840728,1.4576197936971532e-05,-0.04634617723060238,-0.031155262707790694,0.017371046940352446,-0.007227742604065122,0.0013973477462324007,0.001020861208720402,0.00887139086797364,0.007821572166935393,-0.006943751955911972,0.0006039502018411144,-0.00374356258518468,-0.0033830621816666718,-0.0008431990858704926,0.0030977992682987175,-0.0007931384084332307,-0.0010190550279130697,-0.0020301852696074,0.006897977569985351,-0.001785499982583814,0.00032813111313914124,0.003158170487697745,0.008961552605370335,-0.011465814615976013,-0.05011988805943216,7.9902854,9.699005,2
2.7399,18.0,3.480611045828437,1.1104582843713278,1639.0,1.9259694477085785,37.52,-122.21,0.875,37.52,-122.21,0.03158030063462323,0.0619013072721348,-0.004411675076313789,-0.0021579568487405947,-0.07327564385498152,-0.015061826611722064,0.02017784327674034,-0.00019538088830397944,0.0001888696675542071,-0.00015119036989051792,-0.04712115081704978,-0.008048730680750023,0.0023541018495308835,0.0012677634667992862,0.001500062244455941,0.007994831038858865,0.0021189044982787,-0.002632708546859799,0.0004572826815065124,0.0015055530798417788,-0.02303368423132949,-0.051638026079949016,0.00032229463478212903,-0.0006317674219910329,0.00023598155942620544,0.04596476054896822,0.001129503284413639,-0.04670169962973626,8.868576,9.41932,2
3.32,40.0,4.548821548821548,1.1111111111111112,701.0,2.3602693602693603,37.56,-122.31,2.929,37.56,-122.31,-0.03000111002133816,0.013626341841240883,-0.0018476688539315032,-0.0014627882076199599,0.04078455235267583,0.006642399414488911,0.0313589998764375,-0.0005849963289245908,0.0002187351740676445,0.00047499775832126093,0.008659903897406106,0.0044218844005343635,0.0017765817929207611,-0.0006484410585880122,-0.0031145945230254372,-0.0024859237944660512,-0.002495806906053816,-0.004648600361685009,5.7557077369789637e-05,-0.004143999207864413,-0.019360374171798773,-0.05631464135319346,0.002052409311843395,0.0002534649806880641,0.000833897409239335,0.02390852551736962,0.049943827679014695,0.01046895700282728,9.798382,7.9234405,2
3.7738,18.0,7.545253863134658,1.5143487858719646,970.0,2.141280353200883,35.42,-120.94,2.794,35.42,-120.94,-0.008699591166187225,0.017963272492673776,0.001203296168787487,-0.0010919116021947894,0.01362009171341937,0.020302963722195196,-0.003383424787152838,0.003005157287533963,0.003310114887397896,-0.00010600165776654895,-0.0373773531324555,-0.00785052383371138,0.0011994824750659926,-0.019860090950533406,0.00018495463833572453,-0.0022372332082351235,0.007685938737225772,-0.007417915764469653,0.0004928106518599432,-0.006100662133627723,-0.011323460181440769,0.0036553208063287734,0.0021073018860842873,0.0021919996258916983,0.0006260202439777719,0.03412433617056753,0.026945967312579193,-0.10309325154822968,7.884119,7.577001,2
4.0581,7.0,7.054014598540146,1.235036496350365,3617.0,2.64014598540146,35.2,-118.66,1.629,35.2,-118.66,0.0018175000123692373,0.015852687188585804,0.0008169827139043974,-0.00041625284781529625,-0.022391078885910784,0.02888080900894073,-0.00894058887732053,0.012834572699971077,0.0026615198536468505,0.0004429345077242053,0.015196513563519523,-0.00764102385461608,-0.0009472950716746868,0.0012395719741275129,0.000874960621617959,0.0016656527327428778,0.01632033204641723,-0.0003667265389268907,9.938350856802022e-05,-0.0012178940320042618,0.003589396174444349,0.008554555157145068,-0.002423772928088662,-0.004629080410204843,0.0027640154211150407,-0.01684268826135419,0.003948080318503177,-0.18186573942905127,6.0838637,7.051359,2
4.5721,24.0,5.339331619537275,0.9845758354755784,1488.0,3.8251928020565553,37.6,-122.03,2.147,37.6,-122.03,0.006606741646762645,0.016395416726459576,0.0001502693769713971,-0.0012744746215008565,-0.029617476936162363,0.02488705432626796,-0.01103307722638511,0.0011366245017460346,-0.00029818856085180376,0.001241074614539895,0.016222885619105867,-0.009633678636684077,0.0011839214060120362,0.0006403105635098621,0.0006570913366984245,-0.0017389170459925678,-0.0043000475447327905,-0.005935940688965792,-0.0004538278072545685,0.00011759685969324102,0.003173292940744235,0.00024224353393094333,-0.0006789828821656394,0.0005138129658871601,0.0014920784519662496,-0.005153725427770037,0.021024927812853176,-0.058562556726788076,9.863218,9.717818,2
3.0149,52.0,4.276639344262295,1.0450819672131149,1197.0,2.4528688524590163,37.8,-122.25,2.184,37.8,-122.25,-0.027416392151209727,0.03165193859739328,-0.0014896177207053137,-0.0021354271744056246,-0.05604021185171617,-0.025107446781956373,0.003909880816295705,0.0038028807227296567,0.001962133091300233,0.0011704450267801146,-0.0056847112933497085,-0.0013311299050509163,-0.0027976378842190066,-0.0014835583309356663,-2.8825646124015127e-05,-0.00803394004258114,0.0047411088563847105,-0.004765148786838458,0.00042660055387201164,-0.0006939913621007569,-0.00046980771047773083,-0.0014500509162844702,0.0009302723917206917,0.0008625508847156379,0.002633802305286509,0.005647661413447532,-0.012885283219013,-0.1311083346182426,4.995901,8.787895,2
3.7422,42.0,5.019077901430842,1.0747217806041336,1603.0,2.548489666136725,37.57,-122.31,2.926,37.57,-122.31,-0.004898327115302754,0.018509865133664503,-0.0019043683144227728,-0.001936806956963143,-0.03855691458381471,0.027403487869696538,0.02241681270991833,-0.0006699851866672637,0.00023442284172394534,0.0008673861738026335,-0.019522662395616553,0.00015056039758174148,0.003075513918617441,-0.0010666505717867086,0.0002881144847887326,-0.0017311935101543131,-0.0027412434199446537,-0.000495795066853754,0.0004256421092407814,0.001179110548616373,-0.009634170901532981,-0.008521650854262068,-0.0006624408663855498,-0.001578991635376074,0.001962873862687533,0.007210273487260138,0.024609984576172965,-0.02013496040473487,9.347432,9.710517,2
1.8839,25.0,5.232294617563739,1.0509915014164306,1460.0,4.135977337110481,36.31,-119.61,0.463,36.31,-119.61,-0.0015946853289836665,-0.015156066599319293,-0.0012611051005837694,-0.003224472070567918,0.046305757994369784,-0.04410635628965984,-0.003980829538926894,0.0016759688430846257,0.00024354937362825802,0.0002597955609192161,-0.003870783694407751,-0.0033664699666107445,0.0007027338876225106,-0.0006730553428407032,0.0001927749097096205,0.007238893936996511,-0.000302311760929963,-0.00014911420891919422,0.00044324753241227173,0.0004637299634780788,-0.002339985064640017,0.0025167975582984043,-0.00030171815438913296,0.0037968637253357543,-0.001552857350230766,-0.016062696708307973,-0.022010514399466937,-0.2552045081934615,-3.7397137,2.2403638,0
3.6343,5.0,5.4822695035461,1.0354609929078014,1283.0,3.033096926713948,36.22,-119.32,0.954,36.22,-119.32,0.024715092824835746,0.0038987132769215996,-0.0005227452686709294,-0.000772301839350735,-0.03835819874174024,-0.014009484889491877,-0.026690549908498652,-0.006192909885268891,0.00036209704227642344,-0.005573191153213701,0.02743019100689368,-0.008517577141048938,-0.0009768384997023189,0.0013803764350736958,8.010899892708543e-05,-0.00169127869947519,-0.00018872411199452545,-0.0006628452787909861,-0.00041668378317575303,-0.00014566158027165855,-0.0022281114345442123,0.0018758029734936182,0.00018471392984641187,0.0011847835464194843,-0.0007369180470715668,-0.025398004713015985,-0.013923569048951853,-0.2626241437852257,-0.56295174,2.8951256,0
2.8125,39.0,6.766871165644171,1.0736196319018405,446.0,2.736196319018405,37.26,-121.93,2.913,37.26,-121.93,-0.04163642276995231,-0.03036577463909074,-0.0020763774918518023,-0.0004904779141559381,0.014955870887730307,-0.027751197687398463,0.02209129488895336,0.007373354794387144,7.510005571132932e-06,0.0008828646363202978,-0.007963348816054216,0.0066544281715906,-0.0015689562911962059,-0.00014886723386593525,0.012416651928201398,0.0010400445996064226,0.012137341873115295,0.013847521659797645,-0.0032365147041348466,0.0002893666244094447,-0.0033510160048464328,0.0013563818439315653,-0.0021070440112085018,-0.0005667507568058068,0.005799297910190009,-0.02483310362842933,-0.003415655956829613,-0.049700370898097666,8.108827,9.419546,2
5.0176,19.0,6.061538461538461,0.9564102564102565,1264.0,3.241025641025641,37.77,-121.48,2.742,37.77,-121.48,-0.0025455527415988253,0.01913641002231429,0.0004467090535517587,-0.0012586100555158576,-0.01801107025302083,0.0289551795310571,0.010451654770475395,-9.72356995019567e-05,-0.0003771705615222222,-0.000637756831396345,0.02122231028384473,0.002555563479857781,0.0006152640829579658,0.0018291405779340144,-0.0008134562693630736,-0.00025578030354262815,-0.0043420435520983135,0.0018794471567037479,-0.0007369865791628794,0.002271165651297952,0.0019994521933351284,0.0009152300645499029,-7.695484749386607e-05,0.0008261701972518639,0.0008730290976632522,-0.018988871942439905,-0.007134143937424172,-0.09359187992081527,6.6479106,6.430191,2
2.234,32.0,4.892271662763466,1.0960187353629978,1765.0,4.133489461358314,36.87,-120.13,0.617,36.87,-120.13,-0.009708466495920977,-0.007629906026903559,-0.002271244185817725,-0.003769815252532221,0.04119713393642481,-0.04635295554804965,-0.0075150204451514225,0.0015211519304390568,9.676975123847607e-05,0.0002827865279183824,-0.009529653683515275,0.004524618294026287,0.0008193325483307148,-0.0006947394213436178,0.0002469920399609164,0.01011322272152167,0.00031963605823113735,-0.002537697820716134,0.0004828236516056033,0.0006514182672281479,-0.002095758092668799,0.0037722470959901623,-0.0003024141720285014,0.0037971041468245056,-0.0015443082743008664,-0.01340791591152297,-0.029502597083234508,-0.22106391293255892,-3.8461707,2.7478144,0
2.9406,24.0,5.11600928074246,1.0893271461716938,2362.0,2.7401392111368907,36.77,-119.73,0.73,36.77,-119.73,-0.0014211714474306044,-0.015952621078180396,-0.002412798347562313,-0.001114504089252118,-0.0005595882194188318,-0.031728510087677145,-0.00881931851254383,0.0008438483378653445,0.0003252667492246321,-0.00030163194264484793,0.011291956536584649,-0.00021259539284915294,0.0012386765097903872,-0.00069741258265915,0.0003676922688784741,0.00018133386385251637,0.004064048617871285,-0.0002538053287227981,-0.0002250897333051863,-0.00010969216229653661,-0.006542443439764621,0.0020835040417606374,-0.0011600965579627311,-0.003977751290568393,0.003054123243638923,-0.02233503552837103,-0.0024600509845242036,-0.2593600957598232,-2.2866263,2.2479253,0
2.9821,35.0,5.57089552238806,1.037313432835821,729.0,2.720149253731343,37.6,-120.95,0.974,37.6,-120.95,-0.0243309904493507,-0.016283241200283457,0.001254411832784887,-0.0012499832118337884,-0.00672792435576246,-0.030845828361693466,-0.005604485065982758,-0.001182436123021041,-0.0004586267032507812,0.0007542362259322959,-0.006419442555772883,-0.0022242325304129527,-0.00014191345369374698,0.0011338054147261706,5.339126882821855e-05,-0.0055272352667338955,-0.010107031543905727,0.0005031484471722518,8.99014823126804e-05,3.002235076814662e-05,0.00133709193394347,0.0026372171777792994,0.001252801138785225,0.0009670892858574861,0.0008566849992781,-0.024950458338683368,-0.00019757435903452607,-0.150078920018586,3.0996375,7.449994,2
3.2246,19.0,5.764024933214603,1.0792520035618878,3559.0,3.1691896705253786,37.69,-121.08,1.293,37.69,-121.08,-0.0015141002392132581,0.00130619039673445,-0.00201462179271743,-0.0021540340240288535,-0.010498257672735416,-0.010395581728387138,-0.006314206999091781,0.00012994249313550595,0.00018920557263534972,0.00013122027679712405,0.01939507374406512,0.003188720436315052,0.002547659508227418,-0.001086489196522398,-0.0005591110564934785,-0.0024954085013215005,-0.0010167623905611941,0.0011933354002719874,-0.0003834305571388079,-0.0006709538243470998,-0.0011804134930097033,0.002421285431710617,0.0008727798437102277,0.0011953718268955323,-0.001423838694403144,-0.02774528027841218,-0.01300093839159159,-0.1281837244409629,4.359145,6.8420596,2
2.4598,36.0,5.358381502890174,1.1059730250481696,1438.0,2.770712909441233,37.76,-122.16,1.555,37.76,-122.16,-0.0267879462913321,-0.021118838093861714,-0.0020774038709777238,-0.0017896467236279158,0.00702572780149471,-0.033114813062755384,0.02080119512918535,-0.00012035915986411494,0.00021793523690596576,0.0009400301178649312,-0.00533729319630893,-0.0026786801579437047,0.0006863804539733165,-0.001523828768465553,-9.491980212224747e-05,0.0013787998762572,0.00473819015806229,-0.002157366689163757,0.00044819358505230147,-0.0009548815802375938,0.012296003993347267,-0.021623029594450238,-9.802167392216055e-05,0.0007016409671848705,0.0002477981323334074,-0.026800357440073665,-0.0008599250867676293,-0.11949520796356067,2.6997416,7.9138093,2
3.1103,20.0,6.618497109826589,1.1445086705202312,431.0,2.491329479768786,37.32,-121.95,2.819,37.32,-121.95,-0.004070322959558306,-0.0024202271535504055,-0.0022462341452436536,0.00038009734329711516,-0.02012660540211628,-0.003067278985590737,0.011954450253918477,-0.0025289394397291476,0.0002954951208497525,-2.0195710817469994e-05,0.014443617497977073,-0.007810042859444114,0.0014755244932001129,-0.0002572056403842666,0.006690895200843122,0.0010786889223889124,0.017707847873727766,0.00394862989648902,-0.0032866630197228063,-0.0008310979743357877,-0.005072984347020152,-0.0011868089547670076,-0.0017084097682318734,-0.0011127337720815422,0.003322663266739258,0.00912152623935571,-0.01337128684187188,-0.052592667388034274,8.224795,9.548715,2
5.1788,16.0,5.245329000812347,1.0852965069049554,4375.0,3.554021121039805,37.7,-122.45,2.67,37.7,-122.45,-0.043477334591370057,0.01930793278663851,0.00012639832799859414,0.010789616087407479,-0.029084198363912548,-0.011102898134193004,-0.06960183045536193,-0.002419343196402814,-0.0008265881433757083,0.005213939060054118,0.06855792993171884,-0.0036082219421658232,-0.006072300756029144,-0.0018421396110869202,0.0016603758805690096,0.0010701136604104673,0.007544493507775392,0.007421539795523187,-0.00010585981043486638,-0.0011225964325780546,0.0020303196361508022,-0.012591778975242832,0.0033909399819495546,-0.00017195673901961787,0.002040978537637136,0.00188412219467647,-4.684307205258974e-05,0.06228914102403025,12.325057,4.7766204,1
1.9718,32.0,5.5,1.0685279187817258,1301.0,3.302030456852792,35.4,-119.47,0.698,35.4,-119.47,-0.010237105609741715,-0.014416105569651299,-0.0011927879422299111,-0.0035943053554942307,0.04033510713187106,-0.04677827972862779,-0.003974935732453473,0.0011670287525400735,7.618327373334837e-05,0.0005609285780963179,-0.0070950543559529814,0.004436140733878066,0.001036915961515601,-0.0009598600624235443,-0.00040780335481397045,-0.00035937711558579145,-0.0037706545062602057,-0.0015134682837623658,2.388152517343969e-05,-0.001935264887292044,-0.003338588081203977,0.0024105623646575427,-0.0002891809349269595,0.0012029684161122,-0.0005660709756359342,-0.03167007430878069,-0.013241909686123621,-0.2635262701538617,-3.5929306,2.080232,0
3.7917,24.0,5.3580246913580245,0.9547325102880658,693.0,2.851851851851852,36.61,-119.45,0.905,36.61,-119.45,-0.0032838433894347824,0.012791190391838275,0.0010005357545909454,-0.0008642197426005502,-0.02779982381841492,0.022039026518650577,-0.011207455544980791,0.0004980792903478366,-0.0013701926712134085,0.00013369202204027513,0.015199136055909666,-2.5486720011292876e-05,0.0010847755555687198,-0.0008044186926383819,-0.0037164003396270226,-0.0012626124225407899,-0.0004806451650487554,0.0009994477954479951,-2.212188603615201e-05,0.0026056102816035096,0.0005479958434273883,-0.006142121553738352,0.0013301572845072498,0.0011027798040467122,0.0012741797177051892,-0.020783545110252252,0.00045088792865963906,-0.26074820065283416,0.34010145,2.7679524,0
2.6583,52.0,4.310204081632653,0.9142857142857144,792.0,3.23265306122449,37.78,-122.21,1.426,37.78,-122.21,-0.019799744635779982,0.019368090414927645,0.0008872058171189704,-0.0003048860695462627,0.053963145820257505,-0.02620288603694497,0.02158098350350237,0.005304936621933877,0.0015494636606078853,0.0008597662074322411,-0.011375626532865954,-0.0025708086010681423,-0.005629086032546527,0.0006632491909438535,-0.0011245548892639778,0.004930931016902899,0.004949839448880626,-0.0005553893664973098,-0.0017791360791766806,0.00018733131427027254,-0.012009711071755092,0.020816720571395945,-0.0017254852131988285,-0.00015973921606568043,-0.0023931617969319935,-0.019625479936249628,0.0006209272028574763,-0.12536276630781854,2.5265503,8.413642,2
4.3864,35.0,5.415637860082304,0.9197530864197532,1349.0,2.7757201646090537,37.68,-122.15,2.052,37.68,-122.15,-0.002796838262258155,0.018484122609126852,0.0011216427237404453,-0.0023568612650582666,-0.020032029314466807,0.022043235598029894,-0.022362555101492765,-0.00041968140176589896,-0.0011699358238328253,0.0019177037679712259,-0.010998036475870913,-0.0017215211541264095,0.001222048694739518,0.0008636399164122801,0.0002115524441146978,0.0005864419555518913,0.0028746489643919322,-0.00013125340602871392,-0.0017764560762362537,0.0011743678981325349,-0.00297887030902395,0.02784517760628934,0.00037143104054403235,-0.0001654541130734459,-0.002933790402243103,-0.018200756994881183,-0.0006893127757837123,-0.11115893971410017,6.7482066,7.2819066,2
3.2239,52.0,3.996007984031936,1.037924151696607,939.0,1.874251497005988,37.77,-122.44,4.889,37.77,-122.44,-0.035460789300342264,0.03371499644920728,0.002655432090452247,-0.002391811759507888,0.03348584129350507,0.02799229738920129,0.11199232906951737,-0.003883453508560144,0.0013973477462324007,0.0013820757861404004,0.06334141003330984,0.002512901844908166,0.0031947004181163514,0.00020704630954985733,0.00016065009721558343,-0.0065016495143162675,0.014471764808836511,0.027579796810674493,-4.697870941619023e-05,0.0022035076773251772,0.0022861453240498666,0.0013993594051162877,0.0023269755649566533,0.00020055974629464685,-0.0022175007077165606,0.038499859104377594,-0.01779566225343144,0.12797302338472585,13.777078,6.41181,1
5.0714,33.0,5.799319727891157,0.9914965986394558,1739.0,2.957482993197279,37.27,-121.9,2.556,37.27,-121.9,0.0038180935442408697,0.018929265545121046,0.0009983183425428769,-0.0005556856746702008,-0.0244368325098842,0.024527977345682603,-0.009774647483401287,0.0012052864631091305,-0.00036322577190184014,0.0009972671802768855,-0.015397533674970446,0.003585454247683778,0.0014895362676102227,0.0016051968056095592,-0.0004436338415441591,-2.384622303538974e-05,-0.003398813041387911,0.005665248637728759,-0.0002928155370240017,0.001050059379478405,0.0037506205503654564,-0.005619124771457497,-0.00043019988782989405,-0.00033516316557363074,0.0008325576784713851,-0.02343149945610569,-0.008775377184602405,-0.05846594073920663,9.495953,9.512743,2
2.5652,52.0,4.727987421383648,1.0864779874213837,1582.0,2.4874213836477987,37.86,-122.28,1.577,37.86,-122.28,-0.021391509712091417,-0.0016590478578680512,-0.00169351728594015,-0.0021286877776616345,-0.025642054010474275,-0.03263666002432976,0.0070242714492948334,0.0058606678059095795,0.0019621330913002326,0.001170694783854224,-0.0037807807467425333,-0.0014556595358128745,-0.0029348817809520056,-0.0016947983904633177,2.4964697126776567e-05,-0.004875844725968025,0.004936426437885475,-0.0030103691003450727,0.00044845842040969755,-0.0011609361154901396,-0.002141766333871669,-0.0028791928877602672,-0.00037042672868789505,0.0008635653028585175,0.003144221345068045,0.017772753714071384,-0.014596500730803043,-0.13231268486766826,4.4990826,8.437962,2
1.4729,32.0,4.454117647058824,1.0658823529411765,1744.0,4.103529411764706,36.34,-119.31,0.541,36.34,-119.31,-0.008996333356820523,-0.032589592858401406,-0.0014406853502886563,-0.0014939055869465472,0.04484307251498259,-0.04431981162403405,-0.004019601562013478,0.0016440692084766868,0.00015788761545294094,0.0003105956487241971,-0.00908362865996521,0.004521333689476626,0.000859843665121048,-0.0007321762397399061,0.0002469920399609164,0.006127724674808574,-0.0002957179240939185,-1.4407183865564842e-05,0.00044324753241227173,0.00035400091885008726,-0.002218257421497717,0.0026790953146235506,-0.0004374341991597216,0.0038121815202421744,-0.0015480986388651046,-0.01380553747015491,-0.021732758854696495,-0.2543697222429411,-3.9836032,2.074857,0
4.6304,39.0,5.038961038961039,0.8614718614718615,619.0,2.67965367965368,37.32,-121.95,2.632,37.32,-121.95,0.03640713628104348,0.010894554723987,0.001426310801353004,-0.00015603288707251433,-0.007194933951564005,0.027680796173717853,-0.01104200731968727,-0.0009812633285131273,-0.0011829279067000916,0.0016415181909001397,-0.02694312647375464,0.006251771476904786,0.0006883273709837221,-0.0008301118016051394,-0.003160666067968391,0.001922127149877466,-0.001255174344118339,-0.0029584624851328543,0.001837806598230936,0.000513982932871834,0.019557167591171504,0.02720611981257336,0.0013144072449238428,0.0006774144654249449,0.0016857076477596548,-0.018192885154504325,-0.0003709132198827479,-0.03181758826397844,9.656874,9.298522,2
4.1675,32.0,5.73492286115007,1.0308555399719497,2927.0,4.105189340813464,36.7,-121.64,1.425,36.7,-121.64,0.0068007356304859955,0.012903687999848345,0.0008474762973324966,-0.0005120257318308474,-0.042618915015633495,0.025261778814665126,-0.0131693043525861,0.0009886382193625468,-0.00042663656613278154,-6.334646751238178e-05,-0.01785847605492648,0.004685272676080576,0.0007894538961574253,0.0014668476405082808,0.00023147731316189578,0.002326420069243631,-0.001806729786051627,0.0024964134310032273,-0.0015412484982493125,0.0035814094913737653,0.00530265321699704,-0.005994534932048806,-0.0030110209675385437,-0.022281633221780974,-0.009403943487627194,-0.01990370763046615,-0.007056128616415437,-0.07510688446995897,9.351896,9.540652,2
3.1755,15.0,5.332579185520362,1.0950226244343892,1110.0,2.51131221719457,35.65,-117.74,0.817,35.65,-117.74,0.04382703041620627,0.0019566626708738166,-0.0010536601632706243,-0.00033726189162951387,-0.035572212141475754,-0.006026604841515538,-0.019293187103158495,-0.002841352825053629,-0.0008085062701977709,-0.0009849929681549692,0.00843133861285321,-0.005151528907411606,-0.0022183541700050787,-0.0010969846974275385,0.00016109290690221828,0.00046233145132759977,0.0009638883139800472,-0.003350069140108288,2.4491122071664798e-05,-0.001192872485469891,-0.0025547017441468005,0.0005538979820845824,0.0013444916167646738,0.0010694402994600245,-0.002246351000264337,0.0010902580916163792,0.00195865533889748,-0.21645014114261332,-0.90210265,2.9845078,0
1.2273,18.0,5.0,1.1343283582089552,189.0,2.82089552238806,37.68,-120.54,0.875,37.68,-120.54,0.011341259194801124,-0.02607290787760816,-0.002573903856495784,0.009192387247716701,-0.011771906352778382,-0.042497580223924226,-0.0005663426885797289,-0.00039848262753435496,0.00041574885927783407,-0.001134842825288719,0.0076230336398609875,0.005433762053314941,0.002307430419341896,-2.6257855766533838e-05,0.00475980331003506,0.0026111389411254495,0.0076119336705051084,0.0006038437198084631,-0.0029772296068713115,-0.00047119021189979824,-3.575313950235663e-05,0.008050452709120309,-0.0024945646311780216,-0.005768413728444921,0.005363626696323244,-0.02702491286417142,-0.0007548301825235419,-0.12970135148675152,3.154174,7.086239,2
3.8625,52.0,8.758620689655173,2.4827586206896552,153.0,5.275862068965517,37.78,-122.41,3.5,37.78,-122.41,0.00263359177492464,0.01291480632590792,0.0012876824226697847,0.012519853082509516,-0.033308483926920616,0.0234958430613698,0.07043596193181462,0.005064102472791024,-0.03514505913027531,-0.018691849477063448,-0.015199931794021586,-0.0015713516007948905,0.0049067253238531516,-0.02718070920951289,0.003864993116162573,0.05054052382075871,-0.031792346670178925,0.011223906500198968,-0.0012338253679210515,-0.001475037526725605,-0.002532605362880994,-0.030235843522464882,0.006537886737218648,-0.004518466498593836,0.0029113169698902984,-0.0011272237835332562,0.0523872968596414,0.08036038820159147,13.967394,4.928218,1
3.2059,47.0,4.558139534883721,1.1085271317829457,564.0,2.186046511627907,37.72,-122.47,3.5,37.72,-122.47,-0.020959030802774208,0.016327895554155335,-0.0014061662990099801,-0.000123185547651241,0.10537805496634488,0.03291114288293325,0.11758011813432372,0.0011965067947259402,-0.0002749741324883659,0.000473338249421869,0.03197536398911337,0.0010846453712947026,0.003609910782073602,-0.0011569495159891282,-0.0023454890408828974,-0.00573756639715164,0.01057082390992848,0.02014108988174408,-0.0009769365264786934,0.0007502552601251018,-0.0015310119288480873,-0.011704254747662235,0.0020035405747746266,-0.002140482512679576,0.0031230786226533673,0.032044631078379626,0.022992863820014954,0.09978518481726469,13.640328,6.521071,1
2.5875,22.0,5.537735849056604,0.9867924528301888,1927.0,3.6358490566037736,36.23,-119.14,0.704,36.23,-119.14,0.006034508483097506,-0.017480120453609086,0.0013690535743519868,-0.0027543716482489465,0.03524125542204821,-0.038671478227978506,-0.0030057375333709937,0.0003645472952131205,-0.00038376464733704576,0.0001769987526023833,0.014014715785476636,-0.008064242590066995,0.0019037116339247664,0.00042868726417497673,0.00014856371967751273,0.008591104744858226,-0.002767090539675943,-0.002122131895569322,-0.0012383696532818813,-0.0017021407794269435,0.0002302325603028753,-0.0039743519854036945,-0.002361533245845554,0.00256354212821248,0.0004544068101422559,-0.014484557913061743,-0.016408582757088962,-0.24625568460170993,-2.7541099,2.8848476,0
2.4412,30.0,5.441025641025641,1.1794871794871795,851.0,4.364102564102564,37.92,-121.28,0.616,37.92,-121.28,-0.011154238649838147,-0.017548338525096435,-0.0025395667677298897,-0.0001818014201046316,0.046917703908327266,-0.057571424095852045,-0.004833563656196616,0.0009920838194420261,0.00026453575239951497,0.0010965759273957258,0.00017933232246859315,-0.00446242144702296,-0.0008057762948530654,-0.0007473521643869129,-0.0017043422323024717,0.009272542344263364,0.0030746477646826646,-0.0026388754450885374,0.00045698053504886584,0.0007299748832389389,-0.0031573336346144175,-0.001420769355548631,-0.00355110348173313,0.0025019057083361445,0.0016547008893022677,0.033448271099476234,-0.015779191632981852,-0.13216299274869914,2.094737,7.7042913,2
3.7105,52.0,4.837719298245614,1.0482456140350878,1583.0,3.4714912280701755,37.72,-122.43,2.505,37.72,-122.43,-0.016920272264882675,0.012571289407399294,-0.0019438449786924486,-0.0013714008536470162,-0.020329397302437175,0.022670600791174604,0.10771195785845424,0.003911325207395912,0.0023290562951898183,0.001193534603320434,-0.01553522327540429,0.0025909445516355254,0.010075307640581385,-0.0014963737147172989,6.869889463546698e-05,0.002422914453617556,0.009965843373383909,0.005481750503560769,0.000544228376455795,0.0010653442681157626,0.0019381336400988935,-0.002255477131942618,0.0011455993531480075,0.0009450668468808136,0.0048206557595383195,-0.008912261980847897,-0.007929134423155506,0.10494553393145213,14.511776,5.000062,1
2.7734,23.0,5.102827763496144,1.089974293059126,1198.0,3.079691516709512,37.79,-121.23,1.168,37.79,-121.23,0.00148929630471536,-0.026622429496123007,-0.0022703134158767297,-0.0013047633046021768,0.022189985363099803,-0.03351395302933674,-0.002010797013959716,0.0006722088108724566,0.0003963799596915793,0.00030867789275835914,0.009161350243149537,0.006090034597794613,0.0033382752716134725,-0.0008205907184060453,-0.00015291238687819346,-0.00021031031414368812,0.006000252934466933,-0.0007476292907254291,0.0001373834435113523,-0.0009748335104683585,-0.000990478427476387,0.0022653683346340525,0.0003514333422710039,0.0008866879580568816,0.0005978198519253128,-0.019731965591093643,-0.016834231290745134,-0.13199339340829658,2.4949875,7.32038,2
4.9432,4.0,6.341708542713568,1.085427135678392,622.0,3.1256281407035176,36.81,-119.67,1.144,36.81,-119.67,-0.0569173252841191,0.021149759410826845,-0.0014818969836592078,-0.004987635272646663,-0.01450777180170107,0.02387917637500049,-0.006912275347347007,0.012078555348225176,-0.0005024456333056075,-0.0047137015910836575,0.03638933874805049,-0.008495810176286308,-0.0016825114341716759,0.0004390661680623352,0.008006146576219772,-0.0024763595201983115,-0.010512871072882502,-0.003924903472009109,-0.0011704471981466476,-0.001910480796659707,-0.006667462713309372,0.0018097109080287153,0.0001466996322086644,0.0026424611907470653,0.001512879992566349,-0.010434481402568443,-0.014135878178527135,-0.24695864795521769,0.9380212,2.8154023,0
1.516,28.0,4.403278688524591,1.0819672131147542,1331.0,4.363934426229508,36.59,-119.44,0.567,36.59,-119.44,-0.007526100287340953,-0.03240013046314886,-0.002999132543389146,-0.0013104203052074605,0.045662288974805856,-0.04431981162403405,-0.0038587622107150938,0.0016757699336768983,0.00015788761545294084,0.0005607612570242823,-0.004583801274991952,-0.0015611977674604206,0.0009111324754590415,-0.0005772599459916369,0.00010416412563540074,0.006084982449998624,-0.00028598858263675,-3.487627728936047e-06,0.00046510539894995776,0.0009123125229154862,-0.0008873442986388616,0.0035671287028793217,-0.00196595706452126,0.0038132218482676717,-0.001250890230602773,-0.016283371750094155,-0.02138913376509422,-0.2551564350984422,-3.8924596,2.1020055,0
3.8259,33.0,5.2727272727272725,1.1454545454545455,729.0,3.3136363636363635,37.64,-122.06,1.461,37.64,-122.06,-0.012235301680066769,0.01419935759555351,-0.0010676887860522717,-0.0019069571533448701,-0.04143894739262561,0.017768603672043443,-0.013924617424977867,0.0015855400526170456,0.00025892011818997294,0.0007367722485197911,-0.019203875883192292,-0.00047215393176453565,0.0008490928256068517,-0.00042827261039287204,-0.003057790569354654,-0.0011935203535702738,-0.0049003225975707875,-0.0011983333214636435,-0.00023258011144610232,-0.002004817949430995,-0.004093427081017212,-0.004163218749848059,-0.002706230918004013,0.0006123438580275394,0.001168766696717224,-0.02036160495158956,0.0022177832125281596,-0.07734776244460922,9.121772,9.631045,2
3.73,11.0,3.151012891344383,0.9079189686924494,1094.0,2.014732965009208,37.32,-121.96,2.277,37.32,-121.96,-0.02913292032948334,-0.013139102179480888,-0.0020373708700258454,-0.0017432097499810828,0.07979716639646635,0.006038669689769023,-0.00985662471855448,-0.006667115508845067,0.0011255833128992288,-0.006756258065509299,-0.1358094722997694,-0.009452979714356363,0.002327152163229551,5.5872003900141653e-05,0.0013875103415586449,-0.0018461854148853181,0.0013010972170164957,-0.0013166887748469827,0.0012087158010079945,-0.0018304774355746983,0.020561335288590662,0.026315639561809122,0.0009629971372353964,0.00010120902220110256,-0.0003273682243827027,0.03143452778492037,0.004828847468304393,-0.05250928157752123,8.54657,7.777348,2
4.1833,22.0,6.564231738035264,1.035264483627204,1252.0,3.1536523929471034,37.76,-121.11,1.921,37.76,-121.11,-0.003096606223952265,0.02029347889458155,0.000618112669119189,-0.0022933171470221154,-0.022447455338715738,0.03448663959939744,-0.0002016613545148816,-0.0030158206660873084,-0.00018071241026574857,-0.0008117101761513327,0.019707330906465963,0.007181062703101526,0.002959099284760098,-0.0023467738050847,0.0008253033612174747,-0.006221607762376,-0.016943066005969155,-0.006099135793669376,-0.0011804931810196052,0.00023851721393695725,0.003523897410593756,0.0015024585834083682,-0.00042093433835508866,0.002338778197637759,0.00037695640447487093,-0.015799633355814958,-0.012361937439561495,-0.09550574145814156,6.6447363,6.501019,2
2.5921,20.0,6.024221453287197,1.1453287197231834,1466.0,5.072664359861592,36.52,-119.73,0.942,36.52,-119.73,0.006260495686079739,-0.019015697715527805,-0.0021387506213068576,-0.0012998335160114111,0.03553617983326165,-0.039402946609177134,-0.0035367612280646273,1.1463820217200103e-05,0.0005252889826576592,2.1846578021549218e-05,0.012396006313204372,-0.008669136039976249,0.0006041486581633535,6.478651404991011e-06,0.00015872070963719783,0.009852318567963045,-0.005936270839207427,-0.0015755843386724873,0.0007041366832459077,0.00045347089603594827,0.003079179323174333,0.00931735948729826,-0.0016739516472757956,0.0034860307729745335,-0.0016568201047757218,-0.012499341120546355,-0.02310571771346315,-0.2532600747474166,-2.7394667,2.8268378,0
3.5547,25.0,6.172413793103448,1.091954022988506,882.0,3.3793103448275863,37.49,-120.82,1.224,37.49,-120.82,0.005290153610483489,0.00332120739498769,-0.001595854306991514,0.00022060844531804065,-0.021974083730299392,-0.005739778268575533,-0.0032759523219583397,0.00045038843684607545,0.00013625462448422379,0.00026341236223663617,-0.013860623914687441,-0.0014522436941496661,0.00035664451709445453,0.0014394282258205185,0.002745228424712129,-0.0012417827931235207,-0.005091373607138788,-0.001962409542210592,0.0010520166506611743,-0.00052516831015011,0.0011730737342084034,0.0037768636179629387,-0.0027150462184888486,0.001702149064052337,0.0008285936201423705,-0.021203146139000668,-0.018069023906900756,-0.15717710326404088,5.809533,7.6248937,2
4.7708,48.0,5.427777777777778,1.0777777777777775,446.0,2.477777777777778,37.77,-122.16,1.563,37.77,-122.16,0.025097486415245934,0.015384183607051124,-0.0017253599918286735,-0.010997662679868203,-0.00014444956039346929,0.01802372839207878,-0.006298588966627716,0.0012042034505783162,0.0003325170698414754,0.0016010522646034498,-0.021106394016005288,-0.003210901950236828,-0.0006209571649597805,-0.001193846428043988,-0.004512071393869945,-0.0006779942406497715,0.005661612062606167,-0.0009803108441840357,-0.0018458102295106336,-0.00100191859624653,-0.001955324884656518,-0.002940100653437696,-0.0015708511767757892,-0.004250837204304268,0.0016267406639991348,0.006797552769276197,-0.005088005507793259,-0.12271076642098161,7.3677607,7.1073027,2
3.7784,32.0,5.975206611570248,1.0764462809917354,1580.0,3.2644628099173554,37.43,-120.84,1.645,37.43,-120.84,-0.004099835968114867,0.0122983472257267,-0.0024844943348213103,-0.0011061109462613624,-0.043760042057972716,0.022413096932603037,0.0008529040636302818,0.000855587253250534,-4.093556397699545e-05,0.0007291606073967274,-0.01420377173415378,0.005073875686979734,0.0005401186219871701,9.651655555896217e-05,0.00019708294634322807,-0.0022778042274001747,-0.004435552653164246,-8.065613049404818e-05,0.00041838653552986744,-0.00023492883366790142,-0.0016368098618313354,0.004343904153054885,0.001250389816900603,-0.00012138405952607057,0.000318132957221013,-0.02534329911771353,-0.012138011783417165,-0.1468450339464069,6.0335174,7.531853,2
3.2699,34.0,4.828859060402684,1.0973154362416109,708.0,2.3758389261744965,34.69,-118.14,1.0,34.69,-118.14,-0.013607224623437364,0.009964461430129143,-0.002358820052158576,-0.0014566438592200177,0.029125505974036892,-0.0013784426214508436,-0.038876879819059296,-0.0001858966983400073,0.00017832026459361195,0.0006627995745893855,0.013266610295950996,0.004876919095366949,0.0002343079556537475,-0.00027920306946045356,-0.00318872110817074,-0.003031870958156437,-0.001833210093786223,-0.0013085603268598639,-0.00033857323586576995,-0.0015102605477393168,-0.0028666483066301296,0.0035325516064721235,0.0012612375137806633,0.0013172480383404862,0.0008955055725806858,0.018674217698847112,0.005807138633189487,-0.1322100827148186,7.9731393,6.881479,2
5.1149,22.0,5.696891191709844,0.9352331606217616,1270.0,3.290155440414508,37.31,-121.79,2.357,37.31,-121.79,-0.0010073621715043222,0.0189987833008117,0.0011718224991759442,-0.0012616859557082235,-0.033168490379461776,0.019767027685116113,-0.017672280180545254,0.00015955183713246322,-0.0001082832379361558,-0.0006775618486321104,0.0195195601879452,-0.005357177560185172,0.0008582218635183264,0.0031105902028488557,-0.00023228444135015274,-0.00014734131649539461,-0.003578828094306267,0.005990908415074876,0.0011954505827059744,0.002424213767939702,0.020220352757781907,0.024705043410337676,-0.00014455341486175054,3.149796388322932e-05,-0.0002437852130920575,-0.013679418931269536,-0.001906710203943008,-0.036557187116591464,9.968202,9.758161,2
2.6439,27.0,4.348643006263048,0.9269311064718164,1462.0,3.052192066805845,37.41,-120.63,0.691,37.41,-120.63,-0.006913358043662153,0.009717386354577131,0.0014706304113204151,-0.0014107824417182726,0.02047062201270311,-0.03948915909777499,-0.001829877885259762,0.0011721123788086918,-0.001185947408462567,0.0006315250978870051,-0.006734705654137012,-0.00016676196501717814,0.00019142613370496796,-0.0004742713099096992,0.0005590257423745978,0.003962148784314702,0.0011777636545805665,-0.001116581341927299,0.0020790912933691965,0.0041278016055184075,-0.0036785033067771827,-0.02935138702899774,6.056024295740279e-05,-0.0012521304546002634,0.0008643170621963678,-0.020558001240624346,-0.011691310207020184,-0.18535113190953095,-3.594069,3.2198935,0
4.0686,18.0,3.433333333333333,0.9383333333333334,1144.0,1.9066666666666667,37.43,-122.14,3.786,37.43,-122.14,-0.03028253034292239,-0.007790614409817782,0.0008728162331154637,-0.0001605369303031152,0.10052336731938381,0.035694421525357435,-0.017010631260924662,-0.0005383552657187183,0.0004306034936504225,0.0007927484329555592,-0.09811889182263062,-0.008627127680190912,0.0024199997328967775,-0.002960742561518253,0.001799142894745688,0.0004820654925012298,0.010947699044775215,-0.006916060275639129,-1.6462632152303803e-05,-0.002273223838396135,0.06230831408375677,0.06294453757000522,0.0035100622983315006,-0.0012205311049131968,-0.0009700023824322252,0.04453104643734616,0.009273725027838603,0.05656586630272132,11.872278,5.422802,1
2.5993,33.0,4.1016260162601625,0.967479674796748,1027.0,4.17479674796748,37.6,-121.02,0.68,37.6,-121.02,-0.018181219165858947,0.027101385062566832,0.0012181788832092751,-0.0002734447438512654,0.04016829523824799,-0.03921790560332874,-0.0025426009744470473,0.0015929394438614181,-0.00048102853541277574,0.0009015160915824897,-0.01314794362828422,-0.001681270875893497,-0.00048598358553011577,0.0004915610188107085,0.0005645542723980057,0.0023687133309363514,-0.0022299236264448847,0.004474552969840711,-0.0011561863375712934,-0.002496521870233982,0.003009309456742534,-0.002863730687090147,-0.004670409810719802,0.003203099813145406,0.0007325337714314678,-0.01648184191849714,-0.02290664936859757,-0.14037827633243394,2.7691195,8.379194,2
2.6719,23.0,5.159754224270353,1.1136712749615976,1862.0,2.860215053763441,36.85,-121.53,1.936,36.85,-121.53,0.0012912092818676423,-0.02684797496207809,-0.002374927751552525,-0.0015791520581501448,0.02291081297341841,-0.03260998396955214,4.832218327390134e-05,0.0007934868899514881,0.0005454958227241523,6.035666194835403e-05,0.007494894877362925,-0.003221031862991351,0.0013259916768400065,-0.0007093673197048971,0.00036086065138916885,-0.00038900525207983616,0.003915537102780417,-0.0001782752168572265,9.122262899938308e-05,-0.000787264745651739,0.0010897296435295291,0.0015591790768994887,-0.001018668177464565,0.002420609562490404,0.0011623557736814498,-0.02577479826382158,-0.005464880631947714,-0.11657339614946106,2.493754,7.3179,2
0.7286,46.0,3.375451263537906,1.072202166064982,582.0,2.101083032490975,37.81,-122.29,0.952,37.81,-122.29,-0.07060935356574125,0.06621510282042879,-0.005596871793167084,-0.041459749383753824,-0.026421053195176524,-0.03304738932604762,-0.009862719730215748,0.0010840646457689958,-0.0011063517411124965,0.00035026774548055524,0.018342998814143172,-0.0014578557067651328,0.001960266083618427,0.005444845161154172,-0.009942241827679145,0.016504556085948974,0.006659142713693207,-0.006500067051569133,-8.74133430130042e-05,0.001069702768356943,0.001211560068949149,0.00575084089591308,0.0022098831481679533,-0.0029361355768629674,0.00027402764446434326,0.012737609578516093,-0.003997673052625,-0.13796652612133448,5.031527,9.008984,2
5.1437,4.0,4.96480743691899,1.046480743691899,2937.0,1.950199203187251,37.72,-121.92,2.994,37.72,-121.92,-0.16086875245073076,0.018488913195972755,-0.004779389409771727,0.00816831610444493,0.022699641943276148,-0.00827412745056873,-0.0018206683907692326,-0.007632597153001764,-0.0008054552079717458,-0.00014085219761413763,-0.15592484854724178,0.0015716819273841305,0.0019453570130785473,-0.0012420559921981578,0.0014535730464574515,-0.004976637588141729,0.003969503708268294,-0.0028289053511535416,2.6320244159003364e-05,-0.005454634116222022,0.00258672037116123,-0.0009940305152724917,-0.0006701897373876051,0.0016341496873360404,-0.0011461821883278918,0.018566724370170443,0.003225526101542226,-0.06401754884296962,8.377219,8.03774,2
3.6107,13.0,5.261096605744125,0.9712793733681462,2248.0,2.9347258485639687,37.8,-121.0,1.413,37.8,-121.0,0.026506868831919793,0.004824486866162206,-0.0002471587418753596,-0.001828472145784789,-0.0401043180371033,-0.007772521544004986,-0.0060629099400315405,-0.0024028812983457755,0.00033679744798692605,8.882137510443882e-05,0.025486880697160052,0.004810291823878696,0.0022046939924471724,0.0008546146998038952,0.0004440255296786288,-0.0016273122685685525,0.005756312813110715,-0.0017389273889351355,0.00015710850271599854,0.001215383771760739,0.0021418909743824025,-0.0015604802282879826,-0.002073221370036852,-0.0006301843563852345,0.000474695497718743,-0.029652529392774393,-0.008549437944466793,-0.1401550513476639,4.4078937,6.5740886,2
1.8325,25.0,4.279220779220779,1.07012987012987,1477.0,1.9181818181818184,37.37,-118.39,1.058,37.37,-118.39,-0.017371134083548078,-0.02836829516806324,0.0038204112329253,-0.0045858569535420675,-0.09724291636185263,-0.019557029589956237,0.004340677526482989,0.0023446087431533463,0.00041118620927941115,0.0006283084922615689,0.017887860263391335,0.002153263365385401,-0.0009855529027173536,-0.0005245075643089721,0.0001801246525455849,-0.009975068602179815,0.0005696045209885006,0.0003075496872230951,0.0001127163389548342,0.00403641168206358,-0.002293465388323291,0.002404318400346919,0.00028601528478752584,-0.00029611121414123453,3.884727219024053e-05,0.06412031091175066,0.025435182833042625,-0.21821168885809145,-1.0053312,1.584177,0
3.7917,36.0,5.579088471849866,1.1045576407506703,1931.0,5.176943699731903,37.47,-122.14,1.606,37.47,-122.14,-0.013141100819722104,0.01098458582340279,-0.001256255054767705,-0.0017419828011022247,-0.03650562805136446,0.016455289618451108,-0.02111671979911623,-0.0012988402982333442,0.0001195863219946324,0.00015017484539788618,-0.02098376378499581,0.004941240487405159,0.0004854537630045081,-0.00018733439426078547,-0.008580641126256745,-0.010135303758184014,-0.005070712659456194,0.0021713591888974804,0.0004630406356628216,-0.0002366685316744947,-0.016799127609178722,-0.05148588514924355,-0.002835037320585202,0.0008041428613983154,0.0004107743339653565,-0.005160122823019992,0.01418269494464725,-0.032406780374083406,9.586504,9.861701,2
3.6591,52.0,4.9319066147859925,0.95136186770428,1094.0,2.1284046692607004,37.84,-122.25,2.992,37.84,-122.25,-0.015943863361805557,0.009299497196924843,3.7780273228330464e-05,-0.0019510127226550038,0.06614617933605496,-0.003254222514772628,0.015604720145179841,0.005900301187663237,0.005066104676758303,0.0013318427366440819,0.026242301431527053,-0.001747449582876436,-0.002040568920572179,0.002105016639200602,0.0003699735274930284,-0.006855561572232319,0.005219517173115397,-0.002445814639016462,-0.00028406913851437176,0.005700424791116439,-0.0005872469205622703,0.0029291163714317107,0.0021349280499551927,0.00045286898534387804,-0.0010363338378047732,0.008251786380772494,-0.0024352564913788927,-0.13785611881055124,8.391253,6.686962,2
4.125,36.0,5.748971193415638,1.1893004115226338,661.0,2.720164609053498,37.09,-122.12,2.396,37.09,-122.12,-0.0050390761220464285,0.011709553471903904,-0.004312324509516878,-0.0014498302642590953,-0.027763431846938396,0.02905583941123891,-0.02077176248373813,-0.001478697562812371,0.00010716962960159447,0.0008896138128805996,-0.008332819029983939,0.004099130830815428,0.0006366202089955376,-0.0006047812558680617,3.196988137019955e-05,-0.0013764964278979172,-0.0039330638388682705,0.006392592009608878,-0.00026701398163090094,-0.00028636896740240103,-0.028747424304712704,-0.061604678337293606,0.0011841507697741428,0.0004502788188768524,0.002861354155357831,-0.021663588961648758,-0.0002571188427437606,-0.02995500905728869,9.576552,9.871634,2
3.0,36.0,5.5369127516778525,1.0503355704697988,660.0,2.214765100671141,36.78,-119.81,0.797,36.78,-119.81,-0.026218747059256416,-0.018022352663564133,-0.0017528758796985398,-0.0015030214863879382,-0.0693272550922956,-0.033103483589953936,-0.008466956718342633,-0.0016043487785393214,0.00010788551844134866,0.0007724598631636868,0.016157241199803517,0.005158172066879742,3.82092721335775e-05,-0.000543636531832155,-0.0018363427414797248,-0.0025829675819475876,0.000221476182123817,-0.001615709985255752,-0.0004186796119202776,-0.000378696884376756,-0.008226085194524214,0.00164133922245274,0.001236045101024348,0.0017066649048893374,0.0015847328101585988,0.006256597576673906,0.005987844395571414,-0.26229511122653765,-0.9992102,1.4810795,0
5.2088,52.0,5.76008064516129,0.9455645161290324,1431.0,2.8850806451612905,37.73,-122.46,3.442,37.73,-122.46,0.05237053497288576,0.020321319326261814,0.0006044297783123919,-0.0006525004278666663,-0.0480648410612914,-0.01094392987650179,-0.07049417549414805,-0.000245046850687806,0.0030165243339073436,0.0018157347961841883,-0.019602492726626067,0.0008758038285220603,0.005064150190555567,0.0017055452401369812,-0.0003662884275617033,-0.0016463113976339827,0.007246695686701504,0.005009828340049242,-0.0002929577740025285,0.002308348385405733,0.0008528154718316595,0.01335915197842268,-0.0013479168102872045,0.0005819480972067231,0.0027778194610488427,-0.019490690724233067,0.0006344183282831605,0.05491027255731774,12.340954,4.682997,1
3.8333,48.0,5.729468599033816,1.0289855072463767,487.0,2.3526570048309177,37.74,-122.49,3.408,37.74,-122.49,-0.0024070792634040736,0.017059325779971754,0.0004995529824722169,-0.0007046008551888282,0.046124356811679854,0.0394982084492991,0.08004328315617858,0.0008118755927494148,0.00016289840203446534,0.0006827482671316959,0.003153613689021856,0.0021026958636751426,0.00716068347913217,0.0014824276558228606,-0.0002336761260557671,0.005783908136758553,0.008326429608571079,0.005467096334056426,0.001966957664145628,0.002396997180780321,-0.0014452625361051489,0.01459128222061986,0.0022427438793976256,-0.0018583029293075006,0.0024527566836848123,0.019704727588372613,0.027125667101171647,0.07975396916978937,13.779274,5.98315,1
2.5809,52.0,4.700280112044818,1.0812324929971988,1220.0,3.417366946778712,37.75,-122.41,2.553,37.75,-122.41,-0.016636453184763214,0.0066171520112756465,-0.0015607826098959024,-0.0022490031107777835,0.043411516476291004,-0.014083539735349983,0.017319026487876678,0.005652926682567046,0.00233467192939936,0.0011415466414271404,-0.00870460373954369,0.0027811917256623433,0.009366178455591501,-0.001532435258220929,-0.0002163424981186579,0.004115944626865697,0.011749350836898861,0.009226622342800465,0.0005547148461194641,0.0003773362184067536,0.00014966109309055029,-0.009881324069568152,-0.003493023195964923,0.0013229619764905057,-0.0007300756657187906,-0.013363616538727481,-0.010471219854752058,0.09940585708294629,12.910281,5.2576127,1
2.1036,42.0,5.059859154929577,1.0809859154929575,1035.0,3.6443661971830985,37.64,-121.02,0.883,37.64,-121.02,-0.03971819222714418,-0.017413869596935187,-0.002276131195779802,-0.0019612944182228476,0.04676397891059041,-0.044725530846874605,-0.004530959846683151,-0.0016220479055340708,0.00013590265536755176,0.000692382277975018,-0.011890499283352611,-0.00422990524294998,-0.0007550959302714094,-0.000779630617998303,0.00015357868781103482,0.007670930317274375,-0.0026832875781723445,9.857447231550152e-05,0.0005463233060240825,0.0016156570318185887,-0.0007677239870602109,0.0025369402001234366,-0.003322982452617325,0.003075450054290953,0.0008758766472767287,-0.011150057620169759,-0.020952027813647505,-0.12673652368175656,2.0731828,7.991777,2
3.1691,52.0,4.165876777251185,1.0900473933649288,686.0,1.6255924170616114,37.81,-122.25,2.594,37.81,-122.25,-0.042296854288805016,0.03837892633786651,-0.004364618626116399,-0.0022568550068467344,0.009384248680372607,-0.015132032880403434,0.01407443977867468,-0.0015976958144916656,0.0019330372405843587,0.0012185902358148452,0.06752283245637607,-0.0016875583385547912,-0.003107044510818299,-0.0015457048745106108,-0.002141726892553306,-0.03813723037463494,0.003140003761886339,0.0006220031848382895,0.00013313072761356426,0.005403849747135481,-0.005200915261285914,0.003602298125842169,0.0038176398336997276,-0.0007730098642279552,0.0008147137402225986,0.0018637777037995582,0.039265288803800716,-0.14061654157661524,8.028761,6.535479,2
2.3,30.0,3.65,1.025,164.0,4.1,36.32,-121.26,2.063,36.32,-121.26,-0.010773011300515634,0.044305990897318466,0.0007740356736102104,0.02770194991749699,0.019761848995596746,-0.041498015143556305,-0.0034518918640977564,0.00024434992952812313,-0.0004218761439978737,-0.012432357015076983,-0.006985412843658855,0.004954463778683679,0.0002322967715667783,-0.0014892682543283702,0.0033255153213337446,-0.019528795552811087,0.002008218109873232,0.009318140747446248,0.003164379135316164,0.005023686323999621,-6.905678610663742e-05,-0.003956387870492977,0.00020097483847538486,0.013212031614690263,0.0018166295013459508,-0.010755347964013156,-0.013312757754898851,-0.1398585239162484,3.0396242,8.469176,2
4.526,19.0,7.042780748663102,1.0106951871657754,517.0,2.764705882352941,36.79,-119.63,1.487,36.79,-119.63,-0.0037437861113647475,0.01812005931425979,0.0008260701670533344,-0.0016185427666418515,-0.0029207179915310454,0.023081050189126654,-0.012219836730386933,-0.003559200562504214,-0.00023711281696552308,-0.0007897411068252426,0.01636446192199463,-0.005714658278296961,-0.0007144337774161952,0.0007178836815621684,0.011844859005602733,0.0036872431843132827,-0.00473906204506008,-8.881875807796618e-05,0.003929406922089633,0.0018385689165482549,0.008485619816138552,-0.005188789992391179,0.0014080894378786391,0.001958954251401068,0.0022439709394531638,-0.014279871077818414,0.0032793013257452755,-0.24762685942400434,0.43235028,2.850361,0
3.2011,48.0,4.941463414634146,0.946341463414634,464.0,2.2634146341463413,37.78,-122.45,4.283,37.78,-122.45,-0.0070526184547173324,0.014077586148313257,0.0011016644048360768,-1.9422200513885177e-05,0.05994749456584063,0.027200804876052916,0.1204206473215405,0.00388673251143434,0.003447719923718631,0.0006053504381702418,0.02381301988206975,0.0031170800776956636,0.01202022046565239,0.0014442225719607346,-0.00307637199232338,-0.00442710681120338,0.015326635568952683,0.02566779309580458,0.0018422406498933926,0.004305531991255771,0.00612110505989071,0.020315200308029614,-0.0009263360909668482,-0.001838141699287125,0.0031149008314268613,0.011719746131835887,0.02390854284335888,0.1344219818810563,14.042374,6.151502,1
2.9208,28.0,5.415094339622642,1.099056603773585,521.0,2.457547169811321,36.04,-118.92,0.985,36.04,-118.92,-0.010253896137451844,-0.016344745207375787,-0.0020741347435227135,7.8376460662306e-05,-0.05827217699934851,-0.03064185785697403,-0.00710408744227065,0.0017563834313056902,0.0001783202645936119,0.0004348811038432464,-0.004468498270428113,0.002433790600539178,0.00045152469824348297,-3.270081755257845e-05,-0.002308717659815819,-0.0013127804634790762,-0.0010368222118192604,0.00014978351407268675,-0.001626225589287163,-0.0018178954484799371,-0.002676836740062072,0.0018032398387430278,0.0010676895890050996,0.0017695480551903895,0.0015207957277406368,0.003492044771078201,-0.0036612920143314458,-0.24153871015017095,-0.93584156,1.7583716,0
5.3922,26.0,7.085858585858586,0.946969696969697,1617.0,4.083333333333333,37.64,-122.46,3.537,37.64,-122.46,-0.00881416134087026,0.022582391298147483,0.0005263103567434969,0.0032711425681300086,-0.04529300085362581,-0.017239768009116987,-0.10546247650162807,-0.005394549922269244,-0.0005701442608898562,0.0005059432841205948,-0.004255224771488598,-0.005620802392829127,0.0022273771786354936,0.0008471317118455132,-0.002358948531021175,0.02556802964834755,0.01666170619000336,0.018861524632563673,-0.001324490726000821,0.0004240621564096744,-0.00043778660553637334,0.01589691460212671,0.0010589426414657542,-0.0003842523205688039,0.004547405058095143,0.0017588355366337533,0.059002363752478366,0.05555327806068108,12.350689,4.7075853,1
3.2279,43.0,5.662790697674419,1.1007751937984496,800.0,3.10077519379845,37.37,-121.83,1.824,37.37,-121.83,-0.036549714450510404,0.001462993117999709,-0.0026120124292965756,-0.0013557701141118572,-0.03306078658631672,-0.002434522939841628,0.0182663156971148,-0.002140785362274676,1.614118414844553e-05,0.0005846580468955622,-0.014315071982476819,0.006564477459966743,0.001060357463064534,-0.0009961260698586325,0.0019530076677794885,-0.0019337876419476502,-0.0036358160628438075,0.004449312988430948,0.00019970496335495607,-0.0008687382669701028,-0.0017891807575341465,0.0031978368306295247,0.0009411489069902968,-0.00018959375687451773,0.0009623739471244944,-0.017402984194166908,-0.017023726977179666,-0.0651203242650786,8.144452,9.766965,2
2.9559,16.0,4.284403669724771,1.0160550458715596,1323.0,3.0344036697247705,36.2,-121.13,1.632,36.2,-121.13,0.030677776564476466,0.027146239594001444,0.0005721246658186482,-0.00040332713024102357,0.010993350441736934,-0.029369652946591756,-0.00800121663081127,-0.002353768322216568,0.00030170243587551287,-0.000955542128795957,0.01998612086816214,-0.00921465815441918,0.0009538490903991951,0.000631024883201634,0.0003055561554698548,0.006081960665948363,-0.00028592239621734006,-0.001878938924731285,-0.0002204145655014643,0.0007422308889347832,2.6618636184016554e-05,-0.004473146226682399,-0.00034972166871308273,0.0027226263625237538,0.0012575628681187937,-0.022905730437813607,-0.01305846894785701,-0.14470830793634398,3.6804893,6.6588273,2
4.3039,29.0,4.5987012987012985,1.0207792207792208,2259.0,2.933766233766234,37.66,-122.43,2.784,37.66,-122.43,0.00840241662155585,0.0006097263713166948,0.0005745752627552523,0.0005930176386622665,-0.002648273812417645,0.015131208696730791,0.006956103883151668,0.0012921063265481003,-0.00037855221840498934,-0.0014363430478468346,-0.013808769782609682,0.0005132719738380747,0.0023822765133108747,0.0017622204844479294,0.0006120389039825408,0.0020245618658763453,0.008612688067635668,0.007550351762304256,-0.00037835383508486557,0.0011423550716091,0.0008360970568983275,0.007088124539792214,-0.002144587272683356,-0.0002196055773515303,0.0017635357881212767,-0.017987574391515763,0.011753709985501648,0.06549319474311038,12.716989,4.8365006,1
2.5224,39.0,4.110970996216897,1.0353089533417403,3130.0,3.9470365699873895,36.67,-121.61,1.192,36.67,-121.61,-0.038314869575803885,0.027055346488311597,0.0009497416978465928,-0.0019951256860842492,0.03955989862387519,-0.037649120944874326,0.0021241985180014745,-0.0014873065759879811,-0.0004941330192872928,2.0522822382255154e-05,-0.013083007954106232,0.0062361083090862485,0.0007958455181882251,0.001025651618255905,0.0007674324959384187,0.003646907008481583,0.003426808182583633,0.004804202662296525,-0.0018308564375914501,0.0006416097506390804,-0.0006933260834735292,0.005150388189613805,-0.0035411999463238596,-0.02224194827326296,-0.009356867423126355,-0.0222224166629926,-0.015149682430519508,-0.08826360409103119,7.62677,9.0256195,2
3.9375,52.0,4.688693098384729,1.0102790014684289,2099.0,3.0822320117474304,37.77,-122.46,4.029,37.77,-122.46,-0.003164122056421309,0.006489849657966817,0.0006115904000761831,-0.0009976736284058266,-0.029495175660456167,0.021703482157441372,0.05000846530202061,0.00263638248198961,0.0013976661799943277,0.0005136903583324947,-0.013442865717383573,0.0024433709065722832,0.0044710905120419,0.0017249092022507233,0.0004511323441338374,0.0029476376987253826,0.014401013454906127,0.024889643215554803,1.363900535055932e-05,0.0016417936132445236,0.004612825763628198,0.021179197022551437,-0.0023700124558713887,-0.0002362906313930367,0.001179853737495642,-0.008779043754148449,0.04588323620236556,0.11947344751143306,13.860348,5.109851,1
3.5714,5.0,4.6938775510204085,1.2693877551020407,648.0,2.6448979591836737,37.49,-121.93,3.0,37.49,-121.93,0.04742095580484318,0.01635496495345205,0.0023166165122177887,0.0009224084731550055,-0.03714156560540729,-0.0010772397904689937,0.010257564690547347,-0.0052818487236636295,0.002115786802513917,-0.0032135091597482344,0.018436164946452185,-0.007022584339748262,-0.0005220897655994824,0.02217349690391895,-0.002801158273932721,0.004973335275576771,-0.00017278886440564981,-0.0032384713816055403,0.000729252923406848,-0.0010829163100989194,0.0008454476347639712,0.010053010417255738,0.001067988734656836,0.00013652873204401174,0.00286347083676279,-0.021307907375229057,-0.0009429649633816393,-0.0650916983271289,9.10053,9.816144,2
2.9698,15.0,6.029473684210526,1.2021052631578948,1480.0,3.1157894736842104,36.3,-119.32,0.934,36.3,-119.32,0.03572123999684935,-0.01788644344590357,-0.0020754781889165616,-0.0006519564891784275,0.010104520252002046,-0.031245706333922183,-0.008915019299397916,0.0022332145512711,-0.0001230173606735289,-0.0006449995925007968,0.01884085512945501,-0.008405128873835033,0.0001459262668193942,0.00012284442355781284,0.00033243998181991315,-0.00578240798595744,-0.005806188583883491,-0.00156280268328961,0.0002636662091167923,-0.0014995573670966193,0.002567247387316039,0.009190449777429272,-0.0002953549630111819,0.0011717264678394734,-0.0008067202311159933,-0.020996832588224747,-0.017656370440547055,-0.2634622873878299,-2.0159538,3.1536775,0
4.5769,35.0,5.891447368421052,1.0592105263157894,988.0,3.25,37.73,-122.42,2.545,37.73,-122.42,-0.002698590629479375,0.01898322889940171,-0.002126359071853251,-0.002282924668689528,-0.02117858990131066,0.0035832903675008625,0.013711608134259794,-0.004040409152463853,-1.9308345137712266e-05,0.0015817705577063552,-0.021298438520689925,0.0027315788731977746,0.003302848176225668,-0.001402719835396144,-0.0007668182421651599,-0.0036876636428754338,0.004228977579869816,0.015038351482717887,0.0004163820421756178,-0.0004348587193244251,0.002419106964834242,-0.00028741023400553846,-0.004179727896128718,0.00030709022475190154,-0.0037342252760123556,-0.016083630759611223,-0.013797410978011501,0.07209881305032523,12.89447,4.7241416,1
2.0324,35.0,4.216666666666667,1.0208333333333333,633.0,2.6375,36.78,-119.81,0.555,36.78,-119.81,-0.026727794742767617,-0.015914333583985193,0.002108069620460805,-0.003196590083206913,-0.02011647677197467,-0.04689109599370259,-0.006504219726148499,-0.0007865634249734625,-0.00044721469918350903,0.0005940386923838003,-0.0025738987107812366,0.003305367085835423,0.0011874575438764418,-2.4810984008984105e-06,-0.0037365077209944955,0.0014176736012930838,0.003545609655925385,0.00022787671387479837,0.00033398145279659537,-0.0007999312647435655,0.008714622431999108,-0.005070292516149046,0.0006850065362643128,0.001782745056069591,0.00134719236103878,-0.029210796505876626,-0.0001683425173526265,-0.2720495796008297,-2.2743967,1.8769867,0
4.7109,35.0,5.92,1.0057142857142858,1001.0,2.86,37.62,-122.03,1.987,37.62,-122.03,-0.0020506039214041615,0.01878598606148564,0.0005397706335814332,-0.0016320088002063132,-0.00891727274439821,0.021386806477651663,-0.014070765851848169,-0.001843889687361829,-0.00036322577190184003,0.0015936983412778009,-0.013379121777686872,-0.00146048028746914,0.0015570795025396092,0.000189702458609881,-0.00035475178738831703,-1.6515049991213216e-05,-0.004967131942577514,0.005465868526452796,-0.0006085573793532553,0.0013202545084052446,0.001811538635411149,-0.00014976031854330236,0.0013390354008647506,0.00031590305083223987,0.0012467206443105684,-0.019033906507812223,-0.005701945706895643,-0.07362068783105881,9.361515,9.286432,2
2.625,19.0,4.870307167235495,1.061433447098976,1026.0,3.5017064846416384,36.3,-119.2,0.57,36.3,-119.2,0.00552192706782646,-0.0029187334362414533,-0.001798246419475976,0.0004311946246629859,0.03928656193427882,-0.03906405337331283,-0.002479915716599914,0.001047791251303333,0.00027046721464582123,-7.712056621130554e-05,0.011638312469145054,-0.0075420945445014275,0.00044821543916236946,-0.0006730553428407032,0.00010560520121889063,0.003121329917239476,-0.0011086795327909038,-0.00014040538263056636,0.00044386398310065347,0.0013501788621960351,-0.0028504613343043107,0.000833128784795925,-0.0034009110706114906,0.004446118015342797,-0.0010606316397794619,-0.012822518148782628,-0.01761549349972701,-0.23737565882371556,-2.965392,3.0783782,0
2.8167,52.0,4.145985401459854,1.0170316301703164,1336.0,3.2506082725060828,37.35,-121.88,1.835,37.35,-121.88,-0.0223854348415014,0.03221805214388057,0.0013279238733895401,-0.002107012783274728,0.052554941479981264,-0.02397313328043416,0.025703261314678313,-0.002438272045690497,0.0017929638851256987,0.0011248437750782702,-0.009301939697415267,0.007859412298933692,-0.00509185149414089,0.000425426674807447,0.000602034762437541,0.002757795593709909,-0.0016090862845829837,-0.0005745465837359658,-9.296255913756536e-05,0.0009244306293217331,0.0024848184383211114,-0.006687022165110804,-0.0005839255484697144,-0.0003663009471311817,0.0008415538161819167,-0.01949501427040361,0.004321811803239314,-0.06917899993871722,7.79827,9.020588,2
4.7569,19.0,5.701812191103789,1.044481054365733,2790.0,4.596375617792422,36.96,-121.75,1.908,36.96,-121.75,-0.0025878411333103133,0.01595840154947923,-0.0025362926829693307,0.003598392859952803,-0.027347153009162867,0.02063881756378647,-0.019249068041926255,0.0004971577633149809,0.00012590998255493352,0.0015283925222121188,0.020578561094367072,-0.008583304938826485,0.0003303413612843132,-0.0010616212076838857,-0.0006441135826997212,-3.852182738046195e-05,-0.0030784077860155183,0.001919212752520089,-0.00039027082713732474,0.00058187331626986,-0.003894082528673687,0.0010327160721134477,0.003304744883087786,-0.010098392149997335,-0.0032057461986835993,-0.00573133038389353,0.005408978208984648,-0.043174267465012885,9.974329,9.718533,2
3.7844,4.0,3.958795562599049,1.2282091917591125,1213.0,1.9223454833597464,37.25,-121.87,1.839,37.25,-121.87,-0.048965305165462325,0.019186421463291168,0.006937113660986606,-0.0013526731756741033,0.11192952529064162,0.017430845187017662,-0.010222957654009943,-0.007289341362323129,0.0019904149975051365,-0.007206683471386824,-0.14902321204648591,-0.009101701517315895,0.00073029901331941,-0.0005557810496097187,-0.00017838620620024432,-0.004679865548999918,-0.00044958935146068154,-0.0013079313309544505,9.914632688743473e-05,0.008379128073606069,-0.006091308798227304,-0.0003157338785417499,-0.0003506159343007322,0.000269925462409911,0.0003264612475193824,0.03391453150398013,0.005812318990728006,-0.06678182964800863,8.504608,7.7588797,2
2.4964,32.0,5.79020979020979,1.1083916083916083,1037.0,3.625874125874126,37.37,-120.75,0.888,37.37,-120.75,-0.00963510901264485,-0.01852312886669374,-0.0023115416266016233,-0.00016248420520889495,0.04254671263801266,-0.038019703244003306,-0.00034719591958064607,0.0005989391528248153,4.0743350230192435e-05,0.0006354016760104287,-0.009958705695553034,0.00429353805121774,0.0005346522633119305,-0.001020270159252661,-0.0004497251132174996,0.008364322654084528,-0.006236805698847967,-0.0011036693890897071,0.000532799682145746,0.0006567749788709393,-0.00407443536615358,0.007324608706674144,-0.0037805350461837927,0.0025682528907839605,0.0007927575275246479,-0.014347950617469053,-0.024816248628176944,-0.15870960523226207,2.1193194,7.663373,2
3.8047,13.0,4.079741379310345,1.049568965517241,1018.0,2.1939655172413794,37.26,-121.88,2.047,37.26,-121.88,-0.0007391370212951553,0.017959702248629292,-0.0015171511593348038,-0.0007201896496257789,0.04004573938790152,0.023953190122535432,-0.0144149629707718,-0.0033586964670407923,-0.0008686601205275587,-0.0009608555269427962,-0.04511514934670415,-0.009435951524994875,0.0022588403053251786,-0.0010439595176907701,2.3264781024316753e-05,-0.003927583743800708,-0.0010247777897672632,-0.0023877615121089477,0.00011431027017482551,0.0007333002314472734,-0.003761497743984379,0.0016511351729694625,0.002026202795496958,-0.0002520841524843719,0.0007500408556155989,0.017072364046113866,-0.006495880861757239,-0.06752007803301416,8.961528,8.213795,2
4.7426,19.0,5.871428571428571,1.022857142857143,1064.0,3.04,37.93,-121.66,2.631,37.93,-121.66,-0.004412797742022768,0.019004247490498827,0.0012223978242283506,-0.002109463038799756,-0.009481884940140661,0.04087811093841165,-0.017532688232886322,-0.00025606868614585165,-0.0001685214525815301,-0.0006966114381669597,0.013751959010740682,0.016730537105441527,0.000561116378484625,0.0015535983850832494,-0.0004986502137036286,-0.0001923377966659506,-0.000674616175482087,0.003611539930911582,-2.60289888013931e-05,0.0005199034101909887,0.002600478083106454,0.00014700764488537725,0.0011816490741313988,0.0008089341466886429,0.0011252719295912496,0.000166029319285939,-0.007993397126110852,-0.09417534078240984,6.6913285,6.515851,2
3.1625,16.0,5.99234693877551,1.1377551020408163,1302.0,3.321428571428572,37.68,-120.97,1.303,37.68,-120.97,0.021726907729807596,-0.005798359319362712,-0.0014837466480170757,-0.0010691170690476644,-0.006836753990378279,-0.013125757257551027,-0.005095088533848691,0.0023038179989180833,-0.00031210868495689206,-0.0006005328197815936,0.02942798332117484,0.0026104749684155515,0.0023966764719405547,0.0001026752045819423,-1.3803327268939545e-05,-0.0022897374968320564,-0.005180630202882256,0.0010882141790784393,0.0003452134624056636,-0.0016932118296037904,-0.003086048998192273,0.0036103412881397373,-0.00045437521437168563,0.0009512412671621624,0.0004991544729450462,-0.026448093308477683,-0.012896313634138304,-0.1342830563036722,4.2303042,6.659941,2
4.7625,13.0,5.265206812652068,1.002433090024331,1087.0,2.6447688564476888,37.41,-121.95,1.375,37.41,-121.95,-0.04382084445147058,0.016610266308081875,2.8379878620370558e-05,-0.0026806657244964577,0.02060689479701491,0.026165814074455923,-0.01168696266269044,-0.0036249158296387477,0.0003544685361748162,-0.003378126751695362,0.015550503910604611,-0.007768045410145934,0.0002506676362593799,0.0007368571269375534,1.7962133320957778e-05,0.0011926769431608386,-0.0008756590894516096,-0.003166723414261695,-0.00018030340867844575,0.00121483810519486,0.0036746586555345454,-0.006009407867629078,0.0016241021194444458,-0.00011759439211773864,0.00111771288139054,-0.014663905589924052,-0.0046385399481489115,-0.05950552138536879,10.104064,8.892419,2
4.8,20.0,5.430232558139535,1.1046511627906976,229.0,2.6627906976744184,37.08,-122.04,2.615,37.08,-122.04,-0.0017372428001328696,0.015934882943205716,-0.0007421957605419833,-0.011213141345048187,0.01972883214548963,0.026476685440520144,-0.011849240583101824,0.0014398187984271322,0.0002590518661346859,-0.0013742687973670993,0.020342984139136204,-0.005925297686747328,0.0003198001719047819,3.93140522109896e-05,-0.0004142679088526563,0.0007444514295480466,-0.0019152418870896884,-0.0024879613793671006,-0.0032294414189326377,-0.0011605218677196976,-0.0061441836033817076,0.0011520591863965225,-0.002785285758592399,0.00029293187461573516,0.0019682296577435664,-0.014388243267710318,-0.004228190275469635,-0.04824673164160226,9.843312,8.602019,2
3.6429,42.0,5.246628131021194,1.115606936416185,1419.0,2.7341040462427744,37.78,-122.49,3.284,37.78,-122.49,-0.03540077689003235,0.00677749835932568,-0.0015012232484432342,-0.0015996382064545572,-0.06463070865181815,0.020681323340111333,0.10090156164634564,0.00021293467402066024,0.00021311953985810272,0.0008673861738026335,-0.014474130481187342,-0.0007608061414786948,0.004714950558068194,-0.0014120543743449292,-0.0002299200030281356,-0.001959623632466384,0.0144524691134843,0.011331571139389951,0.00043919455363170836,-0.0014367913312180968,-0.00487455749703344,-0.019874266328994493,-0.0010063855381791543,0.0006196824004474012,0.002481379569924361,-0.03174381089358663,-0.026810180363664345,0.11900201849254681,14.468427,4.923176,1
1.9643,41.0,4.6066666666666665,1.065,2122.0,3.536666666666666,37.63,-121.01,0.749,37.63,-121.01,-0.03906454350187834,-0.029319157767228616,-0.0010777718915447201,-0.003450331371286317,0.04467554886013195,-0.044691127979965925,-0.004535036195767362,-0.001646432401932841,0.00013511142923727332,7.441960543148302e-05,-0.011417982499057868,-0.00423846759872565,-0.0007290572287677336,-0.0007699012765411358,0.0004918132507620051,0.005556564775725307,-0.0028377943658567904,-0.0011888073767066223,-0.0013041413403379672,6.218384883513383e-06,0.0024706176073518186,0.0010266894648683798,0.00380418667083466,-0.007866680953536678,0.0003832731251912554,-0.0212491383884293,-0.02037156333524431,-0.13195292689404722,2.0499027,7.9044075,2
3.3643,52.0,4.161592505854801,1.1381733021077285,932.0,2.1826697892271665,37.8,-122.42,4.2,37.8,-122.42,-0.015207678173399852,0.034611026660929634,-0.0008441008682248479,-0.0016748020065446639,0.090963866609938,0.033036657487769336,0.1197148522199461,-0.00148077094917604,0.0005573145809134854,0.0011770474472448701,0.013326057029946936,0.004360668444017691,0.0042401596584426375,-0.0015376719535253516,-0.00011743946059227886,-0.0037915067278095987,0.015029283533429786,0.014625154041458767,0.00036711551577031925,9.368755632658255e-05,-0.00013851848851982002,-0.009578724021911938,0.002290316198907914,0.00019928220410093175,-0.001824630607446021,0.03562452691337113,0.022728518970471248,0.176118471172158,13.87407,6.2920804,1
2.95,35.0,4.370535714285714,1.0803571428571428,1146.0,2.5580357142857144,37.68,-122.12,1.489,37.68,-122.12,-0.025725839805911716,0.024493069860520803,-0.0017391576413886686,-0.0017016270274782459,-0.037361427637618023,-0.023238500028578836,0.014955632812417723,-0.0003878758230857288,0.0002392385387718085,0.0009397803607908219,-0.006450564326498651,-0.0014346574922644575,0.0011851633308532375,-0.0013689823084943077,-9.270222773681176e-05,0.001131128839513746,0.0026305605426299424,-0.0043312731771375235,0.00034992445884482676,-0.000763840457413361,-0.002157994614723808,-0.0029097747429174294,0.0014537535121929603,0.0007397318467611007,0.0003433763171928143,-0.016090296242904645,-0.00620835175890308,-0.13470077035681272,5.3071637,8.569511,2
5.0196,52.0,4.7224576271186445,1.055084745762712,1079.0,2.2860169491525424,37.74,-122.43,3.243,37.74,-122.43,0.02668625559810801,0.004839297915679929,-0.0018714302439014133,-0.001036448785970036,0.0036976647292475563,-0.0036267910960580407,-0.010320767022574662,0.0041288860552738515,0.0019939090138893223,0.0021636300512234505,-0.002502409438462663,0.002341572141765227,0.00356535573833379,-0.0016284204328454329,0.00014322349887627278,-0.0013411207540094047,0.010904329810813563,0.006989905930729038,0.000484793297164503,-0.0006310095933998116,0.0021651779074430607,-0.0012940280248533418,0.0024150398707632223,0.00033645145501386804,-0.001669982946330595,0.009367311583205173,0.005364905870578549,0.06813507140221713,12.431174,4.8913994,1
3.1818,36.0,6.510067114093959,1.0570469798657718,850.0,2.8523489932885906,35.29,-120.65,2.496,35.29,-120.65,-0.01841854487385185,-0.003812194757766237,-0.0023061930664093374,-0.0013711765125970362,-0.01981034860948334,-0.011125984136452322,-0.0028519303974844966,0.010020899342697547,-6.361191592721473e-05,0.000737493788021293,-0.011865931015854644,0.0063676223354656655,0.0016320477702679497,0.0013026329742250947,0.0024723771623648,0.0034776092929184287,0.026479036438985658,0.0003935496709788225,0.0006824857269330487,-0.0006816259815085583,-0.0011380656693127872,0.00538356934714902,0.0008879743925712517,0.002063647846542699,0.0005014083655605152,-0.025062447176552087,0.00016793174803740886,-0.09948869531286007,7.3658924,8.831739,2
3.1417,15.0,4.658823529411765,1.0549019607843138,1197.0,2.347058823529412,36.8,-119.73,0.746,36.8,-119.73,0.03432432401673329,0.01885955994687156,-0.0004578124968177816,-0.0007704715060941664,0.009546772365934108,-0.014047621516198885,-0.026000972756898208,-0.0035198315950830204,-0.000817681634657364,-0.0009897436845679396,-0.026411429231151654,-0.008628892296196896,0.0017232906044098604,-0.0011066816811775764,-4.1048278276187416e-05,-0.0016733449494547227,0.004343565020845101,-0.0008214956296809448,3.104582881047669e-05,-0.0005482315751509081,-0.008156738766139588,0.001480958365958104,0.0008622881112899741,0.001142692709805617,-0.0008323736184098949,0.014160119830726396,0.007641981215087149,-0.26387227056697937,-1.1828204,2.4228973,0
3.5441,14.0,5.980535279805353,1.0535279805352795,1352.0,3.289537712895377,35.37,-118.87,0.87,35.37,-118.87,0.02622669579932763,0.00027841679538723066,-0.0020540509292815198,-0.001056597799661559,-0.02104260098629344,-0.017218454845243415,-0.028915709585065837,0.0024906821597358193,-0.0005669339360436416,-0.0006015659448836455,0.02933406828035924,-0.00836568399098768,3.1431592087503664e-05,0.00010593794093254549,0.00030513889497479576,-0.002950467751439892,-0.004896861209246138,-0.0026775449482615544,0.00030198035643445723,-0.0008143552126635638,-0.00353515113553395,0.0003900315141526751,-0.0006620719720300584,0.0011668523611916423,-0.0006148936428871258,-0.030497314672330092,-0.013040749149454248,-0.24983621379867219,-0.5983976,2.926303,0
4.7946,18.0,7.049056603773585,1.1886792452830188,747.0,2.818867924528302,34.69,-120.37,2.906,34.69,-120.37,-0.0029115892583797395,0.021393291349491552,-0.0019243842432020446,-0.0018821966727185922,-0.008365665931544265,0.028897447123481405,-0.0036980834368935326,-0.0005712062094827551,0.0005057028399974549,-0.0008317790523261816,0.016705137507778998,-0.0063591914630140535,-2.242161822107213e-05,0.00014942188415597186,0.008242575157083565,0.003916159061978045,0.020633209665089004,0.00920587213234299,-0.001183964569335494,-0.0017382713996387954,0.003672308309198603,0.011582926790586217,0.0012944046335129974,0.002358703314523604,-0.00018976595546266797,-0.014193237248248163,0.0035770059649580664,-0.13827173321892763,6.5214844,6.8774357,2
1.564,35.0,4.519886363636363,1.0340909090909092,1290.0,3.664772727272727,37.63,-121.02,0.818,37.63,-121.02,-0.019603891344737306,-0.032315196021137464,0.00108273117411223,-0.0014175825780771863,0.044983794222691886,-0.04322577738955776,-0.004513385098314146,-0.0009661613856613184,-0.0004269188084399428,0.0007703122312426165,-0.012241244790622252,-0.0012805616336466507,-0.00037621524863060466,0.0010137061539921373,0.0005861254428198371,0.005940147675112888,-0.00235498241670052,-0.00024102701523923218,5.793323310927216e-05,0.0014812004098295939,0.0033716441432519555,0.001728790292547199,-0.0020905166195078866,0.002952095477674282,0.0004015972230884613,-0.013740058713241328,-0.020949130402469013,-0.1263263665335863,2.023084,7.82753,2
3.5775,33.0,5.767857142857143,1.0482142857142858,1579.0,2.819642857142857,37.68,-121.01,1.097,37.68,-121.01,-0.017534216605852623,0.003699463055979783,-0.002613549924429689,-0.0016636408240260218,-0.06177767784925184,-0.005775253972028035,-0.005338408759603748,0.00038935596846669446,-2.2263404592047074e-05,0.000881032497956374,-0.011289551979481187,-0.002052559957580625,-0.00015296495496142494,-0.0010781416916406065,-0.0006975496579677751,-0.0023319602660090743,-0.001271048408060805,0.0005778475721018533,0.00011432060934943245,0.00036163560828729127,0.0020761923203017427,0.0009271223428545743,-0.00019257639089638988,0.001015264935413538,0.00026029066904624206,-0.027741947465562352,-0.001287997137559425,-0.13578508933334452,5.5092463,8.229716,2
3.1563,42.0,6.1875,1.0,158.0,4.9375,37.36,-121.92,1.375,37.36,-121.92,-0.025412502039751823,-0.005472408572176881,0.0006695273863107526,0.016826700695474574,0.005950926721735517,-0.0052859650730954005,0.017267479136882622,-0.003381605255080804,-0.0002892624218425632,-0.02408156180248009,-0.01752860686319738,0.005907944029368055,0.0005206329905576284,0.0013552125855650092,0.004768820457838562,0.00018350642322851658,-0.002323875216845011,-0.0027871130953370554,-0.0116557547389106,-0.0004008715806457236,0.0014858100260658686,-0.00538870867551299,0.003277156365182144,0.0020914746329119293,-0.010770567133392441,-0.007750600017429643,0.020351819340397485,-0.06567907090929143,8.40433,9.312224,2
4.226,11.0,3.718840579710145,1.1304347826086956,718.0,2.081159420289855,37.33,-121.9,1.667,37.33,-121.9,-0.06937138190925618,-0.011552330092532865,0.00021518106225690056,-0.005321695924938582,-0.01566103829807656,0.008406601542424104,-0.02946412932618276,-0.008640300056515723,-0.0008461824900879883,-0.005804850786268129,-0.07517513135155557,-0.010011383645885084,0.002101689724857595,-0.00020281277526045606,-0.00374518961328714,0.0024146476480458785,0.0003997226357756712,-0.0010946305022985204,-0.00031598849135493364,-0.0007512357084511279,-0.0072323664443140635,-0.001003046877588278,0.0020840380989231915,-0.0006214568777697496,0.002429563806569279,0.021177015883770654,0.002493978289737427,-0.060347177179171076,8.395934,8.249228,2
2.3937,20.0,18.79352226720648,5.2631578947368425,658.0,2.6639676113360324,35.82,-118.7,0.821,35.82,-118.7,0.006772341460591026,-0.022314989467881515,-8.353884560448484e-05,-0.0003456925749766737,-0.012968964240074387,-0.042349258266940026,-0.00295787895365179,-0.003760761558285536,0.003392051636650933,-0.0001989240300661292,0.007003593701169297,-0.005555788494749238,-0.00024491679672982764,-0.014894552459541473,0.006681042813506747,-0.006905617098830702,0.0031172869884171723,-0.002235191381109107,-0.0008908067495709138,-0.0012257901792163287,-0.01295394754172795,-0.0035938964610370814,0.0006618864882129588,0.002503343472359179,0.0023814156366242247,-0.02730651843550269,0.0012212816501886632,-0.21937896966964857,-2.2050896,2.4517174,0
3.225,46.0,4.326639892904953,1.1178045515394912,1373.0,1.8380187416331997,37.81,-122.25,2.188,37.81,-122.25,-0.04326292860049027,0.022281722066310246,-0.004420898276514336,-0.002933352354233445,0.041231261854863296,-0.005489516520109836,0.011064368489834468,0.0012478269632493213,-0.0002749741324883657,0.0009914627364893919,0.08526709433210104,-0.0019468797803888834,0.001960594912731079,-0.0014973385718299005,-8.018995941696722e-05,-0.007567751505098705,0.004589266558143945,-0.004901270060989986,0.0004540180120318197,-0.005608576867427704,0.013918502940778359,-0.020941776787944556,0.0004580728121760599,0.0007133804955043604,0.0025727288680100595,0.010604679348728384,-0.0033349612848225826,-0.11802757937807647,8.280181,6.588465,2
3.35,52.0,4.783001808318264,1.132007233273056,1275.0,2.305605786618445,37.77,-122.45,4.929,37.77,-122.45,-0.014587278460934251,0.012563053551508947,-0.0014253327411424925,-0.002127103145080021,0.03308246690183345,0.028843997675745973,0.12056725020441889,0.004857649536749555,0.0005199230241148545,0.0011681479364866279,0.011732905291143524,0.005452864363284877,0.009329076684632908,-0.0015986919247008716,-0.0001938489917877084,-0.004076726673309702,0.014820134791479379,0.023899166257924164,0.0003643837637053141,-0.0020576147970919685,-0.002864730245478371,-0.01934489545388155,0.0016526108780154723,0.0005786419653773327,0.0013183335485128973,0.015391042899832754,0.0228780036970831,0.13092528995492472,14.143083,6.094069,1
1.8068,34.0,3.9066339066339055,1.0368550368550369,1272.0,3.1253071253071254,36.54,-119.39,0.59,36.54,-119.39,-0.01846320002703645,-0.020523297462355167,0.0017871650579449339,-0.0024612834152002937,0.038082285693681626,-0.04541474190995887,-0.005318594756937143,-0.00027105867689705297,-0.00043326034743132387,0.000898177249557115,-0.00966337130759578,0.004602287210764021,0.001129986523088843,0.0015658438949639145,0.0004908128095359028,0.0018953463012791982,-4.3133956310502136e-05,0.0018473275808272712,-0.00043702036905616734,-0.001968978703644091,-0.0029758115661237977,0.0020476238205927866,0.0005098253422257421,0.0012213443178798633,-0.0007601288146053656,-0.024297837141986772,-0.016546446803064562,-0.26001907476609104,-3.7382333,1.9185617,0
3.2917,10.0,34.57142857142857,7.022321428571429,483.0,2.15625,37.63,-118.99,2.318,37.63,-118.99,0.023103189858251,-0.0010794132471831535,0.0011324123543050612,0.0003000252343086173,0.06752638969452819,-0.005375550459623656,-0.01750605888484717,0.017976510759311348,0.0024703937285410647,-0.0017962223965474393,-0.0627150755708258,0.0009027612493526088,0.0016162141993014125,-0.030038273422477967,0.009006560190693293,-0.012224202880685629,0.001240668469947316,-0.005726322334749142,-0.0031229168827883445,-0.004351871581462368,-0.0006301888022396346,-0.005552908081362245,0.0012837284428870162,-0.0006335258025221732,0.0022851693863858175,0.04565985344545262,0.03156860994126637,-0.14211006835189569,7.9079986,7.4602375,2
2.3633,28.0,3.5587734241908007,1.091993185689949,1666.0,2.838160136286201,37.32,-121.92,1.984,37.32,-121.92,-0.009302257456821708,0.0521202047585923,-0.00259949445499953,0.00070788350200294,0.023648197345465673,-0.03770269880548103,0.02247950935556843,0.0021609085269555434,0.000249600337301797,0.0005611207303257608,-0.0074952825922294805,0.0020002201125432586,0.0008286018159903621,-3.798762375657256e-05,0.0015799636814241092,-0.00010480419455657464,0.0011857916985648787,0.00028034703028568457,0.0001644338957314228,-0.0005305792526141514,-0.0021834595736538462,0.001911141158076722,3.6806322917854755e-05,-0.0005644821785687083,0.0004887330502886123,-0.024724785429244993,-0.001116917033728822,-0.06770711544533099,7.730983,9.099932,2
3.2465,27.0,5.258116883116883,1.0892857142857142,1469.0,2.38474025974026,37.67,-122.07,2.306,37.67,-122.07,0.0009864658467199782,0.005719359301361207,-0.0017237012003525915,-0.0018503538363812855,0.023950697019757432,0.003740421321535099,0.013162704562087358,0.0016208022508418874,0.00023923853877180827,0.0006395797941201033,0.012443609111789664,-0.0015595183329151629,-0.0004097506252322957,-0.0007809441278836581,-4.635877908510103e-05,0.002322244914690863,0.003297058729634446,-0.004190915632080286,0.00023878173010414538,-0.0007062105474324,-0.0018463157419069047,-0.00022508409669541474,0.00022933389214638153,0.0007371997933627994,0.00040689200849614525,0.013566288853721383,-0.011588193625308212,-0.0871032662093743,8.75806,8.387078,2
3.0313,40.0,4.91919191919192,1.042929292929293,1434.0,3.621212121212121,37.72,-122.4,2.191,37.72,-122.4,-0.03868540063213912,0.019164235779700615,-0.0014474869174337234,-0.0021928982719574422,0.03917175546250496,0.00036024583912916755,0.06534680284233427,-3.571155948841057e-05,0.00015752987420683513,0.0006437772101239152,-0.014698847126173992,0.00046398441832686666,0.0051548754864219936,-0.001496066968459407,-2.856939438752931e-05,0.006639589088244514,0.009837642172720762,0.005807267083564372,0.0005446571503722333,-5.297923968393554e-05,0.00276911323832928,-0.0020709745793247806,0.0005348623680544186,0.0009391938370758798,0.004846733676209478,-0.007451914199783699,-0.02282325879119655,0.0950538940272967,13.235493,5.4701657,1
3.2569,15.0,5.444444444444445,1.08994708994709,891.0,2.357142857142857,36.84,-119.77,1.244,36.84,-119.77,0.03259049818924505,0.007407781919734581,-0.0008379303462110774,-0.00033951128487890586,0.029886782007593572,-0.00896647711597163,-0.027136735187658113,-0.00315315471836517,-0.0008176816346573642,0.00038942806380670855,-0.024635070419503118,-0.008622327805588092,0.0017232906044098604,-0.0011209485578527077,-0.0011882621767332494,0.002367204146863776,0.00423506759065097,5.007451953953508e-05,3.479152190823674e-05,-0.0010151763285402907,-0.006833447414671253,0.0024896535840507406,0.0013339636773698341,0.0014106380409304657,-0.0006295319858903973,0.01590789687261309,0.0071939991304548765,-0.2636967995422191,-1.3331724,2.4092343,0
1.7636,52.0,5.175637393767706,1.0084985835694051,855.0,2.4220963172804533,36.75,-119.81,0.551,36.75,-119.81,-0.04016622060805849,-0.019920279316874814,0.0018741082641827364,-0.0022124843957351363,-0.031082052749327325,-0.03867821373213903,-0.005883925721451176,0.0033609762824958612,0.002418889803320692,0.0008532797287597837,0.0011480234502275774,0.006884546567281385,-0.003457510956152333,0.0004174889205833622,-0.0009604902518975989,-0.001083416053241877,0.0037438428102067574,-7.505003719701414e-05,-0.0005016317072847706,0.0006601446102319467,0.008968831205192866,-0.004914374085687034,0.0015061674644654465,0.0014840323042166518,-0.0005698915130331918,0.013903273639952229,0.005833623721591982,-0.2658150038788528,-1.0871129,1.5659987,0
1.9338,43.0,3.2420091324200917,1.0776255707762556,1506.0,3.4383561643835616,37.78,-122.23,1.125,37.78,-122.23,-0.03947517713342231,0.08851798454133056,-0.002232229171133602,-0.0037054711792977864,0.052429302428798716,-0.036370603542699276,0.012779854963001895,-6.798342844930279e-05,0.00015752987420683502,0.0008074654265812181,-0.011394983881510449,-0.0022291664846876653,0.003982558452633539,0.005244528375672818,0.0013301235644037875,0.0010785875898157767,0.005172792066550594,-0.003540575207142326,0.0005411955381480922,0.0006750510351195675,0.0012967364797473455,0.0025770876519658017,-0.0001575270137324424,0.000984655880158183,0.002526575618662179,-0.007164032097405181,0.025336997774921124,-0.1164666714631801,3.0745258,8.59582,2
4.7804,19.0,6.347058823529411,0.9941176470588236,1378.0,2.7019607843137257,36.83,-119.77,1.011,36.83,-119.77,-0.0017711047910979893,0.020749873137261524,0.000849468493596586,-0.0014522353119155497,0.013367189598456035,0.02273877725692026,-0.009639533557273108,-0.0014901826333687306,-0.00023711281696552308,-0.0007277229253060499,0.020450527205742187,-0.005540556745870132,-0.0003954971453445879,-0.001375714970725485,-0.003052632393757909,0.0009329021955669843,-0.013046177808848439,-0.004316638596273929,-0.0012797695398253002,0.00176819439243539,0.008600489204887058,-0.005179427426277349,-0.0002867557254037801,0.0008378084244382907,-0.0007189546351927925,-0.015668344149560948,0.0006189023958820254,-0.2513312139045794,0.61294633,2.9164653,0
4.375,34.0,4.532051282051282,1.0192307692307692,381.0,2.4423076923076925,37.6,-122.39,3.409,37.6,-122.39,0.0027912539531685407,0.004028531102451359,-0.0001998748508881355,0.00028993712776441503,-1.0244690829892768e-05,0.015549294324269842,0.011595287032533076,-0.00017821243398243963,-0.0002962884109833774,-0.0005410425052437089,0.001727754471326168,0.003290685839677946,0.0025745998034454555,-4.112465460611009e-05,-0.001519563653810454,-0.0017262921550473794,-0.003460790819887141,0.0011038981928429082,0.002807990567636565,-0.00029669205298397456,0.01781093940453096,0.01934189711127515,-0.002322327315344315,-0.0018218542255296862,0.002058325925601456,0.01056231164553967,0.02885883229575919,0.10133695033219514,12.9094715,4.8751383,1
3.7361,48.0,5.754617414248021,1.1055408970976253,1041.0,2.746701846965699,37.75,-122.49,3.202,37.75,-122.49,-0.006004297883711193,0.013719715264068389,-0.001608601057206201,-0.0016957443988592318,-0.05141108417148,0.029959960526535462,0.07212339632061271,-0.00013697749380926668,0.00042976147697271157,0.0008072121068143124,-0.016390610749744797,0.0002784540444297523,0.008297752794625704,-0.001364451798463406,-0.0005885649120423378,-0.0019526100787727657,0.008504529383626926,0.005594797062861096,0.0004374917813427995,-0.0015223842283336013,-0.002262931899805639,-0.013596814548894862,0.002034231192916355,0.0002948216414618771,-0.0019502016303720865,-0.028251063392177332,-0.02369797840917151,0.08422274169680043,14.298263,4.6465535,1
2.4113,23.0,4.7565445026178015,1.0471204188481675,1376.0,3.602094240837696,37.7,-122.41,2.142,37.7,-122.41,0.002787128524369732,0.002402348593758711,-0.0014523174859807713,-0.0016738256024049316,0.03152659486734391,-0.01836493959837383,0.01489854973470536,0.0007449053000612295,0.00031387135796492714,0.0002738184690067075,0.01107335142589775,-0.0021159925040153036,-0.005408008998298185,-0.001496066968459407,1.2131106444418407e-05,0.011101439284785585,0.008927124566788777,0.008481612686452823,0.0005446571503722332,-4.9374344449280214e-05,0.0027933435768166103,-0.00207057461074394,0.00060184144314651,0.0009205226393857173,0.004830886435188501,-0.008139907152584582,-0.013221867500441851,0.08668805371871108,12.841021,5.2023883,1
4.4259,6.0,4.114130434782608,1.0570652173913044,1531.0,2.0801630434782608,37.56,-122.01,1.58,37.56,-122.01,-0.06767617692411501,0.01596981161200165,-0.0010486884287586474,-0.0049080253929942134,-0.009094642483089317,0.006329876210544139,-0.020558051177832777,-0.009155440840849965,-0.0008046639818414677,-0.008135209757738885,-0.07544135978150072,-0.008788716754370162,0.0012454178617648623,-0.001038547529345142,-0.0008301045556747136,-0.0024720143293518386,-0.0011820433708955253,-0.0029506176283691874,0.00018865810454754816,0.0020536863803719083,-0.0019572955138938072,-0.00035527338734470614,0.0002970586269123887,-0.00055288475706815,0.000508123930875879,0.02129855149932036,0.0029849617126531092,-0.0503962701950128,8.456885,8.215031,2
3.2368,44.0,5.264840182648402,1.08675799086758,657.0,3.0,36.98,-122.02,2.125,36.98,-122.02,-0.03725113464085538,0.0021284674187041605,-0.0021800083380932563,-0.0011415678804278047,-0.03297725557052467,-0.004210864937460283,0.014589159488376576,-0.0009157797095832293,0.00019134371043610146,0.00047499775832126115,-0.014438227278023456,0.006560527959082116,0.0006266726349429913,-0.0003767349495434323,-0.003214126864904795,-0.0013614206837839092,-0.0018348818810945682,-0.004782924820040611,-0.0003155865949818862,-0.0008140475442954488,-0.002898217038565669,0.0021656040024944983,0.0007712343231683679,0.002594541094373309,0.0032285231771118084,-0.01860827778186903,-0.010591100329234802,-0.05861027771397353,8.231148,9.691514,2
2.2868,16.0,5.220843672456576,1.1129032258064515,1634.0,2.0272952853598016,35.25,-120.68,2.337,35.25,-120.68,0.08898786411634237,-0.027683571810969344,-0.00135944860759996,-0.0034813566929100996,-0.032652699896091,-0.0107225411121064,0.006933500595976048,-0.00405678790278985,-0.0006478762292726986,-0.0008584773711848216,-0.06324337544266549,-0.009148407177838047,0.002558314350602635,-0.0011822031170727202,0.00017296401911495206,-0.008987246393907588,-0.00454264702750578,-0.0014806602171826206,2.4491122071664795e-05,0.0002288287760744842,0.0032053833093131276,0.009945927285843575,0.00025799554944130204,0.002514115992285371,0.0005959541127716049,0.06044395334152773,0.039950994484502136,-0.09955385679906929,7.3548546,7.3436584,2
3.1753,27.0,5.134228187919463,1.0033557046979866,2212.0,2.4742729306487696,35.35,-119.04,0.85,35.35,-119.04,-0.004021563149981966,-0.0016655726392485453,0.0010868093982989975,-0.0015656797086422434,-0.027313446987628158,-0.014015540833005144,-0.029066392858221532,0.0015696880776962627,-0.00044421665690363277,1.8821317240874793e-05,-0.007763684757414543,0.0024352135827869926,0.0004528283929723452,0.0005667034660373417,0.0006825002603026967,0.0010686549599360918,-0.0008460297885514392,0.0003669021384084178,4.117138026666641e-05,0.0014134290651892328,0.0006211115868814027,-0.004033637371894095,-0.0013907214046231652,-0.005722707491081797,0.004590643085558657,0.012497802809436357,-0.0032694629076233384,-0.2522585960248496,-0.891007,2.2098649,0
2.6411,52.0,5.170403587443946,1.053811659192825,481.0,2.15695067264574,37.77,-122.24,2.41,37.77,-122.24,-0.033215276204909716,-0.02498442124862603,-0.001840949726369814,-0.000108912097607985,-0.019407346901698076,-0.017154373538137216,0.011287155682620934,0.006755557913762642,0.001999524648098864,0.0009511203909849323,0.006637749639910306,-0.0018120879693167451,-0.0022232955794407004,-0.0010345173491652718,-0.0023986963657909545,-0.007143569899640322,0.005329111482261778,-0.0036959559851249177,-0.0014888387351204922,-0.0008654997208554608,0.00019798214204680374,0.000511844883965075,0.0015515194265640355,-0.0030269889877744217,0.0012707061996566188,0.04263122379610063,-0.0018270511890308883,-0.12239066153642902,4.301113,8.455894,2
4.5493,43.0,4.6923076923076925,1.026525198938992,1102.0,2.923076923076923,37.66,-122.43,2.815,37.66,-122.43,0.044383988100104195,8.539920068307685e-05,0.0005978267530594553,-0.0021496640769056814,-0.0003636798603210235,0.004997000166911654,0.013365277578794061,0.00037730918197145845,-0.0003817084118947032,0.001718248490221804,-0.01807852754102265,-0.00019513545156019387,0.006018674722736354,0.0017622204844479294,0.00013270662144389535,0.0016106066353486245,0.009653071831364646,0.008354456005294025,-0.00017604902771582064,0.0019351777007504875,0.0008297964275630072,0.006948411328962448,0.0019504258745107574,0.0003865549833905861,-0.001966536521796732,-0.019937508703039925,0.007661570269291406,0.06622711438085069,12.4923525,4.8307457,1
2.2847,26.0,6.001420454545454,1.2585227272727273,1795.0,2.549715909090909,35.28,-120.69,2.47,35.28,-120.69,-0.00709719259674753,-0.026237124626284428,-0.00015753381473007042,-0.004078075976454121,-0.01412967206718095,-0.025897954740184248,0.0011433182157341035,0.0007235609144279364,0.0031399757019503075,0.000199167943148996,-0.001990586057250932,0.0027451518536971468,-2.7163780758197993e-06,0.00012315237964139673,4.669044922247817e-05,-0.0037790169204280225,0.001872517811204024,0.002368104178851482,0.0002904781054243103,-0.0017158953944448883,0.0034198698087843852,0.009161751680710218,-3.554153761187496e-05,0.0024498202768529704,0.0006594765349501382,0.006516110242580158,0.007788871372691002,-0.11039920949246447,4.2850003,8.067637,2
1.5319,20.0,4.521929824561403,1.0219298245614037,1285.0,2.817982456140351,37.11,-120.25,0.505,37.11,-120.25,0.010061418585104676,-0.03605655016048961,0.0013897809966757619,-0.0005123293570015236,-0.010209044131756292,-0.04569274744624263,-0.00880282556419286,0.0006907702472871579,-0.00015939285640444024,-3.895110546591247e-05,0.006550969211716352,-0.005813892819659516,0.00014858032553604895,0.00044791987781432336,0.0004929719239419487,0.0027240627078231766,0.00028208339460980146,-0.0021927901968482287,-0.00024951420048267717,-0.0009281105536555901,0.003937298318643953,-0.006830151412889588,0.0004653281367919764,0.0002115325338123879,0.0002104252963546594,-0.025920805791394677,-0.00018003581635795952,-0.22659952856407148,-2.170784,2.4528167,0
1.3713,23.0,4.329938900203666,1.030549898167006,2091.0,4.258655804480652,36.96,-120.04,0.518,36.96,-120.04,0.007526817040602468,-0.02372973993200703,0.0017814497504077145,-0.0020072629626926315,0.036815531371560815,-0.04525626127994877,-0.0077252610145173125,0.0009367014357551765,-0.00029714608659454423,-0.0002956228603522258,0.010928749094243202,-0.00811670163731286,0.0020066082082771824,0.00036661252416613584,0.0007644574844092176,0.00554760577887458,0.00011597064513512982,-0.0005278318804367361,-0.0016645231166946526,0.0014017468792007022,0.0009139539181046286,-0.0065463235741574305,0.0024055517829127404,-0.012400396820375715,0.004418156989662981,-0.027163200647186615,-0.02627187309529191,-0.2267436113562659,-2.8330562,3.2473502,0
2.7857,20.0,5.11018711018711,1.020790020790021,1227.0,2.550935550935551,37.79,-120.98,1.109,37.79,-120.98,0.003818430442177793,-0.029202185511501503,0.0009825305854788905,-0.0011899792837548897,-0.034114860118779816,-0.03289315255729533,-0.0014630645586902673,0.0004191898589315108,-0.0002135025833772729,-1.3901732218162447e-05,0.011207941540645675,0.004830074742267898,0.002286853172347256,0.0005515017770965641,0.0002262926359056766,-0.005379667968333644,0.0058899021527546265,-0.0014849147583212345,-0.00018462251078546114,-6.469952324261684e-05,0.002139238012977298,-0.0016803058892485485,0.0009574938255125645,0.0010085963446158572,0.0004012197375475886,-0.012364321386974813,0.001977088899688828,-0.1392265465656216,3.3850105,7.248963,2
1.9944,52.0,6.046610169491525,1.1906779661016949,620.0,2.6271186440677967,37.76,-122.41,2.625,37.76,-122.41,-0.037722077107310056,-0.012868572861605384,-0.002830731637278979,-0.0025198809797299195,-0.01807983129699455,-0.02291094933324068,0.006431324275364839,-0.0008548084259016147,0.0006384707331119326,0.0009275739521444772,-0.004352961869145027,0.003607795855452839,0.010390803753949445,-0.00037722547796201797,0.0019044928733170387,-0.004378620657653079,0.007248849189310115,0.014447238122491369,-0.000438248188571276,-0.0005007812174034922,-0.000824632540904837,-0.011137929895240943,0.0015091550264995637,-0.00207904711208333,0.0021838853838320052,-0.03275714744951523,-0.03214193624516271,0.10869956389631806,12.852273,5.0412016,1
1.625,32.0,4.582491582491582,1.2222222222222223,1483.0,4.993265993265993,35.38,-118.97,0.468,35.38,-118.97,-0.01001175554581277,-0.03221956792588188,0.003496705003990769,-0.0012467968094197223,0.04469810878119765,-0.043661498801637263,-0.0024404849731952854,0.0016720609863026031,0.0026985168483360028,0.0005588817910067473,-0.009082944349436059,0.004707209611912006,0.0008265543228216522,-0.0003598413820814104,0.00020220182589873162,0.00616080613460677,-0.0010845482641142746,0.0007819826080030216,0.00038178844551507794,0.0014869336431917958,0.0022462784478038556,0.007425166094779582,-0.00040609165913800137,0.0038220117391633657,-0.0015461363884661649,-0.013218400842054567,-0.020026409648758632,-0.2342822475232647,-4.041789,2.409303,0
3.7153,16.0,3.2144578313253014,0.9373493975903614,1103.0,2.657831325301205,37.39,-121.87,2.298,37.39,-121.87,0.014276164354038272,-0.008380889074301633,0.0005935451905666147,-0.0003706929442313928,-0.020919200506638216,0.012865129403911517,-0.006575196167216218,-0.0013640562485977073,-5.988832841973278e-05,-0.001002175376278195,0.0198523553151498,-0.007075717208042721,0.0005419362925699373,-0.0003490563523290607,0.0015734374964599754,0.0030479921699867137,0.0013767942115169522,0.0010141094374712769,0.00021025263081713734,4.054252529646871e-05,0.022388747476735568,0.027752470574075393,0.001616650219293473,-0.0008257205868758277,-0.0003276214564648368,-0.019594611679132092,0.0015203016360365864,-0.054891958755980456,9.85642,9.77007,2
1.7105,21.0,4.8244444444444445,1.0733333333333333,1315.0,2.922222222222222,35.5,-119.27,0.521,35.5,-119.27,0.009728289122991618,-0.030872130195925933,-0.0023287978267452665,-0.0015565874504187465,0.014377825317585738,-0.04586427370579585,-0.0047179094384316176,0.000943789199228104,0.0003260579753549102,-6.572141445799898e-05,0.005445901935858041,-0.003990975238268181,0.0018946231685907035,-0.00069741258265915,0.00011376690115807848,0.00278896059929539,-0.0002669353043544331,-0.0005032833750506689,3.020540527905602e-05,-0.00012354531543762838,-0.0038136683855345614,0.0024718122436433957,0.00037667456149729855,0.0012155376421639015,-0.0008180608209897879,-0.0352722907689083,-0.008002197796209354,-0.2632369873199022,-2.5055315,2.3163655,0
1.2625,45.0,5.32404181184669,1.0139372822299653,801.0,2.7909407665505226,37.73,-122.19,0.847,37.73,-122.19,-0.04038183139847663,-0.019667330292386577,0.0009785666028874513,-0.0009205763568628265,0.003223496850117872,-0.037427788003103195,0.018991114319366866,-6.954482437775257e-05,-0.0008487904329926813,0.0004340459969214903,-0.007168885827974246,-0.005583295152544528,0.00046101069200186974,0.0015494763760129323,-0.0011615285872887014,0.0012873997541262864,0.004709599815941399,-0.000254584546751282,-0.00019692920410605322,-0.00022708487358823044,-0.0006781224766826517,0.006486065030447266,0.0009814760584257226,0.0007264145405360056,0.00052599756670298,-0.02729987942702542,-0.0069877357280109026,-0.13843336868455786,3.1220841,7.766569,2
3.3958,12.0,5.3202416918429005,1.0317220543806649,1780.0,2.688821752265861,35.32,-120.82,2.158,35.32,-120.82,0.035358617669759944,0.0017994790271773076,-0.0004083289057158619,-0.0015707588325856521,-0.05026736955103641,-0.004294507279467118,-0.005555648919666727,-0.002255363982579572,0.0002800752170362293,-0.000416147289298414,0.01713471968855233,-0.00709811687749791,0.0006546108946031112,0.0013268783324016668,0.0005597435819562828,-0.0016832681897430593,-2.7851445098159354e-05,0.00012803118145190767,-0.00041910629392467305,-0.000832600715483881,0.0003099095873647023,0.005111927940176376,-0.00022115115317091584,0.00243849275808129,0.0005991647544317704,-0.022186748018126597,-0.0002060534704064341,-0.13767706915696687,4.429875,6.513763,2
4.7019,35.0,4.991769547325103,0.9094650205761317,790.0,3.251028806584362,37.63,-122.09,1.741,37.63,-122.09,-0.002183304679335801,0.01125650226505254,0.0008150206314498198,-0.0013610589479539196,-0.032144726696541524,0.021788831610031957,-0.01192488543082807,-0.0006860893282453764,-0.0004568257660524729,0.0016123700484730573,-0.020554736895025006,-0.0002646301046933101,0.001179638549398007,-0.00045215046297293973,-0.0005653995090957048,0.0012294909109896693,-0.007541769927047453,-0.004156713466945981,5.127193370480143e-05,0.002377629088025763,-0.0031468968443554607,0.01955459912237203,-0.0026462866681644095,-0.0004999095509948843,-6.394347508829732e-05,-0.014494472071592856,-0.0017169974468398401,-0.10127587599070846,6.8374243,7.435058,2
2.9453,37.0,5.693593314763231,1.0974930362116992,894.0,2.4902506963788302,35.38,-119.11,0.828,35.38,-119.11,-0.024342145458910783,-0.017469575033790253,-0.002249167933551753,-0.0017090781296966685,-0.05644262308156386,-0.03090116179247496,-0.00694750589229535,-0.0021774901756557137,-5.593882572141851e-05,0.0007785134094263048,-0.0037488282699110606,0.0057958674379774144,0.0009312315608451073,-0.0010571816571785019,0.0017942235550835565,-0.0016471276077960908,-0.006760957133957861,-0.003082749654504101,3.684695054973282e-05,-0.0017680514790801602,-0.002664861264514541,0.0016163846001295919,0.0013026586826802885,0.001440611821276149,-0.0005725801839706179,0.0015116270519494922,-0.0035162348008033794,-0.24387043394275523,-0.9916564,1.6358902,0
2.75,34.0,5.556701030927835,1.0231958762886595,1269.0,3.270618556701031,34.69,-118.13,0.968,34.69,-118.13,-0.019496207095468183,-0.02624673295727489,0.0012853276020968335,-0.002108896079716736,0.04768597624130563,-0.029346151426618547,-0.011843328166885884,-0.001457490346981831,-0.0005409060682568169,0.0008252025815305798,-0.011395778011819499,0.004738098683760037,0.0012141470242641613,0.0026894051687837376,0.0003446678024221597,-0.007780576157276484,-0.00039131351393706165,-0.0014754298713980877,-0.0002556449562171553,0.0003216330473417193,0.0006407765075428598,-0.006730092594540658,-0.0005680946317343275,0.0014242450056158994,-0.0007161977955222931,-0.02873675195494755,0.00015934073142527305,-0.13851470986572248,2.0987258,7.869812,2
1.625,33.0,4.491071428571429,1.0476190476190477,1734.0,5.160714285714286,36.53,-119.29,0.503,36.53,-119.29,-0.018371493748017286,-0.032589592858401406,-0.001925298094288977,-0.001709826292527073,0.04589173415311178,-0.04417609700143879,-0.004493374503396736,0.0016440692084766868,0.0001146103933671144,0.000526516354304723,-0.012179565526447321,0.004524618294026285,0.0008431458897947794,-0.0007321762397399061,0.0002564328404118206,0.00611828387435767,-0.0002957179240939185,-1.4407183865564842e-05,0.00044324753241227173,0.0003540434536150265,-0.002364215403127348,0.0025167975582984035,-0.0015951329696595729,0.0038121815202421744,-0.0016668839461115475,-0.01380553747015491,-0.02246440748628691,-0.25437076348845633,-3.9281745,2.0815213,0
3.7533,26.0,6.460296096904441,1.1184387617765814,2365.0,3.183041722745626,35.38,-118.94,0.87,35.38,-118.94,0.0026743183622275715,0.016059038394449637,-0.0017786607055210555,-0.0004890778497856471,-0.044625293417472504,0.018718450692033286,-0.015132779566980618,-0.0008599318656330287,0.00020149007314703611,-0.00025216959699264055,-0.011856614808826695,-0.0006794421469683194,0.0006910090393965295,0.0013315107156278935,-0.001476094082424757,-0.005211497766192796,0.003469768618507326,-0.0044377864668060365,0.0003973961856561062,-0.0020235465560116375,0.0019377395949216072,0.007397410724340468,0.00014606919058211086,-0.004333901968774064,0.0030073474629525097,-0.027374343653966668,-0.012047936689237588,-0.22429698775876436,0.19813274,2.728755,0
3.725,30.0,3.330754352030948,0.9477756286266924,1057.0,2.044487427466151,37.39,-122.09,2.613,37.39,-122.09,0.01103489974182768,-0.007343949807409739,-0.0016700001480545632,-0.001084756652034433,0.12217798335737844,0.0058133103629300145,-0.009782572917845471,0.0016308568038665581,-0.0017329341095875693,0.001836119586441577,0.06157773284295379,0.005565052348613254,-0.0007505556078596317,-0.0013699671583625467,0.0019104741948512628,0.0009014021561461771,0.001931742672704976,0.000376061994520126,-0.00021398531314974662,-0.0022973559834760402,0.0046569394642176146,0.0007835770159988389,0.0038522087640854327,-0.0005095327775702451,0.0009464731402226986,0.03297514648481479,0.0013195454090003333,-0.06169508178583999,9.844135,7.326063,2
3.5039,32.0,4.205630354957161,1.062423500611995,2583.0,3.1615667074663403,37.65,-122.41,2.324,37.65,-122.41,-0.0041215059397687066,0.041726366552980815,-0.0021582707521146886,-0.0015850698532538718,-0.012083075348237556,0.020718949488706253,0.11297279346430164,0.0015889393579849405,0.00023844731264153,6.623507519493244e-05,-0.014495228497286577,0.00311492727244824,0.0023118446209196503,-0.0013446673950398744,0.00023358879929389983,0.0036669552429631916,0.008877268089518749,0.013317461043392915,0.00022724684731612602,-0.0003846619497025448,0.0018446064612012082,-0.000864273869681184,0.0011732784147022166,0.0015629561901773798,0.0024778007700417834,-0.019170509957734345,-0.01573015566903586,0.10118388461320017,14.576428,4.9951344,1
3.7045,16.0,3.972299168975069,1.0304709141274238,804.0,2.227146814404432,37.37,-122.0,1.781,37.37,-122.0,0.018664327566446513,0.028181579431368058,-0.0002929000433693772,-0.0007109766615624729,0.03413060474242196,0.005171956517621194,0.0068253488456452675,-0.0023599460486268984,0.00022909673116603503,0.00047175766783304814,-0.047808547087184385,-0.009061973102645681,0.002591334271284739,-0.00024198301956522106,-0.0006026115843632815,-0.0036677483698051355,-0.0003724533409741476,-0.0007686535007018613,-0.00010547670792274146,0.0021105065002551236,0.002895385651557275,-0.006845698834655176,0.0018828876824038157,-0.00015952797348038668,0.0008628442748432237,0.010621005347922484,-0.008171241729187928,-0.07822618705618285,8.754989,8.056439,2
2.6065,18.0,5.534883720930233,0.9767441860465116,859.0,2.8538205980066444,36.29,-119.11,0.938,36.29,-119.11,0.008155966627498743,-0.021624894772659307,0.0015216610939123429,-0.00039639232746743714,0.016741405708810757,-0.04017140367387727,-0.0031429286638997257,-6.295276329708293e-05,-0.00037723870213985413,-0.0002793817830457784,0.007849907472967564,-0.0057198380773019804,4.950942644553118e-06,0.00046992309984545544,0.0003650279549348315,0.0006620038478357734,-0.0026110732105224205,-0.0027694588897540793,-0.0005164723260008537,0.001912001409728012,0.0014325046219570378,-0.003889300322213001,0.0011255421763855732,0.0014626192201082717,-0.0005279189781045375,-0.025863616728650878,-0.00014924542447116161,-0.2536075240319927,-2.5149727,2.4159796,0
2.2321,36.0,5.865671641791045,1.4477611940298507,573.0,4.276119402985074,35.52,-119.28,0.375,35.52,-119.28,-0.02042736881370045,-0.02807544169504225,-3.1531078048231865e-05,-0.0007178959689079984,0.044797925382301436,-0.04479908987482704,-0.003566605962333923,-0.0024841966380248154,0.003121303542565359,0.0007068575439669099,-0.012607586840600886,0.0049284734314173195,0.0009770321862527217,-0.011639460216096928,-8.911091353468798e-05,0.008907039001998402,-0.009257989300119509,-0.0004840560714976102,-0.0005905876331075167,0.00046646334611048096,-0.0070326471597307195,0.005249274630880426,-0.0031573103477600672,0.004481569759692029,0.0008583833654429703,-0.011716617310803788,-0.02201856237313375,-0.2541009795923092,-4.1071877,1.9938959,0
3.7041,11.0,7.260932944606414,1.186588921282799,1934.0,2.8192419825072887,37.62,-120.95,1.748,37.62,-120.95,0.030183960284353408,0.00652805368967682,-0.0012799904171240533,-0.001776430039138814,-0.05049096063671923,-0.006512390349415421,-0.005296015288879133,0.012530479450255058,-0.0003437474843428941,0.0004908048687465394,0.018511863029471644,0.002949391682221035,0.0017875042150778725,0.0013708626559638818,0.000625882328852708,0.0018673923361123314,0.016209537219281697,-0.0031681547965118416,0.0006989363092580925,-0.0012465430970499075,-0.002840683494966431,0.004168067738188382,-0.00010485322776706796,-0.0005901343454109452,-2.6277439958712893e-05,-0.02470298653583471,-0.0016128855372460173,-0.1273296526495362,4.482791,6.5732675,2
3.9728,28.0,4.433806146572104,1.1217494089834514,1691.0,1.9988179669030728,37.57,-122.34,3.0,37.57,-122.34,0.012164361913811256,0.011018356814782335,0.0014971471217834036,-0.00115885386829418,0.13279017208984112,0.03262338431762638,0.01620176595013112,0.0023607192113436408,0.0002497111594950558,0.0013814002083357845,0.046845414026242344,-0.00047816521566213855,-0.0006425078904049344,-0.0010222598113613132,0.0004025027516318991,-0.005876032423130844,-0.0021733249552030997,-0.002776784870382237,0.000449137664341687,0.003800357638263726,0.0009166943949579843,-0.03220838357196733,0.0013878554875182845,-0.0017288193999970307,0.0019646245087193513,0.044675164643109236,0.043862490376719965,0.008124228440095646,10.10409,7.306487,2
4.0197,17.0,5.819338422391858,0.9923664122137404,1330.0,3.3842239185750635,36.59,-119.62,0.88,36.59,-119.62,-0.007090976454572271,0.011044512672843268,0.0002813112609232741,-0.0003582540430726237,-0.04239754695300025,0.03285990234107066,-0.008296724822140835,0.0008966979384049344,6.777541426417604e-05,-0.0005326221949378446,0.04125999589028939,-0.008608736598925422,0.00011876822670185804,0.0015331611362444505,0.00019025849436292587,-0.0005305987478602153,-0.007586186722690059,0.00025889347522906644,-0.0009513881712801774,-0.00011553083398634571,-0.00017635831102315666,-0.006106156303375937,-0.0014961524062571676,0.0027570087209250454,-0.0006213870053351963,-0.021609764410999988,-0.02131576757501259,-0.2535322762759357,0.5412613,2.787172,0
1.9479,50.0,4.82520325203252,1.0609756097560976,907.0,3.686991869918699,37.76,-122.18,0.895,37.76,-122.18,-0.04528053345605618,-0.02651707217700603,-0.0008133421949917913,-0.0019541600765655884,0.050579778608826946,-0.03652987603601253,0.02123507331253467,0.0004867032660969663,0.0007595002184219418,0.0010878727132371255,-0.01057781795668701,-0.0039869435860464125,-0.004262426459729978,-0.001499044569320604,-8.854360950185786e-05,0.004427820315963847,0.00480610437981335,-0.005790694559877168,0.0005410676632179463,-0.0003485643862750596,0.0008477834993187327,-0.002543189069214416,-0.0032479949824515773,0.0011476999213880406,0.000932604269257303,-0.0022382735993509003,0.02170953264974895,-0.12567843321798738,2.320289,8.39424,2
2.0216,18.0,5.463291139240506,1.0455696202531646,1461.0,3.69873417721519,36.38,-119.21,0.58,36.38,-119.21,0.010351207273326307,-0.010884188433754194,-0.0012067523670982174,-0.0028401034398255077,0.03636234717505784,-0.044585851417323755,-0.002300664109374538,-0.00014354094439537852,0.00018175609999399343,-2.7933402409878713e-05,0.011355608633208595,-0.008702459645213573,0.0004732457486665517,-0.0006932612658368248,0.00013654118729600618,0.007356170269781176,-0.0012355737272755263,0.0012239933697029608,0.00044638432695681836,0.0004681235517057285,-0.002493614038254681,0.0008153113976389902,-9.149701916934362e-05,0.003493740018503652,-0.0015084478834436939,-0.012206636749783922,-0.01832417716395857,-0.2369910553580049,-2.8705351,3.073365,0
3.5417,16.0,5.311643835616438,0.928082191780822,1010.0,3.458904109589041,36.79,-119.68,0.713,36.79,-119.68,0.017865758573339236,0.0032142333119013645,0.00229643962587743,0.000999017251429512,-0.018621508968634497,-0.014084748107975385,-0.0251464638489476,-0.001973382302741007,0.0005788284102220328,-0.0010618584286938638,0.034417268398971336,-0.007999154012108906,0.0005993012823254026,-2.858973733073242e-05,0.0003048447777138887,-0.0015215894424796947,0.003621867943823411,-2.207409067112548e-06,0.0022368727380300338,-0.0008572366973764559,0.002441709324093707,-0.018833426095704587,-0.004297170158474127,0.004326679674250124,-0.00037662045173964193,-0.00961084934443376,-0.017163022574943013,-0.27203164508401767,-0.51835227,2.852283,0
3.1359,38.0,4.10668380462725,1.06426735218509,2410.0,3.0976863753213366,37.73,-122.48,3.5,37.73,-122.48,-0.028597425117983622,0.045013624669191295,-0.0018776387588233187,-0.0014592767264996376,-0.017691308793910482,0.016364209121143815,0.09779690689238249,0.0004638150120374622,0.00023924724980320893,0.0003253370565619664,-0.014478223090954936,0.0007174283326518516,0.004648275884367849,-0.0012369456920979316,6.752747331736567e-06,0.0034890002389594945,0.01146040545284052,0.025981513011861652,0.00022627139358894545,-0.0004508485559654544,0.0034482015510071025,-0.004585613725636584,-0.0018914290673626665,0.001561058490538196,0.0002513552860701762,-0.01107485483835482,0.04185524811755115,0.10434891859382311,14.287395,5.3581877,1
4.1792,42.0,5.433212996389892,1.1696750902527075,553.0,1.9963898916967509,37.93,-122.66,3.5,37.93,-122.66,0.06784349830771275,0.02222321212532623,0.0014300985928430892,-0.00036481762834123205,0.09305959356800858,0.03736205944677611,-0.020556525586673324,0.0002763610341588704,0.00037962021387693624,0.0020873367842525353,0.07465912325033629,-0.014410451548989964,0.003581887479756971,-0.000800809680502455,-0.001608824268047085,-0.0021077274760823526,0.016553277738795023,0.011160935586248782,-0.0013016465998886948,0.005388844602734989,-0.001919816810339589,-0.015341631262428854,0.004185948726958024,-0.0025268796481378417,0.0030856146727892956,-0.044514704878575895,-0.06020894716054658,-0.0044392542024020015,10.097829,7.7862673,2
2.1587,43.0,4.319648093841642,1.0879765395894427,1231.0,3.6099706744868034,37.73,-122.17,0.865,37.73,-122.17,-0.04049436439876164,-0.002097830127839166,-0.002414440058156455,-0.003775449232767903,0.04879462336247446,-0.03712116634614343,0.021830125867141878,-0.00023705793563892576,0.00015752987420683513,0.0005922366867739667,-0.012006047452532524,-0.004525895351688574,0.00020978209014056747,-0.0013806866121794908,-0.00015951247200803942,0.0019327047169530776,0.004602506790300128,-0.0059890032918774195,0.0005630534046857782,-5.224979301844329e-05,-0.0007997607859393095,-0.0039541367728077315,-0.0018817422921630932,0.0010249835442328367,0.0004712961850903497,-0.002575012952137125,0.021954235072302333,-0.12303502371221457,2.4476182,8.536641,2
2.48,20.0,4.6453900709219855,1.0780141843971631,1538.0,2.181560283687943,37.69,-121.01,1.356,37.69,-121.01,0.009875064927716164,-0.0025606434036325896,-0.0014424419652615237,-0.0012732607797255528,-0.032927890978843716,-0.02658804876712667,0.006546981472289412,4.653785247789939e-05,0.0004291874436395879,3.1276359337435977e-06,-0.023464458003238202,0.0032629686614460605,0.004167686841575736,-0.0007859991332148411,-0.00014275904189214398,-0.008705406805355394,0.005342765346820652,-0.001181347550301605,0.0001445919502001008,-0.0008622437835012324,-0.001698492168590123,0.0011940668644523369,0.0003981162964587379,0.0008558792909922007,0.00020346695469110893,0.041510576132110545,0.04002306383323252,-0.1148578278100473,4.443938,8.232017,2
2.3849,11.0,4.983529411764706,1.0341176470588236,2410.0,2.835294117647059,37.59,-120.96,1.22,37.59,-120.96,0.04572646549391948,-0.022392431108502333,0.000333285872887323,-0.00164644398813775,0.011079732970638531,-0.04378299872953707,-0.0014178446698200923,-0.004914486547873279,0.0003967222518710992,-0.0010946038317037655,0.013365349002707657,0.002706657455224692,0.0020659792842539306,0.0013149243562829076,0.0007078008856003881,0.0030246678936394263,-0.001458689057696616,-0.0008668614681184561,-0.0006444004532888466,-0.0003869214483583981,0.0030763830662711676,0.0024069800124629816,-0.0010740119858708508,0.0006241139483949669,-0.0009015063131416665,-0.022504456055695923,-0.001184909300771378,-0.13640890295107239,3.316065,6.584964,2
3.3472,37.0,6.625,1.015625,266.0,4.15625,36.87,-121.77,2.938,36.87,-121.77,-0.01387405569681157,-0.0018140016230166914,0.0005128745198380418,-0.0007260870963338626,-0.00917156547592513,-0.0006999822582715318,0.01857857405103662,0.010694165586359564,-0.00033702650454895175,-0.000704953980904489,-0.01767304237876351,0.008236323541092242,0.0017425094871749438,0.0018775488754278215,-0.0013705147038363325,0.018420423060763854,0.024920481630578622,0.011482401262744957,0.006486625639542876,0.0022006677390747197,0.0012236717265258316,-0.0073840096756740406,0.0071078599667042126,0.016262452066355276,0.0066021209459522405,-0.0003399763737870667,0.03700252499227919,-0.04005025928226826,8.587097,9.375616,2
2.3304,26.0,1.8247191011235957,1.1393258426966293,628.0,1.4112359550561795,37.78,-122.42,5.00001,37.78,-122.42,-0.0168038738111656,0.19267585859149342,-0.0042846057217794395,0.0005480000855641303,0.059395313612290564,0.002021295049712829,0.05480984130663181,0.002584242244380095,0.000613105293867631,0.0005961968914216286,0.016552400154760383,0.0014998699700134123,0.0010483182786949043,0.006110719833939838,-0.0015921723032769905,0.21957332232696328,0.007965952994299445,-0.03653972139831499,-0.0033460329853118777,0.029814276299955943,-0.004905642932778006,-0.00905743376759265,0.00022771370153889977,-0.0018704925633499128,0.002142056552144817,0.06412524828199943,0.13674509164280993,0.11508990697057694,13.687394,5.2498717,1
2.6127,36.0,4.858156028368795,1.024822695035461,812.0,2.879432624113475,36.78,-119.82,0.696,36.78,-119.82,-0.023754723577135147,-0.0032491245224203803,0.0014206403160735796,-0.001281180074778744,0.019141777640001013,-0.041286313363491395,-0.006005734260592962,-0.0017927506206542607,-0.00044721469918350903,0.0006458289728078582,-0.007478512209577857,0.0036357945000444238,0.0012442751743377116,0.0005505893538219634,-0.0009273485929599899,0.0024455894828038687,0.0034916324157325514,-0.0014864788446411115,-0.00026824282461098477,0.0006555995994936939,0.008714622431999108,-0.004920031357654525,0.0008458518710904408,0.0014840323042166511,-0.0004783411043945531,-0.03525563205198691,-0.006148015934838164,-0.27357279930128836,-3.0927403,1.9441184,0
3.3482,30.0,5.680412371134021,0.979381443298969,800.0,2.7491408934707904,37.67,-121.09,2.2,37.67,-121.09,-0.005033257363232021,0.0012971723119986301,0.00109533931672426,-0.00100299308071131,-0.05304574509811211,-0.009765589955974036,-0.006678138362240119,0.000521110311656154,-0.0003576101376922982,0.0005281162426922608,-0.01154283902509288,-0.001814423097474206,-0.0004894212751982478,0.0016609277063662064,0.001982363896870046,-0.0021331641206142776,-0.0011532753715162711,0.0010781815890961188,-0.0004174777596168387,0.0015380877858855906,0.0021999409511178386,0.0011369497350536832,0.00119629127995399,0.0010084296434722862,0.0011431140999616052,-0.02790421467117545,-0.0014222677221765573,-0.13464591826146716,5.609117,8.088834,2
0.9355,24.0,3.482051282051282,1.1897435897435895,1371.0,2.343589743589744,37.78,-122.43,1.125,37.78,-122.43,0.010570830739282569,0.055148750350746976,-0.0033198417880374873,0.0006707991992795229,-0.05580259634200879,-0.01672266033286213,-0.015056824951337661,0.0003081941143088988,0.000775450871829552,0.00034049396851760784,-0.010839792376630915,-0.0050850113843550196,0.0059010725016338,0.005371043553954923,0.001150785668200667,0.013220245739972299,0.006062434671006167,-0.04389877990637825,0.0003875947886520956,-0.0027426091839347533,0.0006116051053196417,-0.006846046413967052,-0.0007950999024512286,0.0003162180764400428,0.0029378885860939312,0.013095482350805234,0.019625945095597647,0.09634613309706941,12.861176,4.6069283,1
2.5288,16.0,5.315638450502152,1.06025824964132,2463.0,3.533715925394548,36.98,-120.05,0.618,36.98,-120.05,0.027379950461098007,-0.01760604141667998,-0.0003344678423281008,-0.0023713678121463403,0.02622804976713055,-0.040717350346854184,-0.006834230887056834,-0.002529365313014192,-0.0009009814625142948,0.00029998935545530296,0.02465135333205995,-0.008254695914472008,0.0004945740712419829,-0.0011534542856186222,0.0004062443636580621,0.004109384522462332,0.00014907194416263566,-0.0015919802783520081,-0.0013966051797802603,0.000564180271383827,-0.003758246927574678,0.0026038301925100727,0.003503078279228254,-0.01090500222515041,0.00293985142759086,-0.02347583427992791,-0.02525714921676162,-0.2163228178103059,-2.5150805,3.5003781,0
1.5957,18.0,6.327586206896552,1.559386973180077,986.0,1.8888888888888888,35.7,-118.5,1.014,35.7,-118.5,0.04306666215375159,-0.02428859877499539,-0.004567006547263906,-0.001258479481648066,-0.06161861876717135,-0.01769292337186293,0.005272759081611954,0.0017257525335112461,0.002239489044685546,-0.00010305469209050081,-0.04001755646362906,-0.008042784667907688,0.0018302971188040836,-0.010291937353891563,-0.0015623922250546686,-0.007910395663042266,0.0019189022977129707,-0.0035231983698819037,0.000497818874480222,-0.0065383518282947535,-0.018067361643422132,-0.006328910562212941,0.001598481173526557,0.001132670542055994,-0.0006034905612313254,0.05707111871408945,0.023159143805765486,-0.21700774525161656,-1.2463601,2.7136748,0
3.7167,46.0,4.699822380106572,1.078152753108348,1418.0,2.5186500888099466,37.78,-122.5,3.328,37.78,-122.5,-0.005898185883093028,0.009895033346255029,-0.0014150855815681746,-0.0019396465683938408,-0.03073513425267081,0.03820172784638748,0.09711116173607434,0.0005292893821500844,-0.00029667802163069656,0.0008657266649032414,-0.019683656226300736,0.0005317188263823426,0.004822794555498919,-0.0015946005733401083,-0.00022992000302813554,-0.00138997713181195,0.014470772668917779,0.023976797676706633,0.0004360369548596059,-0.0010453556773460922,-0.002451344411814648,-0.01586217970218029,-0.0006615600685683759,0.0006196824004474008,0.0024813795699243626,0.0021715488045442044,0.011511604570215793,0.1253189244453199,14.343197,5.1660357,1
5.0457,34.0,6.328787878787879,1.0954545454545457,1586.0,2.403030303030303,37.45,-122.23,3.951,37.45,-122.23,0.011754228909677464,0.018962464869806402,-0.003763972296983762,-0.0014058032357813926,0.043551179206545866,0.021352326373157184,0.009897957803331163,-0.002662314839793291,7.418119506989627e-06,0.001559602070294016,0.006195038482335785,0.004693139109645979,0.0008089309969430657,0.0014646279859612155,-0.001808937315422937,0.0045639288620374086,0.0033024941052815747,0.0018071041924071643,0.001125777045256599,-0.004404887842791065,-0.020472433106238554,-0.019539328407298818,-8.458575992217308e-05,-0.0019109343682016846,0.001491273883626032,0.012086276450117712,-0.004938785447336394,0.0011752308327765985,9.890095,7.9376526,2
4.7361,22.0,6.08021978021978,1.0362637362637364,2474.0,2.718681318681319,37.7,-121.8,2.168,37.7,-121.8,-0.00033181929401773503,0.01872209440129559,0.000857064997078971,0.0028536114094545157,0.009781571762728532,0.02053381825515027,-0.018446854631195872,9.518963149080652e-05,-0.00018323425634870304,0.0013366996856994185,0.020266303637740502,0.007555929413573016,0.0013438694561140555,-0.0010708603254197013,-0.0008825562383418335,0.0002027887037430407,-0.002858042676113421,0.006385924832211109,-0.0008322833325814078,-6.494570167078521e-06,0.004191230281775121,-0.0004882102988046527,-0.0014343073282319138,0.0016106670754125081,-0.0017004454173741123,-0.01542794897042867,-0.005765531618002138,-0.06211471830174267,9.850129,8.725258,2
3.3839,52.0,4.364556962025317,1.0531645569620254,1016.0,2.572151898734177,37.8,-122.41,4.0,37.8,-122.41,-0.020812644286163424,0.027785255986056478,-0.0020375718208680994,-0.0016804892543807346,-0.058167800515243194,0.022205958333390886,0.11426181652398697,0.004038038187762459,0.001962133091300233,0.0011793445375383568,-0.011159204369318549,0.002413067385521011,0.009468786845465125,-0.0014819311725111904,-0.00012699324578205125,0.003022695501957452,0.01492593134353816,0.011344597538685669,0.0004293685568223183,-0.00019539236577771838,0.0014048285939144594,-0.0009565710834802946,0.002118610245258618,0.00035004923523665574,-0.0018167639260343042,-0.013405674815386891,-0.003411060663572284,0.16888215448633673,14.3772,5.1392055,1
4.9519,31.0,5.896049896049896,1.0187110187110189,1138.0,2.365904365904366,37.4,-122.11,5.00001,37.4,-122.11,0.01792150287459757,0.018643790103235906,0.004520546968458095,-0.0012087552275793277,0.04045923562895789,0.029630889039009643,0.0005568202562829875,-0.00016987944559879997,-0.00036322577190183917,0.0013548449915796084,0.022174239664790412,0.004738757028286484,0.000555560954578254,0.001451620754788963,-0.0001495687852058682,0.020276608557599704,-0.0023007843065647607,0.007059791954721271,-0.00027772604430226905,0.0056203710568375346,0.040590008697405956,0.040555621399885486,0.001676537117268373,-0.00040562247658556974,0.0003865788100226595,0.016987059846579024,0.004482796411134434,0.0341763841477446,11.9598465,5.2822576,1
2.5556,11.0,5.825112107623318,1.2556053811659194,1158.0,5.192825112107624,34.96,-120.45,1.292,34.96,-120.45,0.04290478040599094,-0.018862029179577543,0.0003677487533334023,0.001367845246629806,0.02771264669367646,-0.027004467538082114,0.0035721130243588847,-0.0020777757526506623,0.002624338371276811,-0.0030211923161058054,0.02560658569866677,-0.009367561335748599,0.000839102488616312,-0.0009819478114875904,-0.0003869112959100382,0.009342464228616244,-0.0008040440095563144,0.0001639468177483597,0.0003437708702363081,0.0005743327320506817,0.004617315648961403,0.011237440773938569,-0.004187630146636561,0.003515704767892956,-0.0013559664562102706,-0.01469547274127192,-0.030650468904510283,-0.17148319001813037,3.2569873,6.409098,2
5.0,24.0,4.492753623188406,0.9528985507246376,690.0,2.5,37.29,-121.96,2.83,37.29,-121.96,0.012081453510321673,0.004552698648169866,0.0008161569710895454,-0.00016237175535979088,0.020346063783978276,0.023887908179444275,-0.005783119503037758,0.0006574883489740678,-0.0012998706868767398,0.0010045942670433765,0.01999134914427728,-0.0003896202661958438,0.0015378594049173053,-0.0009101378477232459,-0.0033096489155725823,-0.0015167813406914373,-0.0012194123828492148,-0.003790226048619392,0.00022103651067410454,0.0015169356393548328,0.0034320657397317908,-0.004826990160727213,0.0016925133553315817,-0.000414328044706855,0.0028472458995891423,0.009392186115410229,-0.005142378940672559,-0.05749844073041462,9.731655,8.333933,2
1.5515,37.0,3.910679611650485,0.9805825242718448,1787.0,3.469902912621359,37.62,-120.99,0.541,37.62,-120.99,-0.01865437419202292,-0.02220621866889425,0.0011517114543081008,-0.001579648325255242,0.04411796514922114,-0.04383532780693558,-0.00549711693827216,-0.001500830538300114,-0.0004269188084399427,0.0005364748545348067,-0.011768015331542666,-0.0042330672353895,-0.0006828271223330532,-0.0008006758950031729,0.0007132849972611186,0.0010169885861640976,-0.0033096624421127523,0.0035689365010359853,-0.0011584826111664971,-0.0035350136210398797,0.0007506789059163296,-9.284562184115808e-05,-0.0011627395022270688,0.0029784919903266937,6.216683824052406e-05,-0.016711480177389593,-0.020666766203049615,-0.13208645219485265,2.0023863,7.783378,2
4.8021,45.0,5.927536231884058,1.0434782608695652,340.0,2.463768115942029,37.74,-121.42,1.335,37.74,-121.42,0.03775963419715863,0.02121843791016532,-0.001219644959813857,-0.003785391424810357,-0.00020164663093770734,0.018914553967089347,0.0025782715039963594,-0.0013975795659580295,-0.00031369850029150137,-0.0010915834934208469,-0.021781479458381468,-0.0039688498987848295,0.0006963310662446923,-0.00015742092767302078,-0.0004282518299646009,-0.0014954158822934626,-0.0022572128118692296,0.002483734187498553,-0.004258584389883873,-4.6143163535079245e-05,0.002157116965323263,0.0014898147131503848,-0.0031757845936912104,-0.00416303660275852,0.0020873235538884007,0.009424377030032636,0.005700299390913758,-0.106281914226287,7.4046855,7.1046658,2
3.3882,52.0,3.77125,1.06375,1588.0,1.985,37.78,-122.44,4.714,37.78,-122.44,-0.022527251589916798,0.007278809567341703,-0.004649532930287666,-0.0027131549699531215,0.07755139246185967,0.02918712989112966,0.109748586412605,-0.002970130771831234,0.0019995246480988644,0.0014108845040681811,0.05342722266376441,0.0025173516002872866,0.003303600690223019,0.005283263761299053,-0.00015466304756052188,0.0005123180214803776,0.01190750909613147,0.01385793539860485,0.00042663680475731313,0.0003183270115726126,0.0031195961820984436,0.005954639312323527,0.0004104527337416577,0.0004660144123476437,0.00250558070084855,0.038730931383304475,-0.017312536397378737,0.1247905061321798,13.7192335,6.49653,1
2.6458,50.0,3.209183673469388,0.9591836734693876,742.0,3.7857142857142856,37.79,-122.25,1.25,37.79,-122.25,-0.027271669136068506,0.03636566833979413,0.001220045073638947,-0.0002749938456609067,0.0347922506420833,-0.03166277836273629,0.014348446692244096,-0.0048802509887593305,0.000542983674913284,0.0006843264481225689,-0.012278644598125832,-0.0015734464260253609,-0.0005253330369673544,-0.010718563589835585,-0.0022350590405841924,-0.022117071468265945,0.004579083524969429,-0.015531240241169133,-5.864549315953337e-05,-0.002444400308792904,-0.002950544211434934,0.0018517770535710447,-0.004015239671596454,0.0007401779378196519,-0.0001095158444116098,-0.004323953991429216,0.03238162333290562,-0.12251831928771435,2.6701214,8.541738,2
5.0917,52.0,5.628458498023716,1.1422924901185771,550.0,2.1739130434782608,37.82,-122.25,2.625,37.82,-122.25,0.03409048036848989,0.02131050950791594,-0.0009172393428380366,-0.007022324215586568,-0.008571113518480573,0.02412863130137126,0.005472122848168025,0.002019804322829353,0.0006458851842254427,0.001729639740209045,0.002639664791152072,0.00047649859645364706,-0.00010471365236683358,-0.00046212842097360517,0.004086002389747016,0.0034599154958609743,0.003560852458052584,0.008470839285937263,-0.001366198519222863,0.00015430313410666707,0.015523617967291148,-0.020809466893330922,0.0016445074853777167,-0.00326183047164945,0.0009297021479820371,0.010999410433743407,0.0024038886124743155,-0.09926364410550355,7.2673693,7.0029416,2
1.725,52.0,3.386215864759428,1.0884265279583876,1798.0,2.3381014304291288,37.88,-122.26,2.875,37.88,-122.26,-0.04711398303608513,0.060380123304548075,-0.0023286555330523447,-0.002944451112137082,-0.04442623180365625,-0.030532996452741944,0.0075161954945831095,-0.0031251196438823107,0.0019621330913002326,0.0008217462749076337,0.005674635088218984,-0.0005922218713781909,-0.0036623094296776458,0.005096800044072938,0.0012061348539270478,0.014181910964893461,0.005558229610438938,-0.004483268287069871,0.00044845842040969745,-0.0010993531640597787,-0.0006432702213828519,0.0018611763900939684,0.0002642953800783304,0.0005841077107649764,0.00253471239713334,0.020528417290030184,-0.010167378226263681,-0.13250414213989506,4.972531,9.001508,2
3.1982,29.0,4.78698224852071,1.047337278106509,3036.0,3.5928994082840235,37.36,-121.83,1.717,37.36,-121.83,-0.0036176305717036095,0.01489022220609386,-0.0018561397900562174,-0.0016973241050176457,0.003777922483360005,-0.0037306666559009066,0.02103254398894955,0.0016529058227053046,0.00015593871091487755,1.7887512315874633e-05,-0.011854756981056742,-0.0014947937606385087,0.001042868821283981,-0.0007211414571671041,0.0005188135782944626,0.00395532457510464,-0.0010069570156463399,-0.004140031712782547,-0.0003360443756928441,4.562948386286913e-05,-0.002644734672258252,0.0009964001721657822,0.002907904380996967,-0.0008934266868644721,-0.0018917171546183732,-0.009453467415947134,0.016468867155854185,-0.050587111048080016,8.4137535,9.232609,2
4.9286,25.0,6.735537190082645,1.0137741046831956,983.0,2.7079889807162534,34.63,-120.45,1.801,34.63,-120.45,0.019444565566337547,0.015224317166947955,0.0009404489054542538,-0.0009513138839689472,0.001968918468352916,0.016162582475262362,-0.009871074346669022,-0.00727552570459826,-0.0002649887463546023,0.0009696965258384468,-0.006602837300452029,0.000558973780317135,-0.00028019362706683523,-0.0036550708772274125,0.001804218427577357,0.004591851251763682,0.023815951353864738,0.003520100629264098,-0.0011787536686873837,0.0008173459312985337,-0.0027927133859483406,-0.008852794207595452,0.0012560193174917078,0.0008340226111985722,-0.0007895360582396328,-0.012326913977734274,0.005985220574327184,-0.13888291979095613,6.8794928,7.034859,2
3.2981,52.0,3.9532908704883223,1.0021231422505308,872.0,1.851380042462845,37.77,-122.43,2.227,37.77,-122.43,-0.035521881548219524,0.031230969810786196,0.0027528333754050305,-0.00239271850162376,0.033482600752844247,0.026450670972755594,0.1098930116001298,-0.0039539125937587466,0.0014578166038252032,0.0010976140885955337,0.06333420157324789,0.002515928618039475,0.0031947004181163514,-0.009344906523349095,-0.001248877355500185,-0.006522102224731908,0.007342531005520745,-0.01026154898151461,-0.0003451722412518205,-0.004610000856615447,-0.0015007528282988745,-0.004261467748988565,0.002328747772429817,0.00022485402625889266,-0.001992724808849288,0.03721839511698504,-0.022859734060073637,0.1122069099345831,13.745032,6.4065833,1
2.5833,19.0,4.309153713298791,1.0967184801381693,1571.0,2.7132987910189983,37.7,-122.12,1.599,37.7,-122.12,0.004423909001438259,0.00938092289982584,-0.0022307238231422657,-0.0009156065151096824,-0.003392236273560488,-0.03298905853186156,0.02115898517805478,0.0006201142346987094,0.0004346176876106474,5.069982736261998e-06,0.009050530840440042,0.004405769086400218,0.0009978008550777233,-0.001332850931213654,-7.528526363979669e-05,0.004722926334630804,0.0024785613365150994,-0.004255387248512048,0.00035193294481194526,-0.0009501546922795869,-0.001577851010821907,-0.0026503364463277175,-0.00010948709395529094,0.0007008660708934099,0.00023167218092134563,-0.02365996568116185,-0.0019574535016501234,-0.13373628549690622,3.5865834,7.119348,2
2.6,19.0,4.043557168784029,1.014519056261343,2845.0,5.163339382940109,37.33,-121.85,1.728,37.33,-121.85,0.0063906386893470965,0.03743741701971633,0.0014140647908425963,-0.0018205002296846338,0.035590889782258245,-0.02981370296512163,0.026113344111625778,0.0020870698889525834,-0.00027042783561324955,0.00042236006706252403,0.012130851200097218,-0.008745449325111714,0.0007696912011443811,0.0004257334210653389,0.0008808740276994069,4.52636647852519e-06,-0.0011705592109973234,-0.0025556278013161354,-0.0006799246679677024,0.0017499409305709675,0.0010649851418630567,-0.006548782882155034,0.004440283937199075,-0.0011267187558747565,-0.0031809728177325607,-0.010348209709385795,0.020768537651730385,-0.0606082858403781,7.9401064,8.994354,2
1.5057,52.0,4.77992277992278,1.111969111969112,622.0,2.4015444015444016,37.82,-122.28,0.875,37.82,-122.28,-0.04598919173213587,-0.03163573667382215,-0.0032626481006063734,-0.004169940663797833,-0.01618755567642213,-0.03310279011063965,0.006144669083601224,0.0053853276389858405,0.0014814163436050192,0.0008705280471648945,0.000667942826071328,0.00034763858466994245,-0.0025908767743445136,-0.0013038290792917384,-0.0025504552997839226,-0.0020987913681475246,0.005294007992872108,-0.0036432273824179803,-3.156207030361137e-05,-0.0010911934598916762,0.015871880531500408,-0.023330889762057206,0.0018379338973630926,-0.0030706350405427536,0.00030403036644568906,0.02277661588341135,-0.013123238204103398,-0.11560315325352727,4.031979,8.315119,2
4.0556,20.0,4.405769230769231,1.0807692307692307,2325.0,2.235576923076923,37.65,-122.53,2.75,37.65,-122.53,-0.009137622976218675,0.007543580621360393,-0.0016365879956133113,-0.0016250315124766762,0.052639942220833416,0.03181267775218393,0.058365312092282476,0.00018994497487603203,0.0004540947711505103,0.00024271241628542363,-0.0221258746778413,-0.002610822135023788,-0.003353760188789173,-0.0012682574981914474,-7.705091621282661e-05,-0.005657300201955665,0.008305323001397498,0.003081410337957292,0.00024397118667243128,-0.0011911364912346653,0.001362051509866156,-0.012805297260415398,-0.0016275689254457606,-0.00018417987627780566,0.001531961112833846,0.016891216242873854,0.02562306653222222,0.0663303164846195,13.589401,5.866977,1
3.0,5.0,5.484725050916497,1.034623217922607,1785.0,3.635437881873727,36.08,-119.07,0.71,36.08,-119.07,0.04010394384263712,-0.013502228238394214,5.951537103761109e-05,-0.0027804608818060433,0.02517870368832435,-0.02959467335047461,-0.006550147171998468,-0.004618731409444306,0.00027455901737633725,-0.0023494436948497347,0.028995970786755695,-0.009143445556279106,-0.00065295451272034,0.001395004333434975,0.0004208559909635773,0.006103879067706187,-0.0010496775584621476,0.0009661605497529178,-1.4628553303021665e-05,0.0017086195657977823,-0.0025444269236677415,0.0005213957329046403,-0.00037763457921757647,0.003501149146972248,-0.001498373805108111,-0.010615167790163332,-0.018591629740829594,-0.2372068384369987,-2.4128127,3.3922973,0
4.5337,31.0,5.524390243902439,1.0528455284552845,2544.0,3.4471544715447155,37.68,-122.47,3.067,37.68,-122.47,0.003944882901721018,0.019458854939915914,-0.0019657048893974875,0.0008908401273950224,-0.027718951188228532,0.005539345061679752,0.024273430499979338,0.0009735595227200794,0.00014009839773019677,-0.001042230759563697,-0.01831912759823301,0.002532934923286049,0.003717487273700996,-0.0016745716878863476,-0.0006120959344657359,-5.104207099113951e-05,0.0069837083850918195,0.012384753463302567,-0.00010799701541883223,0.00043666554050249756,0.0029158083661160344,-0.005220519480470794,0.004801423687130228,0.00012367212825861276,0.0020369329031882056,-0.0035441335034437135,0.009416490688912092,0.08360844080450948,13.104492,4.718208,1
1.6196,38.0,3.83011583011583,1.0772200772200773,732.0,2.8262548262548264,37.75,-122.17,0.851,37.75,-122.17,-0.035369995614371305,0.02338449711723571,-0.002913147931180638,-0.001006766911891519,0.004655750778915698,-0.03725705909312664,0.0193963813927178,0.0003408111218219228,0.0002682409165921143,0.000639863381175602,-0.00492593004070234,-0.00558869551588068,0.00038074839463756783,0.005572693231968913,-0.002512725108291686,-0.0008357739979652172,0.004575494200385575,-0.005354184322706725,3.5699210832103794e-05,0.0002945052174939091,0.0009576722010678733,0.0036812295830313414,0.0008879777350845825,0.00010665153779353578,0.0007547862003908868,-0.028114078667340187,-0.001115672676383573,-0.13682038770505914,3.107289,8.231958,2
2.8594,45.0,3.455072463768116,1.0753623188405796,1084.0,3.1420289855072463,37.33,-121.88,2.059,37.33,-121.88,-0.038533598915305486,0.03637449361440756,-0.0021636621767788817,-0.0009015586187649143,0.03170150432369705,-0.022607984543111966,0.02082799477890671,-0.0009871690064253691,-0.00027865851919699013,0.0009048405608979704,-0.012524681496785392,0.006764715931512056,0.0010603574630645343,-0.00021915198617637578,0.0015265243178033423,-0.0001223760252569945,0.0008243953218314749,0.0014253412304389443,0.00014405676178050797,-0.000332015122450207,-0.004627428512807779,0.0010392200983328395,-0.0006619541221287888,-0.0003445425307317524,0.0009637570101147377,-0.01521704935184462,-0.0069695593699257785,-0.06653504209993019,7.755283,9.075256,2
