feat_MedInc,feat_HouseAge,feat_AveRooms,feat_AveBedrms,feat_Population,feat_AveOccup,feat_Latitude,feat_Longitude,price,Latitude,Longitude,shap2_0,shap2_1,shap2_2,shap2_3,shap2_4,shap2_5,shap2_6,shap2_7,shap2_8,shap2_9,shap2_10,shap2_11,shap2_12,shap2_13,shap2_14,shap2_15,shap2_16,shap2_17,shap2_18,shap2_19,shap2_20,shap2_21,shap2_22,shap2_23,shap2_24,shap2_25,shap2_26,shap2_27,umap_1,umap_2,cluster
6.3199,23.0,6.909407665505227,0.975609756097561,978.0,3.407665505226481,34.3,-118.71,2.367,34.3,-118.71,-0.021992666007007694,0.018742950563677026,-0.008458765325064493,0.00021454906672188658,-0.03758507028990991,-0.051013393569274916,-0.029909819881881305,-0.004539282118673996,-0.0012062509492366009,-0.00042810368016298745,0.007914451803244375,0.0022952131034207827,0.0020002058468584086,-0.0017374461143314793,-0.0017091565403699808,-0.006928714059313502,0.023380033412700355,-0.00596907713770083,-0.00206859610771573,0.00044159500511043305,-0.006131277471709107,-0.005454878847151344,-0.00883872813107669,-1.553156848628162e-05,-0.0008683543826499702,-0.01891086629150453,-0.02053947753257743,-0.016174194044492836,2.8136146,5.3648686,-1
6.4335,7.0,7.383081896551724,1.2672413793103448,4446.0,2.3954741379310347,32.83,-117.08,2.606,32.83,-117.08,-0.12116815132022268,0.027539166419711318,0.009846359405549057,0.015529394160818518,0.02591302242176254,-0.07437966362255877,0.10479735649363764,0.019089607868876365,-0.00011210408107358821,5.3977883953152186e-05,-0.04652984801889187,-0.0049468662568863805,0.0020980023165025736,0.012915925755082859,0.0017690706114940559,0.0002333088789398429,-0.007392932937873052,0.004447885075636673,0.0006013046887139017,-0.002722234310103476,-0.0011043244563537565,0.0009579061291445669,-0.0014430831830770426,0.002478426212823878,0.0017780613741134065,0.014955964785161566,-0.028692104154670002,-0.14781542814694917,0.13345827,2.8749506,1
6.0661,24.0,6.329787234042553,0.9817629179331308,2194.0,3.3343465045592704,34.27,-119.17,2.348,34.27,-119.17,-0.015258547306660156,0.011915224133770285,-0.008425561561167352,0.00799520754890316,-0.061050801571485715,-0.050221580788232134,-0.031079405634719,-0.0009263718767187056,-0.001202294818585208,-0.0025292291764361548,0.008155724893166986,0.005688214259442757,0.0017302338243993937,-0.001658558956943754,-0.003096994406252053,-0.004141460242414782,0.008004075182893793,-0.004796048381978658,-0.0010259487724992172,0.00313085159606093,-0.00619159021119973,-0.005319850586754975,-0.002410804586281431,-0.004523659475097643,0.004575538061942011,-0.013172270469167932,-0.011139942732569567,-0.015966472930581555,2.658329,5.5947633,-1
8.1926,15.0,7.429495472186288,1.0,2380.0,3.0789133247089264,33.64,-117.7,3.266,33.64,-117.7,-0.03088480962961391,0.02990016114779491,-0.009217944027127757,0.014035173055409382,0.05525930178083246,-0.07348720239306852,-0.007864994763128621,0.0020325906022479077,0.0018384302024378606,-0.0007657579260894721,0.011392792000269054,-0.000759922514582737,-0.0075202240267701155,-0.0022092073136430416,-0.0032421952490474175,0.0032682092828553765,-0.0011484010729707404,0.013452767792416245,-0.001031922038362898,5.4040620721370616e-05,0.004260960874954238,-0.009489250006988692,-0.0033484558717483113,0.0035224942574820454,-0.006174137448055017,-0.0016156012964727482,0.008001660560169422,-0.07937256494349094,1.0482619,1.4429926,1
6.101,42.0,6.496815286624204,0.9936305732484076,398.0,2.535031847133758,34.16,-118.0,3.118,34.16,-118.0,0.10316896078661437,0.01595188473075515,-0.008217290998706035,-0.0223118317658008,0.12495620377923804,-0.047127491133834264,-0.003997498915313441,-0.005067474682856515,-0.0013536072426212039,0.0020130180635607887,-0.00671978951247817,0.005022014714179027,0.0012985019311056044,0.0015465888003002714,0.004761638390140465,0.00016919659425424681,0.005055007237347182,-0.0030143137603864463,0.005123253934692675,0.0006827287231838851,-0.0017693824350941477,-0.005839125825457837,-0.012516158679670637,0.0019021287384929316,0.0027583982086738616,0.018238772126155153,0.002204299763276225,0.07350552444999196,7.242322,0.25007823,1
5.5922,35.0,6.219373219373219,1.0341880341880345,988.0,2.814814814814815,34.45,-119.71,3.844,34.45,-119.71,0.09615332964803973,0.015689089610188472,0.0010291406398150922,0.003051296111024557,0.08233164115078383,-0.03371323735556433,-0.02557305060650229,-0.0028604541224175085,-0.0004335719334601058,0.0030746156330884317,0.0019535549286075916,0.0015849320510999331,0.0016919251504892542,-0.002553589813816582,-0.0031036002573090415,0.0007136367039462984,0.010726647251177227,7.845402352370866e-05,-0.001253369351545558,-0.0015993023659721245,0.0003447900502232298,0.0030108457239963237,0.0026538409315221157,0.0005308047336273881,-0.0005651733886768521,0.012979149696333207,0.009570738140597591,0.057651816944688794,6.877095,-0.29509732,1
6.597,33.0,7.01673640167364,0.9539748953974896,629.0,2.631799163179916,32.72,-117.25,4.964,32.72,-117.25,0.09538435595931039,0.02928277173351142,-0.011961380246260794,0.008490409312397253,0.11848704687059654,-0.07479823956352702,0.07577150812700341,-0.006452786870919766,-0.0019322064430075025,0.0036296307497783366,0.009360244834955955,0.0044520020344770705,0.006496192801281132,0.004197566903132309,0.00947971913935808,0.005137628961567003,0.01984313260530706,0.056600855875427944,0.0006890153510625397,0.0005171000376691366,0.0015229171855269167,-0.005258647677816337,0.002332601327741207,0.002460054094138072,0.0008514042680795647,0.003573333246764848,-0.007369230326945656,-0.05786182464619217,0.5353772,0.44218767,1
7.9976,52.0,7.742465753424658,1.0438356164383562,924.0,2.5315068493150683,34.13,-118.13,5.00001,34.13,-118.13,0.006036922079573463,0.030097104323043977,0.015566729767490196,0.016739769154406333,-0.01615564476661292,-0.05839081194516509,0.039735806754679796,0.0050748859330493595,0.004746457018461709,0.002985929510797884,-0.0010894507650954651,0.006504253039917469,0.001956974738552417,0.001696039571352419,-0.0007228560244334299,0.007208431792301585,-0.004252099313142245,0.01419301128735622,0.0010099290367294484,-0.0007817746762584687,0.0015956842160508942,0.004424216347560758,0.003097239896188396,-1.8493118560233233e-05,-6.857513437925303e-05,0.019425849521594738,0.00649388958715996,0.07633986720957418,5.475251,4.282085,1
6.979,17.0,6.7057057057057055,0.960960960960961,2166.0,3.2522522522522523,33.67,-117.97,3.307,33.67,-117.97,-0.06448677790032029,0.028035846220155668,-0.008196150991550985,0.009872443316584616,0.015657354393002417,-0.08148289082389006,0.010458844319761023,0.0018023495652685097,0.0018083962497861135,-0.0013405656995743131,0.05034134432962819,-0.0015880612434505236,0.00034090667804414885,0.013250164294457016,0.0015292112603070849,-0.006631536240305451,0.003175842299080218,0.006837058594213967,-0.0003371760412450727,0.0017755179188814597,0.003797423489718273,-0.005558305006165685,-0.000286615939629981,0.011008700690664876,0.001026086445649498,-0.010282453814989817,0.001156146606564017,0.05013507313549556,3.3424294,3.141772,1
7.9068,17.0,7.66219723183391,1.0250865051903115,7665.0,3.315311418685121,34.15,-117.71,3.491,34.15,-117.71,-0.045827087379443306,0.023555800558227254,-0.004516729424951205,-0.03412846106249738,0.027851997720777896,-0.03427572074820536,0.03260735799196402,0.011462569548403103,0.0016318098975489183,-0.011704746803213952,0.01813987204611161,0.0019778985459286383,-0.007201028844547037,-0.002327895625600979,-0.014070575423766395,0.006246860762873225,-0.001340745428238243,0.029080865156365474,0.0036636507844505016,0.0015387476602491388,0.00016157362005697005,-0.008953678006671328,-0.0037915974212141706,-0.0019434675653243801,-0.000835042656565228,-0.0017331908010421889,0.020512248299177784,-0.1268849888036704,0.7390035,1.7520723,1
13.4196,33.0,8.25531914893617,1.0292553191489362,1111.0,2.9547872340425534,34.15,-118.5,5.00001,34.15,-118.5,-0.007267100155520684,0.034723042071311515,0.00405756681000706,0.021183223439860597,0.08593435921919142,-0.06912220235048622,-0.0073637019177379285,-0.0076759061136911985,-0.001354407179782883,0.0023975603798137715,-0.003285074913276592,-0.0007365594628085069,0.0013269104046941167,-0.0016534238610942564,-0.0019989491625566247,-0.004395578613816561,-0.023634913063049344,-0.02632566607693275,-0.0015691130952251659,0.00026740964252340067,-0.0055488760957697805,-0.002572694858289618,0.0009698645318326483,-0.00018765500739690482,0.00032588773714724924,0.011558919415743092,0.010482194152885418,0.09063593121498045,6.5844393,3.4409218,1
6.939,40.0,7.075794621026895,0.9657701711491442,1063.0,2.599022004889976,34.0,-118.35,3.72,34.0,-118.35,0.08365446338080279,0.025759691123131784,-0.009366891215733902,0.008612756549671549,0.09787333727491872,-0.07477072024394346,-0.014011798923600318,0.0094457728730883,-0.0013536072426212039,0.0036503582439164385,0.0013791426777625484,0.006345899559585877,0.0021436034000482398,-0.0017357924649629448,-0.0014521360901245403,0.005187155639165202,0.006166981108817153,0.00678858710688749,-0.0016006800247995194,0.00045387645195737677,-0.005426872886741741,-0.0053051458837734605,0.002695572550966482,-0.0004036798585771136,-0.00014813727949426905,0.0117816793734562,0.007259133608235027,0.06036446491173468,7.1661506,-0.16315408,1
7.585,31.0,6.450084602368866,1.0067681895093064,1645.0,2.7834179357022,34.24,-118.24,3.801,34.24,-118.24,0.03748960031323379,0.016569269138569893,-0.009133367081413305,0.009107838648040644,0.024230132520229354,-0.049438878148101884,0.026044155001780242,-0.0013142557193473459,-0.001354407179782883,0.0011725050304673946,-0.0016318484101757894,2.6148473658830075e-05,0.0014590474923970658,-0.001782973363014431,-0.0031607917062735857,0.0008059791164289323,0.0048916248218370375,-0.0019830953634961805,-0.0016029762983947229,-0.000544016957819963,-0.003258386804277514,-0.006299801511167235,-0.0005016141742003588,0.0005812059880892255,-0.0010723208967295605,0.008060187498852508,0.00521411788068718,0.01672379927527758,4.656887,0.9186683,-1
7.4837,8.0,7.773191094619666,1.054730983302412,7249.0,3.3622448979591835,34.13,-117.76,3.587,34.13,-117.76,-0.07252527812188225,0.03148668256457199,0.011110146468924522,0.011417019786362448,0.03401547887175736,-0.036120709499245236,0.04356116443841083,0.02969745056579175,-0.0036661935819195623,-0.013799426714932964,0.039763667037469835,0.0013161371116022745,-0.007476040466969637,0.0017891825715130013,-0.013859589061496312,0.005988046242537902,-0.007223006763301738,0.03796137363944185,0.0008727848575379527,-0.0003647769237235204,0.0015417803843707054,0.0007547311797849967,-0.0033264215386538927,-0.001489470011422168,-0.0006466241196362879,-0.006404013351588352,0.022894233106813138,-0.11495290621869889,0.7234135,2.1921637,1
6.5954,17.0,7.683018867924528,1.0264150943396226,713.0,2.690566037735849,33.44,-117.61,3.462,33.44,-117.61,-0.10027817720270728,0.03353699732449128,-0.00649915976574594,0.004058692364650531,0.012698244830897952,-0.0753902021986286,0.054955122146586544,0.0030207636389816776,0.0018344740717864678,-0.00257931159486424,-0.011720999846434974,-0.0075676143737786914,-0.006810135036236876,-0.0006700503485539825,0.00941887595244756,-0.001969774029756605,0.02218704638548629,0.08884919757806455,0.0010742300883936338,-0.00047921265409730374,0.0024120093513369982,-0.007280486613732651,0.002174445746396415,0.0025507717980305248,0.000731147805553763,0.0036968109578578556,0.0010427046006894001,-0.01746157624957234,1.1434015,2.5345707,1
6.4576,33.0,5.661327231121281,1.080091533180778,1268.0,2.9016018306636155,34.15,-117.97,5.00001,34.15,-117.97,0.09594929898038772,0.014081086275863035,0.016393723608393425,0.010316428322758206,0.026113291123808616,-0.04296640234795139,0.008364844016765833,0.0003272162450611263,0.0015537109466273607,0.0046599632661078185,-0.009122303292481846,0.0015001943028187304,0.0014777090713055314,-0.0013520178987029424,-0.0005995522586330378,-0.00013210803686262746,0.0007948543253116683,-0.0006820360710464768,0.0005578084005138207,0.0018186954176343472,0.002551952828298851,0.004501623503523968,-0.0001556161245294061,-0.0001028316296645259,-0.00031091860812154285,0.008242501380196287,0.0045983284084917374,0.07467585013221874,6.112847,-0.51886106,1
5.4284,5.0,6.176979662483773,1.070532237126785,7158.0,3.097360450021636,34.53,-118.7,2.363,34.53,-118.7,-0.09163735783969201,0.018334615301733314,-0.002437618365212679,0.010239447693280945,-0.01477657884382324,0.03742968662801552,0.005262966490946101,0.009488265550195824,-0.0006742914958019007,-0.010101113288254181,0.044670133980431195,-1.1771910542903276e-06,-0.00028534707167718776,0.0012159402789152932,-0.011570882665703065,-0.0004164324518195854,0.004589769108440861,-0.0001402297910224929,0.0008434409830800479,-0.00036440027284716887,0.000814833019741357,0.0022500624686423833,-0.003348654150487141,-0.0008409894835029368,-0.00044137099223802954,-0.0008991603206973684,-0.012374063682717184,-0.039573426289721145,2.3781972,2.94294,1
7.7876,13.0,7.696287025448477,1.0321234876929497,7775.0,3.243637880684189,34.08,-117.81,3.489,34.08,-117.81,-0.04841501773517578,0.027975559080947014,-0.005240882345306764,-0.010384927692839609,0.021939739874911466,-0.04941555698062678,0.011813566674419624,0.011548946711469396,0.0016320382432477973,-0.01201727841007178,0.02310648637343166,0.0023861262767688597,-0.0006160607353032783,-0.003505770468692077,-0.014746094003729865,0.006008657674332377,-0.010329634702296643,0.030604800982635953,-0.001319064515383466,0.0021082886164276735,-0.0002802992655558323,0.001425451488505575,-0.003275318364245063,-0.0021071089981858637,0.000624840240493052,-0.0006457688337868314,0.02242875674709921,-0.017868308756221123,2.9330373,2.2690768,1
5.6392,18.0,5.951644100580271,1.0348162475822051,3010.0,2.9110251450676983,34.26,-118.6,2.715,34.26,-118.6,-0.018440130745013383,0.013086507845847684,-0.0024444656691178005,0.00783499333792439,-0.028938976848492233,-0.04490757043150659,-0.0274193858273223,0.0018172228667162724,-0.00027201836424158867,0.0005266114285475801,-0.001735415281524166,-0.0023226529417824985,-0.00033081794173157446,-0.001066249622284083,-0.0006680503749521799,-0.00030038242701601583,0.001639747805661389,-0.0011014166182180796,-0.0011430410179919979,-0.0017964432317895784,-3.7273984944562244e-05,0.0014249670762643918,-0.00416274112094546,-0.0023585251594105076,0.0031357329347441675,0.007222850754685915,0.005564709185075851,0.0014351052219826277,2.5173507,5.295695,-1
5.623,34.0,6.239754098360656,1.1680327868852458,1002.0,2.05327868852459,34.43,-119.64,5.00001,34.43,-119.64,0.0835342360138051,0.01454791333838777,0.0060399183287221814,0.00668931017722073,0.08339710591662097,-0.04899629210021165,-0.0299466457069661,-0.0027253630988391267,0.0003622959524027604,0.0040697106217544195,0.08050590539123442,0.002572280012235662,0.0005670677746833558,0.0013165505006877737,-0.002008571665308678,0.002393292603319187,0.011123818706600534,-0.0003499536865099075,0.0006722417151913624,0.0027894061247934047,0.007768463415380006,0.01168202522174733,0.007449358842974305,0.0006173213039255571,-0.0005996077260163137,0.0194488345819933,0.02151603962147643,0.05838875325883125,7.2171555,0.030470816,1
5.1545,37.0,4.540372670807454,0.9503105590062112,678.0,2.1055900621118013,34.43,-119.7,4.184,34.43,-119.7,0.054213231570692376,0.007578313318032676,0.00020609192348969204,0.0007806125206960336,0.06763065431547614,-0.02639950800004949,-0.017003197886796908,-0.0010617460371830812,-0.0018050108910985109,0.0016915127101472843,0.06151174823605544,0.0055762456493907335,0.00015480690263170458,-0.0008166242329845405,-0.003390335638897476,-0.0020614546366157158,-0.011484024194516478,-0.0009289379399458087,0.00016865207400152223,0.007907678200465418,-0.007254830698510884,-0.007665953307483732,0.003764492073187755,0.0006257483924992235,0.001507800466318155,0.0284174842329635,0.02066252364936148,0.0378140328215241,7.0945973,0.09960877,1
6.0069,29.0,6.305057096247961,1.3278955954323002,1266.0,2.065252854812398,34.4,-119.63,5.00001,34.4,-119.63,0.021316225162206996,0.016903543548324875,0.015436078285937592,0.00936317485457702,0.01891508763961029,-0.05810780696281401,-0.032433303393029064,-0.0008626329320901041,0.004794669562714153,0.0029091601153628383,0.05053845219989128,0.004979068785096493,0.0005344367670412162,-0.00908797252944611,-0.0018334753114294523,0.002575673097062245,0.011044496806658593,0.0011385084829167221,0.001007950056098739,-0.001627103713329825,0.008049706911408713,0.010522056733827202,0.004966280492854634,0.00037138182228630665,-0.0008244183628940661,0.019155612377466952,0.02182336199804173,0.05779964359200244,5.3429165,3.388592,1
5.8426,26.0,6.400702987697716,0.9789103690685412,1623.0,2.8523725834797893,33.78,-118.04,2.594,33.78,-118.04,-0.026094908017031876,0.013503292815917134,-0.009337643582488153,0.005113438946811663,-0.019260166672346913,-0.04366471791374836,0.0068217895495451195,-0.0001881952134550656,-0.001354407179782883,-0.0003173680605110064,-0.01319016150762625,0.0043952731094799215,0.0007322504446602888,-0.0016676449700781407,-0.0032056504661644846,0.0007874782470664306,0.0035153906664351087,-0.0015832645484952972,-0.00168105830976526,-0.0005035341434578859,0.002918833143845185,-0.005735236621535018,-0.0006108092085028711,-0.0005731754970675984,-0.00023719243192355736,0.0054242787839360275,0.0037613381310710042,0.0492210623676301,4.786837,4.5353136,-1
6.7919,19.0,7.377981651376147,1.0220183486238532,1872.0,3.434862385321101,33.73,-117.93,2.956,33.73,-117.93,-0.014669490770440947,0.021822471142239133,-0.008105372737829342,0.0066410980186056776,-0.01820984995595616,-0.04144303990831646,0.002220948245676577,-0.004116888030713273,-0.0011783750198475211,-0.0013314920404463707,0.010445507883314826,0.0007876042970369342,0.0006864785014852824,-0.0018470160124851955,-0.0015292226113588982,-0.007241604604104441,0.0065002515301448086,0.016500796015792917,-0.001011734351040138,0.003749294392498368,0.003449118038082977,-0.0051203853063686005,-0.002925672933381056,-0.0014581109386149773,-0.0017147701648729742,-0.02104630192239659,0.003362900530295847,0.0417412989409102,4.722034,4.382356,0
12.7296,27.0,7.992603550295858,1.0650887573964498,3511.0,2.5968934911242605,34.11,-118.43,5.00001,34.11,-118.43,0.01318796062132284,0.036927298749702735,-0.0007862593922713449,0.02062243751322497,0.0023160275665857193,-0.07099682953715276,-0.00988104368858685,-0.0074595752954183065,0.0015546503404497579,0.000702526131984965,-0.004865718087242524,0.0018490376319392978,0.0011453671915244983,0.0010361164576538624,-0.0007220100574816758,-0.00371043734720756,-0.023533684693904273,-0.02588548816295781,0.00045940488986790284,0.000844218475587635,0.004095140760734778,0.004321365585780999,-0.0017180528008078684,0.0013329679952701725,-0.0007794798976004105,0.01308417595083314,0.014619212733078271,0.10818325084976026,6.273055,4.209575,1
6.9014,21.0,8.379576107899807,1.0655105973025047,1680.0,3.23699421965318,33.77,-117.79,4.39,33.77,-117.79,-0.010991052307397416,0.051182734548052854,0.015435321251064909,0.008309758699714738,0.016017831749815695,-0.05327813978382358,0.029542468247011636,-0.0047592596868591295,0.001703597797126319,-0.001554538440355524,0.009988427976039771,0.0018654916831671049,0.0014402050223979465,0.0013758781077741777,-0.0025472712630606508,0.03951317443007396,-0.0003527846736035386,0.042294155640107335,0.001228821905535604,-0.0014795341693150704,-0.0018822062803716664,0.0030908189929998633,0.0006562998334094688,-0.0004252424669043087,-0.0013987007911551495,-0.0010348048431714286,0.02159809895145709,-0.019166857157336407,3.9053426,1.6814576,-1
6.5413,12.0,7.489655172413793,0.967816091954023,1464.0,3.3655172413793104,33.6,-117.69,3.32,33.6,-117.69,-0.05835013576266424,0.024090297037808857,-0.00580016677661579,0.006177995127707016,0.007619082718892372,-0.0795811397107454,0.04126150396720925,0.0035045835612673246,0.0018158019124015193,-0.002997295984257431,0.046782845177276766,-0.0022897865168529474,-0.007526272680058865,-0.002154043736745778,-0.0005047249802454146,-0.009656804497269087,-0.03059287870413331,0.04171061587510099,-0.0013787394946440307,0.00201349317865972,0.004711893379984085,-0.0070646881859372105,0.001600377055232502,-0.003171947780963408,0.0012118172014786894,-0.00847616160042205,0.02900775032457144,-0.1316763729527528,-0.017819893,2.0608406,1
5.4038,26.0,6.028125,0.915625,1067.0,3.334375,34.26,-118.76,2.221,34.26,-118.76,-0.007990226344326936,0.019117713019562284,0.001469964034254237,-0.003369869453999767,-0.05874352366455611,-0.02770958711576642,-0.02881539699273505,0.0005506229280817721,-0.0002415883116575109,0.000963593401940791,-0.004045889836722871,0.007292029659172951,0.0010544530865316082,0.0017245434248668846,-0.0005793196287232717,-0.0009656122626317221,0.0016115199335399834,-0.001160522380810213,0.003111518584731589,0.0037556075413946203,-0.003092249434908383,-0.0220858347184989,-0.004507260661589538,0.0012911151924315635,0.0005525614980006715,-0.01800499056024694,-0.0111197289486987,-0.02565493461601124,2.5844347,5.594938,-1
7.5557,36.0,7.743396226415094,1.0830188679245285,699.0,2.637735849056604,32.73,-117.23,4.414,32.73,-117.23,0.1028382739779204,0.03395529887188676,0.016813789173921623,0.009132882730930035,0.10573401796910491,-0.08376290218241719,0.08022215255548465,0.00782335846851921,0.0015552132208811575,0.0038998556430364355,0.007004101175048663,0.005589666829061792,0.007509525725318915,0.0003162240702545639,0.007531682847526238,0.0006864827076887045,0.013900699286391338,0.07076362647798501,-0.0004062140110115829,0.00022524294467888333,-0.003791086616258652,-0.004662873631989289,0.002143326904792111,0.0027409939668602036,0.0013326446780712329,0.00316432883482772,-0.007883808886631857,-0.0679341569608675,0.5144914,0.47023854,1
8.0073,39.0,7.266791044776119,1.046641791044776,1271.0,2.371268656716418,34.12,-118.31,5.00001,34.12,-118.31,0.014137145769122495,0.028916865224656793,0.01559387835400307,0.016904643291668058,-0.06840251377685534,-0.06698672391142456,0.014231926733845098,0.006924734592242807,0.0015562415037417155,0.0028634595893011574,0.004205431890971416,0.005419887001136841,0.0018281461848821702,0.00123586036164925,-0.0003028976213495651,-0.0033266766758468166,0.007195366852155246,0.015209057596453416,0.0010096642013720525,-0.0016719330740023281,0.0031325504604651274,0.003392702378730035,0.002202758551360559,-0.0007313470895348039,-0.0002718407692544351,0.02227443544543375,0.004528908021832605,0.08443615745631197,5.2508254,5.958223,0
5.9716,19.0,6.680805938494167,0.9936373276776246,3671.0,3.8928950159066806,34.02,-117.86,2.621,34.02,-117.86,-0.023505277757591973,0.015502661614164949,-0.008202656166960762,0.01209089279221514,-0.06670821702272275,-0.03965074180300785,-0.006758294984140387,-0.003780528356457175,-0.0011744188891961288,-4.589866452307799e-05,0.015616783223820454,0.0022757951730839605,9.537423579877471e-05,-0.0017841683600570766,-0.0012561183815419483,0.001227069867237613,0.004703506455467497,0.011488834514938352,0.0015122204914619765,0.0015312200650872121,-0.00025852394219228803,-0.005340857576051865,0.011498644267111141,-0.001138328850387795,0.002207959778098062,-0.018893949291914222,0.012723100406526439,-0.006525692443351771,2.6542044,5.600817,-1
8.4411,2.0,10.296296296296296,1.1666666666666667,179.0,3.314814814814815,33.97,-117.78,5.00001,33.97,-117.78,-0.03331223244695881,0.06073770678179913,0.018485410849129844,0.0034232943000468844,0.09121424759082193,-0.026673876016247638,0.008403358397647047,0.013477178145611213,0.0012023718247368177,0.03929446147077819,0.01836321742176144,0.0013866614477438097,-0.001858653202030771,-0.0005602566175314903,0.013822958534062674,0.03631254278273884,-0.0010294216251672723,0.047075139819777095,-0.007486644178487725,-0.0026550999660727975,0.0013884118124597481,0.011636528951881539,0.007285833196636717,0.023886691883708955,0.038479209060797985,-0.0021128064877523976,0.019885175540388503,-0.013541587354413041,4.930564,1.7618978,1
5.2657,35.0,5.983870967741935,1.0161290322580645,916.0,3.693548387096774,33.83,-117.99,1.914,33.83,-117.99,0.02405850169924725,0.016880734092600477,0.0009641173482707954,-0.001196714640149112,-0.08035921294916795,-0.018380960373627395,-0.009996324209827769,-0.001777477071239151,-0.00045853582499191765,0.0015786854341243465,-0.029986558299740715,-0.0013086166608367274,0.000243068266926248,3.9475513974612515e-05,-0.00045043192995994645,0.002288422583847857,0.0019438964053928583,0.000515214097210371,-0.0002998931713305309,0.005416661703885401,0.004557030360612858,-0.005655325006730869,-0.0072384747771317886,-0.00029002718486090024,-0.0008192101127013673,-0.03403675436155723,-0.007827272095154401,0.04012229289181247,4.2260833,7.3217955,0
7.7116,38.0,6.535483870967742,1.0473118279569893,1131.0,2.432258064516129,34.14,-118.18,3.609,34.14,-118.18,0.0700394783423051,0.016806289874293973,0.014567055628556416,0.013595192111012117,0.010660539067360229,-0.06007170011947911,0.022154114560949314,0.006998395052228795,0.0015562415037417155,0.004102149245161898,-0.005885604557025778,0.005419887001136841,0.0018281461848821702,0.0009854375617857534,5.5056613886599265e-05,-0.005215702438503992,0.003029864587181184,0.013237520239288519,0.0012048392121758735,-0.0007508964157959438,0.0015133968266054754,0.0032627668857168352,0.005123572405491345,-0.0007134637480629286,-0.0005162529413380212,0.022960882549411133,0.0062883828154686435,0.07898901873230092,6.135493,-0.57685864,1
7.1134,38.0,5.487341772151899,1.1033755274261603,870.0,1.835443037974684,34.11,-118.38,4.167,34.11,-118.38,0.07961026969914596,0.006856846586865693,0.015564259037732136,0.01266442736620006,-0.10039406957991444,-0.06425360111517722,-0.026056946135950394,0.0036441166339225574,0.004301119913893076,0.005163855732521523,0.07698418455893614,0.00513976987537558,0.00013790329236783864,-0.001487092851591668,-0.0013096004837700212,0.003930766055198749,0.0024073726661700814,0.005566962259721552,0.0006277916383731493,-0.0041444919845667364,0.004168640821649569,0.0068210979409969435,0.0072213568643345934,4.176543608488438e-05,0.00015964922290801707,0.021942384157965338,0.013768977591495469,0.12112621610323183,5.5582075,6.308825,0
7.457,30.0,6.759595959595959,0.9838383838383838,1296.0,2.618181818181818,34.16,-118.63,3.927,34.16,-118.63,0.04298158495317256,0.02668362299415367,-0.00937078864735991,0.008573459485491555,0.10463959520467349,-0.07121195003693592,-0.025220539765655386,-0.007254604314176952,-0.001354407179782883,0.001715529982373917,0.00744384953385572,-0.0004473207205732012,0.0008633832111447168,-0.001662298710310105,-0.0018722119386232927,0.005042668246422906,-0.006768491530709439,-0.02318476904707543,-0.0016029762983947229,0.00045427642053821605,-0.005137281464480143,-0.004396490992977423,0.0002119228365607701,-0.0009111167011048842,2.205917078270549e-05,0.012768805963794339,0.0140662231936277,0.0850964000398791,6.815916,0.6751214,1
5.8309,52.0,6.477876106194691,0.9336283185840708,603.0,2.668141592920354,34.18,-118.13,3.091,34.18,-118.13,0.09385003426451238,0.013617498026484398,-0.010539420731701858,0.0030215946919537663,0.08795849304744215,-0.0433382984693144,0.008472202365313769,-0.011117868352403743,0.0007373096445133625,0.003751874208566372,-0.00593036550508645,0.005085420647556712,0.0009868776576612154,0.00042230854586250524,0.008626345106151121,-5.2995031536438496e-05,0.0054376990166997005,-0.002521756248207426,0.0047218805964493685,-5.615364849674442e-06,-0.006353741415086243,-0.016887604315587494,0.002593953912435888,0.0017280381850016773,0.0030025914910187363,0.009472871743969633,0.006458967584465026,0.060213947629446526,6.968943,-0.19780385,1
5.5867,35.0,5.350574712643678,1.0402298850574712,516.0,2.9655172413793105,33.86,-117.93,1.825,33.86,-117.93,0.05189108546929002,0.01288879416603282,-0.002421245918431563,-0.00770513178808194,-0.04488124900752018,-0.01762601835410432,-0.016390527434420227,-2.281245012149395e-05,0.00015698501085713762,0.002008035621326276,-0.015252678404397339,0.001973456943688244,0.0010829368205986292,7.922933181440975e-05,-0.003965277486064825,-0.00027730060403409414,-0.001492867941939491,-0.005906742273136861,-0.0017734931447323744,0.001146359421507937,0.0013195004623627854,0.0027106468847029348,0.0022283428658231717,0.0004622762217201282,0.003148761731830318,0.00882773663982004,0.0015532593652137165,0.05820555704265605,4.91129,7.3088593,0
6.6772,13.0,7.37707182320442,1.0676795580110496,2288.0,3.160220994475138,34.68,-118.17,1.856,34.68,-118.17,-0.061929389295607325,0.015873971310066883,0.011229280664022913,0.0076114454834758,-0.03402559348003821,0.012663389563776413,0.012455982422214075,0.0023396791234295937,-0.003493043210561773,-0.001842520960690948,0.04684709589073973,-0.009181906230858562,-0.0006942101098909965,0.001956304252764574,-0.001983490612211908,-0.015616067577818627,0.002864298381266459,0.012704517532390039,0.0003876027053679497,-0.0008490100658767353,-0.0031526619709840633,0.001764410750480582,7.780591270554416e-06,-0.006222960300961993,0.00380595140704517,-0.007593032266070839,-0.0035554669852542464,-0.12123785989789868,0.3790976,2.05892,1
6.1187,36.0,6.406976744186046,1.122093023255814,522.0,3.0348837209302326,33.83,-118.35,3.42,33.83,-118.35,0.08750287143358844,0.01632562232591524,0.016909357366034435,0.0017052814499851747,0.006162915981945534,-0.05323436065365094,-0.031030929254937292,-0.004811677705552032,0.001846580663750573,0.003859877730105943,-0.01658617203238049,0.0012516773886589788,0.0006877008946256127,-0.0004072521274102924,0.0072537153769705945,0.0009513500012451165,0.005279451637983417,-0.001609838593344368,-0.0027670540264588734,-0.000936565054847992,-0.00815601829027411,-0.002129304952046534,0.0022986963725610357,0.0013878158046475239,0.0022951494385597122,-0.0033708957839444437,0.000852408845415129,0.09197609346886998,5.9061675,-0.3196777,1
10.7397,46.0,7.460992907801418,1.016548463356974,1109.0,2.6217494089834514,34.12,-118.13,5.00001,34.12,-118.13,-0.028099443449603176,0.033215135770734254,0.0038793933663851797,0.021681650562855096,0.019186319014608967,-0.05616301007943877,0.03617888335965852,0.008956042455651993,-0.001576179438351156,0.002398335199793964,-0.00342595046243492,0.004930830564306443,0.0021355816970648977,-0.0012285787905969479,-0.0015118842593932814,0.004818519489578076,0.0022988442489569405,0.01719391260292631,-0.001568473720574436,-0.0015974406112832299,-0.001788008375384138,-0.003751178351954118,0.00043108229567274036,-0.00036081600839077085,5.586896048505832e-05,0.009239842564501641,0.006947528804237121,0.06744367807644557,5.3032064,3.9257581,1
8.7385,16.0,8.244623655913978,1.064516129032258,1275.0,3.427419354838709,33.69,-117.79,3.4,33.69,-117.79,-0.03653735898856855,0.03402881087735304,0.009091322024756456,0.01435403088102411,0.05847211964704754,-0.03812727699895873,-0.021700799358722413,0.004081619193556103,-0.0035162819648133854,-0.003054887114839627,0.032042217894004556,0.0009176730789340541,-5.237491579333758e-06,0.0021025479899605564,-0.002872787763210096,-0.012071957056943939,-0.0002085901132703609,0.03693508564731764,0.0009571769038540371,0.0011617416215106394,-0.002273462803844105,0.0007493477623573493,-0.003666105191463684,-0.0033477519834440982,0.0005959800004343753,-0.022113320815846625,0.016228404432985243,-0.02461699153862829,3.7652135,1.9685189,1
5.62,36.0,6.228571428571429,1.031746031746032,786.0,2.4952380952380957,33.81,-118.1,2.396,33.81,-118.1,0.0816569342734034,0.01598564479156705,0.0009108899854228402,0.003833480149910882,0.10949046328389414,-0.027472106401234604,0.0077467480670222934,-0.004374813592730576,-0.00043813304565429317,0.0029666049026805764,0.00461579983658081,0.003098787608110662,0.0010427791527413013,-0.0025615358061786713,-0.0006439545615727453,-0.00047268481366026743,0.0036977553417440155,-0.0018745071907651002,-0.0012123011791470397,-0.0008603439137306775,-0.003575798991201647,0.00199766385569064,0.004136238556606587,-0.0002352043858373468,5.648046546233845e-05,0.024910476709001123,0.006818581231294842,0.06145418103119828,7.108869,0.15889631,1
5.2541,5.0,5.469879518072289,1.0860585197934596,1467.0,2.5249569707401034,33.8,-117.69,2.371,33.8,-117.69,-0.1429643275562189,0.014695463543942378,-0.0001907996499156229,-0.002403295589129378,0.09750941553358558,-0.016300679529519902,-0.005816074100592942,-0.007907905712419517,-0.0007561584162366947,-0.00804861949293709,-0.04229863534907811,-0.0036488824101476793,-0.00402767028639001,-0.0011102014615368987,-0.0009117811657902425,-0.0001895431040705358,-0.0017594155195576847,-0.007706056199456421,0.00011963367370417953,-0.0011783601620004238,0.00023606803181228165,0.0016605394367606786,0.0014199021474303579,-0.0007790782926645711,-0.0023655610215498938,0.014839058034098764,-0.01863244284809871,-0.10391798377367392,0.7722942,2.945549,1
6.3331,37.0,6.521994134897361,0.9706744868035192,821.0,2.407624633431085,32.73,-117.25,4.0,32.73,-117.25,0.11009989281297922,0.016192279023451547,-0.008174008784997052,0.009892512136645212,0.06740474419567694,-0.08090769238111277,0.0783068492965817,0.005825217902042042,-0.001354635525481762,0.004266202080340787,0.0031635329501484653,0.010531972103142355,0.008224393081070197,-0.0020677898777637332,0.000797911383270727,-0.0046450517490566326,0.015791413678820407,0.04465792401455845,-0.001713688502800095,0.0015508028858280426,0.002595076303235593,-0.006275240475356798,0.0050667099243351995,-0.002606703153928961,0.0021422204977374075,0.016794363998131445,-0.019968870351317496,-0.07643220100085753,0.39242896,0.56227213,1
5.7519,27.0,6.298192771084337,1.0120481927710845,1037.0,3.1234939759036147,33.88,-117.89,2.434,33.88,-117.89,-0.00664473865209412,0.013770728590251516,-0.00898814842687901,0.0011313518514767058,-0.05619747289993938,-0.043720438721288085,-0.011168684935752368,-0.0005944442858381837,-0.001354407179782883,0.0011040944755184795,-0.004518941859752123,0.006843847540524726,0.0021743750667957565,-0.0018036528249775843,-0.0029586749265152284,-0.0021321111867382936,0.0038583737096968187,-0.00021441565080793359,-0.0015899311764716222,0.001604007412689031,-0.0008940711631087787,-0.005434376346632176,-0.0012745460382979162,-0.00018029410272607288,-0.00014422704907259907,-0.0006083855936118449,-0.00027291740689077315,0.047202942391949235,4.418619,6.181617,0
6.3002,24.0,6.252252252252252,1.029029029029029,2803.0,2.805805805805806,34.38,-118.55,2.829,34.38,-118.55,-0.01430979477909151,0.01315572531087884,-0.0091245545502975,0.007160084676155853,0.030795597635756674,-0.058288887300000536,-0.033579244236246926,-0.001144492640131893,-0.0011836226592002598,-0.0025728187262295827,0.003545349358743947,0.003071550311739887,0.0010010854711696535,-0.0017772764890336247,-0.0031947605836665895,0.0009263077888574641,0.008052205307569194,-0.004718207403397441,-0.0016836156227444336,7.706348991723993e-05,-0.00751284865237975,-0.005492414844875726,-0.004064499785294843,-0.002698499429130834,0.003269378954365306,0.009064900630545198,0.008834116231951341,-0.007929291568751693,4.308169,1.8430372,-1
7.9125,12.0,6.845238095238095,0.9761904761904762,2042.0,3.4727891156462585,33.7,-117.76,3.449,33.7,-117.76,-0.036092330721125526,0.02583478291619445,-0.008705391518302264,0.01251650308470615,0.0315307359367673,-0.02979838243362758,0.024346981635125307,0.001876684530179687,0.0018158019124015193,-0.0007953528259945485,0.027639502692071383,0.0006458970715203453,-0.006569431771855591,-0.002101229444056092,-0.0034765284965032005,-0.009076126314887693,0.010843061235972342,0.02662877956222625,-0.0011944469097203703,-0.0019711002945200554,0.004856649909425643,-0.008901599456406424,0.002875405895632396,0.002751426953587322,-0.005729273745472723,-0.013779411410141709,0.03819976303515222,-0.1200156155798528,0.5948483,1.777762,1
10.2233,10.0,6.872280037842952,1.075685903500473,2528.0,2.391674550614948,33.77,-118.12,5.00001,33.77,-118.12,0.027986239614369378,0.03309895061488524,-0.0020345785911624324,0.017117021630153603,-0.0772554818278135,-0.056327284544738836,0.031471441569138524,0.016934875200575954,-0.0034593449313317405,-0.0008124422978420807,-0.019037048093983346,-0.0034177147520094418,-0.00041286107474800546,0.0016964649362656596,-0.0017126150932420682,0.00025787044316799785,0.004270939825368785,0.014078615960876634,0.00022424405513860924,0.001026083823448075,-0.0015225868083411963,0.0014431926697869091,-0.0008434698057672418,-0.0013261160507643337,0.0011623299328381337,0.01975555933296998,0.005093564225711909,0.05337825907032924,4.8978677,5.942575,0
5.6501,4.0,6.162349968414403,1.104232469993683,4662.0,2.9450410612760582,33.97,-117.74,2.549,33.97,-117.74,-0.09982360626873119,0.010025145967079443,0.00592474261592603,0.011802124679506528,0.00025290374013445575,-0.018752167664840443,0.02941787378994395,-0.0006151811771116206,-0.00034071880920421834,-0.0008708053566248914,0.043848239350536444,-0.0019601817831764175,-0.00561000959020333,0.001389128683785782,-0.001557308301141689,2.0181058565794987e-05,0.0007793945645352343,-0.008682237087573291,0.00037396157435024187,0.000658010333089632,0.005555920092283033,0.0028554200048744663,-0.0032651405693799565,-0.0028886121625058625,0.0024308637357970428,0.002753508871179029,-0.001032494837702492,-0.10038455350517375,0.6987544,2.0970714,1
5.2852,25.0,6.74,1.05,660.0,3.3,33.99,-117.96,2.976,33.99,-117.96,-0.007285043833625333,0.018418634041497062,-0.002375264199422266,-0.003506318759721813,-0.061413031125146005,-0.023629195331354852,-0.003746231608333861,-0.006649799238695135,7.26127710410655e-05,0.0007131389057245899,-0.003007970586430675,0.005745801328797089,0.0009702083952068094,0.0003262598279477202,0.007827558285945,-0.004120983697532798,0.006469252555115903,0.010493029957406207,-0.0011938958899387743,-0.0006316010777003108,0.0004001306136455838,0.0029840632445636843,-0.004687987788124809,0.0006076592890008198,0.002743498767021729,-0.002875793841328511,0.0025378148257715156,0.05779704285873596,4.353494,6.36447,0
5.5,30.0,6.004651162790697,1.069767441860465,835.0,3.883720930232558,33.79,-118.26,1.815,33.79,-118.26,-0.004111314812714049,0.017238811880737438,-0.0021540535822484742,-0.0037149785603526144,-0.07063637107390383,-0.018706381987519977,0.004285592678607419,0.0005806377783902756,-9.59462388428412e-05,0.0010869692673632304,-0.012815862629272107,-0.0013143327208066846,-0.0001821076521145732,-1.0587190725562892e-05,0.002192939852170498,0.002327288346126749,0.0019171242438999676,0.0003723960859157861,0.0007967828782778207,0.0010139508714611914,-0.0024005860887203845,0.0026540398625383792,-0.009593082550655772,-0.00015988229931811735,-0.0006256021554781737,-0.034080062402172914,-0.01089572746761059,0.052324661389815966,3.9991918,6.8390493,0
8.7124,15.0,8.042735042735043,1.0897435897435896,1448.0,3.094017094017094,33.84,-117.76,4.105,33.84,-117.76,-0.0353025781468495,0.04146950197981546,0.021820143761668104,0.011855387324880756,0.05719217297512952,-0.03228370985658413,0.007771805974764137,0.004939093854912719,-0.0034978381511273165,-0.003011042541120451,0.011183948200343432,-6.560121844967283e-05,-0.007033444983818668,0.0021208486338158824,0.0007807125113920223,-0.005369729141414524,-0.00034355409441527197,0.0401886999325158,0.0005373110874606513,0.00023359608974994657,0.0031503084009315446,0.006098658050816416,0.0006714290851107204,-0.0004784726846597352,-0.0020518659174129975,0.00041703884993153433,0.002182081675032814,-0.09843553683162563,0.883012,1.5280088,1
5.6889,33.0,7.150313152400835,1.0668058455114822,1528.0,3.189979123173277,32.66,-117.06,2.346,32.66,-117.06,0.05661826025561133,0.018108674670350766,0.0036366093980968483,0.005710021259378947,-0.09816861723847098,-0.031737090199725516,0.06604396327107391,-0.006054382819518167,-0.0003120425426307957,0.002776284807874212,-0.03017874637566661,0.0026162890025113496,-0.002578649227794653,0.0013999061012697233,0.0028462295123194876,-0.01051357070908441,-0.004801761775114838,0.003247598991357835,0.0008158631704383944,-0.0007908261372053309,-0.003950848879509505,-0.003884690358720003,0.0008392716917987157,-0.002507119418211628,0.005387834306268974,-0.00677384043365558,0.02952824854582114,-0.18466082423690605,-0.14873101,1.2035519,1
5.5067,41.0,5.666666666666667,0.9929078014184396,807.0,2.8617021276595747,34.12,-118.08,3.25,34.12,-118.08,0.095563433892238,0.0198245389476672,0.00034037842009082705,0.00023729434668385305,-0.04542379122034628,-0.018568945485594426,0.00676495923588407,-0.002288808759353303,-0.0004390637284452904,0.0016556101041805744,-0.022825912633404114,0.0042500519013839964,0.0014184176668425848,0.0015337215338959258,0.002087760510108742,-0.00012085747415155443,-0.0001140347863087913,-0.0010005195784969067,-0.0004979643856504316,0.0004786887141885549,-0.0018268417898689186,-0.0051165348066234614,0.00270982745400763,0.00012890350674338064,0.0003813650370542808,0.010034379401983786,0.005508802587394531,0.07539720412269156,5.029195,7.5164137,0
5.5584,23.0,6.967889908256881,1.084862385321101,1501.0,3.442660550458716,33.63,-117.7,2.417,33.63,-117.7,-0.0012150937294487455,0.020261899941005017,-0.0013698707789556459,0.002388380804552915,-0.06845814237960768,-0.04235304247699017,0.02752629235701925,-0.004177230513797196,7.238442534218605e-05,0.0007019441576481301,0.008522065955146707,-0.0028660107899356854,-0.0020773419327202013,0.0013825983587017593,-0.0004922196679728676,-0.006748840540007222,-0.02509178062224819,0.041052961293550315,0.0011659477198510551,0.0008861883729307222,-7.563141543246594e-06,0.0013156006409216177,-0.0021561217535246728,-0.003446659121691175,0.00037876635325756805,-0.021535674881454456,0.046889807920094714,-0.09826159886042919,-0.059571378,1.1774617,1
5.2363,19.0,4.546762589928058,0.947242206235012,2105.0,2.5239808153477217,33.83,-118.32,3.1,33.83,-118.32,0.009189069511204467,0.0032579444607875466,0.0007707085099357403,0.005031336733684892,0.14416443977448415,-0.01607695340331922,-0.008004084131339791,0.0005641513189366068,-0.0013446765205413964,0.0009439154466678803,0.015242160178118263,-0.003323476421283947,0.0003864365016113981,-0.00031674718681514856,0.001061717170971874,-0.0006145996922441578,-0.0010921403092492923,-0.0022801849960165533,6.120998167799413e-05,0.0011567758015088025,0.01454155640308816,0.012363764297361643,-0.002684571883074212,-0.00022188711920862448,0.0003411985664416767,0.021245469578041635,0.0018054988947201155,0.09518458621139884,7.187147,1.0697104,1
5.8747,17.0,6.493421052631579,0.9342105263157896,463.0,3.046052631578948,33.03,-117.08,2.293,33.03,-117.08,-0.06957161390225437,0.02345422618479176,-0.0064804378311307705,-0.003577869734833763,0.0006456570756168893,-0.041505639801658875,0.06763840251418153,0.008644189418969321,-0.0013918023739691984,-0.002263649146271654,0.046884597567766716,-0.0050607397082024245,-0.003577937621052146,0.00461917282650374,0.011370439261585137,0.0018069743275239652,0.0038357669547419487,0.020726722458584545,0.00922562063829681,-0.0033274942442116156,0.013794463838378249,0.016400568180331386,-0.0001986489571734511,0.0027571162260604104,-0.0005910722578958324,-0.004218165725385636,0.01482697753672004,-0.16195107779724716,-0.27935487,2.1487775,1
10.7751,19.0,9.02051282051282,1.0974358974358975,659.0,3.3794871794871795,32.84,-117.25,5.00001,32.84,-117.25,0.013850345567570307,0.03426454881323651,0.005676727195444347,0.02115448170718515,0.07409690503606048,-0.07782350624205324,0.04527370652447167,-0.006108265550129046,0.0017375690661235973,-0.0006520764696241917,0.004812789873138365,-0.004287414733872058,-0.010930408313062337,-5.8307034581425244e-05,0.004337343083853121,-0.0040088559805021564,0.006984136830451032,0.06627520328794832,-0.0006297022295214352,-0.0012141565054874582,-0.003090376479285207,0.0021832593039424774,-0.003173560970709364,0.002728746174104308,0.00047630905463852456,-0.015884889268498743,0.030072114503054918,-0.055471962128454774,0.9237307,0.752423,1
5.2998,30.0,6.646182495344506,1.0260707635009312,1540.0,2.8677839851024207,33.74,-117.8,2.472,33.74,-117.8,-0.005225182972785327,0.021683102848521953,0.0010766938570383516,0.0013295099843910498,-0.03261343106009524,-0.02257938403089584,-0.0026676349917627634,-0.007480108040649965,-0.00043813304565429317,0.0010596282952130822,-0.006867602757171523,0.0011920756406303226,0.0008081205936165914,-0.0013653165189393638,-0.001193509840930473,0.004059854200426484,0.00813333033083623,0.020264025114944552,-0.0011524596075486585,-0.00022561086202038685,0.002976213107632025,-0.006605688296253315,-0.0006736471625245675,-0.0011394487330892288,-0.0015260272542018604,0.009919802931831105,0.0017679694341960733,-0.021722121597624038,2.2985027,5.338693,-1
6.9695,18.0,7.587172538392051,1.033423667570009,3727.0,3.3667570009033425,33.98,-117.99,3.604,33.98,-117.99,-0.02836538217867567,0.02060257887111459,-0.007581754016814117,0.009549572874536495,0.00517852763023146,-0.04378409760757684,0.014129374318602823,-0.001804803848878677,-0.0012144410327729644,-0.0023278067149812456,0.010818185686182808,0.0002795200114514938,8.357391037348235e-05,-0.002996407807497423,-0.0023226432553261826,-0.006500038010065504,0.00016433123846545074,0.007083237800954605,-0.0018953728887119476,0.0021906769302791774,1.610617810016748e-08,0.0014921729260529062,-0.0018057148965334713,-0.0012748970806764795,0.0009105974209698805,-0.009007357665417598,-0.0020752134727826956,0.050587871351836074,4.8573337,4.0033035,1
6.5743,10.0,7.07286432160804,1.0829145728643217,1181.0,2.9673366834170856,33.72,-117.77,2.787,33.72,-117.77,-0.07964851830690693,0.03028999229887097,0.012651544340359895,0.00411837645034608,0.04785202714323652,-0.027870001089273552,0.035987930767875265,0.01611064429114661,-0.0034587820509003413,-0.006505269408371827,0.03229703685986236,-0.0031935895182078,-0.00400885817359179,0.0018981415420137708,0.0012064352493453318,0.0032145217049590327,0.01046269509120739,0.027193834702272705,0.0007882592335795998,0.0006206959519659011,0.0006926783314849012,0.001538690928005445,0.0025146772983617033,-0.000994624211273257,-0.0018288164565599876,0.003503482232759575,-0.002254634999779007,-0.09726668549819538,0.81457907,2.0301266,1
7.2519,33.0,7.526515151515151,1.0378787878787878,1398.0,2.647727272727273,33.96,-117.37,2.166,33.96,-117.37,0.08985186144983731,0.025639733210490144,-0.008323214380616157,0.010502345659113219,0.02761683644733521,-0.04758773403109727,0.059469317900406916,-0.007873796917570754,-0.0013406811737295768,0.0037147712297768494,0.003674540505625612,-0.005661057005836437,-0.001004465681760339,-0.0030087476794275333,-0.0017087209831100308,0.00556837618778635,-0.0003746259424459471,0.02175278744904158,-0.0015568501167780098,-0.0006153883546835249,0.001431123259834348,-0.0023795353562700485,-0.000743345275539411,-0.0012358549680325547,-0.0024239503742214054,0.0008774074164372833,-0.017413904618003816,-0.1401623890263154,0.24252447,0.7505701,1
10.3661,52.0,8.03370786516854,1.0449438202247192,547.0,3.0730337078651684,34.08,-118.34,5.00001,34.08,-118.34,-0.03994388469525541,0.038107046934581515,-0.0012114218064368531,0.01845327095271676,0.08350395417112134,-0.06202174415559123,0.009649926901831309,0.0051815012052722305,0.004746457018461709,0.0028779187803900275,-0.005202359884333519,0.004592803484874185,0.0015854036322957858,-1.518806590642942e-05,0.011854421864982924,0.001147383242955412,-0.009880107333581594,0.004186101580179045,-0.003073027835180066,-0.0008363544646747817,0.003053908406942577,0.001803264344839322,0.0012696005330623333,0.001248723667252664,0.003210023182420401,-0.0018288350013625106,-0.0013093926189177221,0.0921274377271725,6.320864,3.1001291,1
7.8164,52.0,6.562176165803109,1.0414507772020725,981.0,2.5414507772020727,34.05,-118.42,5.00001,34.05,-118.42,0.025288333771841993,0.016773127630507357,0.014814330734215269,0.01531465623104022,0.04502495255549145,-0.06865402733197053,-0.01496360970442961,0.007095877842843463,0.004746457018461709,0.003491694564536933,-0.005737478916996108,0.006580729435197538,0.0019528113011294263,0.0017212239896337573,-6.977516891872325e-05,0.0036256514972747085,-0.005895937273122238,-0.02535209147208345,0.0010099290367294484,-0.0013669524491676656,0.004407827099881486,0.004997634763460376,0.005142407581896135,0.00018192806413201088,0.000684864240566332,0.017203861192380644,0.014325977830728023,0.15868874410914663,7.421614,4.190755,1
5.4298,28.0,6.049079754601227,0.9662576687116564,970.0,2.975460122699386,33.81,-117.83,2.342,33.81,-117.83,-0.01678414376714531,0.01718197388639327,0.0008977675575832449,-0.0001885768727384006,-0.034208922354448064,-0.013722867927986281,-0.010175533283236596,0.0007156785511595549,-0.0004398636656069692,0.0011919773369385538,-0.006848118327981888,0.007100079765049701,0.0021965199427511533,0.00012807258983020813,-0.0005178186745359249,-0.00012660452590418234,0.0016301819307705937,-0.00712814779706257,-0.0009571189284902351,0.0026280162756106714,0.00431919143553889,-0.006449829184328534,0.0027434284544738253,-0.0001719588854433137,-0.0005843910148233546,0.0019253584190098306,0.010922450602087982,0.0010207796855293424,2.4480746,5.354196,-1
7.3356,38.0,5.894904458598727,1.0573248407643312,750.0,2.388535031847134,33.89,-118.39,4.227,33.89,-118.39,0.08407499339799318,0.01441524583126278,0.014578701994724958,0.011568310042139159,0.029099622334278954,-0.07478136376909979,-0.023709349786243533,-0.004878264959071739,0.0015545108837890398,0.00403966524449983,0.008748583774235498,0.004061616736467245,8.765849452809924e-05,-0.0009271348734741828,-0.0003822703318096179,-0.0020701935695709795,0.0033515016432318044,0.004620137519213355,0.0001580973633747798,-0.0015931543053370554,0.003906695258767916,0.004518929561569438,0.005094688003209416,0.0011508781162836458,0.0011324218640735059,0.02834701229435542,0.009723703981170199,0.16726185793657825,8.293297,4.7671847,1
5.1271,36.0,6.026706231454006,1.0059347181008902,817.0,2.4243323442136497,33.81,-118.37,4.583,33.81,-118.37,0.04386914287929391,0.020451236656854506,0.0007924564719232651,-5.116253547838098e-05,0.12705324408692414,-0.0276417797451533,-0.015389569500713554,-0.0020044669687426433,-0.0004398636656069691,0.0014848924017395954,0.01637824847153752,0.003546085771403317,3.559193348294237e-05,7.69339918445653e-05,0.0019412836578065426,0.0014673234099386282,0.0020187164008228864,-0.00012537278354648115,-0.0009661360737229449,0.0015759691220243973,0.014507069098946952,0.01008778285543038,0.0032647572252075836,0.0005950304111784635,0.0012211891182329938,0.035245477482138306,0.010891455571784264,0.1628553579722634,8.569681,4.0978913,1
5.3403,43.0,6.020242914979757,0.979757085020243,675.0,2.7327935222672064,34.01,-118.43,4.898,34.01,-118.43,0.10363308895009357,0.019238568062744182,0.0007672297122220119,0.0005526579877342606,0.07035962435999855,-0.031110734249328514,-0.020858908670088043,-0.0023742226892626856,-0.0004390637284452903,0.0016572459093929172,-0.012231750803210378,0.0042500519013839964,0.0014145775228866617,0.0005380326286420669,0.0011379691525066483,-8.851352973060224e-05,0.004033731087027661,0.004436704671539173,0.0005097105856425489,0.0014578212609695045,-0.004620537620438954,-0.005306736280108947,0.002757759875357075,0.0003839274541637002,0.003207902279292733,0.013211542453178881,0.011922784033115596,0.16795373412079495,8.671581,4.511659,1
10.0549,44.0,7.083665338645418,1.0,641.0,2.553784860557769,34.15,-118.44,5.00001,34.15,-118.44,-0.027789410739713992,0.03210016966193757,0.003939217680208635,0.02166069623211007,-0.00641790232024577,-0.06980980071864865,-0.0069696955083813385,0.009618965940351125,-0.0013536072426212039,0.002303657857647841,-0.004220108023910301,0.005097038310861442,0.0021436034000482398,-0.0003363955268589096,0.009447157393692179,0.00469939788054657,-0.0062333874387222815,-0.021453674144673026,0.0005782286999622239,0.0010917305400330792,-0.005565352807928774,-0.002810408367558426,0.0009436008001130026,0.0005082286834178182,0.003323061889505426,0.01644052362147351,0.016377034086902983,0.09210388598617582,6.032769,4.170699,1
6.4441,26.0,6.017057569296376,1.0085287846481876,1258.0,2.6823027718550105,33.69,-117.93,2.61,33.69,-117.93,-0.01330422321185261,0.01165675756017113,-0.007787128332772454,0.005666956660867823,0.028104191231472574,-0.0511171887105958,-0.01794300429928892,0.0006245018457634951,-0.0013561377997355587,0.0006785574822264264,-0.00712126433679671,0.0045306532254599085,0.0007392633814050673,-0.00034479568152395517,-0.00039548253077312896,-5.627572192301518e-05,0.0017721668820694068,-0.005524868899802447,-0.0012535929366899819,-0.0005409894855750067,0.001807853878834156,-0.005785828856084092,-0.0007664627161556384,-0.006436403097013823,-0.001084300441421694,-0.00437107088662943,0.0034462583155159604,0.05155779938964755,5.2162843,3.394468,1
8.4389,25.0,7.718446601941747,1.058252427184466,568.0,2.7572815533980584,34.11,-118.3,5.00001,34.11,-118.3,-0.018282811069960426,0.03295134848358171,0.017697688721441795,0.01181602554794033,0.03766589515270782,-0.055826504392571454,0.03476225877541275,-0.00809169040306072,0.0017222699565112673,-0.0003132699872223166,-0.008464911236840414,0.0017305046358881073,0.0002539243444461674,0.00037196140159070413,0.013551801595073196,0.0038460626539049596,-0.006080219569874947,0.01289265435544629,-0.0019449542660639858,0.0014090778247219178,0.0033290255595310207,0.0029229184353245677,0.0007972477351211709,0.001128271500903133,0.0035139338804406235,0.005685530911200115,0.0035302124216254533,0.07207688642532034,5.453519,3.6827388,1
7.916,23.0,8.572538860103627,1.038860103626943,1116.0,2.89119170984456,32.8,-117.05,3.306,32.8,-117.05,-0.015721668025754535,0.039108461670029585,-0.010842083714090019,0.010428088665102617,0.03983293474666285,-0.07473399305046778,0.058234797599487936,-0.004159452093578949,-0.0013914513618400975,-0.0007204197157410748,0.0037381515826114264,-0.0038775435557852414,-0.007687604942382455,-0.002797990236628112,0.0004097733069727494,-0.010821668490928972,-0.015673204652668953,0.01748144468748486,-0.0014838712307449677,-0.0008708019744663915,-0.0045153559298221554,-0.007317266756058469,0.0010376770215805883,-0.0016986499020811962,0.005972686305511947,-0.0005313630707783172,0.00790755957620256,-0.14241593964200278,0.28925028,1.3915006,1
6.5881,34.0,6.173469387755102,0.9974489795918368,917.0,2.3392857142857144,32.81,-117.24,3.944,32.81,-117.24,0.08076723707134578,0.01204952726164476,-0.007958085917753663,0.010432040772259434,0.04377891413122061,-0.08192100507950241,0.07463699576174616,-0.0011533877040480333,-0.001356366145434438,0.0038675645146608413,0.013416450196197973,0.006308688675852003,0.009075611907082734,-0.0019402977091424983,-0.0007807647341346844,0.0017288986063506654,-0.0053753229543249395,-0.0016739159085843002,-0.002008629542827259,0.002499935494945719,0.003080797196326035,-0.006033837094544814,0.005794088240482139,-0.001351155961256784,0.0010249063445965112,0.024979417900412734,-0.03050789606922095,-0.10900574696777494,0.32589024,0.606304,1
11.1978,32.0,7.270343580470163,1.0316455696202531,2768.0,2.5027124773960217,34.1,-118.47,5.00001,34.1,-118.47,-0.0002730266091036919,0.03051540288393044,-0.000348055793514581,0.019624826535039903,-0.06895138741883411,-0.07530439250078234,-0.007047056457419392,-0.006810996430775994,-0.0013504510491314902,0.0013481145713184206,0.0023477299845160453,-0.00043678475145273864,0.001242665973068452,-0.0028386717163530278,-0.0018331946483203035,0.004911126577213134,-0.009319334494050235,-0.023183584986446147,-0.0019916032383518645,-0.0016949065543318408,0.001884270352764873,0.0033873072828638777,-0.001029353720479931,0.0008546582509924624,-0.0007926650709038215,0.025195914739233077,0.0062680268272405516,0.10705415535939139,5.537765,5.740792,-1
5.6975,48.0,5.861878453038674,1.0635359116022098,926.0,2.5580110497237567,34.18,-118.33,2.314,34.18,-118.33,0.08337903077328292,0.01527637975506675,0.002651971495993608,0.005989588543691879,0.17325510608507388,-0.03993878904889887,-0.01285725791801432,-0.0019632043848539175,0.00037442688513342535,0.002942360771515038,-0.007685152127296107,0.003699098508820461,0.00033213269696563485,-0.0009162679455748189,-0.0006538210722783082,-0.001967238770230786,-0.001406099066964134,-0.002256275291908091,5.374427505333649e-05,-0.0009771323696897065,0.0026086969844656954,0.0008724299936779253,0.005133077931081089,0.00010572865402719082,0.00013327955850342302,0.01307564869623791,0.005364860375329275,0.08214231078949008,7.2060246,0.5828109,1
6.7449,44.0,7.690476190476191,1.1156462585034013,763.0,2.595238095238096,34.45,-119.73,4.156,34.45,-119.73,0.08572454144851271,0.027321328757352367,0.0147900688282813,0.01030484600612419,0.11212913523988666,-0.06057005507449256,-0.02569678323591786,0.008740439792665523,0.0018519417131064395,0.0037214907225707624,0.0011459502993040982,0.00639823718891438,0.0023200716253874184,0.0011246935453107813,0.006713528665681483,0.0003521550528419815,0.01500599895873339,-0.0010759095391181003,0.0012216138956392731,-0.0021377806697200777,0.008069210914311236,0.011354804187974743,0.0035476735599791003,0.0023495680748827595,-0.0002886508606899359,0.014934532485992889,0.013507551289539014,0.05923288862688204,7.3628674,0.08703251,1
5.1782,33.0,6.228571428571429,0.9673469387755104,906.0,3.697959183673469,33.84,-117.88,2.25,33.84,-117.88,0.006688075775829528,0.01698281370107356,0.0007256545651649152,-0.0011680398035036766,-0.07588170219042517,-0.02361494489939275,-0.011642522396521525,-0.0007314351457148533,-0.00045680520503924173,0.001522235181683743,-0.02927371233378498,-0.001610143253702666,0.0008193622913649929,-0.0013361880672692597,-0.0029953298259017074,-0.0002296908571860491,0.0038376268262094934,0.000512602778549957,-0.0020453249722755724,-0.00044172358401142265,0.0007409709398666827,-0.006372407338968199,-0.008157403607495173,-0.0005156933044156364,-0.0009514437693596991,-0.03340721279541828,0.0012980554382084088,0.037302281726197754,4.0072126,7.099127,0
6.5319,36.0,6.281622911694511,1.0739856801909309,2038.0,4.863961813842482,32.72,-117.25,3.458,32.72,-117.25,0.0829558941573176,0.013645345382037193,0.01577893660610092,0.012374052967722662,-0.03143662087120012,-0.07713808391538733,0.0632847302576199,-0.0044789801996645544,0.0015365410614962092,0.0031437231625153434,-0.03248731802917842,0.004918260714488852,0.00990396427240496,0.0011890425893264249,-0.0019013944903376336,0.002386073944111877,-0.0032624741996075896,0.005446855697210579,0.0009899061440279567,0.0008525726239790532,-0.004650152399424781,-0.0017086941910563844,0.0020052818985007185,0.0040723818091481095,-0.005290300679682432,-0.02764266571139983,0.045043140192503515,-0.09766425295440721,0.036008704,0.8831681,1
6.2654,17.0,6.570637119113574,1.005540166204986,3538.0,3.2668513388734994,34.16,-117.95,2.738,34.16,-117.95,-0.057367937349101,0.014747149785105919,-0.005793861083252363,0.01052487739295863,-0.006023371112656978,-0.04428109773623852,-0.007535109410723251,0.001604247379508653,0.0018199863887517905,0.0016312230383267322,0.061899130324378875,-0.001394837306308345,9.017863610358998e-05,-0.002129936566236795,-0.002642442530268858,-0.007086515760957079,0.00460080858344146,0.013958664594430063,-0.00040782316369910286,0.001946506045519368,-0.0009519000149753399,-0.005411048900649762,-0.004029165548918205,-0.000619446878419947,7.462897624985136e-05,-0.003415032462694157,0.010301791016683192,0.05740321712047831,3.0569055,3.4497576,1
5.4035,44.0,5.616541353383458,0.9849624060150376,618.0,2.323308270676692,34.01,-118.4,3.563,34.01,-118.4,0.10207826484755433,0.01916311453634391,0.0006145713896274348,-0.0019280984395516204,0.07258308607992947,-0.028137836440233394,-0.021645203592740116,-0.0019590354585695205,-0.0004390637284452903,0.001655610104180574,0.0021244714389940826,0.005114198683629265,0.0005857919877213419,0.0009901146507129727,-0.0008680930681363735,0.001665235942778481,0.002586616043137744,0.0038458060578345065,0.0001042598917571482,0.0022143392399372576,-0.004291973098212907,-0.006174726115301439,0.00430479242704241,0.0010142278434844406,0.0031809860382092416,0.033178692886077304,0.010333381301147193,0.1750528785073853,8.733411,4.4972625,1
7.5,35.0,6.374545454545455,1.0763636363636364,615.0,2.2363636363636363,33.88,-118.4,5.00001,33.88,-118.4,0.08679947919696143,0.01731747886824553,0.014631908055281962,0.008493998082469954,0.006311895439174367,-0.07479020483321425,-0.02426192702812379,-0.002990201495180485,0.001568471651903088,0.00399724812541865,0.013801776019752087,0.0013562344557707564,-7.680654674006625e-05,0.0001607051588073222,0.007126747977498769,0.0016564600386504468,0.0033704593755728525,-0.006823582437227418,-0.000721899707354494,-0.001548108678736457,0.0038902387001416385,0.004568263645788679,0.005030026788433733,0.0020502635020211418,0.0032824281661199507,0.026995645660840995,0.010158865301806085,0.16150421852070582,8.203382,4.796222,1
13.3036,50.0,7.660766961651918,1.0029498525073746,964.0,2.8436578171091447,34.04,-118.49,5.00001,34.04,-118.49,-0.03783784047432796,0.02888593350097094,0.0039055487779511015,0.021213613180713523,0.07347865764385494,-0.06865112997897858,-0.008085057179833662,0.009435626716417404,-0.0007329269701644306,0.002783274411833704,-0.003862568833311048,0.006501394338649777,0.0011325446205043084,-0.0012184379437456191,-0.001958423729457299,0.00450852754276811,-0.012479638139309428,-0.024331238323196402,-0.001802894688186494,0.0009033109563775062,-0.005456369983394063,-0.002701511330508993,0.0015523623681323545,0.00031544353229030054,0.0010130830469606594,0.011444375692594442,0.0117653460943686,0.14269052043909256,6.8329945,3.7298472,1
6.759,4.0,7.361419068736142,0.9955654101995566,3121.0,3.4600886917960088,35.33,-119.1,1.703,35.33,-119.1,-0.0765259778391062,0.02039520011572271,-0.0060390433447465725,0.00846048973396145,0.012840908540743394,0.019787409711473497,0.0019415178762459378,0.01212345612539873,0.0018644003099757094,-0.012192627600822608,0.04015414746877496,-0.008011020025823976,-0.003897391678107889,-0.0022185022039613294,-0.002630425017750809,-0.008156140785730667,0.009872514850821705,-0.0028665895340729236,0.0012966706025968116,0.0005679664106746378,-0.0005357499825927384,-0.003159653411478002,-0.0040876410331903935,-0.01227201871585161,0.002921590190110622,-0.007072798819257079,-0.010463708703977816,-0.19940057908597456,0.34340146,1.943067,1
6.2089,33.0,6.52924791086351,1.011142061281337,1098.0,3.0584958217270195,34.14,-117.86,2.834,34.14,-117.86,0.07765818134277049,0.016081536092221772,-0.009072524343200035,0.00590025821960484,0.002718833677532499,-0.04562592475937086,-0.010707911102417764,-0.007526325600340017,-0.001354407179782883,0.003591829917904854,-0.014890631060307346,-0.0010204038646551804,0.0012785580253709113,-0.002052120028670569,-0.0012601719186572488,0.004994272811777204,0.0017871222988971374,0.014470529676053275,-0.0015899311764716222,0.0013163312446820353,-0.0007752666202817617,-0.005331811997951416,0.0025470252122818623,-0.0009190382448309208,-0.0011379609942096403,0.0005431008602977352,0.003973319889780796,-0.010662767558854246,5.020714,0.31916758,-1
13.6842,43.0,8.46484375,0.9921875,761.0,2.97265625,34.04,-118.52,5.00001,34.04,-118.52,-0.029085710524600177,0.034723042071311515,0.004061464241633069,0.021223739901877994,0.08584016613749669,-0.06839404323263563,-0.007603206688155826,0.009198424205316007,-0.0013536072426212039,0.0022107075801047925,-0.003175804205323367,0.004929407582058633,0.0021355816970648985,-0.0015193709819241162,0.0056657846760011015,-0.004250288105892285,-0.019704554630354802,-0.025672583502982318,-0.0018102549344747297,0.0009023865188976301,-0.0054960400105162595,-0.0027082823836117875,0.0011987888315999427,0.0022645705383002868,0.0016096360554883487,0.010023253752035997,0.009479389527593227,0.14227430147190467,6.892991,3.6274543,1
6.4027,11.0,6.92042755344418,1.0475059382422802,2588.0,3.0736342042755345,33.05,-117.24,3.442,33.05,-117.24,-0.07920084857165341,0.027424157634476417,0.01313795722118312,0.010612199459901375,0.03857917953035935,-0.07570684050585398,0.06683916995447509,0.012973962098747004,-0.0034595732770306194,-7.325614215860005e-05,0.03672827134882714,-0.005223157387319006,-0.011216779135740687,0.0019078708834709382,-0.0013668782637957673,0.003255728641452384,0.019114055165267818,0.05537693535831114,0.0004653932663847703,0.0028778567219056453,-0.005006847015176232,-0.0014423100995945095,-0.003722647659722448,0.0038705418067426726,-0.005633866809467464,-0.0028680652183984637,0.015049474711722103,-0.06965929732640953,0.9681341,2.3887172,1
5.184,35.0,6.041753653444676,0.974947807933194,1420.0,2.964509394572025,34.06,-117.92,2.249,34.06,-117.92,0.02446677547832006,0.017185943455512918,0.0008743646530992622,-0.0008366781300548365,-0.062444958148871424,-0.021679908197155394,-0.0158444845931097,-0.001595788780630691,-0.0004398636656069693,0.0015840036213892084,-0.016346371139781428,0.001736831422085854,0.001519059143910446,0.00014077806931459002,-0.00035170750003709993,-0.00022536688641625285,0.0018756488563779685,-0.005802195016504951,-0.0008790369171196983,0.00045668121439343997,-0.0008058387946478621,-0.006469945152186824,-5.574244419847726e-05,-0.00014147545587303947,-0.00029357176641551705,0.006927484321162384,0.0011577673440711274,0.041904860479649905,4.5930023,7.1604037,0
5.4088,39.0,6.543165467625899,1.0467625899280577,770.0,2.7697841726618706,34.18,-118.56,4.573,34.18,-118.56,0.10175045986311794,0.018890561284165403,-0.002770554755936756,0.0001912719085180583,0.06449539033689021,-0.02724712331650385,-0.027294159001742594,0.009539788593784907,-7.474352234353792e-05,0.001826436074659485,-0.014004114981369003,0.006351873131521474,0.0021465501988525283,0.001209354923319267,0.0075751086875766125,0.00480475754085801,0.0190689138185816,-0.004949868744436437,0.0006946097545993354,0.0005650036984799682,0.0033570644251725416,0.0036906693622040963,0.0025748304992091286,0.0008172024881915385,0.0006624882018783983,0.014390119940667112,0.012237775455222272,0.08311570830665996,6.704746,-0.38103175,1
5.687,34.0,5.4027459954233406,1.011441647597254,915.0,2.093821510297482,33.86,-118.39,3.924,33.86,-118.39,0.07727193652248904,0.013799547051838012,-0.0029226043431687283,0.006626538944514377,0.05440700727461466,-0.04543156902026029,-0.028252095355635057,0.0003213063949197917,-0.0004217546859628797,0.0034956906214721256,0.042045015805250066,0.0028752800837591394,-7.354534255882992e-05,0.0005893850425765443,0.0006661778569043255,0.0003979237783629944,0.0016567439256125968,0.007034160473922476,-0.0004707036221620848,0.002024773025144643,-0.005009263286242087,-0.004661315961565358,0.005968288480659419,0.0008817903522232053,0.001315240997365622,0.0277143970378454,0.01699982952816226,0.1579916273805343,8.514497,4.522066,1
5.1529,32.0,6.337477797513322,1.0497335701598578,1741.0,3.092362344582593,34.19,-118.63,2.596,34.19,-118.63,0.0070833393077587205,0.018674722273199332,-0.002771595973096032,-0.00015143820524980359,-0.05381736779087809,-0.027977411179413957,-0.014100304171553233,-0.00016917181507453027,-7.55434595052168e-05,0.0007569903105528102,-0.012731909472315546,-0.00025587318287897547,0.0009898331918683204,0.001468257158793425,-0.0022100022808558273,0.0006372495607496194,0.00578274081502221,-0.0032725773746003516,0.0006933465349577377,-0.0008487110195032875,0.002483750612671453,0.003304374926714003,-0.0003405021802133473,-0.0007478255701508866,0.00024483610026864155,-0.004432276684504526,-0.010820580858024984,0.06263388461230864,4.5320473,6.7290115,0
5.2773,21.0,6.303262955854127,0.9347408829174664,1832.0,3.5163147792706333,34.23,-119.03,2.508,34.23,-119.03,-0.00841566725220037,0.018295704825088792,0.001437737182665923,0.0026937897509144906,-0.06896570548937156,-0.034597201211586534,-0.023679518426931574,-0.0007442770556441836,-7.302930177360424e-05,-0.001549165783883272,0.013520525202949288,0.002048306615707476,0.0020621990361638773,0.0002599894074324494,-0.003273947923786357,-0.0010325522112289167,0.005564665728955796,-0.0029872120498268457,0.0018944408012355968,-0.0011147408513192032,-0.0025230904525321883,-0.021948706135501195,-0.0027986023163654606,-0.001046787036216113,2.488775276090278e-05,-0.02969883698198396,-0.025439716593141443,0.021260473745617015,3.180767,6.014541,0
6.6536,9.0,6.961151079136691,1.0920863309352518,2090.0,3.0071942446043165,33.88,-117.76,3.078,33.88,-117.76,-0.07868777554794525,0.028075075297923763,0.012650753114229618,0.0073703786654962175,0.04631227416475944,-0.027883616763973686,0.03596392537747063,0.013980709463675089,-0.0035443804922531508,-0.0013687869190252987,0.034969990246960125,-0.0023983295991676632,-0.0074529195983225344,0.0018133343267912397,-0.0014822185286072845,0.00325040043023235,0.010462628654095711,0.027192380691560616,0.0004349046111451493,0.000235143115911032,0.0031230476094828512,0.002271514131100814,-0.00397597024244725,-0.0008246873846633649,-0.0013909516841297796,-0.0010010397235905597,0.006981901308525047,-0.09379522272733054,0.8651849,2.098709,1
6.3911,29.0,6.717908082408875,1.03486529318542,1890.0,2.995245641838352,34.28,-118.51,3.017,34.28,-118.51,0.020452597396581246,0.011029710036170148,-0.008459898143182607,0.009365655184220856,0.028560383221700788,-0.05641958694891719,-0.02876749315426441,-0.006876814161336818,-0.0013404528280306978,-9.592298881980571e-05,-0.00724872226097806,0.00596657021882243,0.002103653472178523,-0.005307139402943933,0.001674261063882541,0.0047890341133942525,0.02089146946930601,-0.00852326694486585,-0.0016522108772521922,-0.00035767406990526137,0.0008006216457032804,0.0012707643913997954,-0.0008232524068900317,-0.00020522230814175446,-0.0012925750950454906,-0.0031323411012476746,-0.003918427397776366,0.002230119503737047,4.4518147,1.4325268,-1
6.7571,42.0,6.665178571428571,1.0580357142857142,665.0,2.96875,34.21,-118.2,4.439,34.21,-118.2,0.07377541981375359,0.01439127096000962,0.016753699499290432,0.009700520758104259,0.031449592825870794,-0.04405308750590313,0.013380432626659175,0.009164143370354172,0.0015562415037417155,0.003814441000113811,-0.009372260246943832,0.006336741192310852,0.0021314182596419086,0.00021933544023892602,0.008606156632671556,0.004874776658555743,0.014447249806230545,0.015034547419520879,-0.0007218997073544938,0.0019881659121436996,0.00053881717969591,0.003009159560908353,0.0022207779263388855,0.0006775319441346494,0.0029571776511467403,0.008379930268005684,0.0035214321068092504,0.07619967877989944,6.2113085,-0.5429188,1
5.5184,25.0,6.03030303030303,1.0173160173160174,1669.0,3.612554112554113,34.44,-119.89,2.683,34.44,-119.89,-0.007988429436230791,0.016766534224230974,0.00021543273533828142,0.0036349464161484113,-0.06365168137924716,-0.03178264075250716,-0.02330471728011854,0.0009429683699426804,-0.0002871463228664997,0.00021192526564207807,-0.0003399130600770587,0.007762678393904528,0.001538415375258376,6.585184991857206e-05,-0.0007038719990521251,0.0023307250675581796,0.004385490215642903,0.004527230932135892,-0.00022181115995999396,0.00630992893999702,-0.006598822024750013,-0.006378733532413634,-0.002285494195232062,0.000244279380431657,-0.0016721106627649858,-0.030978364976582472,-0.026851433854815022,0.014487474100430347,3.1145976,5.997113,0
12.2092,20.0,8.836990595611285,1.0,1019.0,3.19435736677116,33.82,-117.81,5.00001,33.82,-117.81,0.011889668467425098,0.04033936648763436,0.0013544622918098541,0.020560809013384196,0.09710484109011308,-0.04728306045253926,-0.017988226534571425,-0.005067222697094028,-0.0011783750198475211,-0.0008222597719342038,0.008156346239189913,0.002133271232779081,-0.0003225355959829742,-0.001529790665010101,-0.005470986540964825,0.029729508020227013,-0.0066846645461040655,0.034883832043961165,-0.0018581076699501547,0.003321039882558783,0.0034703199671475195,-0.00757674121348762,-4.7556413112843017e-05,-0.00020906753326529066,-0.0011784208596944412,-0.0004674676073963054,0.022904764441780155,-0.004739509235056904,5.202361,1.768475,1
5.1408,33.0,5.359861591695502,0.9134948096885812,881.0,3.0484429065743943,34.27,-118.47,2.229,34.27,-118.47,0.007652839750561715,0.018334731625814796,0.001654545924230308,-0.0003302217422637081,-0.058653067663543855,-0.029504367468456395,-0.014450010710554816,0.0017229415175770185,-0.0011364125076229492,0.001626689848410366,-0.019586167743789244,-7.81648875899023e-05,0.0007190299652634187,-0.00032489048706534345,-0.0007949158223462716,-0.0002527922065449518,-0.002714976327651021,0.0006175117038249355,0.003542101724655256,0.0037211920795210108,-0.0030730992865647504,-0.02185889078461417,0.0016358104697630211,0.001274569218708755,0.00046900986375351267,-0.004808344326265705,-0.008245320321735491,-0.027576868020432996,2.4007976,5.5736666,-1
5.2067,21.0,5.695652173913044,1.020703933747412,1432.0,2.9648033126294,34.29,-118.71,2.212,34.29,-118.71,-0.003630978563781331,0.019248100037270028,0.0009460737633562457,-0.0011402150759957854,-0.05851293845735922,-0.028975997099575462,-0.016315624662080867,-0.00011624707071369511,-0.0002730352756757386,-0.0007309322792849369,-0.00024741236693853015,-0.0007316078442648488,0.0016298306453435265,0.0013965567863928325,-0.00030976106310565897,-0.0002999044138539575,-0.00017329578795665794,-0.0013197404140970336,-0.00025682254640086767,-0.00017584726520536868,-0.006939777792249829,-0.0061761367891490174,-0.00029868704324639275,0.0006290396573213446,-0.0006740754633474272,0.008478395521864144,0.006979669677613307,-0.018179778121589413,2.3634217,5.4785905,-1
6.2464,4.0,6.461855670103093,1.0391752577319588,1599.0,3.296907216494845,33.65,-117.6,2.339,33.65,-117.6,-0.10049886068423283,0.01488098562918892,-0.004860028639192735,0.0033167625043371593,-0.020734033932054658,-0.059944172518913694,0.051165885611332076,0.01356855655871974,0.0018688123643806798,-0.006402531182051376,0.05563630845214208,-0.0017552980199897865,-0.008944319142846017,-0.0034085673274620826,-0.0014682790245410205,-0.00592667811997342,0.004680191726539582,-3.1911055896518994e-05,-0.0012210524323830842,0.00013533147298063243,-0.0013977477583774532,-0.0006624105340631269,0.0005796942053888665,-0.0029262793188424494,0.001458096840783219,-0.005434753629022925,0.02776702497260479,-0.05019195257859812,1.6903136,2.3507884,1
6.6277,35.0,6.102564102564102,1.0256410256410255,788.0,2.8864468864468864,34.24,-118.26,3.444,34.24,-118.26,0.09136208670410514,0.014501085746200277,-0.009133367081413305,0.008749663399062338,0.025416928718594033,-0.04679014619868553,0.013127769915218043,-0.001534631003618741,-0.0013561377997355591,0.0037675717578946016,-0.010002745314399002,0.0016649177974568717,0.0015431261474587842,-0.0003172624529763458,0.0018935528098097832,-0.00014788150710661347,0.0007918210793604321,-0.0027245061970634296,-0.0009478108293448929,-0.001128509671415576,-0.003258386804277514,-0.006135012103369282,0.002306405727806939,0.0011990625631388106,-0.0007028803871720687,0.007360596900912343,0.0024714318164970285,0.011254797483364302,5.3261914,0.032391038,-1
5.4493,6.0,5.772687986171133,1.0060501296456352,3196.0,2.762316335350043,34.33,-118.83,2.426,34.33,-118.83,-0.1221595800003298,0.018490909722611342,-8.470360622368845e-06,0.007188259187208581,0.05598552315747558,-0.031114731617275668,-0.02644978922567695,-0.0034960259429984053,0.00014808393361814812,0.0015442926606389054,-0.003140948283238481,-0.004166955397803115,-0.0012306361282302465,0.0014049065798924691,-0.0020915937189271037,-0.000575239112745458,-3.629721994166978e-05,-0.0015482750095352918,8.197227756341462e-05,0.0007471249038836166,-0.007512848652379752,-0.005134517553547819,-0.006457937745850451,-0.002357349391955043,0.0033723973540943793,0.010448012494726015,0.00994363201927866,-0.004684964360323868,3.1568694,2.7785282,1
5.8819,18.0,6.355338223308883,0.9462102689486552,3710.0,3.0236348818255907,34.13,-117.78,2.605,34.13,-117.78,-0.0285719458139526,0.01674747499305352,-0.012349474932697758,0.011655788757767219,-0.02206158873941835,-0.02073751651386556,0.027084995583748828,0.0024170798927787298,-0.00138741197785141,-0.0002806682571038432,0.0049551470430504235,0.0002730519243208618,-0.0006735480326058738,0.0026599228739175476,-0.003201458736471172,0.0011610806329433146,0.0028662533485287875,-0.0018218832451458607,-0.0005225129309951982,0.00038748373129336163,-0.0014533314085621763,-0.00419943837033875,-0.004962271048689876,-0.0006327018559441476,-0.0005723576495631932,-0.0005467350711570176,0.0069995965347367855,-0.042237146942812394,2.223149,5.1060944,-1
6.1785,5.0,7.197784810126582,1.2436708860759491,1238.0,1.9588607594936709,33.51,-117.73,2.959,33.51,-117.73,-0.1462700816678491,0.03107648714968381,0.00913157477482006,0.0038631553182829187,-0.0475744665589011,-0.08551359263779217,0.03642526835353348,0.024812898797373507,-0.0003252526896387724,-0.009502879876365585,-0.13395724408465406,-0.007432082843346773,-0.0075987465577708685,0.001756344979252911,0.0012313846980094266,0.0010363127574016127,-0.023937766616161302,0.054378545899291156,0.0007156366007655722,-0.0016413430697161827,0.0025588017998427214,0.0022659519783378465,0.002504105703252342,-0.0026938414959421413,1.7603802844334125e-05,0.027425083418367004,-0.023091610400381827,-0.11311282410973798,0.52002364,3.2874804,1
6.0965,34.0,6.420195439739413,1.029315960912052,917.0,2.986970684039088,34.24,-118.49,2.623,34.24,-118.49,0.07773051167405515,0.013272392634744319,-0.009133367081413307,0.006073607421439347,-0.014893999779887174,-0.05677122887554914,-0.030143541181427275,-0.0040964948282177375,-0.001354407179782883,0.003645635689980716,-0.015389887403465679,-0.00017247560196107574,0.0010753489173180718,-0.001782973363014431,-0.003064978331620355,0.0009401978969911213,0.007423621988673366,-0.004460296701177156,-0.0013685553307826647,0.0018993125331052407,-0.006620312619189145,-0.005248384474124592,0.0023371454914914622,0.0005582761413993235,-0.000488243007780418,-0.006032734434074422,-0.00474463857392899,-0.006505239924323112,4.9862795,0.37801287,-1
6.0307,35.0,5.263921113689095,1.0777262180974478,3646.0,2.114849187935034,34.03,-118.55,5.00001,34.03,-118.55,0.10838562386979546,0.01097075188115657,0.014152444046728633,0.016041912281312486,0.045792371998437276,-0.05582395674818196,-0.031228201535202883,0.004256926081178566,0.004289166952071131,0.0008495293206991322,0.05538535584492539,0.0025711906929068874,0.000391787822986113,-0.0015063565296188869,0.0006550637502228663,0.00029385170834673373,0.0019481732572983928,0.0069696004504695855,0.00024706447428055696,-0.004518267085087732,0.004956067109815536,0.004936713037430482,-0.0002851498235131574,-0.004301000035725474,-0.0049991037649843905,0.026860021657140836,0.017015281513632182,0.17616311105464505,8.524442,4.632788,1
5.1626,40.0,6.067193675889328,1.1264822134387351,1264.0,2.49802371541502,33.83,-118.38,4.327,33.83,-118.38,0.08080429661399555,0.020460929822137996,-0.0015701881785264971,-4.565941096464142e-05,0.11576941319415705,-0.02744481484462688,-0.014395190412291954,-0.002504340697403644,0.00021870306809723312,0.001412626954846371,-0.0074671929624673785,0.005228733085922595,0.0006179595167801967,-5.979797339719889e-06,-7.966528363079152e-05,-0.0015244972572539199,0.004170320094593525,0.005715378889211183,0.0004246514985038685,-0.0015185757467662034,-0.00749340992675122,-0.0007127752393094857,0.001967209751659113,0.0004431361068305689,0.0008585824236747752,0.03168388055863771,0.01092552312835379,0.17584087824002767,8.712036,4.168363,1
6.0868,17.0,6.29338327091136,0.9712858926342072,2396.0,2.9912609238451937,33.53,-117.69,2.829,33.53,-117.69,-0.0673779245010651,0.013789348562872283,-0.006674129934549653,0.009761478769449413,0.0010441917243169433,-0.052883738113344736,0.014676642759633736,0.004566354415122376,0.0018384302024378606,0.0007125063121174586,0.04574878931545882,-0.005870423250942471,-0.010333137033719233,-0.0021106805492381673,-0.004750470365436264,0.0009551817028032993,0.004418475269390231,-0.0007332327227962319,-0.0008474958758869738,0.0003810431641207955,0.0028438200558819496,-0.008828243103392187,-0.004080084035841971,0.0033036003061153556,-0.005934191963602732,-0.004094542326005391,0.012999939027252536,-0.15850383621694913,0.1019168,2.0276241,1
6.6288,7.0,6.802554027504912,1.0262770137524555,15037.0,3.692779960707269,34.04,-117.87,3.397,34.04,-117.87,-0.06493807063546841,0.021347539950973826,-0.005874516281955754,0.011627708483389532,0.007526638979798903,-0.04174455639573348,0.0021760928486750687,0.022518629987705145,0.0016710943434747724,-0.012270995620269742,0.06243399525504591,0.0031694051811666083,-0.000208020559179606,-0.002432826685409283,-0.012818889908209685,-0.004894270634710082,0.006106016816103562,0.015909755761106776,-0.0016951877888869231,0.0048410144655091,-0.00016905061701529304,-0.005053496376255376,0.007675325325870902,-0.004174041704452862,0.005732652521506265,-0.017364722041547032,0.009344502860871271,0.05000189573355068,3.0828636,3.3524017,1
7.8164,36.0,7.369458128078818,1.2167487684729064,441.0,2.1724137931034484,33.6,-117.89,5.00001,33.6,-117.89,0.04235348954536182,0.03394995511234447,0.005029800108740551,0.010556133723244439,-0.09359919998117615,-0.11731854500758299,0.013003485737910435,0.005160336378060385,0.0047901084505199655,0.0033215578590361536,0.012589509148213333,0.0037930889845086474,0.002141237044895405,-0.0005483401613743701,0.0132290438443793,-0.0038851359243353405,-0.05691719907514922,0.013242784455629278,-0.0031248861172702342,-0.002243451258925709,0.004294016215042227,0.029101197311688344,0.0036423320850314587,-0.0025556526467167165,0.0021176217689872997,0.037269739282063764,-0.00805071207226938,0.06468374284726645,5.339679,5.9397807,0
5.756,13.0,6.965517241379311,1.303448275862069,679.0,2.3413793103448275,33.47,-117.69,3.056,33.47,-117.69,-0.1342598177512479,0.02966329589849156,0.00823108216965475,0.003621748339636135,0.054305955433382694,-0.057538016784718544,0.019611039206866403,0.01108463889888508,-0.00024099244914345456,-0.0029881410910413135,-0.05624337314476796,-0.007407380264907911,-0.007480681563231827,-0.0007240145449418048,0.008058148340248738,0.003546041536504331,-0.02480308731252287,0.04695854238923255,-0.0008151514449124308,-0.0027781278829265427,0.00045217513672928406,0.0017819115768096994,0.005671218510399725,0.0025192381159199456,-0.00038476809176152184,0.02338953123746628,-0.0198649506743644,-0.11161771732075627,0.67241096,3.0403533,1
7.8193,33.0,6.881533101045296,0.9442508710801394,801.0,2.7909407665505226,34.28,-118.52,3.796,34.28,-118.52,0.059407557761032126,0.029538213234285016,-0.01129298715180094,0.012383405516043338,0.027298116156163718,-0.054792376749114975,-0.007854114086175115,-0.006315883026060248,-0.0015250536344184732,0.0028111755250343124,-9.331840079899693e-05,-0.0006177548882193521,0.0010410906599655236,0.002919201905057215,-4.209131600050724e-05,0.006776293108567034,0.021620544861127404,-0.004249404329591864,0.0021371898662703227,0.000475459782586969,-0.004008572451631384,-0.020752623004778425,0.002668064869192583,0.000709963373330933,0.0005561738887204902,0.011621887394530623,0.011791991175856454,-0.005704328742428825,4.7935786,0.61652553,-1
6.2096,14.0,5.365079365079365,0.9365079365079364,384.0,3.0476190476190474,33.18,-117.28,1.781,33.18,-117.28,-0.08724677816760977,-9.936293702411967e-06,-0.006679538956099555,-0.030111546679038086,0.021304963025940253,-0.07575216141397827,0.06391789171963826,-0.004446268206128593,0.0009237996357488471,-0.0020242774076140507,0.04344662157085524,-0.006219456688269801,-0.011002168364558257,0.0012744084384544024,-0.0025791583413623514,0.0006557449981221242,0.0030061000514610588,-0.022497123928602775,0.008051016191071217,0.0013322107554064318,-0.016772844529562674,-0.0032127610443037995,0.004975213343235222,0.0020209003748333145,0.0024459773532409567,-0.004256268088492109,0.010562236031048363,-0.11992439000507166,-0.10316028,2.3760688,1
8.0409,8.0,7.483050847457627,0.96045197740113,1238.0,3.4971751412429377,33.59,-117.65,3.379,33.59,-117.65,-0.028376212535883197,0.03431318865216292,-0.011460644360446992,0.011013604209002645,0.049241933283790125,-0.08302107299636044,0.004038647057753748,0.019267845248055207,0.0018432678736628172,-0.006314044735493869,0.02761160137122155,-0.00041230670188862944,-0.007358044919485887,0.0023410914688793273,-6.629354219853868e-05,-0.009288659858242407,-0.031216262245341977,0.04223139454457528,-0.0023177234210699223,-0.003090265932970425,0.004711893379984085,-0.010102917347697018,-0.00574643025277296,-0.0038417395705050467,0.00043234742071609144,-0.016423844504898755,0.03935993203269617,-0.12309126847372934,0.7680352,1.3786919,1
6.8406,41.0,7.394052044609666,1.0074349442379182,666.0,2.475836431226766,34.44,-119.69,5.00001,34.44,-119.69,0.07903397039508252,0.023071416547754752,-0.008303968907320203,0.010913119685908225,0.06002579130506446,-0.06508174715609832,-0.022556648922026863,0.00955238814531117,-0.0013490461304270164,0.003542347513508583,-0.002036483892962264,0.0066033287119302885,0.0021907135712749977,-0.0004450551908308935,0.009428930809523983,0.00527183350282488,0.027504824853086085,0.0021584848831466496,0.0007787864644047248,0.0015137217520551534,-0.007882990780277826,-0.007461409105429104,0.00530464672033779,0.0014919422292480865,0.0022317111491226374,0.020232461776384585,0.015177345059914872,0.049210564301512966,6.8080997,-0.49143606,1
5.2249,39.0,7.064425770308123,1.0644257703081232,1113.0,3.117647058823529,34.12,-118.04,4.452,34.12,-118.04,0.07453087158167211,0.017944399638905685,-0.002800843606341781,-0.0011944868844722515,-0.05719196449966298,-0.015571346616177801,0.0032989151641118217,0.009433173321562034,-7.474352234353794e-05,0.0015645967612573012,-0.020045360444042266,0.004717476804840941,0.0016543954609053986,0.0014529239565983074,-0.00035725548771013455,0.024686511306987922,0.009338439361033986,0.016059555158802707,0.0006933465349577377,-0.00043930654326587026,0.00036291390094709376,0.0032333689670089078,0.0014184406704897618,-0.0005951780446412277,-1.0971416449318614e-05,-0.0009424477386370026,0.0008236984038248951,0.07707576959616505,5.0385942,7.485747,0
7.5752,52.0,3.142857142857143,1.0,55.0,7.857142857142857,34.02,-118.21,0.675,34.02,-118.21,-0.047949054832838414,-0.20459306540480376,-0.00800356521676252,-0.34938652173493334,-0.18511333635351007,-0.05314340084360065,0.026340390442462898,-0.0013744982795037574,0.0014216393739584455,-0.14884022780197614,-0.0336168101080854,0.0020805730173708028,-0.0005965307960180692,-0.000639848869954504,-0.018607799733859603,-0.014141488768709591,0.002763069902358339,0.005717710278919021,-0.012778669393077924,-0.0006480012104744708,-0.00011030561291880511,-0.0059312298715025824,0.11325230778667747,-0.026382898279286967,-0.049865425221447095,-0.015292864402851714,-0.006760556969603696,0.028720313460525705,3.781962,6.41514,0
7.1615,36.0,6.226666666666667,0.9688888888888888,667.0,2.9644444444444447,34.16,-118.03,4.847,34.16,-118.03,0.09145596132210307,0.014299539684235805,-0.009200219791205876,0.009023129642680101,0.02295833243949967,-0.05203349888056191,0.023444568189605615,-0.004420271087941495,-0.001354407179782883,0.0037251546388134224,-0.010156679909730829,0.002566950145803589,0.0015881933124889198,-0.00036380187740423913,0.008622689409689261,0.0006084662859434736,0.0036271082528377572,-0.0011283793003660722,0.0007810827379999286,-0.0004995595529379848,-0.0013728189396787485,-0.005917558421131167,0.002484376997676602,0.0014033883170564035,0.002186892218077358,0.006638037437940206,0.002508287547314382,0.06850574296265033,5.8789454,-0.44703877,1
7.9611,31.0,6.147058823529412,1.0336134453781514,1149.0,2.4138655462184877,33.89,-118.4,5.00001,33.89,-118.4,0.04590277541160044,0.018789660101515695,-0.006585749133853842,0.016591656764663048,-0.0443911000017281,-0.07139264265279054,-0.005934228374752802,0.0010333820398774698,-0.0013561377997355587,0.002398039482743522,0.00656540799733318,0.0013268910771126003,0.00016208183820166585,-0.0015093561361391283,-0.0005414201056805714,0.0017136612535901116,0.004338864252920987,0.0035696058187330982,-0.0013152567238786442,-0.0012703395422609632,0.0018864023038842202,0.0034205039963880316,0.0032396805438094176,0.000631100105524767,0.0009481386380567436,0.02759783090421935,0.009221256153862286,0.16703262575925232,7.7976484,5.012043,1
10.3893,18.0,6.75,0.9722222222222222,316.0,2.925925925925926,33.62,-117.85,5.00001,33.62,-117.85,0.01857552752596272,0.036654729852210695,0.004236353949618569,0.010167018850394774,0.06955006547874973,-0.10751622741724993,-0.02700561610987999,-0.0011002421421871568,0.000173359681391871,-0.003480590448316373,0.0013168758622669656,-0.0008697018738250645,-0.001072471698702084,0.001758844283879099,0.009414639267063693,0.0034184751152241117,-0.05507238567749571,0.016968645099822495,0.010239787969973262,2.6927742669401645e-06,0.00335314161133269,-0.007895908679518789,-0.0005706491257534479,-0.0013970501627679256,0.004594249887589776,0.0026322725255490667,0.012240221823019709,-0.022293179020766093,4.663092,1.673792,1
8.8742,31.0,5.692946058091287,1.0943983402489628,1938.0,2.0103734439834025,33.6,-117.88,5.00001,33.6,-117.88,0.026969058272506393,0.018952120974149115,0.019889125577295982,0.018818675678398355,-0.22203896748140683,-0.10730326917683108,-0.018039050392793018,0.0013234941805575515,0.0015771028304804005,0.0027078199491576724,0.03822190646297825,0.0016161254323638142,0.0027291283717898558,-0.001316125864502911,-0.0007984435216451791,0.0003692165443096875,-0.00010507296868843193,-0.006460631010889778,0.00044062182721686584,0.0019639322131504164,1.837486912997806e-05,0.008808792582642394,0.0018941505185262016,0.006647890761625503,0.00012570528661463664,0.032831190126895816,-0.00772265868784706,0.0724490194827516,5.1912093,6.1064453,0
8.7835,52.0,7.539184952978056,0.9373040752351096,970.0,3.040752351097179,34.19,-118.12,4.441,34.19,-118.12,-0.0021870071832552807,0.02832877343023111,-0.009541845639500954,0.018333456554969912,0.07212279240298114,-0.05274808975508708,0.0408220015377659,0.003690068877055277,0.0007373096445133629,0.0028109732442627108,-0.0061853786047417645,0.003488966236141597,0.0012566761293605802,-0.0009290025797330471,-0.0014705354916201294,0.005578275250747921,0.010175730920176044,0.017879913286295623,0.0021579879447692026,0.0021577838176401257,-0.005875745298890898,-0.015013840273787136,0.00019540882551187058,-9.191183365755821e-06,0.0008810113587815314,-0.002822836383980183,0.0013393736339333535,0.0565879089108361,5.847207,2.6715887,1
6.1935,11.0,6.131645569620253,1.0860759493670886,810.0,2.050632911392405,33.64,-117.64,2.932,33.64,-117.64,-0.14320381349584352,0.015949533626806796,0.009866450981699035,0.002511689290167741,-0.0367692531412102,-0.07020437121158489,0.034421309555838414,-0.0001099410579260123,-0.0034677580725865852,-0.008774650720740629,-0.1407051903845132,-0.005034216846669941,-0.006776884884956167,0.000596475162492072,0.0023712473883679107,-1.183216059743355e-05,0.0024585562448898885,-0.008503379121495454,0.0004245593230371113,-0.00010542384989957175,-0.0001327181107458835,0.0013472140223277113,0.0048830886808057215,-0.0015457755850893317,0.0005207545598569223,0.019866447950191136,-0.033216675412143154,-0.059202893978641924,0.6032623,3.3999066,1
5.5469,16.0,6.226396602417511,1.0058804312316236,10988.0,3.589676576282261,33.96,-117.88,2.652,33.96,-117.88,-0.05350037132474787,0.01814578755401003,-0.00010041185597783214,0.011601291386329484,-0.03246082607367209,-0.020989869229087077,-0.010766470160896434,0.014927783991249149,-0.00012080189000420962,-0.008748027445582047,0.07883097179827914,0.0032914071564926974,-2.725510028483237e-05,-0.0016043919698290018,-0.01456520033822514,-0.0007622002977610606,0.00323751380672841,0.00044650954407666793,0.0021070258093233234,0.0014626813793406149,-0.0002293633565059168,-0.0048945631132551095,0.010915928076146258,-0.003998048622226682,0.006411126257561921,-0.024433581749367172,0.005854534208579839,0.055218079025699626,2.9176354,3.5737715,1
6.7543,15.0,7.185567010309279,1.0701030927835051,1740.0,3.5876288659793816,33.65,-117.65,2.519,33.65,-117.65,-0.05856295255162634,0.02162316098707591,0.011681078521636225,0.007638957953673211,0.003521150953087089,-0.06937798171990062,0.029639817422574807,0.002659249069340208,-0.0035165103105122644,-0.0023530709109130963,0.05847736427378889,0.0003759703986721019,-0.0068513413314612364,0.0018896396068147647,-0.0023124642621171567,-0.009173611349494718,0.002844867984408293,0.012642768467659195,0.0011433366026227779,0.0005609867440882959,-0.0017704850037312413,0.0005600316406065877,-0.0029534674119781144,-0.003817401614826362,0.00040934198167489927,-0.019899512983633058,0.04068020005971025,-0.045000034288941615,1.9603207,2.3575356,1
6.0672,26.0,5.172506738544475,1.091644204851752,953.0,2.568733153638814,33.99,-118.45,4.208,33.99,-118.45,-0.005734070920402626,0.010634095913352426,0.014232008646703737,0.006453150073575151,0.1700379041937309,-0.05413084302650433,-0.026304253773413517,0.00634895545946569,0.004262928419932767,0.0006073710288477674,0.006471527128804907,0.004689359233615808,0.0005895766751496102,-0.0014784845354829745,0.0003520577857803076,-0.0016819766761603048,0.002026919007175898,0.006773171500388921,0.0006119406773873441,-0.002478870992730741,0.005468163268357374,0.00503624398900079,0.005142739973067205,0.0007896344138090638,0.0011627296775967707,0.01374930749715267,0.012780045569746858,0.18844744763349658,8.183597,3.8825886,1
9.1541,37.0,7.914754098360656,1.0590163934426229,878.0,2.878688524590164,33.96,-118.0,4.538,33.96,-118.0,0.03125914491843998,0.03752658777341861,0.008058221412423369,0.018515959772698626,0.07597441579423625,-0.05684183822255578,-0.011901059596500894,0.008776501390109288,0.0015554415665800364,0.002671398092108496,-0.003286567134429253,0.00492940758205863,0.002155469789946638,0.0012502899359607194,0.0009531404212703129,-0.0002396920650847776,-0.008878839557721476,0.01373869035831388,0.0010301129993634315,0.001198019301938716,0.0013042756561110274,0.00022025344571511768,0.001255609526575142,7.22452618422578e-05,-0.0007519537527302934,0.00763553700356358,0.005843181045102895,0.052837416707887594,5.914505,1.496413,-1
6.7805,27.0,7.913934426229508,1.069672131147541,736.0,3.0163934426229506,34.19,-118.86,3.929,34.19,-118.86,0.003375286210464601,0.02932584507184355,0.016753699499290432,0.007268688521305457,0.03416829096369144,-0.05792165758285047,-0.0259694754812047,-0.008023353346986142,0.0015554415665800364,0.001231564937599461,-0.0055133189273899675,0.005888670841294548,0.0018610267096190434,0.00016456088885791507,0.00733996388787174,-0.0026154697208423854,0.006047139974324155,-0.005220086586155322,-0.0006404998156028002,3.4947411071508744e-05,0.0027847924672615115,0.003300436223116116,0.0020957506120883214,0.0012653584937771059,0.0014105534022290013,-0.0035075927262755886,-0.00448884991444244,0.06760201864764066,5.4303656,3.4620366,1
5.5,27.0,6.184039087947883,0.972312703583062,2043.0,3.3273615635179152,34.03,-118.09,2.768,34.03,-118.09,-0.013522345742553144,0.019398924142711976,-1.650560054437541e-05,0.0044529130620656054,-0.056253674286951494,-0.016007598400670807,0.006342222202675163,0.0006458218852510173,-0.00045853582499191776,-0.001254973031532733,-0.003411724226921623,0.006705402144073697,0.002022509279255209,-0.001474260530746364,-0.0007406830216801497,-0.0009436595422220667,0.0015276481146464403,-0.0011422231179553102,-0.0011093580538701602,0.002558188441416453,-0.000464617983084771,-0.004924916917523981,0.0009931714272353861,-0.0003996249267715548,0.00037376121903696566,-0.004716854153892816,-0.0003435158086932757,0.06038470431987316,4.4204764,6.2271295,0
9.6047,20.0,8.46788990825688,0.9690366972477064,2795.0,3.205275229357798,34.27,-118.57,5.00001,34.27,-118.57,0.01121238655688972,0.041098914453792164,0.0047653723302530145,0.0154208966771804,0.08729563016842075,-0.051446840310041965,0.0009069956663857922,-0.004802497853457144,-0.0011744188891961288,-0.0006642136739928221,0.0077911356425342726,0.002216985882792051,0.00020951518896541798,-0.0015925634102161874,7.075490963944262e-05,0.033768480878212374,0.00558952904951804,-0.005382014875765262,-0.0012235938126581327,0.003597611506289416,-0.00614075226629165,-0.003671444826694339,-0.00444484574920869,-0.0024472857409594817,0.0030816254224841637,-0.005920249866527724,-0.006159191660247165,-0.0006693266446584238,5.234394,1.7851182,1
5.1463,35.0,6.257028112449799,1.072289156626506,793.0,3.184738955823293,34.2,-118.58,2.202,34.2,-118.58,0.02441776082035943,0.018802697144048166,-0.002371734002003308,-0.0010817760185594467,-0.07178802457968213,-0.02906674946108713,-0.015222186027866796,-0.0029552324140077117,-9.42156188901652e-05,0.0014305474990869696,-0.02530162287139287,-0.00019686985757520515,0.001059090411977497,0.001448091261111141,0.00027229673606500007,-0.003616100558694366,0.005550917100185006,-0.003528048378223725,0.0006855629742562415,-0.0010820104596590166,0.00247436186227439,0.0035856990806789604,-0.002498582733608047,-0.00048650209412959115,0.000697685908072505,-0.010151841539885244,-0.008988448111025608,0.062224449376626294,4.423497,7.1686172,0
5.7407,25.0,7.405882352941177,1.0823529411764703,599.0,3.523529411764706,33.98,-117.96,3.022,33.98,-117.96,-0.021314104554774813,0.020748925770153373,0.01517049588258176,-0.0017844423697985143,-0.07501697519158348,-0.03959432037442951,-0.003838094899910665,-0.007404711388566868,0.001703597797126319,2.1144346996699725e-05,-0.0024094928055073224,0.0056229869037903125,0.0010391354357723,9.690185241718007e-05,0.012202359864367553,-0.004226442444294994,0.002836563114752562,0.010931661589413055,-0.0002702567323765795,0.0002991222219436198,0.002044963773115967,0.0043504266273352065,-0.010005434217614514,0.00042952461940141485,0.0017600698511864837,-0.022742791108504957,-0.005378164421976207,0.052946533164986535,4.0951443,6.4207006,0
6.1873,35.0,5.348432055749129,0.9860627177700348,816.0,2.843205574912892,34.24,-118.26,3.121,34.24,-118.26,0.08730738440218791,0.009008393067407033,-0.008158804984216362,0.006307721049435427,0.0005248488594329613,-0.046206319915454076,0.005200254782234717,0.00036237109749686334,-0.002695027784512884,0.0037751736902611422,-0.01085614952175083,0.0016649177974568717,0.0015469662914147084,0.001567232826388275,-0.0008680745048089392,-0.0002168230672568238,-0.0008329262543926861,-0.0032039362891657275,-0.0007705229690357333,-0.0005027880111018599,-0.0028328224477656553,-0.006346402385863934,0.002517944058213169,0.0011557829592343915,-0.0008769514850287971,0.00855637922636019,0.004649025108348508,0.012362183797859187,5.2103734,0.087221995,-1
6.2895,45.0,6.5,1.1016949152542372,254.0,2.152542372881356,34.04,-118.38,3.404,34.04,-118.38,0.0939809854436998,0.018225693418178483,0.0076207600891982676,-0.048498357311445965,-0.04736238724495009,-0.05724577609378192,-0.03656109210726452,-0.005016124545359243,-0.0010655064658542349,-0.0028490654914940156,0.016429963348814858,0.005619608716206603,0.0002041174168970749,-0.0008044006958416844,0.0007589474727373298,0.0030455733791647545,0.003870219034765223,-0.006749918491967185,-0.013585736226466054,-0.00611186492239426,0.005037516139599612,0.006360017158854127,-0.01868874406450477,0.0038388624146794693,0.004485758108635585,0.027095748832321777,0.017078141474453842,0.17315198905695728,8.067555,4.9499097,1
6.04,16.0,7.245283018867925,0.9889937106918238,2020.0,3.1761006289308176,32.84,-117.11,2.43,32.84,-117.11,-0.05729591931495287,0.0184761035028797,-0.005811613948851508,0.009539860586130733,-0.04408279133736918,-0.04184805281341477,0.07375611239095044,0.002869384315938147,0.0020162284662892465,0.0009314249075334421,0.06260953235571687,-0.004692000848929646,0.00032925738721565034,-0.0020749788835603463,0.00013379814623267058,-0.014532072962703256,-0.004449118505709914,0.0036544026517742797,-0.0015965760939839133,0.002471730019046217,0.0038288309868710116,-0.00044429839745452186,0.0019283114045698657,0.004291352433669994,-0.0030457043636352202,-0.004869770466920682,0.026036517831369288,-0.17412044248838285,-0.39205796,2.1401646,1
6.9308,18.0,6.704761904761905,1.0793650793650793,1048.0,3.326984126984127,33.88,-117.83,2.317,33.88,-117.83,-0.02529583018329652,0.014117347279996766,0.014904776504013869,0.0010408307540094492,0.0007698801696941725,-0.05680556107633001,0.01631116303075862,-0.0015967572973134912,0.0016914515829385623,-0.001633299920770345,0.01066114049714759,-9.258367849215713e-05,-0.0004418721488448039,-0.0011344624334139156,0.0028224517599371966,-0.007893762559496392,0.004153547241628906,0.012965303672229242,0.0010983094388896236,-0.0017368772753770072,0.001955490447938973,0.004097966014676887,-0.005575955173308478,-0.0005653444456658518,-0.0010507527021733328,-0.0026420999361297694,0.02055219122007957,-0.008336044511349179,3.3116944,2.167182,1
5.1384,24.0,6.048249763481552,1.0794701986754969,2743.0,2.595080416272469,33.73,-118.02,3.369,33.73,-118.02,0.020542379058084134,0.020379142964834472,-0.0021617502777472324,0.0016745276545015477,0.1629805786824243,-0.01997618860549021,-0.007918086496524352,0.00014125119037838648,8.876308434305915e-05,-0.0013723719045167296,0.019717465130148507,0.003016652137029095,0.0012010725651728576,-1.5063450044651774e-07,-0.0001512356335260683,-0.001314822582015704,0.002275547948754982,-0.0008132443072557551,0.00011605619626348608,0.0002749026185115384,-0.00030213808698619383,0.004615884587693806,-0.003378773320778103,-0.0007567392547896668,0.0012339764782443722,0.013085963142353172,0.004009824727877336,0.05262112468586841,7.030828,1.0702741,1
5.8635,24.0,7.226315789473684,1.1394736842105264,1076.0,2.831578947368421,34.45,-119.79,3.487,34.45,-119.79,-0.01233306138717937,0.022649953821298627,0.016919183541085674,0.003883272627127174,0.05637708872682654,-0.055909532702754054,-0.0318984842875465,-0.0038387614557244382,0.0021470792830961924,8.818937736340874e-05,0.0002029575572554541,0.0026975446529004478,0.0008626453652021025,0.001045353072443896,-0.0004327776657339507,0.005980858043155841,0.02537510767085585,-0.0004154092488842619,0.0011557121344627514,0.0005311038955890344,0.008006385248326444,0.01137611508050374,0.002422215853701443,0.00024678892171696703,-0.0008742267864879096,0.009395987247017568,0.008321220326158722,0.058363688787755656,5.3203726,3.206548,1
5.6017,29.0,4.263803680981595,1.0899795501022496,919.0,1.879345603271984,33.85,-118.4,4.3,33.85,-118.4,-0.012009758077248495,0.019125474256879802,0.003609400315135846,0.003627943686557496,0.05931164264108361,-0.0323330412841411,-0.02638840120341507,0.0026523082040745736,0.00019437656765576954,0.002407814492265344,0.02758738908594906,0.005282545561214661,-0.00019994468309701805,-0.0004985087939170969,0.0003636744134780525,8.543187165852169e-06,0.0020944635743274185,0.006913050237358742,0.00014239522587404318,0.010185234933888433,0.004368762747798802,0.005149723995285745,0.006344707607751982,0.0008572476787352211,0.0011826638343123892,0.02365104925188167,0.017914588512022715,0.17738927817642222,7.33479,3.8283145,1
8.1844,22.0,7.817073170731708,1.0463414634146342,1083.0,2.6414634146341465,32.81,-117.23,4.063,32.81,-117.23,-0.005317292971070243,0.03583358730164697,0.014371513928383012,0.013687637103974196,0.022960789450323947,-0.08023931179952067,0.03776374986597211,-0.005321013583642205,0.001722041610812388,-0.0005688729370434888,0.005880546403419532,-0.002629470628296485,0.0035426716001137077,0.0014039080930866713,-0.0007300451911209289,-0.0016002778309196514,0.011306500894706186,0.06942801843677501,0.0012124703595832612,0.0011403972715824146,-0.005116102093137824,-0.008667759842527,0.0015003882141517528,-0.0020747696693984765,0.0021939412811218723,0.002626484473565601,-0.0034713635806875426,-0.07336171313727255,0.69371283,0.9359926,1
5.7709,4.0,5.181347150259067,1.093264248704663,833.0,2.1580310880829017,33.65,-117.58,1.903,33.65,-117.58,-0.16544808470572553,-0.005589189277141639,0.0047146930378627015,0.0020886328497773552,-0.00034975742579534643,-0.06191420746076585,0.05311724963086468,-0.01686154577457821,-0.008310883333491224,-0.007795530552903625,-0.08732058865827462,-0.004276466334593415,-0.008519841427459582,-0.008125809996848504,-0.0015437014221781546,-0.0017184929361867129,-0.0006921436039979737,-0.0074802831004771135,0.00014668763411934872,-0.006017205645393031,-0.00010221547168403312,0.001323589787826643,0.0053033947692485445,-0.001413894076582806,0.0007095726914790441,0.021222187377603886,-0.03595334057895855,-0.06810413589617377,0.58673304,3.2509615,1
8.6677,23.0,6.808873720136519,1.044368600682594,707.0,2.4129692832764507,33.98,-118.02,3.327,33.98,-118.02,-0.010245113195701918,0.027548130815129142,0.011994390291521908,0.016423655087126544,-0.059376470613069735,-0.05992737574999581,-0.02758839534683922,-0.0006258944993860298,0.0017222699565112673,-0.00022764232345232668,-0.0007236116531331982,-0.002741036649100782,0.0017544658824506095,0.00013722621831115643,0.007782424009488918,0.0010427285143754562,0.005487199815907274,0.009818451411898878,-0.0008276907351275177,-0.0007452318592593591,0.0013067361315085898,0.00041882561060560726,0.0015788010028601716,0.0004024023869172445,0.0021412454927202,0.019749592174259464,0.0030280476456235224,0.05488573589597631,4.6655765,6.1104965,0
6.7115,52.0,5.550819672131148,0.9508196721311476,727.0,2.3836065573770493,34.05,-118.43,5.00001,34.05,-118.43,0.06248102738288029,0.012457453082881254,-0.00984914908988411,0.010875094729985808,0.037906534478089914,-0.06116698694576614,-0.02009443703113855,-0.0018501839681145994,0.002589472249988507,0.003998507723559231,0.007808317138551236,0.006486581469473311,0.0005063785890700013,-0.0003021395395801984,-0.0008413975891060874,0.022174208342231886,0.0070397267685451265,0.004041690357338822,-0.000318817663641973,0.005305856679763805,-0.005303121576446229,-0.0038800040873789078,0.004973325716783532,0.001111826968565263,0.0013717421566713805,0.031870696632212814,0.008997876629476653,0.16729884456759903,8.268853,4.5888214,1
5.9507,11.0,6.185872279700321,1.02247591865858,8721.0,3.111309311452016,34.43,-118.37,2.252,34.43,-118.37,-0.08617678137104305,0.014427638497555278,-0.006897654225075304,0.013308684545096578,-0.007647796783188368,-0.0554470593541742,-0.032251518383768406,0.009860939393690768,0.0017129759213661598,-0.01022896532011475,0.04255542471494529,-3.313315645403893e-05,0.00026033728033865536,-0.0024762195869757007,-0.012559867219038635,-0.00035643694533601407,0.003017944356153813,-0.0020573551466411344,-0.0005919959706838298,0.0006647301960815289,-0.006621043391223738,-0.004864921301294465,-0.005754281970706493,0.0008329566688504941,-0.00043603159503366706,-0.0024828299403394927,-0.010561663137916365,0.01385162998128824,2.757324,3.0119605,1
6.1834,16.0,8.263250883392226,1.0265017667844525,1902.0,3.360424028268551,33.09,-117.04,3.356,33.09,-117.04,-0.05738355332250113,0.04822577696199536,-0.005603440016150653,0.009163662446567068,-0.0007859273891202558,-0.06673617405983298,0.09455867964319965,0.0013527038585605879,0.001997556306904298,0.0009710365788205713,0.06243803287456113,-0.005286428680769472,0.0003213489667566784,-0.0020264798561561138,-0.0016514394356781008,0.04288429227961351,-0.013526019600888966,0.02247218337425857,-0.0013391336500083784,0.0017378319206829312,0.004734170836378474,0.00021082574499496919,0.0016013630143520714,0.004594387929026498,-0.003187289601675299,-0.008816895987476508,0.03935841039473456,-0.14470379707912137,-0.36735827,2.2905564,1
15.0001,52.0,8.483018867924528,0.9622641509433962,813.0,3.0679245283018868,34.07,-118.33,5.00001,34.07,-118.33,-0.042210903375877865,0.0347341896506871,0.003734243337774532,0.021163401062458273,0.08337886310895266,-0.06224175818035762,0.01078545985545105,0.005569745980229228,0.0019110314814437773,0.002606592543365676,-0.005202359884333519,0.004592803484874185,0.0015854036322957862,-0.0011394426642801524,7.860124979285868e-05,-0.002873048302727082,-0.008414746115569622,0.013229357921326165,-0.0017938814540181536,0.002678575402148536,-0.0035001119833612104,-0.0008182904145125931,0.0011730804682105159,8.380397551279145e-05,0.00046450255018936953,-0.0016316321411189393,-0.001576850977824132,0.0681338627044898,6.14019,2.9885504,1
6.7744,44.0,5.770700636942675,1.0764331210191085,822.0,2.6178343949044587,33.95,-118.14,2.941,33.95,-118.14,0.08644980085505415,0.0160129060451415,0.01684005062471919,0.009480331690736513,0.11531373274277044,-0.0451944248157449,0.01290495130558779,-0.0027225110295212174,0.0015545108837890398,0.0038494324138890115,0.00037228387045085316,0.004234919962173376,0.0014032857276319647,-0.0013658435940816398,0.001655805041700147,-0.001566348740172523,-0.0007698943347846143,-0.0007994007440120771,0.0005306216976173657,0.0022514557147435563,0.0012522757295869572,0.003278324226474734,0.002404662512047662,0.0002280691034038898,6.640339551872059e-05,0.010585509713034982,0.00681141602715561,0.058348867070523336,7.2720265,0.12768716,1
8.944,30.0,7.170454545454546,1.0875,1776.0,2.018181818181818,34.1,-118.39,5.00001,34.1,-118.39,0.026189216440539453,0.027691663904175032,0.013874572459563412,0.01754888560351473,-0.2379785206133359,-0.06865367071441837,-0.01787322903275681,-0.009725102685228425,0.0015684716519030876,0.0029545748225385015,0.033816229587903264,5.962451934062637e-06,0.00023822173555720872,0.0012332567505986896,-0.0007932718353498542,-0.008912980284053424,-0.008086376150854302,-0.023922482435287933,0.001060329426101843,0.0013758055363962008,0.005105989139247501,0.0036458933295620746,0.004475474137983582,-0.0008634667935210403,-5.424627788063426e-05,0.019131319824116894,0.014409703867181971,0.10473080476044157,5.244829,6.183688,0
6.1464,34.0,6.309255079006772,1.0383747178329572,1267.0,2.860045146726862,34.25,-118.35,3.544,34.25,-118.35,0.07871202069715419,0.014609775028880024,-0.008430650509936858,0.007532609233954034,0.003343416034481567,-0.05742908431413317,-0.035597662934605374,-0.00290591161762843,-0.0013404528280306978,0.003687039322446743,-0.00926464095014676,0.0015309606637247002,0.001536113210714004,-0.0029551513321247227,-0.0029730407770372992,0.0007325849736634561,0.0064284371898592745,-0.0017810260142484267,-0.00154783480474293,-0.0006434490555215157,0.0022991344115744876,0.0011944947703567616,-0.00015258653055035128,0.0005035015262725468,-0.001118132133476562,0.00924259767107731,0.0022086236494322023,0.02660641205710683,5.146612,0.18940319,-1
6.1274,11.0,6.75,1.0875,386.0,2.4125,34.17,-118.54,3.159,34.17,-118.54,-0.1381282224754522,0.03140856206678963,0.008826619420183267,-0.028743495052724694,0.03122925974449785,-0.05928884332632118,-0.02798507849856496,0.018334851552451802,0.0008919266702606375,0.008044343175353286,-0.049525197716833926,-0.0052628022316893765,-0.00019221868554882793,-0.00041819962645359024,0.006726658248892665,0.0003789082415615484,0.021084773535131555,-0.0047727629059951295,-0.007338539410611788,-0.0022875255171380714,0.005497844433415361,0.004994799034216405,-0.012657899019363634,0.0010147461616713338,0.0026278932233511918,0.020098698344947662,0.007006105043304303,0.08270661799268733,3.9608154,3.259146,1
5.2305,34.0,6.092006033182503,1.0467571644042233,2269.0,3.422322775263952,33.92,-118.01,2.051,33.92,-118.01,0.005132559663653942,0.01870919685144824,-0.002381953043176232,0.0016176636001803133,-0.0807675825248317,-0.01908876764232824,-0.009006539208941252,-0.0013547571189887469,-9.673746497311977e-05,-0.0006988575083584019,-0.027925752935220045,-0.000510160592568409,0.0003209382192633363,-7.71161585285166e-06,-8.577990277656576e-05,0.0008975220582532597,0.0022338722510277607,-0.001281997265358661,-0.0010742841092237986,0.0008847844559326997,0.00036746893415708814,0.002977141872167586,0.009116676221091686,0.0006551107284913652,0.002159244475075974,-0.03207078369379137,-0.004555957280865646,0.049436226099243225,4.028001,7.1102853,0
5.8252,7.0,5.144414168937329,1.0663033605812895,2493.0,2.2643051771117166,33.67,-117.98,2.647,33.67,-117.98,-0.14590695578979326,-0.002130175781878496,0.005147735954641427,0.01624213922175743,0.03979821510651018,-0.07580512916568306,-0.00723504971343325,-0.014844126014400192,-0.008172483688851732,0.001277468600254041,-0.06757913153749426,-0.005743363382219294,0.0007229943094509035,-0.008123159715483828,0.0015559141259690508,-0.0013606871676565635,-0.0005287573183916851,-0.0003784939242531309,-0.0001552460139049771,-0.0010376188641130198,-0.001517539671327453,0.003967327941394541,-0.003951533562726691,0.006350012891108451,0.0016174635578395768,0.022312389882760214,0.004543132677203134,0.06355677237449774,3.967102,3.2626276,1
5.6846,27.0,6.016096579476861,1.0362173038229376,1849.0,3.720321931589537,33.81,-118.04,2.161,33.81,-118.04,-0.019526556188512848,0.012821552610220884,-0.0015855991532270517,0.004855177617872933,-0.07686511046372271,-0.02946536607186548,0.005311144698825151,0.0009427694605349533,-0.0004445814732397325,-0.00018186013069913104,-0.0030597196266695112,0.006887168746113458,0.0015363176504551532,-0.0011383993291164847,-0.0005869280251196729,0.004162110273013257,0.0019263463204875013,0.0004084723478181068,-0.00037761588697542706,0.0035606815346519894,-0.0031048912913422305,0.002280499331783197,-0.0030588982565336468,-0.0008118936298598719,-0.0012412518094792773,-0.02589691258615174,-0.007913240859878459,0.04849917240766622,4.0618687,6.3315454,0
5.5709,31.0,6.72108843537415,1.1003401360544218,1762.0,2.996598639455782,34.21,-118.63,2.448,34.21,-118.63,-0.006992677958228156,0.016547368840826294,-0.0016166577699459085,0.0014658415331162435,-0.038988452937699876,-0.026998311197281813,-0.025495860004759178,-0.006859657579746027,-6.921977419813879e-05,0.0005029505742040023,-0.012126160286256373,-0.00100527192544456,0.000884923111293576,-0.0010238329189702889,0.002645965762749397,0.0048113208172004315,0.018529455933412778,-0.007033350753443285,0.0006204501088284847,-0.002797659578753873,0.003944910282831071,0.0048180445310126545,-0.0006739343127637775,-0.0009868225195682181,-0.00022257404605280996,-0.004475598425327222,-0.004684446834647067,0.0775652212300568,4.5804415,6.5503554,0
7.1425,18.0,6.75632183908046,1.0045977011494254,1278.0,2.9379310344827587,33.89,-117.98,3.937,33.89,-117.98,-0.030307346444444463,0.022829867466373,-0.009012539659660347,0.006184968181274312,0.015345772939319007,-0.05012208757140251,0.016464146745577883,-0.0006882461150742882,-0.0011997250040394088,-0.0018801254227107252,-0.002037951513434719,-0.002715812116803829,-0.0004928391318467978,-0.0017905029790938316,-0.0016266938046169922,0.005375490278691407,0.0053840229775371454,0.009943648771036945,-0.0016017894797543657,-0.00048298055615362076,-0.0017162351025740595,-0.0057453887372996655,0.00012569002487932952,-0.0006387852345105466,-0.0006714164766435223,0.004622707177412386,0.0035125412895987635,0.04079278645851676,4.895653,3.7193651,1
6.7957,10.0,6.575989782886334,1.086845466155811,2177.0,2.7803320561941254,33.13,-116.97,2.875,33.13,-116.97,-0.11021236202986506,0.019172402001843933,0.012850901302917196,0.007753324326067589,0.011986617993592958,-0.06983233075433559,0.10247304877610044,0.013377898449917009,-0.003277818882527841,-0.0011845550163320955,-0.009405489013503405,-0.004531642106928146,0.0033472394717124205,0.0019697147422134994,0.0022302379871918148,-0.0019752725796024838,-0.0023371348048967858,-0.00040409193915121966,0.0007327638674988618,0.0005913823003656182,-0.001968529580206869,-0.0017627141416086932,-0.003109420481857339,0.004833505820558253,-0.002220846867032678,-0.0002760753241130223,-0.004293537751508574,-0.16106779867674387,-0.07871753,2.6874928,1
8.3841,35.0,6.71689497716895,0.958904109589041,735.0,3.356164383561644,34.23,-118.52,4.722,34.23,-118.52,0.03782536931061029,0.03308910873104591,-0.010374536191880241,0.021970985253876394,0.10685848806569274,-0.05450293081111632,-0.0015618256442790834,0.005597059796789611,-0.0017705972911958555,0.002501512037180016,-0.010463989655196581,-0.001213052515719834,0.0014189386404240443,0.015259814120744885,0.013895904356916837,-0.0032468488273946646,0.0194959817442649,-0.0056573880868895175,0.0009466686861663506,0.003396813872786846,-0.005655245753054578,-0.003677873656503317,0.0010080741713922087,0.0008337304600926799,0.0015791308639900197,-0.013970241930721031,-0.00910717689114557,0.03911304435685665,5.9304786,1.5617048,-1
6.1805,18.0,5.876388888888889,1.011111111111111,2030.0,2.8194444444444446,32.86,-117.19,2.724,32.86,-117.19,-0.0236672698441123,0.011506720508031414,-0.008792812260287504,0.008418789762134069,0.051113465762389544,-0.0755378324187471,0.0729393858191461,7.560150017034133e-05,-0.0012016839696909636,0.0001566640130398235,0.007479083052973417,-0.005170766620791593,-0.0077972004914112145,0.000985215171055869,-0.000350659848235474,-0.00010450118186106961,-0.008068647912408487,-0.010055908329482761,-0.001006449914372224,0.000803081089962067,0.002459435130200279,-0.0018538798976632021,-0.0014260975521944918,0.004716360300457425,-0.006465065048200164,0.00031560943475354925,0.0008821219001018096,-0.1257370192320493,0.23866597,1.4680893,1
5.422,13.0,6.287610619469026,1.0587863463969658,4071.0,2.5733249051833123,33.69,-117.9,3.166,33.69,-117.9,-0.13826793794961398,0.02017254406508679,-0.0006479740298720812,0.01187739337417548,0.1032241958150452,-0.01993852282094182,-0.01675664597466428,0.004466183165695222,-0.0005486088690313216,0.0026691774107107267,-0.04334863568202813,-0.004563381359092392,-0.0012700555410766693,0.001519901905063971,-0.003474510474441097,-0.000761999914795975,0.003837671628877706,-0.0003569331598120225,0.0003782168966177176,0.0012577840630121722,-0.002347425346358713,0.0031393054585957193,-0.0013497826636527834,0.010631062352028533,0.002570682032716458,0.005784683447400578,0.0035784002969592955,0.0644045534496022,3.9091234,3.1560361,1
5.444,37.0,5.922779922779923,0.996138996138996,751.0,2.8996138996139,34.0,-118.4,3.36,34.0,-118.4,0.05203037374034109,0.019238568062744182,0.00034427585171683606,0.0002928471500009003,-0.035564135588447676,-0.02506474946854732,-0.021943385771631484,-0.002407900729512414,-0.0004398636656069692,0.0018458429347913917,-0.014335640414286916,0.004250051901383998,0.0014344656157684018,0.0004020247737426235,0.0010912960657179535,-0.00018777374670188513,0.004014810163607223,0.0046130315749041,0.0003636670453262071,0.0014540445347197039,-0.005563220856809427,-0.003925693496960465,0.0027213739783948166,0.0010310576702077673,0.001371401995492773,0.011237892449428733,0.00811055167349671,0.17257081851294614,7.812047,5.064513,1
6.4755,36.0,5.81294964028777,1.0023980815347722,1123.0,2.693045563549161,34.01,-118.45,4.058,34.01,-118.45,0.10870507544500545,0.013703387643369388,-0.009129469649787295,0.00831394148161881,0.03487295883609504,-0.054564192719754476,-0.028406241199876024,-0.0024745595670368215,-0.0013561377997355587,0.004401902912862016,0.0027036243303763217,0.0019967681939136875,0.001603783921875979,0.0009686189321407326,-0.0003668304229950405,-0.00024672442588521683,0.002591389333755266,0.004352153701582525,-0.0007854212486174687,0.0005445112039170956,-0.005563220856809428,-0.004282449605945291,0.0026619682323203043,0.0008304983800660615,0.0012304846706207519,0.012952619185113404,0.01298974273050537,0.16454355302973045,8.367394,4.7610106,1
5.9547,18.0,6.5473251028806585,1.102880658436214,547.0,2.251028806584362,32.95,-117.24,3.293,32.95,-117.24,0.000881650685256962,0.018940854295228578,0.014555758972128031,-0.0003725615196619339,0.09209702681665967,-0.05006738761534488,0.054626149544670786,0.0060807470031932365,0.0016840336417390264,-0.001723745323689844,0.002451343275727546,-0.006122942907183722,-0.008896589721540222,0.000522505959541283,0.008607432342422793,0.0024014183962641714,0.014435039880335931,0.04697552772020092,-0.003574196548634077,-0.0033965108799525376,-0.004692973996772913,-0.00176020563587685,0.004525436045950352,0.003124989175987889,-0.00313562943199903,0.021771825955451043,-0.02811322537232488,-0.11174926895839447,0.61939687,0.99792445,1
6.7559,15.0,7.208173690932312,0.966794380587484,2659.0,3.395913154533844,34.22,-118.91,3.12,34.22,-118.91,-0.05495843135924764,0.01911287627396506,-0.006143356238861502,0.007695057404641237,0.0064696539192474764,-0.05102049912428563,-0.027087611389718016,0.0016042473795086548,0.0018199863887517905,-0.0013358566127894202,0.055477188207586604,-0.0008808065103542507,0.000319525311107565,-0.0021214774656188908,-0.003213704236227468,-0.007245502654929017,0.020307404118210384,-0.004230690846594559,0.0006188480424563986,0.0017734176093607986,-0.004903872195977178,-0.004379740115248786,0.006749900197295177,0.0016943059933316937,-0.00026581871675387535,-0.014210476769151067,-0.017455657650902946,0.054054953640285626,3.0587182,3.3567705,1
5.145,19.0,4.216032608695652,1.094429347826087,2455.0,1.6677989130434785,33.83,-118.43,4.202,33.83,-118.43,-0.004538370828831864,0.018706441720516036,0.003199292722442272,0.006088776948858085,0.10212527528849125,-0.025252590101477172,-0.0174983864858714,0.0011758026679231065,0.0005106904907540304,0.0017435494442354245,-0.07618811484879114,-0.0044548035561042185,0.001905054283059527,4.562081381979179e-05,0.000573266845112425,-0.032244613120382015,0.0025639302053332173,0.008790736703567082,-4.54083448232624e-05,0.032571605714601576,-0.001897297573620266,-0.0009535480629793338,0.0006614175326805128,-0.004333319213903512,-0.004949357723618087,0.045508293483659534,0.031582306161727726,0.18559890998576528,7.8119965,4.1493754,1
11.615,34.0,7.214833759590792,1.020460358056266,843.0,2.156010230179028,34.12,-118.37,5.00001,34.12,-118.37,-0.02435533864171357,0.031722240976190516,0.0034088097552076196,0.021346291066177955,-0.19012965619479893,-0.07078317088850791,-0.008287725083877057,0.002054187903269798,-0.0013413770944598314,0.002548866067248111,0.01834971350471594,0.001037128838220691,0.0012467329600247075,-0.0016558289141439656,0.0008602784577605749,-0.008523865585544266,0.0007882260856295162,0.005967566007986451,-0.001575833966862672,0.005386606717098007,-0.005041897876423284,-0.003073902341460341,0.0013412087277391129,-0.0005645854141609677,0.00024192630952692942,0.021343530043984676,0.01455980843121925,0.07895583164342174,5.106415,6.078104,0
6.1359,31.0,6.04054054054054,0.981081081081081,914.0,2.4702702702702704,34.17,-118.42,3.597,34.17,-118.42,0.02382845393926103,0.013643795150505877,-0.00848289520677531,0.006510068588799056,0.09111228326913932,-0.059997137138557394,-0.02514590476045349,0.0006300470901087369,-0.0013561377997355587,0.0017084732605928705,0.013148433120955613,0.0017190428635153138,0.0013924842384180692,-0.00025563839714627353,-0.0005290838345464456,-0.0013218673378574985,-0.0006053909254632603,0.00027985304314598585,-0.001175510925319445,0.0016753585048982082,-0.005176114878964923,-0.004301966575492242,0.005364545049122731,-8.11060241145214e-05,0.0005314138150020075,0.025834084343549914,0.011648349443244407,0.06567161512670573,6.78257,0.9541898,1
6.9712,5.0,7.241805635422657,1.0123634272570443,11956.0,3.437607820586544,34.26,-118.9,3.213,34.26,-118.9,-0.06499661034259467,0.02141465948638388,-0.006019734936490048,0.011758806872516707,0.023403450608119453,-0.048422827656097615,-0.014018008957987686,0.022149759905029622,0.001671094343474772,-0.012499496523418882,0.05715812817891273,0.0017714934457413547,0.00019127882260983075,-0.002406450349465324,-0.012693390365450592,-0.007581159032509325,0.022770994560294876,-0.005002671032869995,0.002089099232742434,0.0007342109347645637,-0.006559348815157738,-0.005249024160269998,0.010052594777304826,0.001018804581380793,0.001568526124611402,-0.02129608208801558,-0.020702591667182284,-0.006910754832554667,2.8830264,2.870203,1
6.6343,52.0,7.166189111747851,1.0372492836676217,748.0,2.1432664756446997,34.06,-118.4,5.00001,34.06,-118.4,0.07577790602656975,0.02129126774008602,-0.008167820385230746,0.010699217757625881,-0.008235420168485422,-0.0593328051329624,-0.029821054734827237,0.005486500328642749,0.0018635927091740266,0.003994220270686799,0.03641833484714838,0.008385283463672325,0.0018227309003904589,-0.0012065788473493975,0.00958475510020748,-0.007878962521479758,-0.004681331287624753,-0.022986783396429823,0.000688149253097572,-0.002319677714518793,0.0041402226987398115,0.0033166963799324215,0.005710390132644513,0.0018140843683840328,0.0014539261398803939,0.025324958988153994,0.018197448142187628,0.1554564790268775,8.041882,4.931919,1
5.7509,47.0,5.212218649517685,1.0096463022508038,724.0,2.327974276527331,34.05,-118.39,4.741,34.05,-118.39,0.09990085818716204,0.010807830802427826,-0.007695591070871702,0.008668810661343045,0.08060948535581586,-0.05831101307558433,-0.024615519232790598,0.0005737013593881793,-0.003675423392931407,0.0035856844055441517,0.002755179417841832,0.005099066744418645,0.0005706600485107222,0.0006857243039196262,-0.00346696919838639,0.0014670205044850426,0.0013547011010914035,0.006609504766017504,-0.00031370285729376496,0.0019996108845204415,-0.0052252582694831485,-0.005184901617115557,0.00533264645591652,0.001018066486084619,0.0013681948350752775,0.029696780245341278,0.009701614720615509,0.16768149054684017,8.895523,4.4953566,1
6.9741,16.0,6.7676240208877285,0.9712793733681462,1279.0,3.339425587467363,33.64,-117.69,2.62,33.64,-117.69,-0.06454541705918272,0.021395704907424557,-0.00580016677661579,0.006116174161756924,0.02728083201533136,-0.07185315714466872,0.03464201606910272,0.004206152150555719,0.0018158019124015193,-0.002993754366072456,0.048579444041539084,-0.0025876654739034007,-0.007514922995768873,-0.002154043736745778,-0.0007604933615161216,-0.014060088049596423,0.0027409726373659876,0.012477463992012262,-0.0013787394946440307,0.0020134931786597206,0.004711893379984084,-0.007064688185937212,6.587388230932816e-05,-0.0032545265069192676,0.001507167348045872,-0.008015145995869262,0.02972927580459189,-0.06827941953629459,1.4441562,2.2471695,1
6.6739,45.0,5.7926829268292686,1.017073170731707,751.0,1.8317073170731708,34.13,-118.34,5.00001,34.13,-118.34,0.059677866106372324,0.017495748287868696,-0.009498343555230822,0.011648134011215514,-0.08959317043102653,-0.05379875047632837,-0.007847277554283907,-0.0018442363179160459,-0.0016268993141016028,0.004556557087626231,0.08196180818314881,0.005139769875375578,0.00013790329236783799,0.0010032517390198756,-0.0007383162009352226,0.001954948939512989,-9.094483752922195e-05,-0.0004082830130839372,-0.00012649292247670518,0.011879832593711505,-0.005457941323832865,-0.0033242265513964988,0.007193500552591978,0.0005369741762440424,0.00033219011299897173,0.021098517117751067,0.0002000010208218511,0.08649523618936507,5.3965454,6.415192,0
15.0001,52.0,8.710144927536232,1.0289855072463767,408.0,2.9565217391304346,34.07,-118.41,5.00001,34.07,-118.41,-0.04230341744100669,0.03865907861609895,0.003854727366715687,0.01478340443787736,0.08421349020592821,-0.06791256823096256,-0.006403038967827733,0.006242890408104747,0.0019110314814437773,0.0014340255252030432,-0.0008616527681899254,0.006283981496973078,0.0020383594274839575,0.0021030769755815467,0.016561559000406893,-0.0028209623047907645,-0.020615063229002677,-0.025045613423421882,0.005164826926614643,0.00029221230833462365,-0.005127311304159114,-0.0026136179819064723,0.0008010762190702028,0.0022706282055045216,0.0031272152867101097,0.009981766452603841,0.00933545662972128,0.10649292152561968,6.6699715,3.4535058,1
6.4891,35.0,5.423357664233577,0.9343065693430656,385.0,2.81021897810219,33.87,-118.33,2.781,33.87,-118.33,0.10910956768214464,0.00625787465352378,-0.011965183451414419,-0.02359822849349955,0.035980860075052454,-0.05261811835372407,-0.019652652179476374,-0.000382016645231158,-0.002916292255209445,0.0016451232609828996,0.0015625762284022886,0.0020020761660345257,0.000786148574082407,-0.0029197544637097083,-0.0025278450764836297,-0.00012296483771945127,-0.0014559678846793973,-0.0017367743978039351,0.011821016792788434,0.0007549402098729046,-0.009495295446428591,-0.013779181292618788,0.0035604926817321583,0.0005332767298175632,0.0044150073022181935,0.008535749419387667,0.0023122153061376086,0.04558690225622114,5.880431,-0.35490254,1
6.776,21.0,6.753371868978806,1.0240847784200386,3331.0,3.2090558766859343,34.37,-118.55,2.781,34.37,-118.55,-0.013685913613330058,0.01634502440876307,-0.008246635261712243,0.007839747670541328,-0.02199055578490173,-0.058471609288158456,-0.02880763534416829,-0.004094914170793906,-0.001202294818585208,-0.0017532671892557658,0.010380436876542382,0.0016673817838581957,0.0019788605330764465,-0.0018206396765412362,-0.001923978140742392,-0.012449633658935859,0.0226356793236665,-0.005241052108735975,-0.0016607236691752094,0.00251260247705824,-0.006559348815157738,-0.005192376166669799,-0.002275764189737638,-0.0029418633773150944,0.0029131763549133274,-0.0061215398237481735,-0.008624640611883717,-0.009968794696413081,2.646836,5.1748705,-1
10.6767,48.0,8.171617161716172,1.033003300330033,900.0,2.9702970297029703,34.12,-118.11,5.00001,34.12,-118.11,-0.0397599027412144,0.03462149112347766,-0.0003895782580495173,0.021121224843140603,0.08184899411819108,-0.05455300286469083,0.03686706525211857,0.007829256070511463,-0.0009469843468789835,0.0023178260511941325,-0.0006390377597676666,0.004287299855972351,0.0010371115867816164,-0.002387504044522957,-0.002084068974788694,0.0012239996960439607,-0.008176276369685613,0.013750595899141793,-0.0016759035717393662,-0.0017540846268034112,-0.0009439953704686756,0.0028525919950302173,0.0012976299236504161,3.344129340143075e-06,-7.732932306175124e-05,0.00693769314539207,0.0032513907569595634,0.07268765697789041,6.0537224,2.9180782,1
5.5418,36.0,5.8474576271186445,0.953995157384988,1215.0,2.9418886198547214,34.17,-118.07,3.261,34.17,-118.07,0.052569013551953384,0.01950337555489087,0.00021324551337060564,0.0017704830433723205,-0.04000996612706585,-0.017454921777343455,0.008851664556316799,-0.0020113179963974965,-0.0008098935806604294,0.0019444582045354663,-0.014363664920284623,0.0020119001331243055,0.0016189158610865984,0.00285700250822943,-0.00019933288630829345,-0.0004983993674967605,-0.0014835116726796584,-0.0012081222150773594,-0.000474727020992041,0.000565612386829274,-0.0021924955962219976,-0.003984941774873866,0.00025305158817669746,-0.00012278444008940326,0.00010881174816098125,0.007833061580995709,0.002050120976723094,0.07460136836816811,5.019156,7.424609,0
10.0285,22.0,8.95766129032258,1.1290322580645162,1573.0,3.1713709677419355,34.41,-118.4,5.00001,34.41,-118.4,0.01727020068818118,0.04111266455227243,0.000343100806240817,0.016065199789989337,0.08519088682526049,-0.0544822158450807,-0.003039367620172732,-0.00575519154947465,0.0020134090536818037,-0.000581027971959095,0.007873908900407992,0.000707411656750254,0.002002576899969036,0.0008388163816452788,-0.00016543078051168886,0.03383419204806502,0.005621513575879542,-0.005384210913884083,0.0009695743716588263,-0.003744923168432331,0.007069551136665702,0.007180144053878971,-0.0005310073944345424,0.0005677621875238882,-0.0010409153460621036,-0.007074090887729616,-0.006381861725021968,0.00812964400410621,5.3276024,1.845409,1
7.0565,32.0,7.2125,0.940625,967.0,3.021875,33.77,-117.82,3.246,33.77,-117.82,0.011938110442871876,0.02870875613202092,-0.011429758877361567,0.006928526296871664,0.027408959602073693,-0.04822194740829733,0.008059378692730814,-0.00669345951996705,-0.0015250536344184732,0.0017293554360694528,-0.011271863567507567,-0.0006876952514566466,0.0005177403080386105,0.003095692193674051,-0.0016568484077342347,0.006425564348166332,0.006232904072804873,0.01951647631224674,0.002274048859264213,0.0017575179125413972,-0.00045708224457999085,-0.013984583002271516,0.002571681760569764,-0.0003497540852598724,-0.00012119515704882422,-0.0014040847629551581,0.007802975347857917,-0.014118155838495806,4.224186,1.5872607,-1
8.6123,21.0,8.056451612903226,1.0,1323.0,3.556451612903226,33.82,-118.05,3.867,33.82,-118.05,-0.009916183596953895,0.024872311510213373,-0.007219871235290974,0.015664322348996375,0.05542277991799086,-0.04520419425610716,0.014582798810478382,-0.005326011736988193,-0.0012062509492366004,-0.0009481178600495161,0.011365863586899803,0.002631350510531674,0.002394791412034145,-0.0018161957036707133,-0.004941179663674836,-0.008011405102684017,-0.00561142739634728,0.007752460846462768,-0.002605870525367845,-0.00027175176909555534,0.004109983532712903,-0.004430843187177413,-0.004612134142320586,-0.000728071303986798,-0.0016280188715305875,-0.019979085489370337,-0.010534879364813877,0.03773949705888205,5.265353,2.876832,1
6.2152,13.0,5.546052631578948,1.0328947368421053,918.0,6.039473684210527,32.79,-116.66,2.406,32.79,-116.66,-0.07455083032817905,0.011048244424648723,-0.0008964210754190391,-0.0027063622768433953,-0.028290238586834337,-0.07007155096355634,0.0901347955868693,0.0012333659640428977,0.00474019472306554,-0.002937094937028983,0.06567126293211602,-0.002515666864656256,-0.002824193986283067,0.005613497602194044,0.0006334859825245234,-0.004039904544522892,0.010535943872551232,-0.013345154479616752,0.00010300625580277467,0.0033337186046545173,-0.005313213634729829,-0.0018583517054153065,-0.01164982878405515,-0.0019235035920388908,0.0018445287568187392,-0.02512627769804089,0.04358967504409455,-0.16027744553064177,-0.40114033,2.1222029,1
7.3731,16.0,7.235955056179775,0.9598715890850722,2221.0,3.565008025682183,33.68,-117.97,3.908,33.68,-117.97,-0.06257511388111134,0.02228959510049494,-0.008196150991550985,0.009462353120677397,0.018469434142568377,-0.06424673947525196,0.01433916150517524,0.0018015009854502008,0.0018083962497861135,-0.0012020971936697058,0.06268103033873755,0.002027195774428629,0.0009140599889279703,0.0023725063281565483,-0.003095156804221204,-0.0063167701663919594,0.005972320531274501,0.00959517691724765,0.0012296051075673955,0.0014362547768995465,0.004574892574887119,-0.0054071102546818465,0.013778793177479143,0.011413609409858822,0.003506876672865905,-0.02642639642586251,-0.004179436715737983,0.04490505984265085,3.1607754,3.2522733,1
5.3462,46.0,6.75,0.998015873015873,1389.0,2.755952380952381,34.0,-118.35,2.704,34.0,-118.35,0.10213641506750049,0.018908746844331647,0.0008866839090876435,0.0015215734468721194,0.0628991962559518,-0.03217712530089329,-0.025560210693943656,0.009401094814086106,-0.0005412039631901599,0.0017188376507364703,-0.013834902479515713,0.006353296113769286,0.0021465501988525283,-0.0012110325312669778,-0.0017044928157599797,0.004709510473509827,0.006904938664202736,0.006536720429037611,-0.0013081591891394497,0.001341926751863907,-0.005340332337268533,-0.006033831377463821,-0.0003284811034323588,-0.0007440831793375638,-0.000357283759463213,0.01083540294480042,0.005162626250107852,0.0754024331784841,6.8212824,-0.36972162,1
5.6159,28.0,6.34965034965035,0.993006993006993,368.0,2.5734265734265733,34.18,-118.58,3.405,34.18,-118.58,0.0007321227224924898,0.019436454350467768,-0.0005156263004791776,-0.02697698670204601,0.18362864041717106,-0.03239349029915325,-0.023664706350435164,-0.0006353365413738965,-0.0003519131075812886,-0.001232801005315395,0.009296703988121725,0.00397277243249609,0.0012991410219169665,0.0020791481220274106,0.006417896652220607,-0.0007431369888970405,0.006767299427559956,-0.0028810845372950083,0.005986187469716539,0.0015424132530300998,-0.006232840422337462,-0.0044609415052556676,-0.00946782957043487,0.001708414341803619,0.002751114870714849,0.015199853803981896,0.015467841393478525,0.06214028718788125,7.114222,1.0877709,1
14.2867,49.0,7.60377358490566,0.9465408805031448,850.0,2.672955974842768,34.07,-118.46,5.00001,34.07,-118.46,-0.03729057502312817,0.029797856087591567,0.0018696322403829832,0.021213613180713523,0.041389682031614895,-0.06818897884283714,-0.00741123017307422,0.006162809511783256,0.0012197202695134616,0.0023003638354511546,-0.0031327276476419757,0.004290326629103663,0.0010371115867816173,-0.0008285725034740828,0.0001958760550500448,0.0032542050819761477,-0.012169545036704962,-0.022350428571817398,-0.0017930990668031145,0.0014113177161605966,-0.005937097329380885,-0.001512734569510497,0.001619339226092884,8.928159541117157e-05,0.0007919632220742118,0.01251614090675815,0.014272438201516875,0.10490918370018541,6.544818,3.7401469,1
5.9941,23.0,6.495274102079395,1.0680529300567108,1729.0,3.268431001890359,34.05,-118.11,2.667,34.05,-118.11,-0.012026381030411617,0.012981709433062066,0.015330133607323415,0.006714473932933985,-0.08025942984077068,-0.042053298657646385,0.006303008362932407,-0.0005217865601221185,0.001703597797126319,-0.0004739946227310638,0.007429665637879941,0.0018488721951420354,0.0023017830982373514,0.0012017480688108068,-0.0019794779610752236,-0.0058981562626724895,0.003472158708637164,-0.0024134920897105642,0.0011810328614995794,-0.0014746209637040396,0.000622903995347701,0.0031425958674392565,0.0014434667816511882,-0.000466309420714099,-0.0003420044187053755,-0.004663295300173167,-0.00022166031826108,0.06047194638613164,4.3743243,6.265967,0
5.1416,24.0,5.944281524926686,1.0498533724340176,1405.0,4.120234604105572,33.75,-117.95,2.314,33.75,-117.95,0.006507163109417678,0.014864910628619358,-0.0024244380798136736,-0.0001985154831757687,-0.07698416357422952,-0.024335530274311387,-0.013354720947239785,-8.58445739068243e-05,7.088215108838933e-05,0.0009142608224890331,0.010408796574897449,0.006782153378876,0.0022114148132853523,-7.71161585285166e-06,1.4163735827630496e-05,0.0036223112032489663,0.0017765820978262177,-0.005390220234697083,0.0008035037499153266,0.0010171557981150064,-0.0026674129229437966,0.003108784171163313,-0.003077093629079047,-0.0006087154195198968,-0.001411971381343625,-0.030435429968436897,-0.0015772008669424457,0.045995096873505385,4.040902,6.561603,0
6.8643,25.0,6.291571753986332,0.9339407744874716,1166.0,2.656036446469248,34.22,-118.64,3.337,34.22,-118.64,-0.02673585065427551,0.01710808289212265,-0.011533306810262507,0.00512095552428052,0.019175098481226983,-0.07646148354849737,-0.012431483726777465,0.0001992068025817415,-0.0013582252444872425,-0.0008664035912139164,-0.007388363613268989,0.0038770524293400776,0.00011221362305127774,0.0029219844666870704,-0.0031167831871491917,0.0006126016429126046,0.004986172212681858,-0.003088651625604731,0.002339085748711649,0.0005362928115570695,-0.014247949255784384,-0.02861808025941325,0.0026617847902522455,-0.00027563521373411514,0.0010965429812482004,0.010565827630638522,0.012356403804163201,0.02787151396164888,4.9378605,3.3265705,1
11.6677,37.0,7.605633802816901,0.9507042253521126,366.0,2.5774647887323945,33.75,-118.32,5.00001,33.75,-118.32,-0.013878380849970999,0.03863728549907083,0.004910038598145408,0.014793153593529337,0.0014382310518733247,-0.06210327265403658,0.007541557084721216,0.010580384238668179,-0.0005588934118773436,0.0003379709997294034,0.0001985115650321609,0.005243652123432447,0.0016884935203262702,0.006351516298822516,0.01059762203760283,0.0025342878210532957,0.0018502680020788369,0.01516129528635464,0.010252821370758586,0.0012177887060905394,0.014055370779433071,0.014679741265214926,-0.0027490642269707524,0.0013771246295192175,0.002719657963551739,0.010386434149154347,0.0071308328446556294,0.08260583637677851,5.658708,4.1050997,1
9.2858,6.0,8.095533498759306,1.0248138957816375,3146.0,3.903225806451613,32.9,-117.04,4.361,32.9,-117.04,-0.01403887800355891,0.04157715756593866,0.001774724916906541,0.015895572872178042,0.03728520849823518,-0.07213909629328585,0.06562707647952233,0.02615637098669212,0.002040568537782666,-0.0005549487411924879,0.02987829572288968,0.007451618023873812,-0.002143946406355269,-0.0019200747913193975,0.002419843997431186,0.0003355619259945771,-0.010392607648430195,0.015887848750400693,-0.0029908118326253427,0.0020201923047057516,0.003625592032271473,-0.0031732553453217263,0.0058946044569706335,0.005193603654327222,0.0001900239544359731,-0.020369576844871094,0.043000725296410254,-0.14935804464766278,0.03750156,1.6375349,1
6.8901,46.0,5.12639405204461,0.8884758364312267,688.0,2.557620817843866,34.01,-118.46,5.00001,34.01,-118.46,0.08597598877009296,0.007762181897025743,-0.010538025792158201,0.011590584178368227,0.11599289438516734,-0.07415950741340696,-0.0075041191427482395,0.002199977743805479,0.0047760075526716945,0.003733913053207806,-0.002022246556129937,0.00436982545725302,0.0011407105707471677,0.0005475852600416899,-0.003471744527143963,0.0023112741696073515,0.0017375223638203233,0.006094245191241674,0.0036916989798695806,0.0034637721058214076,-0.013863327131098469,-0.02786670820616152,0.005309253622108563,0.0008754771222100937,0.00379077118227425,0.01546010404874128,0.014365752578036097,0.13917941397519557,8.985135,4.2474804,1
6.187,18.0,6.62621359223301,1.0072815533980584,1248.0,3.029126213592233,34.18,-118.93,2.879,34.18,-118.93,-0.029653045462588214,0.013430739310908381,-0.009157758314194641,0.003879902009000019,-0.003113639002198271,-0.05430640003376337,-0.030432423569612645,-0.0006882461150742882,-0.0011997250040394088,-0.0018894335506186382,0.002653480751909836,9.685114085518349e-05,8.887494137472665e-05,-0.0017058287180417464,-0.0011297249783237856,0.0033565253234974736,0.01887236986136054,-0.007168567194072605,-0.0015887443578312646,0.002284010967290245,-0.00541673983879403,-0.0041248693558934265,9.427111140138495e-05,-0.0009798886010601155,-0.0001479338247606674,-0.0028448579579723274,-0.003804626148759723,0.059064458059417055,4.8510337,3.9263766,1
12.8665,37.0,7.4575645756457565,1.0129151291512914,1318.0,2.4317343173431736,34.07,-118.48,5.00001,34.07,-118.48,-0.01426610526382735,0.031711707685459854,0.003926407186115701,0.021553773370905645,-0.07086305487475332,-0.0759759298842257,-0.005536590761941885,0.007039168509955047,-0.001354407179782883,0.0025878244845109555,0.0032932506397126498,0.005343410605856774,0.0018521977151869013,-0.0016896692027775345,-0.001594963738393749,-0.003777403388653949,-0.01190586397787137,-0.022952204386483436,-0.0018035340628372236,0.0010585745578727236,-0.005545492016286267,-0.0026293865657561377,-5.5486290864037964e-05,-0.0001624063514216138,0.000617772895877292,0.02663205606077343,0.010897181989166643,0.10719686779299104,5.502807,5.7679486,-1
6.2715,16.0,6.835051546391752,0.9965635738831616,814.0,2.797250859106529,32.9,-117.09,2.551,32.9,-117.09,-0.09999249222454124,0.0271421547125491,-0.006510606937981658,0.001250652277031974,0.03217317128563477,-0.06923705477186978,0.10466276699399624,0.0054515362329512155,0.0020162284662892465,-0.0023049807624715714,0.0011573390579417498,-0.005883273468881509,0.0037733188119463933,-0.0021947751459477885,-0.00038262749161755425,0.003775694551519478,-0.005014863030533557,-9.222964973792098e-05,-0.001856302396905242,0.0009771391242778336,0.0030990147080007264,0.0011066620852426263,0.002654052420588031,-0.0023366993572293444,0.0004935177034901415,-0.00048170335445515,0.0035519255792007495,-0.14266319737790498,-0.16419317,2.6253016,1
5.4459,17.0,5.88470066518847,1.0598669623059866,1392.0,3.0864745011086474,34.28,-118.72,2.239,34.28,-118.72,-0.06820216231416597,0.021038197367752053,-0.0017363533084196311,0.000471933782211956,-0.01571865127971832,-0.02926750015047286,-0.02628647041966282,0.0020184707189197806,-0.000549548262853719,-0.0019489002622443837,0.04857636817052062,-0.0014900692238593572,0.0003970267167693015,-0.0010022751329436133,0.0004610002886476002,-0.004330320429105781,0.001639747805661388,-0.001105982923735602,-3.6722336125305227e-06,-0.0008226140870019118,0.0015436555590641978,0.001734181044147181,-0.0005461737429697645,0.000627141513888545,-0.0007799436185302977,-0.0019655344982449693,-0.011654094271799979,-0.004967256845863012,2.672664,3.0656726,1
5.3169,34.0,3.8383838383838382,0.8787878787878788,723.0,3.651515151515152,33.89,-118.36,2.276,33.89,-118.36,0.024036176511081784,0.0011671191846646747,0.001564081480117271,-0.003025400629542647,-0.08200434481086115,-0.03334189422066037,-0.027510561681148845,-0.0003732589471273917,-0.00042330244984259684,0.0019874558167984825,-0.037644101737460904,-0.0013171974293190681,4.451046335528678e-06,-0.001788629408901344,-0.0035785966492947294,-0.0019777447867330798,1.6256913274938688e-05,0.0025274516779671325,0.0032464146577427977,0.0005062937012781858,-0.008331150964409088,-0.018999071673160405,-0.010512350166517984,0.0009883377229570696,0.0007713350460628537,-0.039504431096837725,-0.027911695536480596,0.06758188225003205,4.1270795,7.241182,0
6.1726,18.0,4.707938092860709,1.234648027958063,3408.0,1.7014478282576135,33.97,-118.46,5.00001,33.97,-118.46,0.006652830678215829,0.003370089953274099,0.017836106904606217,0.015016140759616542,0.012993866620458696,-0.053619463554547386,-0.030435905958615707,0.002888208979671641,0.007616152424917633,-0.00744180584911181,-0.05611853315533252,-0.00369883918406314,0.0013698916887334054,-0.0010689568409636523,0.0005316906434623146,0.001979635592751059,0.0020479874674194315,0.007053486021122149,0.0003402089081218824,0.026021460087083358,0.012230899774027991,0.010477104958715849,0.007244096904504751,-0.004326363639229935,-0.004992818104786001,0.04642038860503063,0.030634487614523725,0.19494695416946017,7.658523,4.4752626,1
13.5728,36.0,8.321022727272727,1.0397727272727273,1054.0,2.9943181818181817,34.07,-118.49,5.00001,34.07,-118.49,-0.007093842904142202,0.034545391771841266,-0.0003713178680214373,0.021879495451035617,0.08650980368117252,-0.06874793222497928,-0.008791832038313395,0.008669886117886414,0.0015554415665800364,0.002779408822516352,-0.007649548306691047,0.0009956280463209284,0.0018831240961207413,-0.002969387559373352,-0.0019368254599827516,-0.004299644351896183,-0.021174243287249886,-0.025602803168673936,-0.0008975790175376438,-0.0011338906495525383,0.003501537400575134,0.004034844580742908,0.0009857291735521799,0.0004265109444287199,0.0007155824296496852,-0.00651324617484596,-0.004408349878999008,0.11068827704442342,6.8098097,3.5088859,1
10.5536,28.0,7.838874680306906,1.0383631713554988,1101.0,2.815856777493606,33.77,-118.46,5.00001,33.77,-118.46,0.00506887587027268,0.03157713702785503,-0.00021581101098935447,0.021445282284996,0.054100527912578716,-0.0684821651518893,-0.013728481812101689,-0.0076751460492120675,-0.0013404528280306978,0.0021838189017234703,-0.007549773315321291,0.0021302596985537216,0.0006527169463626035,-0.002840107446499113,-0.0025972444345156603,0.0041903318322524565,-0.02032684761200292,-0.02805430200722941,-0.0016290416209469001,-0.0004053202652393745,-0.007799875683938203,-0.0052170232783038195,0.0013811402226608775,0.0006583334631629016,0.0008573639011072285,0.009438652687606,0.010320261439110974,0.16397812620809124,7.06356,3.8559213,1
6.1731,26.0,8.146496815286625,1.038216560509554,412.0,2.624203821656051,34.12,-117.73,2.938,34.12,-117.73,-0.017334427092514225,0.03783145352027682,-0.008456382720496723,-7.786467755144245e-05,0.09207175331457026,-0.030208916317351207,0.035187022541786246,-0.007845797307497498,-0.0013406811737295768,-0.0001628566045704416,0.0023844518160756334,0.001730972007310137,0.001944720088500432,0.0004211091080869296,0.01455325783867042,-0.005124973590010211,-0.00620991389930632,0.0348781136564949,0.002545349693816762,-0.0005030660133671051,0.0017326602520536792,-0.0008622789778641378,-0.0009828343935535696,-0.002394277304861123,-0.007749207308606518,0.0017995371305963282,-0.011773319280087555,-0.12602509985581664,0.76172113,1.2041733,1
6.0176,36.0,5.808962264150943,1.054245283018868,1125.0,2.6533018867924527,33.82,-118.37,3.527,33.82,-118.37,0.09829566691605711,0.015149071965973928,0.016786844564162184,0.0067444708671624215,0.09111859872999051,-0.0536322864543745,-0.03230689818899922,-0.002862804341993816,0.0015537109466273607,0.003999770263624392,0.004422766895349627,0.0022901754009344412,0.0011246225118492798,-0.0013629680192089285,-0.0006201430320285805,-0.0002471035364020725,0.00016128905809028883,7.483473936310081e-06,0.0005851316132908961,0.0015140911021401908,-0.007841105023489834,-0.00530888443764111,0.002422018871181421,0.0007486015046127917,0.0009947026769064912,0.013042797516491367,0.011795538901577822,0.1475120401967163,8.805969,4.3705845,1
6.907,16.0,6.644539614561028,1.032119914346895,1567.0,3.355460385438972,34.3,-118.96,5.00001,34.3,-118.96,-0.06448826191979627,0.01562950757218578,-0.005250376217087775,0.006809559822872001,0.03509522185019466,-0.03425634551144524,0.012975625591137388,0.0038670614654418485,0.0018160302581003982,-0.002994160329913948,0.050341082244046265,-0.0013948373063083423,8.887494137472492e-05,-0.003302114535347087,1.7908988480592265e-05,-0.006691807037169602,0.02054629237751459,-0.008919711161027216,-0.0012595384457912003,0.0010259287002591468,0.0008068598827430684,0.0011271282388434058,0.0016486802321426719,3.650750307483428e-05,-0.0014053129825656416,-0.011909328233186953,-0.010771844561139941,0.01223674061486099,2.9972947,2.968765,1
6.1168,34.0,5.875,0.8916666666666667,837.0,3.4875,33.84,-117.88,2.139,33.84,-117.88,0.06641208266961444,0.016145107884946563,-0.010516672840902077,0.0017669440474129695,-0.08264274188217757,-0.04101621710031088,-0.008179601428149877,-0.0011160003027217433,-0.0013654034482583808,0.0036356020338760165,-0.03487692476200918,-0.0010510150116758879,0.000705584137517304,0.005857472304614505,0.002037333868328975,0.0026036784895200863,-0.0001704509022666081,-0.005622292887694983,0.0024573659741053593,-0.0018473656598446918,-0.004753903998747041,-0.016015093447664493,-0.010968050512353273,0.0003108789310890556,-0.00015039833931037834,-0.02558222872083755,0.003112633032415999,0.03603348700495292,4.404641,7.4601183,0
9.2463,39.0,8.12972972972973,1.0432432432432432,1240.0,3.3513513513513518,34.22,-118.21,5.00001,34.22,-118.21,0.0133391204409914,0.03677474461227926,-0.0025414427477485134,0.02307875304542468,0.11542136872840066,-0.04798455446435811,0.035205421198005404,0.009213376318054132,0.0015375693443567672,0.002778626610585004,-0.010576055611081296,0.00313393238287318,0.0016826259018767277,0.0010080864723413688,-0.0038509080015881447,0.022002416144154657,-0.0013555680854560207,0.016513557150279842,0.0009460788165579206,-0.0022319112431933,-2.6318219577375143e-05,0.002931137101774546,0.0013397507072281155,-0.0002459874517590354,-0.00019525453036051057,-0.012033379875582673,0.0018526355787778495,0.06895940957341819,6.0858727,2.425409,1
5.2723,40.0,5.103030303030304,0.9575757575757576,795.0,2.409090909090909,34.1,-118.21,2.183,34.1,-118.21,0.0814638167026809,0.01646474438525847,0.0007539782048027997,0.00021927160379090854,0.10096081757082877,-0.016496955268509736,0.0038423742474827122,-0.0010966438744994176,-0.0015425370333514207,0.0014463045005470147,-0.0031865468186179067,0.005492253314890066,0.0003180952932215518,-0.00039940710707498826,-0.0007922029687284129,0.0010771470444340626,-0.001066501012418385,-0.0011306553020671312,-0.00043357220340605775,0.000872099464954533,-0.0008866655404352206,-0.006367757663603745,0.003229999042196419,0.00015580416351932113,0.00013787995035311065,0.03041818273298821,0.006348520742642287,0.07324240356427075,6.993938,-0.0051007597,1
6.6319,16.0,6.863134657836644,0.9933774834437086,1433.0,3.163355408388521,33.04,-117.26,2.696,33.04,-117.26,-0.06419200980596741,0.02117338586156945,-0.005591992843914935,0.006187203696429337,-0.003083246476384135,-0.07780068273790997,0.07474946780646259,0.004358881686765078,0.0018344740717864678,-0.002994409903367441,0.049491994366844226,-0.006178776048360647,-0.011160080159442967,-0.0020825572846711435,-0.0005375015472073577,-0.014737870680342028,0.020251665154562636,0.05541640008468664,-0.0014002260511966878,0.002353332663051613,0.0022211238345075995,-0.007309625605417842,0.0015981979815925728,-0.0029166743629394087,0.0013734911974456958,-0.00580392899814808,0.024998617136975092,-0.0631989050253592,1.0782409,2.322515,1
6.5861,26.0,5.954206602768903,0.9946751863684772,2824.0,3.007454739084132,33.82,-118.33,4.178,33.82,-118.33,-0.015211925166145338,0.015279280740510114,-0.009125513519135903,0.008382921783046324,0.028256234238366956,-0.052068047001043116,-0.013758126034802766,0.0010688697936435843,-0.001352181669084166,-0.0007847736387615888,-0.006575601291776221,0.007253037342497151,0.0014697154293636693,-0.00034479568152395517,-0.00047776268464660727,-0.00012867243188492624,0.0011595842955993032,-0.0009671812109689479,-0.0006994573643637008,0.002102153475096417,0.015242488584424152,0.012342258632827218,-0.004817290576625556,-0.0007720146456637268,0.0015303766383150956,-0.0013453659296670626,0.0025403760269575573,0.08740106528445539,5.721292,3.7018588,1
7.7684,13.0,8.446691176470589,1.0422794117647058,1643.0,3.020220588235294,33.04,-117.01,3.623,33.04,-117.01,-0.05840101436632806,0.03891786346086485,0.013127301275077677,0.008910010114008932,0.03163085274104598,-0.07220926739913484,0.10230291425853395,0.0028602845700103517,-0.0033160837566245374,-0.00214329824702717,0.011973568122160645,-0.0037470747613794894,0.00032134896675667905,0.002138156376383847,0.000405350696727765,-0.010458452370981019,-0.015625856584824186,0.017559594400340862,0.0008429904665622229,0.0026151333740463568,-0.00467649400477599,-0.0007399541521554679,-0.0008962153640370061,-0.0019583748469955663,0.005872918737497631,-0.004614014366792222,0.025497088303812344,-0.1373197249598938,-0.1694149,2.4537995,1
8.2004,32.0,8.2491961414791,1.0691318327974275,1877.0,3.017684887459807,34.15,-118.05,5.00001,34.15,-118.05,0.052559069014682415,0.033937635788304193,0.017780522224737083,0.015973828863516344,0.07012989790891627,-0.05414594109799666,0.017587018889865243,-0.007460335359897438,0.0015554415665800364,0.0016739744895804818,-0.006693739800291931,-0.0024277374749074,0.0008739546095059466,0.0012425155702328553,-0.0010547981037596836,-0.0024867459373474413,-0.008029477431053887,0.01304843762147953,0.001001680110092949,0.0006180655226787756,0.0006261635865676448,0.004033909943331736,9.139786328077983e-06,-0.0005376681304193273,-0.0005674371002305078,-0.003161053211950001,0.005368439462558017,0.07353212847858483,6.3299522,-0.037480302,1
6.6272,19.0,7.138888888888889,0.9537037037037036,376.0,3.4814814814814814,32.66,-117.02,2.736,32.66,-117.02,-0.014451511476146874,0.02819731367958384,-0.006947969485391484,-0.01921324757128985,-0.024894279640737343,-0.07092343873852397,0.09315709086151253,-0.0029496314049341295,-2.128223764036606e-05,-0.003204860545500817,0.00822967768702742,-0.0022187153642252554,-0.0004869165956774679,0.0063732977560045975,0.006162467226588444,-0.004419406268698151,-0.005181941846398621,-0.0007982902405067335,0.009785334498544318,-0.0033207778712326824,0.0038025560862161778,0.00011951312020995768,0.004961552076954595,0.002492772973371191,-0.007355792210155893,-0.022519494346624428,0.0477673798056644,-0.16579080272642588,-0.42341444,1.8999646,1
5.6921,45.0,5.50761421319797,1.017766497461929,1043.0,2.6472081218274117,34.13,-118.24,2.69,34.13,-118.24,0.0960309237377021,0.010790483620392583,-0.003218499374892432,0.004443500761204387,0.07148413830064938,-0.03470134902737768,0.004204050927253988,-0.0022988721888465135,-0.0006982976227350437,0.002926799921558793,-0.007428510504116652,0.004247025128252687,0.0014184176668425848,0.0005300303160390937,0.00019435488532009451,-6.892747339846492e-05,0.0002290916494833031,-0.0030196332042512013,-0.0002335597543125492,-0.0016770211470719099,-0.0018293487768056924,-0.00506804527923484,0.0024245712296611524,0.00014520492860497548,0.00015166379080584015,0.009630490080059586,0.005668295164959316,0.07059002954439932,6.7885723,-0.3595076,1
6.6537,32.0,6.330917874396135,0.9951690821256038,1285.0,3.103864734299517,34.24,-118.48,2.676,34.24,-118.48,0.012026656003086698,0.013777695870869121,-0.009133367081413307,0.00874860519630254,0.019252110211169706,-0.058614617406511305,-0.026027777075954498,-0.000634618251678081,-0.001354407179782883,0.0017945270260661555,-0.01150951257950063,-0.00032636382526014357,0.0010139001954166584,-0.001782973363014431,-0.0030888079641995555,0.0007426152758422325,0.006492944268299157,-0.0044993605815814176,-0.0015899311764716222,0.0022026267585498784,-0.006620312619189147,-0.004994291499700651,6.853453298987227e-05,0.00037431863557197114,-0.0007062057031765205,-0.004290470301548335,-0.009818730902667773,-0.008455183910282956,4.371112,1.5598791,-1
7.674,15.0,5.387878787878788,0.9424242424242424,908.0,2.7515151515151515,33.86,-118.38,3.293,33.86,-118.38,-0.054497807684662336,0.0033399156840601806,-0.010036328036657946,0.005575753351933739,0.01652655442176408,-0.06002279662757367,-0.024663824411819156,-0.005155868274044537,0.003455016559743364,-0.0046748534853947015,0.000785994771747034,-0.002306250092966005,6.56175987829768e-05,0.002286960246225127,-0.00026342829984426434,0.0036695749182913983,0.0021603803433615258,0.005545509478691678,0.0034690196621095966,0.0002490634546251693,-0.013858470730634063,-0.027384178147556896,0.0028640248296960304,0.0012417411626156505,0.0018035484934838277,0.009213083425284938,0.00942775459948782,0.134293212660553,6.2862062,3.9440522,1
5.1909,24.0,5.949206349206349,1.0126984126984129,820.0,2.6031746031746037,34.59,-120.08,3.902,34.59,-120.08,0.022335477858564406,0.02059228240099366,0.0009688791976996445,-0.0002819482941562475,0.17261149784996851,0.025016550952521147,0.016215670447259804,-0.00017212247879137293,-0.00026847416348155126,0.000851765573109188,0.019711502150628096,0.0030431754870555686,0.0011991071612035729,0.00016262810362988446,0.0017816713582113081,-0.0012774059765927686,0.00730663465838517,0.0036151181377144467,-0.0008880540623524078,0.001394561282946227,-0.007134728316214965,-0.00921759016092742,0.0011468820394171203,0.0014917656926132015,-0.0003236662684399995,0.0138901237182448,0.01229047479862685,-0.0379119058710403,6.746725,1.2413574,1
7.3004,32.0,5.724137931034483,0.7586206896551724,63.0,2.1724137931034484,34.17,-119.08,1.25,34.17,-119.08,-0.005543990736084065,0.019959833001743893,-0.008711013020499498,-0.3427161867938647,-0.08357375708450893,-0.0825360651120085,-0.0247059428852189,-0.000565263263816108,-0.0003117275583737676,-0.04029116887291408,0.027869683296692656,0.000838214298582642,-4.187363536041734e-05,0.0003435811602379287,0.012696046461358895,0.0010731614668395382,-0.0016741376891830464,-0.0012442098593718023,-0.1346835981291872,0.003085941271388342,-0.021342214131746678,-0.09411370521550913,-0.06141301815120329,-0.04681113348396578,-0.08071805087897825,0.013620976441200184,0.011492858537535483,0.024086757291409164,3.6867476,6.336,0
11.216,36.0,8.443835616438356,1.2465753424657535,771.0,2.112328767123288,33.61,-117.91,5.00001,33.61,-117.91,-0.027711841388811612,0.039953984519152906,-0.023146536993984612,0.0196683406232694,-0.21055791002813734,-0.12057804391362828,0.011919774059117812,0.005986538521377968,0.0047901084505199655,0.0027289754880024126,0.023535544933646114,0.003777757962543764,0.002159780444317033,0.0007683046432110966,0.006936933851860959,-0.02134755248567284,-0.0719398850556959,0.016007464222759248,0.000961826261919611,-0.0037600940358336775,0.004238952785334308,0.04000168096809242,0.003085503674912055,-0.0022818563493297228,-0.0006479840322390943,0.03749151493816769,-0.00825862175635196,0.06426163527268292,5.2244654,6.0504723,0
6.3992,36.0,5.693333333333333,1.0666666666666669,473.0,3.1533333333333333,33.86,-118.33,2.596,33.86,-118.33,0.09327821033506635,0.013500497996014887,0.015241484734725311,-0.00024102459208846368,-0.08419235942301308,-0.05095098638679776,-0.01558833196608544,-0.0029145314677116113,0.0015537109466273607,0.004689165538887033,-0.030588133858603133,0.000491854237253364,0.0006716667166611081,-0.000530600567297887,0.0025282921676518084,-0.004953448083769529,-0.0005781831750339028,-0.002385313921330831,-0.0012530320841304128,-0.0020248284263709253,0.0027790704532859524,0.0017086409775113772,-0.008554786899030083,0.0005573545219151196,0.0022438905316893736,-0.006674711536034792,-0.003754021932155908,0.06353112994657512,4.86346,7.5713615,0
5.3254,24.0,7.216216216216216,1.1891891891891893,249.0,3.364864864864865,33.7,-117.88,2.405,33.7,-117.88,0.00015576553723168916,0.024325004957894216,-0.005066020968541572,-0.016670805969056537,-0.057711204907147436,-0.0327164112211984,-0.007487787039505872,-0.00404981293938778,0.0003448889295497551,-0.0008785380276779759,0.008995586992265084,0.0052391690313633695,0.0009264146755294552,-0.001284627498320703,0.0003443560322020098,-0.005077884643126635,0.013341124590628771,0.01699748737734503,-0.0055514425202117385,-0.0026125048277017707,0.002634041244584054,0.008112741636685659,0.006038178345001063,0.002583124146994224,0.0017028803378476554,-0.02492205816085236,0.008483595615672293,0.052995572741170636,4.32161,6.5216584,0
10.9052,23.0,8.464163822525597,1.0102389078498293,1929.0,3.2918088737201363,34.26,-118.54,5.00001,34.26,-118.54,0.011770351781105933,0.041098914453792164,0.004969590132302477,0.015141124681993431,0.09256661316829089,-0.0549835227953147,0.0009445004741647815,-0.004778641562498313,-0.0012062509492366009,-0.0012854725426562237,0.00661731155035886,0.0006249136088167257,0.001970952112617476,-0.0016757569724259443,6.953246604247861e-05,0.03410168293028646,0.005569191475751375,-0.005737422291904562,-0.0017806421092679994,0.004208813849931512,-0.006568823609740283,-0.003607424063337121,-1.6644489451360543e-06,-1.5718998109783667e-05,-0.000752461827871053,-0.005964567074079209,-0.006158906802586966,-0.007630737303675377,5.1256347,1.7509364,1
11.0138,16.0,7.306990881458966,1.060790273556231,868.0,2.6382978723404253,33.64,-117.81,4.421,33.64,-117.81,0.013436089773289556,0.036202912662839155,-0.008776599405907139,0.018405841044984585,0.0135620920615535,-0.0823112419930196,-0.02498155161502484,0.005192385760074228,-0.003497609805428437,-0.0024186484569669133,-0.003461502300421036,-0.002768992190058935,-0.0010677267401421992,0.0017181242461327215,0.002356244028006634,0.003218156907518815,0.0018449838666983473,0.01969394755209903,0.0005230887618995295,0.0011853616286104235,-0.001003514937162731,-9.664759511335868e-05,0.00037124777754966333,-0.0030528105636393197,0.001620245386799711,0.0012422313001482829,0.000996847684273678,-0.016883958501658854,4.2923474,1.5526516,-1
6.1159,52.0,6.855614973262032,1.0106951871657754,431.0,2.304812834224599,34.14,-118.08,4.708,34.14,-118.08,0.08504627275888373,0.024962340857332337,-0.008515819888484676,0.004600445946294508,0.07905698740413036,-0.048581881295669045,0.011550777495881907,0.0058474286119385935,0.0019169358363602218,0.003944290582953245,0.0015068308618479658,0.008103895148775627,0.0014297912469950996,0.0009322766921424103,0.015681076156823147,-0.0027675151673622264,0.008727166091152443,0.015156471338868875,0.0034674701722787254,0.0011841811661875967,-0.0010577398531899304,-0.006460787522331404,0.002290392314046833,0.001236938836561063,0.002837887245188024,0.023680811100739555,0.005236907866694354,0.07346580693047255,7.045894,-0.34060273,1
5.3664,34.0,6.370689655172414,1.0107758620689655,1488.0,3.206896551724138,34.06,-117.9,2.683,34.06,-117.9,0.02432524035982379,0.01929715364036923,0.0009602199166447864,0.0031017699537321006,-0.07419485288334539,-0.02400958823008251,-0.007363307538235943,-0.002998054778382356,-0.00045680520503924173,0.0018733888929327422,-0.03407336594703516,-0.0002508055784979436,0.0017508535360291546,-0.0014185629591583688,-0.0028540513168768653,-0.003482420179085778,0.0031946451486622156,1.5456118036948253e-05,-0.0012950920875027872,0.0027000675543068496,-0.00039918200757318317,-0.0062013560342831205,0.002504651255076504,-0.000491070156856854,-0.00041636290027534807,-0.004347694161286074,0.011328183279060856,0.04513945908445431,4.341541,7.266051,0
5.1948,16.0,5.848626925653048,0.9973208305425318,3944.0,2.6416610850636304,33.86,-118.22,2.035,33.86,-118.22,-0.0884283277396445,0.019302550999259944,0.0004271663844442172,0.007227754890236126,0.06303856767157469,-0.021447103415105154,0.004367479219607111,0.0003192383477945771,8.408779493205694e-05,0.0028885447391983113,-0.007433284061685687,-0.004387938196338104,-0.00011921020526795216,0.0013731182556028817,-0.001849944366362696,-0.0005742035793465298,6.609912967578928e-05,-0.0005920652175540308,0.0005830516157320786,-0.0004055089873506999,-0.0012339006704120007,-0.00628968680868169,-0.005710988725223836,-0.0006881082300712212,0.0015890256362661723,0.007706173845508206,0.004263777841582962,0.04733186111836029,3.7609372,3.050965,1
6.1493,16.0,6.365313653136531,0.982779827798278,2717.0,3.341943419434194,33.62,-117.66,2.578,33.62,-117.66,-0.0575801764715615,0.012548847385763735,-0.005766963012718648,0.010596601642196718,-0.008854113072821189,-0.07674145131377838,0.03964750117250835,0.004784475178535563,0.001819758043052912,0.0007560958619108863,0.06394487422252569,-0.0024019747733179495,-0.007603909558081614,-0.002075156579358053,-0.0046516490857727456,-0.004134791692534161,0.004216916276239877,-0.0009189445042581172,-0.0008269001959129534,0.0014286538241705597,0.00465158064049346,-0.00703690442353028,-0.001665125851312902,0.0036284419266913175,-0.005790786531038068,-0.008707122354732092,0.02873281767000452,-0.1490278688887072,-0.26146442,2.0717506,1
5.1377,34.0,6.113924050632911,0.9968354430379748,1053.0,3.3322784810126582,33.89,-118.0,2.133,33.89,-118.0,0.00771144159266943,0.019170925112152477,0.0009338284978657709,-0.0011511529634952611,-0.07097366885158216,-0.020509674507511212,-0.006395953628378095,-0.0017728033379563058,-0.00045853582499191776,0.0015637549897203678,-0.023887985419591994,0.00022889069229422562,0.0005869419386955761,3.9475513974612515e-05,-0.00043909896482803655,-0.001076397298032487,0.002094672919295928,-0.0015361013120327495,-0.0008676267144275095,0.0027731570497315206,-0.00034556997314502246,-0.006149965564095322,-0.0022119799425158325,0.00014450462126655206,8.801051049551895e-05,-0.018235212987983165,-8.26171417755198e-05,0.04062428448509062,4.0608835,7.0370417,0
15.0001,45.0,10.37065637065637,1.0926640926640927,857.0,3.3088803088803087,34.09,-118.4,5.00001,34.09,-118.4,-0.02547124156206642,0.034400906926010416,8.734873015096931e-05,0.02319422051987182,0.10471203191524617,-0.06757188675232631,-0.013179477264041282,0.007644200505991741,0.0013622812809361195,0.0024909183655369162,-0.009027676494019553,0.003132509400625371,0.001682625901876728,0.001112673315397621,-0.002153335490947419,0.03577948107957326,-0.02121277628462938,-0.023931988400769526,0.0009628535000213202,-0.0038812147220082483,0.004834409647857429,0.002349393272964327,-0.0003674349340367175,-0.00014740233646655095,0.00027552417768624845,-0.0076268472472056075,-0.006278976380159916,0.09933556600508399,6.5872064,3.300418,1
6.2513,14.0,6.244623655913978,1.0026881720430108,1057.0,2.841397849462365,33.05,-117.26,2.409,33.05,-117.26,-0.08233975393454154,0.01594310671326367,-0.006469912132500191,0.0014282015326555328,0.02805668445312593,-0.0772585980614748,0.07707184850540222,0.0069632258778799805,0.0018344740717864678,-0.003048845513749465,0.04257593856735562,-0.007189382645276877,-0.007800260338465078,-0.002193874111447924,-0.0018405907382957024,0.0009033268577746979,-0.0028921157333671663,0.005234059195221777,-0.001423118004765912,0.0004146277097956516,0.0018805454846011664,-0.006260751084222968,0.002488015990244353,-0.0024270307137756017,0.0020189820852697404,-0.0007969005720826092,0.0021552572417807988,-0.10520770675221573,-0.03552244,2.4481668,1
6.6369,4.0,5.428571428571429,1.0833333333333333,623.0,7.416666666666667,33.66,-117.9,1.926,33.66,-117.9,-0.09087497446891954,-0.009868945016033512,0.005575258415269431,-0.0054635543979069225,-0.1376662764564618,-0.07630191947251433,-0.00430781882046433,-0.014493065088801826,-0.008128829259439325,-0.0039031661923838593,0.06798983811690565,0.002671638597983798,-0.0018859932728968291,-0.007708974442221292,-0.003845047986943528,0.0017192701689678388,-0.0005570471672844876,-0.006807744756352485,0.00012194204875805457,-0.0008156405936717059,-0.0010209360138985928,0.004477238445790929,-0.009143855906331698,-0.005707175088054163,0.0003290599188701019,-0.03198999195847978,-0.0012828431499485478,0.05083167734003699,4.112947,5.9251895,0
5.3272,46.0,5.748995983935743,1.0301204819277108,1412.0,2.835341365461848,34.16,-118.1,3.302,34.16,-118.1,0.09559395815810327,0.019593485549381107,0.0009120341107073836,0.0017746053773666397,-0.04672660935489311,-0.023398949540334845,0.00917579947474492,-0.0024855595857892834,-0.000542934583142836,0.0017538290645116718,-0.022656700131550824,0.0042514748836318065,0.0014184176668425852,0.00159725189000961,-0.00019338058894992469,-0.0006064129452702874,-5.000924631033477e-05,-0.0009597089139324462,-0.00025618317175013755,0.0004603947900730132,0.0005582212545302066,-0.005783570884776938,-0.0006882505426817236,-0.000122784440089402,6.165719396457553e-05,0.010097188502308837,0.005780939879417746,0.07130373016051525,5.071165,7.588593,0
6.5513,16.0,6.774683544303797,0.9898734177215188,1377.0,3.4860759493670885,33.86,-118.05,3.504,33.86,-118.05,-0.061536400342407295,0.021763475455421396,-0.00593524100518603,0.006564413363403155,0.0003965793061160759,-0.04136512529121577,0.012358824897066101,0.003868943896481314,0.0018160302581003978,-0.0029382384898367776,0.05973663288458267,0.0005054484535773251,0.0006795486043785177,-0.002089342634892358,-0.0005179204712090062,-0.007656206438536857,0.007601271358320425,0.014560792459068658,-0.002046467603201606,-0.002025032672427793,-0.0008275201865783685,-0.005553657860892262,-0.0034181764207253185,-0.0013238200699486728,-0.0016246162014709532,-0.019744564882911805,-0.007677720481250768,0.043467142932688434,3.0232573,3.3280923,1
6.0368,22.0,6.611336032388664,1.0708502024291495,1595.0,3.2287449392712557,34.29,-118.72,2.48,34.29,-118.72,-0.021494545412140485,0.012354960188107311,0.015300885974077664,0.005347533585111243,-0.07369358984887846,-0.05523230627852167,-0.03369972817285909,-0.00492752689363099,0.001703597797126319,-0.0016131783058497481,0.012319479239921969,0.0016673817838581966,0.0019775568383475816,0.0012759673313279324,-4.153659258454204e-05,-0.007098039930369231,0.021256410289183555,-0.008823513396840357,0.0011810328614995794,-0.0021174268389295213,0.0015111650853649138,0.00259717475533997,0.0014462411374416306,-3.6073453029755113e-06,-0.0013664643802086141,-0.0077908030873812826,-0.009430418198868452,-1.1863191907754205e-05,2.7959728,5.753171,0
8.4952,16.0,6.89044289044289,0.916083916083916,1379.0,3.2144522144522143,33.8,-118.02,3.596,33.8,-118.02,-0.036229225899995464,0.026851153477886327,-0.011928226564184137,0.00670692495604169,0.059699470041404426,-0.048299474451066825,-0.028288752322659302,0.003996627685719397,0.0017290065866355678,-0.0024422843454118296,0.021340989049888542,0.0004961005859673408,0.0004740731676161091,0.002399281475289412,-0.0007469066343348576,-0.011966364377338326,0.005948284600930286,0.009709949878244396,0.003371644221945052,0.0028205614328440185,-0.00041209663413065893,-0.018142676554768297,-0.0019083575780709339,-0.00045943136045356267,-0.0002358205546829072,-0.002567442289159309,0.0030158796493763556,0.03435722220634505,4.960703,2.9520605,1
7.8252,10.0,8.437611408199643,1.052584670231729,3819.0,3.403743315508021,34.16,-117.59,3.614,34.16,-117.59,-0.04131894772042226,0.043294875947713356,0.01266704758478725,-0.03529033482279015,0.027004069127187266,-0.028329266670037993,0.03706105431271415,0.019408114527240474,-0.003478245436415568,-0.0008444627717913502,0.023250861017064993,-0.0005521155556117302,-0.007377611929056884,0.0019771307170169954,-0.004134212203884575,-0.0024675363250754624,-0.011608551301039759,0.02339217072872008,0.0038605495654484437,0.0003390316946720802,0.001434413648989354,-0.0016790835197905123,0.0033805032660744706,0.00031413665681617135,-0.00101093001330669,-0.006515528898456478,0.02516225914602976,-0.08508917954962136,0.9421958,1.8870096,1
5.451,35.0,6.024742268041237,1.045360824742268,1130.0,2.329896907216495,34.17,-118.43,3.418,34.17,-118.43,0.0644374353012013,0.019144798522558723,-0.0020910383890240126,0.0010408723019763612,0.08374349411438232,-0.030191574754406845,-0.020163758196247796,-0.001290394486334368,-7.72740794578928e-05,0.0019621745132966427,0.021360630662424794,0.002545619501160573,0.0007256324075481607,4.3572557395798106e-05,-0.0001929640655885126,0.0017640385144254438,-0.0004253391227667251,-0.00017189448907158942,0.0003533668993669385,7.853413513462371e-07,0.0038657298931637878,0.003935892489488965,0.004133141785847607,-0.00037895064113916413,0.0002797341433934758,0.028448323127553816,0.007773100236725231,0.08189482442807512,6.987213,0.18224305,1
5.1322,43.0,4.309859154929577,0.9507042253521126,402.0,2.830985915492957,33.99,-118.39,3.149,33.99,-118.39,0.0754293351740213,0.008499244920635042,0.0005970004720713412,-0.016574466743884474,0.021185422180541636,-0.0259539920392469,-0.013993816884886656,-0.0015869521508369339,-0.0015425370333514204,-0.0005529580670998785,-0.014533913295388102,0.004305410604554545,0.0013792187240836275,-0.0016225119534773852,-0.005154758353178763,0.0014114550322334373,0.0011907967340271373,0.0057848138771325695,0.0017750514236267209,0.0016891332040544615,-0.005319744822679043,-0.004172349092888616,0.004059510771281138,0.0016092308654384769,0.002722072523120147,0.012325114959731985,0.011945998007111644,0.1664039968791544,8.244803,4.8131504,1
6.5631,26.0,7.027707808564232,1.0403022670025188,1014.0,2.554156171284635,34.44,-119.66,5.00001,34.44,-119.66,-0.003816599232038268,0.024406598463952264,0.014579866122649351,0.008474712825713946,0.1263958893335308,-0.060016513068675476,-0.0248306811389984,-0.007715732192998271,0.001560002678774224,0.0002992452080925255,0.003559069250751333,0.00390322828178452,0.0005752945716798337,0.0012389921965057405,-0.0005342751167301924,0.0049998632392459705,0.024443706989258678,0.00044557408546882333,0.0012048392121758735,-0.0013870691841023938,0.0027403174337071626,0.004756905649878761,0.0051571647602862425,0.00030330303496497546,-0.0008730037205793694,0.012945545353046492,0.01285842077438197,0.060795487018399076,7.040004,1.2382989,-1
6.3568,18.0,6.582018927444795,0.9858044164037856,1649.0,2.6009463722397475,33.49,-117.68,2.943,33.49,-117.68,-0.04113654886688885,0.017386876373249732,-0.00901878665399839,0.004624721759485463,0.08894944284876867,-0.08035109258175874,0.03976506404638505,9.521251791967397e-05,-0.001199953349738288,-0.003247492109675302,0.01455697489973634,-0.004952083554334189,-0.006803530310506769,-0.0016023871342691902,-0.0013955823155450313,0.00022354701793828933,-0.011923220477680317,0.03611202007140967,-0.0016888868031599822,0.0001541045295558353,0.0025418345587392916,-0.007756685101703576,-0.0007595645774460954,-0.0035820711091448703,0.0009217420002075843,0.005386178342880077,-0.002744078588247139,-0.10679828276714709,0.86124176,1.2346233,1
5.5061,17.0,6.923128792987188,1.1348617666891436,4956.0,3.341874578556979,34.46,-118.5,2.394,34.46,-118.5,-0.05595026876469486,0.018037052104420127,-0.0008368466967083348,0.010521571565979536,-0.02809845294976468,-0.028529462672121045,-0.029227186372507086,0.0015009142874279598,-0.00014703281402553227,0.0027013318141435078,0.06400012105412477,-0.0013210401234209207,0.00011310255840904375,0.001309275929438475,-0.0021258642731210426,-0.006911928367717296,0.0029258133445686403,-0.013491352496888855,0.00027225399452547724,-0.0022268289357974674,0.007001869070216501,0.008818755540484694,-0.0020288404344339928,0.0016740508673774438,-0.0007890562446465284,-0.017695685555040343,-0.013324369794543843,0.004299141362424348,2.7354841,3.3668127,1
5.3259,16.0,5.466666666666667,1.0888888888888888,886.0,3.2814814814814817,33.69,-117.99,2.164,33.69,-117.99,-0.06016016777375117,0.01728545088192565,0.0009656661817442931,-0.006863143351248055,-0.03607341489028244,-0.02853713425334534,-0.004791121218996017,-0.003320058664034788,-0.0009024348109505588,-0.0021494453525444223,0.06764762022408129,-0.0011756719219217539,0.0005483011407334405,-0.0010936362775754774,-0.0017211097981839705,-0.001142993617650767,-0.0008548315558602244,-0.0007643134215623388,0.00010149003195623961,-0.0022424923063942255,-0.0016001743906953253,0.004431363828451473,-0.005501493444699267,-0.006205917364413185,-0.0009359586543102293,-0.01419233086734505,0.0003530262070120174,0.05661361198848989,2.9633033,3.6764357,1
5.3339,19.0,6.466230936819172,1.0958605664488017,1430.0,3.1154684095860565,33.88,-117.81,3.717,33.88,-117.81,-0.01694650685885809,0.02212188087186884,-0.002184822233668416,0.0005482808819233801,-0.0424600776749584,-0.02049816686421594,0.0007961656273270043,0.0002101164690225052,0.00012548454512217118,-0.0008084992582512284,0.007071972128770416,0.00017936154647114682,-0.0005238987874477034,0.0012955888807220347,-0.0018030088948638506,0.021431746861291706,0.004524577881787909,0.0034417413043019347,0.0007174585407470252,-0.00199522366249532,0.0016622490525390167,0.00401160926029872,-0.0007107595603509209,-0.0006564414391141286,-0.0009700710090498174,0.0031043339249461057,0.006168491469886458,0.0028497769499879,2.4864004,5.402781,-1
7.9767,16.0,7.065602836879433,1.00531914893617,1327.0,2.352836879432624,33.78,-118.11,5.00001,33.78,-118.11,-0.011494227790359314,0.029820261084209383,-0.004965950932104629,0.013684522194689975,-0.05464631068942975,-0.05498729816184251,0.03720776979096582,0.008055094733518939,0.0018347024174853468,-0.002420925988870518,-0.020965825770779573,-0.0033108412825626882,1.3218265485968385e-05,-0.0021947554653549924,-0.00020407829186206247,0.0005948912975227079,0.006597328507727715,0.013652309477966789,-0.0015900874205771998,0.0011868828257132588,0.0028630161375717946,-0.005490242777906873,0.0026488989657805907,-0.0007964011738604494,-0.0003664490128494501,0.019575536626456214,0.0033839670046774996,0.045920865283378555,4.7015,5.699726,0
6.9909,36.0,6.169590643274854,1.0116959064327486,984.0,2.8771929824561404,34.2,-118.32,3.453,34.2,-118.32,0.09118555302115611,0.01561599900679061,-0.009133367081413307,0.008752066943874912,0.020025077584828008,-0.05807655498463163,-0.0077322313393881825,-0.0028577696520484495,-0.0013561377997355587,0.003869162713757256,-0.00982458031650364,0.0019923184385345644,0.0015980321909612458,-0.001921045826491535,-0.0007731409881386804,-0.0003629571918495902,-0.0010208695691017791,-0.002235299071793931,-0.0016029762983947229,0.0005445112039170956,-0.005899566199402663,-0.003376865059391365,0.0025789581111163346,0.00017708927756700037,0.00024534959526254397,0.006406291509494637,0.0002254381971534343,0.06350922322899344,5.8880568,-0.36718667,1
7.2025,9.0,6.324675324675325,1.0285714285714285,1194.0,3.101298701298701,33.67,-117.81,2.75,33.67,-117.81,-0.07830910219301912,0.016947848578361506,-0.0067982245468790874,0.005043265499671854,0.035558491819503345,-0.08178889925526589,0.005942860224643274,0.012536207253802754,0.0018737585177123221,-0.00621850775934037,0.0388967803351368,2.0619989958385056e-05,-0.000891531449043519,-0.0022134021615614115,-0.0016401972170900798,0.0006638274371312033,0.0032972202640026774,-0.0006263848877955353,-0.0011474463202382204,0.0006226738771464845,0.003676664568702294,-0.004943023870313018,-0.0003038355133959461,-0.0032061236544194934,0.0020639477670533345,-0.00207203297459426,0.009288337996998238,-0.015185994870898242,2.807925,2.6130552,1
5.3737,26.0,6.211678832116788,0.9854014598540146,1337.0,3.2530413625304138,33.71,-117.97,2.529,33.71,-117.97,-0.008114413831351811,0.018160042633495646,0.0019569635096764984,0.0017948925226387374,-0.060367569993387646,-0.02795483670050474,-0.004137272938856839,-0.000771720558138017,-0.0004568052050392416,0.0009053154609702643,-0.004179316204192003,0.007027068996393413,0.001476530737100647,-0.0012833737745795732,-0.00292856846893313,-0.0035365449029938958,0.0036284609498106173,0.00025203919578177384,-0.0013731740988733243,0.002545111988634627,0.003643724212936019,-0.00643912046798056,3.183589525172977e-05,-0.006797690983900295,-0.0008958286670437621,-0.014465259442699803,0.000996510486386655,0.04843439733917114,4.1438055,6.362481,0
7.2013,12.0,7.355691056910569,1.089430894308943,1506.0,3.0609756097560976,33.5,-117.63,3.536,33.5,-117.63,-0.07068814519053676,0.028009947951118986,0.012863139701283194,0.0054522569021586914,0.03669146012901261,-0.08124802267208077,0.058742389760682155,0.005782268827487791,-0.003497838151127316,-0.0034835323537450694,0.035075997427583376,-0.004109158163067594,-0.010248895429966378,0.0019176695921272586,0.0007470723300120757,0.003192825031416008,-0.026250560687711994,0.042026455839909986,0.0007712598302654164,0.00020180517345860205,-0.0018368030511606026,-7.470951679263933e-06,-0.0009382898540250457,-0.0034929271354123474,0.0010317523432875322,-0.0036311955390283864,0.009511944970462455,-0.09065770403122825,0.5976351,2.4000466,1
6.3013,49.0,7.0185528756957325,1.074211502782931,1601.0,2.9703153988868274,34.12,-118.1,5.00001,34.12,-118.1,0.08070962695554147,0.02233313045065595,0.016827620964111265,0.01031186792254524,0.02673508510279038,-0.041652453282500064,0.013094451047384272,0.009395425410308607,0.0018884411901389487,0.004448748451394175,-0.008950657777634066,0.005699083221603695,0.0010329481493586265,0.001667360640730164,-0.00032243804802418053,0.0069111716776982,0.009348102265379474,0.015957222755804253,0.0012047113372457275,0.002117330432092645,0.0012760952852091491,0.0033448868065491803,-0.0008258703196857599,-0.0007826550386990723,-0.00042647030560604023,0.008433155403191412,0.003457363207743723,0.07689835474270094,6.15012,-0.5620446,1
7.5426,19.0,5.41222366710013,1.033810143042913,2927.0,1.9031209362808843,33.98,-118.43,3.517,33.98,-118.43,0.021849313827534675,0.011667737917852524,-0.007498620615016616,0.010725706599446098,-0.06914407180666315,-0.06717533728874195,-0.03014105029817436,0.0008827012431439644,-0.002469808561142969,-0.0008939885087852339,-0.028917094674990006,-0.0018364723882094273,0.0012838564340437004,0.0020562702510775743,0.0009702355975551631,0.0029962931910530186,0.0025855081511080404,0.007026936325609038,-0.001018285831539694,-0.0038047805805656583,0.0008223608228519078,0.003106090589598833,0.0006201727752847724,-0.004291442606310051,-0.004965173973424398,0.019544457158705383,0.016716216939053202,0.16995775536622443,7.6147566,5.0564113,1
8.289,25.0,6.788679245283019,0.879245283018868,810.0,3.056603773584906,33.67,-117.95,3.724,33.67,-117.95,-0.019377844801110065,0.03319274390050696,-0.00645373800988312,0.014429861401715972,0.06475174520270094,-0.07857555606150941,-0.03587378388860756,-0.00645003781269565,-0.0013582252444872423,-0.00048580085056532454,-0.002681652228253893,0.004379892372620135,0.0009479809948878731,0.002907104702612929,0.0001287115558984913,0.006643082901526406,0.004556786703396957,0.018490695922764408,0.003085111282894715,0.0038109099845158785,-0.020489178583590534,-0.019812358760661862,-0.0007877167160854944,-0.006438313278099961,-8.924723885212464e-05,-0.008327451275732098,-0.0010207039572541008,0.03716351064675809,5.0917745,2.7868266,1
7.1069,16.0,7.683636363636364,1.044848484848485,3132.0,3.796363636363637,33.71,-117.79,3.134,33.71,-117.79,-0.06521783946898838,0.0274539575575739,0.01176513852742726,0.008716864649158763,0.025232671255079612,-0.04052857165393777,0.019803826471725832,0.0021013515771972865,-0.003517073190943664,-0.0007483504506427601,0.06117072833718078,0.0017669084655760692,0.0002292738929701188,0.0021025479899605564,-0.0035528063995206773,-0.0032028049666173583,0.0012289630216115678,0.03469646473009325,-0.0006776469004452425,-0.0011125439519330655,-0.002694700956200805,0.0030616993429752348,0.00741794062134909,0.004254656086900177,-0.0037304367280093418,-0.021804496372000486,0.01289720008407648,-0.031201545833483196,2.2827377,2.3797662,1
5.844,26.0,6.334876543209877,0.9830246913580248,2072.0,3.197530864197531,33.82,-118.04,2.739,33.82,-118.04,-0.024897414380543628,0.012263728341523662,-0.008430476660657145,0.007108445387913505,-0.0710562201584587,-0.04215767348067244,0.007677762440575331,-0.0003728101054688485,-0.0013730793391678313,-0.0023974347599408654,-0.005284921961735825,0.007011937057182794,0.001462702492618891,-0.0016849352928877135,-0.002953293055754403,-0.004601604573446062,0.003467260541759709,-0.0017296433389363782,-0.0010961185225669687,0.0022375843599493133,0.003812020241576574,-0.0054286241585176824,-0.0024681380398664152,-0.0006272800978902655,0.00034831889349978433,-0.005025435477650222,-0.00015452268221966925,0.04888535997375208,4.199545,6.1659565,0
15.0001,46.0,8.365591397849462,0.967741935483871,238.0,2.5591397849462365,34.08,-118.43,5.00001,34.08,-118.43,-0.028298146511888587,0.04114473854951558,0.007665582722107017,0.014816735414942668,-0.009833245184639383,-0.07133365334058797,-0.008104644854655833,0.00806228156318703,-0.00020309475291987615,0.000324620687880032,-0.0025837543647242492,0.004936604320482449,0.0021284797974886207,0.0022256717557546,0.015296464441472478,0.0007025724659206426,-0.02116982420901369,-0.02442327516866408,0.010284241671123665,0.0010979722289315764,-0.005089296904287916,-0.002869549694707527,-0.005007118593573225,0.0034973699061835485,0.003791527195128469,0.015206718565863545,0.015231060682219813,0.10064307561897716,6.0344086,4.163697,1
5.6327,18.0,6.759916492693111,1.129436325678497,2413.0,2.518789144050104,34.17,-118.58,5.00001,34.17,-118.58,-0.003286673908420643,0.022454436217785968,0.003519399160769406,0.009606055495151233,0.15226840466266242,-0.04497268997196967,-0.026007632752457564,-0.00022596152112427635,0.0004985957044987162,0.0005761148685750168,0.016812975793153332,-0.0028803948412879543,-0.00047811974215743863,0.0012877678806153332,-0.0007481194566605962,0.0043988717560042735,0.0204756419685831,-0.003405162607952744,0.0003678629554332935,-0.0024274583325148845,0.004740662119695881,0.007762066209448593,-0.001271079821945116,0.0007658350173523807,-0.0009141873073635726,0.0204327035417046,0.010948753502552392,0.08714068094101118,7.094813,1.1616032,1
7.2211,30.0,6.413157894736842,0.9184210526315788,1005.0,2.6447368421052637,36.73,-119.69,1.717,36.73,-119.69,0.015398956959134309,0.017681006857876828,-0.00979341125448235,0.007191862709230374,0.02844495739344391,0.01837314582126668,0.0010822690238684986,0.00019900789317401412,-0.0016288989349650164,0.0018124232161493134,-0.0034074307253326606,0.0019459326829853116,0.0008660408110400038,0.0029276813406678777,-0.0031192006162235595,0.0006540884978107476,-0.012601698182128456,-0.003910979711200928,0.0019111574452448724,-0.0029743763788720725,-0.002827226537321265,-0.02007308411014128,0.002033996277399218,0.0010625228316841894,0.00021753058707254483,-0.019530928631735098,0.0019190026954380862,-0.24081478342352777,0.27797762,1.6533974,1
10.157,8.0,9.180451127819548,1.1077694235588973,2569.0,3.219298245614035,33.83,-117.81,4.771,33.83,-117.81,0.008114671681105872,0.04992614696391745,0.0016316535558407639,0.015011622312059224,0.08493650208408078,-0.047325657318366764,-0.013104445067118919,0.01945051813485174,-0.0032780088940757616,-0.0024951629931397688,0.01951791521405707,0.00016147507794828732,-0.0006905600149170836,0.0017723549291312098,-0.0021767392886667984,0.03184043591088166,-0.007189679186130204,0.03548800936318418,0.00022393325956322123,-0.0029917813963271232,0.0017333231580767764,0.00933786195035176,-0.0036964861585020875,-0.0008468609868419602,-4.345445322358287e-06,-0.0009618531137028272,0.022532615978850125,0.001848137775918857,5.049608,1.7002523,1
5.9181,24.0,5.7,1.034375,1049.0,3.278125,34.27,-119.16,2.211,34.27,-119.16,-0.01394014407628256,0.012440626054554297,-0.007518627187641442,-0.0007572007319066719,-0.07994727419821762,-0.055204832352047595,-0.03301004765876375,-2.066055290259313e-05,-0.0011940272174370914,-0.0001436827931631645,0.008159531018569402,0.0058191446200436215,0.0017397832103712317,-0.00020016989781597796,-0.0003986980949572887,-0.001869555754077656,-7.428044924781037e-05,-0.001388674872859086,-0.0007284170145986554,0.0010003723973921745,0.0008299616060452888,0.001316044467928988,-0.005484338827742093,0.0008978283339669946,-0.0004184929764631688,-0.0071964201632759356,-0.010024672197249777,-0.012417760407546238,2.8345728,5.871527,0
5.3292,34.0,5.540322580645161,0.967741935483871,906.0,3.653225806451613,33.92,-118.29,1.555,33.92,-118.29,0.023517206601722972,0.01849456953406191,0.0005212784941902715,-0.0033036408567599807,-0.08804443948152968,-0.02356623849650027,0.007557732827739923,-0.0015053757443869976,-0.0005518795234633026,0.0019380001619638005,-0.038082303103438075,-0.0013639753640072771,0.0002861073536411301,-0.004427034770160492,0.0001411725422253328,-0.0074063490193099855,0.0015301895710451623,-0.00022578389853456892,-0.0012281747809357113,-0.00041355721082044254,-0.002678147375434924,-0.003718572601131804,-0.010311308782535888,-0.00015148850983056608,-0.0006596908590404648,-0.033781456318111386,-0.012111096969829354,0.034288264065529206,4.08498,7.22436,0
9.1808,12.0,8.400541271989175,1.0148849797023003,2443.0,3.3058186738836266,33.82,-117.78,4.137,33.82,-117.78,-0.017137447757338987,0.046348764005078265,-0.0037571291228578733,0.012435395728522659,0.08893564325927232,-0.02835333315530285,0.010086685370673957,0.0012596106729181194,0.001819986388751791,-0.0007082639718656162,0.019628400749700906,0.0007407384643411227,-0.0004471731798460458,-0.002034058257266911,-0.0014837302154821423,0.03188965670497742,-0.00293391492826968,0.04215915147250767,-0.0016922270259313072,0.0021067147725477094,0.0034703199671475204,-0.007838537223433027,-0.0036219059922991017,-0.0010581751253825355,-0.00023702223859257442,-0.0012175059447060506,0.018410807008745145,-0.02788934103609652,5.0150414,1.6730853,1
5.2001,16.0,6.118892508143323,1.0586319218241045,1291.0,2.1026058631921822,33.75,-118.04,2.356,33.75,-118.04,-0.11813983966106127,0.022902492240144613,-0.002402619965505475,-0.0007461532156530062,0.017704531110633383,-0.017060799984526774,0.0199396531114312,0.004441049916291396,-0.0005817337030464024,-0.001860552055898744,-0.10656984726689049,-0.0063446039552183175,0.0018134463260716636,0.000171108518303583,0.0010752071159236052,0.0009720680012641556,0.0020634824403588208,-0.0017760271023877494,0.00037163381775369637,0.002572497692453409,-0.0019615495032584544,0.0038952836274095677,0.002588737665951486,-0.00011220283025237826,-0.00018619100458317856,0.022472250128285187,-0.001347891404585958,0.054061954622537975,3.8892922,3.3087726,1
7.167,20.0,7.72865275142315,1.073055028462998,3562.0,3.379506641366224,34.26,-118.59,3.571,34.26,-118.59,-0.012646735060921968,0.02263483555606121,0.015454741217524324,0.008475209377996593,-0.005495387335242291,-0.046508945307064,-0.015662265658869766,-0.005122206662931834,0.0017306825003851197,-0.0013754330882568705,0.007767434634969902,0.00011457913639323337,0.00043886186396939215,0.0012201824589011673,-0.002026858653379568,-0.0062387781288179844,0.009762136340856455,-0.011099502215176579,-6.586895897860967e-05,-0.000657600459699623,0.0015851047535752128,0.0024944483932531434,0.00517653106901949,-0.001625317479827696,0.003274873311932517,-0.016322477042419032,-0.021662891130248992,0.010415059454330166,2.8566408,4.9336953,-1
5.6604,22.0,6.266519823788546,1.1013215859030836,1456.0,3.20704845814978,34.43,-119.8,2.764,34.43,-119.8,-0.014667277648183534,0.011622432797572356,0.004102638726603599,0.0036114060528786456,-0.08532233579251187,-0.044720797328919294,-0.02742811647374246,-0.0012757464281377068,8.349756854233068e-05,-0.0014782739962019217,0.015073797137952932,0.0018781709058215046,0.0024284726059377116,0.0013165617030201553,-0.0019014669760015193,-0.003989081370183166,0.010744332158343643,5.2665462149863136e-05,0.000721057997329096,-0.0035322436968629215,0.003159716909814893,0.0055025846997410165,0.0015167410737495545,0.0002780631118587596,-0.0009546908451880557,-0.008270989006547672,-0.011810086656319444,0.04571025108517573,4.0949383,6.0752006,0
6.1737,25.0,7.889502762430939,1.0718232044198894,1212.0,3.348066298342541,33.85,-118.05,3.131,33.85,-118.05,-0.020479936801667084,0.03668634591872089,0.015304783405703674,0.0060048287391019205,-0.02728173570513941,-0.03651325186465899,0.0077357286836577735,-0.007586279509633573,0.001703597797126319,1.6235994857953637e-06,-0.004316339073574674,0.00558916964018917,0.0011305069776841213,0.0012056768426066023,-0.0002731609896909745,0.02686225809070633,-0.004230941925305121,0.012385493733497448,0.0011810328614995794,-0.0013971458554635676,0.0007067172338667959,0.0030027289485036334,0.00026420925237804636,-0.00022824758301266776,-0.00044523934711076504,-0.010639034094011202,0.002186506922519421,0.05428941362712203,4.6955814,4.7686076,-1
9.4356,8.0,6.5588235294117645,0.9117647058823528,188.0,2.764705882352941,33.55,-117.43,4.656,33.55,-117.43,0.01769933706069468,0.03260754830160256,0.002864800963062722,0.01056039348060929,0.04311975314463958,-0.07322230489431916,0.049865485375493984,0.0146732784452581,-0.0009245350432447413,0.016840506124456766,0.00142669042173618,-0.005145728985951786,-0.007236152252827293,0.005650789412699689,0.0002730633936303948,0.0005795741814644415,-0.010594332969753957,0.04491113898910327,0.013912196038570707,0.0011966235925503358,-0.012790427036611166,-0.003208099379308965,-0.000862129413918816,0.0075883629633274625,0.001519728627709216,0.0022708435620358413,0.0019683207619055282,-0.11986385554296668,0.5156593,0.9870566,1
6.0488,26.0,5.826797385620915,0.9738562091503268,1048.0,3.4248366013071894,33.82,-117.88,2.32,33.82,-117.88,-0.024525253254973147,0.01301170657003683,-0.008289155437748863,-0.0010647205526520015,-0.0678231734324157,-0.04026943655369401,-0.008671222658883692,0.000574197550747497,-0.001374809959120507,-4.4507944356568746e-05,-0.004745079595826664,0.007600520479046241,0.002180878797979823,0.0010345221715409168,-0.0002466741564051929,0.002463386619643653,2.0553975252361424e-05,-0.005472590070215428,-0.0015908441911915657,-0.0019619592061152057,0.003812020241576573,-0.0057532576913931445,-0.010829484933535199,-0.0002967056182885084,-0.0010262311279816598,-0.0230086395910654,0.00371993732414373,0.0435383158629863,4.0182853,6.243416,0
15.0001,34.0,8.114173228346457,1.0236220472440944,825.0,3.248031496062992,34.19,-118.19,5.00001,34.19,-118.19,-0.006075488870384175,0.03693054473921526,0.004964733731838065,0.02195109940469205,0.10566440927372946,-0.055414710723753084,0.03501461361636387,0.004703757912376967,-0.0013730793391678313,0.0024074219043301636,-0.010626182919941883,-0.0012895289109999036,0.001423102077847034,-0.0016746000798222942,-0.003141711545664499,0.0216445424532785,-0.0029552374747658797,0.01695109392671818,-0.0015529420132934474,0.0017675455340442532,-0.0015689303019281284,-0.00381267058726165,-0.00102192128695788,5.57986630222262e-05,0.0005975743554094557,-0.0054787254469398925,0.0030835623291072395,0.06334774485421929,6.0304475,2.5078855,1
9.532,50.0,7.114427860696518,0.9253731343283582,620.0,3.084577114427861,34.19,-118.11,4.833,34.19,-118.11,-0.03872104393522405,0.03294582985709745,0.0016719554336018358,0.021332688015373545,0.07901952674734579,-0.053616532702080166,0.03900369650396261,0.006443130882356588,-0.0019066488070948453,0.002685766610741926,-0.005864854952454343,0.0037889090193609807,0.00034669788495794176,0.0005329084586175919,0.013833777366292663,0.0056731876670404885,0.013401881592416794,0.018617292379158032,0.005480664330344904,0.0025852376111313398,-0.006154368410220553,-0.01454254625372633,0.0006161671317090522,0.0010796785981022215,0.0038019254612702727,-0.00189574396166093,0.00020984939797635206,0.056791879453861674,5.952194,2.8592756,1
5.2962,38.0,6.148148148148148,1.0101010101010102,793.0,2.67003367003367,34.14,-118.19,2.915,34.14,-118.19,0.08249757087123305,0.019587072270497555,0.0009715062132968586,0.00023729434668385305,0.07937790113960093,-0.022975946916441215,0.009983259885351715,-0.002407900729512414,-0.0004390637284452904,0.0018458429347913922,-0.007440850035580932,0.004250051901383996,0.001414577522886661,8.429906533179469e-05,0.0019317298726167702,-0.00015536160593348087,0.0011186358764304245,-0.0013954453964570874,-0.0008880540623524078,0.0005008940782537701,-0.0013122298969470768,-0.00626091661515166,0.0028144017668462985,0.00013395492340890602,0.00037093666915636377,0.011236424028902875,0.007344242530290496,0.06983438690141255,6.704075,-0.17696624,1
5.17,39.0,6.190804597701149,1.0988505747126436,1219.0,2.802298850574713,34.16,-118.52,3.354,34.16,-118.52,0.0742535906537082,0.01922396232893565,-0.0020039722576380543,-0.0007839904521166036,0.045224614899308194,-0.0270287542557352,-0.013308838855084161,-0.0028358148927556154,-6.611234376622526e-05,0.0015948042056996435,-0.015829646439366962,0.004306833586802358,0.0013734669931688955,0.001356586731139807,0.00023240160213756155,-0.000310391024509552,0.003907573380417637,0.004086808791430798,0.0007248261813377469,-0.0012705734002335261,0.005114241442031134,0.005076152454641431,0.0004919808865190868,-0.00038133784220334974,0.0002834990276572709,0.01313691849488111,0.011786943023289764,0.12188693644486943,6.6967587,-0.18266848,1
10.1241,34.0,7.010666666666666,0.984,966.0,2.576,33.8,-118.36,5.00001,33.8,-118.36,-0.010359655621904038,0.033436687929852424,0.003734941179133789,0.021381722954658382,0.00384409678110824,-0.06526107364300851,-0.005687406568009161,0.0044741941750214955,-0.001354407179782883,0.002600265613454172,0.0003824035059460444,0.0008950634339559324,0.0014049181659918479,-0.0015570450573230545,-0.001388381406921641,0.004691114215956206,0.0026256783225298425,0.006249967223221342,-0.0018816160742077606,0.0010435430856528482,0.014163219590015484,0.01172236461425426,0.001027132394693346,-7.705123657575401e-05,0.0006298375558973928,0.012885802719474648,0.012860933166299451,0.11748553316582253,6.1468334,4.1428103,1
6.5964,14.0,6.604508196721311,0.9918032786885246,1230.0,2.5204918032786887,33.43,-117.59,3.588,33.43,-117.59,-0.1068894516178363,0.019371883486443118,-0.005636715002187253,0.007570737336121058,0.056246496694450414,-0.075763037669259,0.06083610940375094,0.005199566619776212,0.0018344740717864678,-0.0029822708999201982,-0.03673666237949529,-0.007303944840971035,-0.006665604257843513,-0.0020092046596546665,0.00013747738588229324,0.00023551211460372267,0.012990966044217142,0.03305592466206292,-0.0013959101017015302,0.001253247552711372,0.002322813422101302,-0.007515982112758776,0.00282631273017431,-0.0029523418603932036,0.0014315148557103665,0.011871192914997063,-0.008746627541813058,-0.0628456129440328,0.8006757,2.8425565,1
5.9316,20.0,6.5606060606060606,1.0033670033670037,4169.0,3.509259259259259,34.24,-119.04,3.119,34.24,-119.04,-0.023553970185623597,0.014589472306813334,-0.008415734891072673,0.012311257804676928,-0.07061445252447116,-0.05201234208567926,-0.03207595484055509,-0.004116888030713273,-0.0011744188891961288,-3.160580112461334e-05,0.012977357539580717,0.0013027242010158987,0.0006722247061996319,-0.0020660196878826173,-0.0012335453056429085,-0.0015030494194904977,0.017547547110402805,-0.008453167187619319,0.0015122204914619765,0.0007514502585330508,-0.006322758506499152,-0.0052489144587881936,0.011824804480683954,-0.002521226887496189,0.0050503556248498935,-0.023163655922949406,-0.021734185408936704,0.0025886592382426566,2.8894691,5.798335,0
5.9582,21.0,6.176938369781312,0.9602385685884692,1688.0,3.355864811133201,33.72,-117.95,2.88,33.72,-117.95,-0.0240424097065447,0.013376881033059548,-0.011222036229082442,0.004951679541391806,-0.05616488720133208,-0.03644465138804427,-0.009299984559153715,0.0005903342097345645,-0.0016054995212173007,-0.002408406255746178,0.014332290514387674,0.0018886835426820884,0.002449029100213375,0.0029134991703017653,-0.0009405322397528184,-0.0014073351591793433,0.001778005101787945,-0.0067407148981299654,-0.001641649863175151,0.002517357392171161,0.0038168766420409858,-0.005395837328494751,0.0017981867501624376,-0.0002173343715407472,-0.0005362289301245934,-0.009435243226003876,0.00957493724009523,0.04765143898732652,4.157698,6.1345305,0
6.2473,24.0,6.8927392739273925,1.0297029702970295,1704.0,2.811881188118812,33.68,-117.98,2.819,33.68,-117.98,-0.013398942195210662,0.022289924730341963,-0.008272815875086135,0.0037924645482687374,0.045572224744201015,-0.06528452017084878,-0.007644046428811176,-0.0030029868902338172,-0.001187578789851652,-0.000764822233847243,0.0027537579405319235,0.0024859280161805323,0.0008377748572941289,-0.0018189860271727017,-0.0018823115460506745,0.005847207302220336,0.005868225428509975,0.009430727600987614,-0.0014466373421532016,-0.001254463825704553,0.002573685239138183,-0.005720880764158117,-0.0016620190922395145,-0.007151405964392734,-0.0014320488035685056,-0.004732051462381866,0.004474941607326265,0.05213143798956332,5.1685514,3.1335483,1
6.7694,9.0,7.675675675675675,1.0196560196560196,1169.0,2.8722358722358723,34.88,-120.44,2.751,34.88,-120.44,-0.07514773897636859,0.02891701348136714,-0.006829938352125553,0.0038025442215403435,0.04447838159321266,0.0195752390236147,-0.004322460345954107,0.0196566630040204,0.0018800744270807822,-0.005971990687482813,0.033464017651047034,-0.008765426388170619,-0.0005448159398087587,-0.0020988904651664648,0.00027162822908466464,-0.00022873106482702236,0.012015077865774187,0.006692252923070416,-0.0010824094307907842,-9.724483318881709e-05,-0.0032873723961322626,-0.008091566208030573,0.0017038749623470128,0.0007628341962049152,-0.0009868396956435265,-0.0128324295130437,0.0031045238416231792,-0.14591923216094474,0.46027535,1.8672576,1
5.1669,44.0,5.220883534136546,1.0120481927710845,695.0,2.791164658634538,33.89,-118.32,2.206,33.89,-118.32,0.07526518553885521,0.017419961498524303,0.000859322294797039,-0.0002995692651042083,0.04422287759358927,-0.02285936863638874,-0.006781657111626838,-0.0011370242919584734,-0.0004583463055998324,0.0014412677040203676,-0.01599510920548042,0.0045988178115753,0.0009000573140569273,0.00011945292400044409,-0.003532632837211226,-0.00027929978143416764,-0.0018041997432582525,-0.0021626797035835124,-2.0164497339952033e-05,0.0014439893814975114,-0.0045948652866496294,-0.003914286596446502,0.0017508924033588804,-0.00018513903271613987,0.0016977194548925018,0.008823833058029688,0.0035112645966362955,0.053281643897024354,6.3114233,-0.36258027,1
5.5649,36.0,6.420841683366733,1.0781563126252505,1499.0,3.004008016032064,34.27,-118.52,2.712,34.27,-118.52,0.051680544080497166,0.018800921571590662,-0.001842346137721,0.0017275613070966503,-0.04360745781949707,-0.02901692584830742,-0.02602899280699638,-0.005696391082030214,-7.554345950521685e-05,0.0018695981102876077,-0.0195360280771099,0.0008845185569553646,0.0011425609583036046,0.0014642246913170634,-0.0019070429667969323,0.0008216499792163312,0.00874637260661914,-0.004509863564620286,0.0007217964574957904,-0.0020995399023662994,0.002868671035943369,0.002906457696000276,-0.0006726906593916744,0.000288684376651038,-0.0008171303537314464,-0.0052634328395152275,-0.005413532447014346,-0.0005254516874522669,4.69023,7.1364574,0
6.2187,37.0,6.250922509225092,1.033210332103321,776.0,2.8634686346863467,33.81,-118.11,2.579,33.81,-118.11,0.0857683961395803,0.013666446836146139,-0.00844070743006303,0.006051857516176505,0.0008845640546181941,-0.04367463749163698,0.005393665794325982,-0.004420271087941498,-0.001354407179782883,0.0035877842435007162,-0.010714387707372946,0.005099932103331844,0.0009284218010999482,-0.002974673901484226,-0.0006699256886982244,0.000817815493104242,0.0037572031994741358,-0.0017890596361546604,-0.001506478913751583,-0.0018630294067401736,-0.003575798991201647,0.0016256678456667351,0.0023041893352805805,-0.0001885484709482494,-4.860320949680858e-06,0.008466189922289709,0.00460549953095761,0.054550279000034584,5.813506,-0.3775792,1
6.6013,39.0,6.550600343053174,1.018867924528302,1361.0,2.334476843910806,32.72,-117.24,3.964,32.72,-117.24,0.07272729028875097,0.01664438879943918,-0.007965834852296195,0.011954998243743221,0.04582722478153191,-0.08099470922267175,0.0779169809305638,0.005711618775874176,-0.001351552131331291,0.0038284575594602563,0.004418455835298672,0.010533395085390166,0.008318047918458754,-0.0020787305970756172,-0.0010430614455120852,-0.0047856081034881315,0.0150938920959471,0.044507419386331404,-0.0017742085752152003,0.0008661291026444494,0.003372113071976243,-0.005989639984472764,0.003072589605210818,-0.0022225461469538195,0.00038382372294657916,0.023852636512415117,-0.03028865427207544,-0.08720798536905378,0.32125917,0.6394052,1
7.7108,39.0,6.846607669616519,0.991150442477876,880.0,2.595870206489676,34.18,-118.1,4.5,34.18,-118.1,0.06609253616668562,0.027029211320996928,-0.008300169951100366,0.01173818956252449,0.06214090293352037,-0.05416347095716364,0.01979113805607432,0.009585287900101396,-0.0013536072426212039,0.0037309445389070587,-0.006319307190353789,0.005018069117745031,0.0021436034000482398,-0.001655444943725649,0.0005659480095326416,0.005170195172464816,0.015218563323064692,0.018097286518689068,-0.001609697170032229,0.0006002689872278187,-0.0024741219300828143,-0.00587728453302916,0.0039742223710515345,-0.00045326263004961183,-6.0584315296073356e-05,0.010480151337081755,0.009096213778843157,0.06479799779578016,6.499359,-0.26240024,1
6.9113,17.0,7.484536082474227,0.9690721649484536,630.0,3.247422680412371,33.9,-117.86,2.852,33.9,-117.86,-0.06460177113130898,0.023025398032844695,-0.006012877092525652,0.00021908156368781343,0.01341103314281748,-0.06372519476609685,0.014411802562092854,0.0029832364593360672,0.0018160302581003978,-0.0024931584596635287,0.05069487729161714,-0.001194628155960581,-0.00044847687457491065,-0.0008180658133453435,0.009732836529729892,-0.01372741520363478,0.002572909475270997,0.018396689215082328,0.0010238513721916827,0.0027989985502498557,-0.0004055077055138879,-0.00564510711025845,-0.00508089152524853,0.0004411854671628351,0.0019115641853339423,0.000318177491858576,0.022348486827745,-0.015600961780837851,2.47296,2.4432836,1
7.2392,31.0,7.281889763779527,0.9826771653543308,1852.0,2.916535433070866,33.77,-117.81,3.346,33.77,-117.81,0.012984799322286352,0.025400526881948517,-0.009236353370372668,0.008895267694098697,0.024537212686398188,-0.052380840951276715,0.0081817480215693,-0.007081957652459925,-0.001354407179782883,0.0011416319025092003,-0.006731666769139745,-0.0003666758605076864,0.0012523524105323826,-0.0016948649814369924,-0.0018795039670827123,0.006446016968342391,0.006200012111912607,0.019337385282885974,-0.00168105830976526,-0.0005201151549419504,0.002977559202687355,-0.005967676728157149,-0.0005534753046112545,-0.001061554191837652,-0.0013505023807458365,0.007526114738959264,0.00534390739685249,-0.007620033940157855,4.230874,1.4562399,-1
7.0177,17.0,6.405693950177936,1.1103202846975089,891.0,3.170818505338078,33.29,-117.05,2.676,33.29,-117.05,-0.06820107118849324,0.017032080442048576,0.01155865118439116,2.8483278061473903e-05,0.015471969082681742,-0.071591644055319,0.10309326652891666,0.007247606009492882,-0.003024944659454001,-0.002807068059733737,0.052650821806655555,-0.004624705258123433,-0.0006484122044560161,0.001818444133105669,0.0002132267808794736,-0.0036870467318678973,0.0010303007453193816,0.015182071203810987,0.0008711507936928143,-0.0020581646514224532,-0.002685985541863788,0.0029940451174198966,-0.005898833770152038,-0.002307606276513033,0.0026287075575372218,-0.006073953188952109,0.030422990171775514,-0.14414126844914057,-0.37064347,2.3256936,1
5.3316,37.0,4.548929663608563,1.0779816513761469,1291.0,1.974006116207951,34.06,-118.39,5.00001,34.06,-118.39,0.09064478385503547,0.008158536943235914,0.0009406884483183214,0.0036908075098297187,0.10495274420247769,-0.033354435031508416,-0.020453996927169888,-0.00036825816520268855,0.00019437656765576954,0.003261939926031436,0.10274914203126713,0.0051563247968340106,0.0002818235965668655,-0.0006623357588018855,0.00039221991166028597,-0.0026027106709992573,0.0017190911729084233,0.006523273011322057,0.00010540236760635556,0.005401566512366674,0.0048205927337009145,0.007828838178419355,0.00393096617165022,0.0005735451344236371,0.001034871958720789,0.026371507167572698,0.019315369875433506,0.17322016546686028,8.550826,4.4164,1
6.5483,20.0,7.588516746411483,0.8947368421052632,699.0,3.3444976076555024,34.3,-118.71,3.35,34.3,-118.71,-0.013169570159544007,0.02051794283788834,-0.010618304269624526,0.0013651524350095881,-0.012390411659612527,-0.053452744511759596,-0.02741744646337702,-0.004692823590022079,-0.0016513265043746979,-0.00139069253159196,0.010137659216212356,0.00032537042404724633,0.00044597544046972193,0.004400349042058416,0.009672531953526346,0.008921603182826003,0.018174286639019394,-0.002487535852481414,0.004624715939959677,0.0036695593153426237,-0.0035416921878751893,-0.02073728216911225,-0.004949748186653388,0.0016374423003358274,0.002940382120732461,-0.0124918712001855,-0.006952265946509407,-0.019673578587509823,2.6978166,5.0816345,-1
13.1107,17.0,8.111650485436893,0.9320388349514565,678.0,3.29126213592233,33.89,-117.89,4.676,33.89,-117.89,0.006550686745754133,0.04746464302554563,0.0012039240370017037,0.019257462590507604,0.09076343838346428,-0.05161048456691537,-0.02159755611557746,0.0030397322618092456,0.001729006586635568,-0.0020306911345194844,0.021466384876600842,0.0007865888769368736,-0.0002107129283417424,0.0033544492966205435,0.00619270502322829,0.018092485604448608,-0.007976314616221204,0.022890071150599496,0.004746878717035176,0.00325159180768673,-0.00472812832442603,-0.016916909024315543,-0.000503436410399457,0.0013358309802682987,0.0031365748221272214,-0.0023119069666208874,0.014665601238141479,0.03556313464851205,5.328328,1.6740468,1
8.583,5.0,7.272727272727272,1.0995670995670996,617.0,2.670995670995671,33.49,-117.71,3.977,33.49,-117.71,-0.03064426847096795,0.03586674207921065,0.022031739122591404,0.011964592777021816,0.021014250592303364,-0.08390138509726597,0.011992492286610897,0.015398607772765319,-0.0035435892661228718,-0.006386076176691653,0.0013052323729599211,-0.004856820887975401,-0.00713708164005562,0.0007353796454162992,0.013408373904969744,0.002361475229680376,-0.024605905390824648,0.048651751999299414,-0.001342670008789668,0.000510358504796609,-0.0016756649762067677,0.003373436500483236,-0.00013582725041269214,0.0018391647847724553,0.0003682765316908414,0.003840820230484256,0.0009743701124151855,-0.11608430885862571,0.7242286,1.312094,1
5.5101,35.0,6.13968253968254,0.9746031746031746,905.0,2.873015873015873,34.19,-118.62,2.674,34.19,-118.62,0.053093043030264325,0.019238568062744182,0.00013220448738997131,0.0002979117077530746,-0.03750754126901585,-0.028649170640830182,-0.024554245690300427,-0.0015957887806306906,-0.0004398636656069692,0.001953853665199248,-0.01342108193431757,0.0016770229635361845,0.0015582580866694052,0.0001606388609570955,-0.0005206583115249562,-0.0002379958099121334,-0.0014261804863820414,-0.00025900790212527347,-0.0008790369171196983,0.0014318391706544887,-0.0058622284336635995,-0.004295235129220465,0.0027476298482868177,-8.935492094951032e-05,0.0006115556234051306,0.012931604902949095,0.009863730275762568,0.058007194807835095,4.9313726,7.302978,0
5.8587,52.0,5.885922330097087,1.055825242718447,962.0,2.33495145631068,34.04,-118.43,4.947,34.04,-118.43,0.0874470825478931,0.012506138580728424,0.014538742914119149,0.008864167540723934,0.07887418753391198,-0.05724595199524085,-0.024715446051529068,-0.005253861323277173,0.0047447263985090325,0.004216826267876511,0.004366094537169664,0.006483554696342001,0.0005025384451140767,-0.0008634952630563247,-0.0007004441660583719,0.018544621234985483,0.004611841454103674,0.004222301129555898,0.0005376074046122678,-0.0016332661189468502,0.004250939903961306,0.004629707739644343,0.005154093028137576,0.0006973916555808385,0.0011177954621229657,0.029602361159596538,0.00974638515425724,0.18247910448154422,8.717183,4.5018754,1
6.5945,21.0,8.132992327365729,1.1099744245524297,1413.0,3.613810741687979,33.9,-117.88,2.773,33.9,-117.88,-0.011756370883801465,0.03402997101280707,0.015305876830356868,0.008065446819026318,-0.01868868961828286,-0.04270518626595715,0.00378629284677259,-0.0053097917040025484,0.0019947368942968553,-0.0012371197110404766,0.013913700317652529,0.0030907344550415027,0.0017482348291579621,0.0010753041771192668,-0.0012789786193164979,-0.0009836016426459674,-0.006865764221180265,0.014489202797046404,0.001615923003455942,-0.0008983201690353471,0.0009253573413661402,0.007701055369196743,-0.003489798651259878,-0.0006376118705180278,-0.0016478601957307835,-0.023981333002578355,-0.002235324546503457,0.046343157402544743,4.698842,4.5066032,-1
13.2935,27.0,7.607142857142857,1.012672811059908,2336.0,2.6912442396313363,34.11,-118.49,5.00001,34.11,-118.49,0.012638678029176405,0.03039013771090527,0.004061522940658453,0.019983343438901808,0.038347735888140444,-0.06968415866732215,-0.00865118683775141,-0.007157707683527605,-0.0013504510491314902,0.000782611287140235,-0.006651179199754197,0.001836852491532968,0.0011331820511181671,-0.0016723734502593446,-0.0014889663692703534,0.002479744528625431,-0.014588260522568137,-0.023100282111771186,-0.0012493984905109425,0.00035688037903856595,-0.005565352807928774,-0.0026183348053180912,-0.00297686422755945,-0.0008333865515617485,0.0007343777290458835,0.011252909393645762,0.01410416627681421,0.09094817332448392,6.343393,3.915937,1
6.746,5.0,7.080645161290323,0.9650537634408602,1173.0,3.153225806451613,34.05,-117.14,2.041,34.05,-117.14,-0.06796166022019948,0.02006291698903108,-0.006066420684710393,-4.3379073488120936e-05,-0.039802548838811444,-0.03456852623372551,0.07927229077329975,0.015161959430126756,0.0020552845665162216,-0.0067755374855579965,0.04788832696954,-0.002563264049538634,0.0011734132262666264,-0.0021380064104766627,0.0012422186776822912,-0.017525358036932955,0.006779599292174699,-0.004689790732211128,-0.001373480856948257,0.0024862401898887634,0.0008594085464751305,-0.0002788032108069839,-0.005266704683474875,-0.000946173209932245,-0.0003762613408691735,-0.0009462204974919966,0.02503392989403895,-0.09505743056866889,0.22679311,2.2869282,1
6.2609,8.0,7.468879668049793,1.020746887966805,1421.0,2.948132780082988,32.77,-116.9,3.071,32.77,-116.9,-0.09327014715940515,0.03002479168366605,-0.006510606937981658,0.0023258501009701805,0.03938390589491345,-0.07034334986668528,0.09774941506575865,0.028218407569288204,0.0020552845665162216,-0.006649396351099785,0.04024250328471715,0.003984920254423671,0.003491702463793688,-0.0022211569626457324,0.0035387528946283927,0.00340655019168334,0.00016176644156999862,0.004503833079306697,-0.0016151605576556782,-0.0006127974739872504,0.0031249662147422655,0.0012115908066481214,-0.0008708342474603923,-0.0023973941155877466,0.005716924114889494,-0.0009545166804459633,0.009739557679415535,-0.14214351455017937,-0.25884962,2.4761457,1
6.5764,17.0,6.55511811023622,0.9724409448818898,755.0,2.97244094488189,33.89,-117.95,3.49,33.89,-117.95,-0.06992357134788472,0.018681706655202746,-0.006909260636809606,0.004312209884673105,0.039353358658506546,-0.04565981212274656,0.002743114825290355,0.004205071455906672,0.0018347024174853463,-0.002477477838031312,0.030832154622938424,-0.00460351326487908,-0.0004928391318467984,-0.0010285718187326126,0.010638234874382545,0.003733077903206963,0.0025384553857368255,0.014451997956715375,0.0009211850976754675,-0.0005072455815207664,-0.0010356812979600018,-0.0057986431537225295,0.002776446140059906,0.00117973077501897,1.6703861513594824e-05,0.004494369883182937,3.0206109021516504e-05,0.04862318361729566,3.384836,3.0899336,1
8.5403,23.0,7.851528384279476,0.9847161572052402,1292.0,2.8209606986899565,33.77,-117.79,4.513,33.77,-117.79,-0.012103957740056844,0.033902330158521815,-0.011954237361941468,0.014235219530413377,0.03377660299782899,-0.04408424051478621,-0.025308486966572674,-0.0041840093137391135,-0.001187578789851652,-0.0004935748679509895,0.0023268649497546283,-0.002082029479507918,0.0007110566691682078,-0.0014916859397483679,-0.0024813883282821057,0.0012698546956725779,0.0010700494510949914,0.040348782643503674,-0.0018762333205690805,-0.0004945027599121805,0.002983724887858921,-0.008496078039748656,0.00021067510058473535,-0.0005169958568096509,-0.0014982714121421165,0.006202678364339307,0.004342231013727412,-0.016862207408027192,4.1380844,1.6861554,-1
5.8362,32.0,6.511029411764706,1.088235294117647,995.0,3.6580882352941178,33.77,-118.01,2.175,33.77,-118.01,0.015120399541234925,0.012874498698836426,0.015165639482117348,0.0009258400078904123,-0.07130942970913864,-0.038638364800634886,-0.0034483583137205837,-0.007171370481768164,0.001536769407195088,0.0018801649594617437,-0.014418638037664676,-0.002374673935478868,4.675609028693037e-05,0.0020356349927650444,-8.307314736783944e-05,0.002442518972338699,0.0002949648846344885,0.006934439738197322,0.001663712047491967,-0.0008379717059899724,-0.001869089345087654,0.004300302108243643,-0.01037437976613626,-0.0008067141213040456,-0.0014007485913543696,-0.029190205277935068,-0.007476611404593052,0.0486598417943266,3.9444323,7.037298,0
5.5925,13.0,5.757981462409886,1.043254376930999,3188.0,3.283213182286303,34.3,-118.9,2.086,34.3,-118.9,-0.08545658246674184,0.014917822662014194,-0.0014919290330341242,0.009181147256304808,-0.03525078713098791,-0.03338645805478395,-0.02872431367377136,0.0005823665077999961,-0.0005690116483689461,0.0021286346344691663,0.05608963890244929,-0.0010919572719087836,0.0004021705554540894,-0.0010619291637674697,-0.0023126312144965185,-0.0016896461700865464,-0.00013387416465224022,-0.0014037061307358614,-0.00031030050107494717,-0.000887852754516002,0.0015450373956395736,0.0018956376978879299,-0.003015627320525355,-0.002390112852245509,0.003134732433448801,-0.0061963498581341205,-0.011282895849704164,0.000572946769503087,2.6834667,3.2367294,1
6.5783,15.0,5.9335443037974684,1.0,890.0,2.816455696202532,33.69,-117.79,2.448,33.69,-117.79,-0.09654927762068637,0.014239320563510719,-0.006336928237346742,0.004108457750525898,0.015180483068592668,-0.03987179243315726,0.008575395254420201,0.003909787974666363,0.0018329717975326706,-0.0025186793554631518,-0.010953197707572377,-0.0042874671258634625,-0.0012586497921871856,-0.0007281632014098387,0.002155628373999212,-9.655995777565522e-07,1.2724481729077427e-05,-0.007745468648971675,-0.0009741679083356072,-0.00042995195833040486,0.0020983028150043746,-0.005612586884516081,0.002568699646152583,-0.002667487356509527,0.002208845491936218,0.00191241686317595,0.010288516801132233,-0.028235735285727506,2.772945,2.703571,1
5.8661,16.0,7.888888888888889,1.1071428571428572,770.0,3.055555555555556,33.06,-117.16,4.045,33.06,-117.16,-0.07365030273478314,0.03613611775193743,0.012987073476822581,0.0012967044725522479,0.0007405724344927409,-0.041986661472788483,0.07289301913805205,0.00373436138086413,-0.0032066990539567804,-0.003090536713892009,0.04488127197916003,-0.005813913456554946,-0.006608301173133666,0.001997329734913003,0.007434538621849141,-0.005786366645037435,0.013044204178594926,0.06898830270534305,0.0007877335282465959,0.0015234870989297273,-0.0007163110058337155,0.003203352583066398,0.0017480258458898662,-0.0005985364986601238,0.0025489564903707304,-0.0036874897328103362,0.018816739714277234,-0.11391751790665319,0.65648705,2.325858,1
5.2149,18.0,4.758426966292135,1.0393258426966292,733.0,4.117977528089888,34.2,-118.59,2.019,34.2,-118.59,-0.001145773762159653,0.0031424249849502017,6.153579206849269e-05,-0.000917973918018891,-0.0758513417254484,-0.025670239600803245,-0.01735867427764294,4.733051257926294e-05,-0.0004217072880674962,-0.0007904922283382044,0.01544638513590887,0.00282707551944717,0.0011247818375323447,0.0007014629325206971,-0.0034623221619530776,0.003930148450826377,-0.0038773704629396673,0.0018497223122656955,0.00046274408071128733,0.00038543871771407886,0.002065202464902494,0.003505055586851231,-0.007388899984117545,0.0001177326158652151,-0.00012663428599290122,-0.03169707817879403,-0.029062347404567593,0.05460868954125344,3.9406204,6.483375,0
9.0683,15.0,7.226235741444867,1.0304182509505704,1992.0,3.787072243346008,33.89,-117.97,3.674,33.89,-117.97,-0.013347966995618568,0.022451416283812,-0.0058467114807426645,0.007248003535807665,0.04220734040697038,-0.04292560487153294,-0.016863494067630488,0.0015348628342080409,0.0018160302581003978,-0.0007458631701853086,0.031926178564169336,0.002027195774428629,0.0008998908856905765,-0.0022253504897918014,-0.0033084266325981546,-0.0027768022275248437,0.0059723205312745,0.00712179282882939,-0.0008876901357435443,0.0024146606943112135,0.0006206515670269443,-0.00739445256963108,-0.007600216008933557,-0.002500210189035344,0.00018765285707100798,-0.020822120959581327,-0.007925784882318194,0.03667342092915928,5.0042667,3.0290546,1
5.5767,36.0,5.993055555555555,0.9965277777777778,820.0,2.8472222222222223,33.83,-118.11,2.181,33.83,-118.11,0.05327879723327027,0.019587072270497555,0.00034427585171683595,0.00023316824826517563,-0.039654377342419375,-0.018243544239520446,0.005737445251152183,-0.002407900729512414,-0.0004398636656069692,0.0018458429347913922,-0.013422713249263899,0.0023038843578972474,0.0011359143071039749,6.361960336864162e-05,0.0019317298726167702,-0.00018815285721874154,0.0013479237482859376,-0.00047781006889577283,-0.0009661360737229449,0.0005012940468346094,0.002490761800396553,-0.0052405229085281555,0.0027213739783948166,2.431569790984172e-05,0.00020396848567883733,0.00995627193166758,0.005145497211323493,0.05389579199629962,4.9550323,7.378981,0
5.6184,29.0,5.885416666666667,1.0069444444444444,1543.0,2.6788194444444446,34.24,-118.28,3.169,34.24,-118.28,0.002570293742480041,0.016682673412650114,0.00034037842009082705,0.0029463341294230718,0.08376514191995481,-0.024601808116365788,0.005397012134664431,-0.0016971544643214,-0.0004398636656069693,0.001080429777208299,-0.0054137796942410705,0.004088738196370824,0.0015407590182378837,0.0014332236204263097,-0.0001336298416025116,-0.003957108972823026,0.002262390155905694,-0.0026774509631233307,-0.0004912435140129257,0.0013913563562924112,-0.0034476360137877366,-0.006630933710815866,-0.00027573013009482913,0.0008957130003169949,-0.0009981834998469177,0.009299968936526987,0.006869637077434184,0.017968519335815888,5.4123588,2.0877852,1
5.5702,19.0,5.356435643564357,1.0507425742574257,2243.0,2.775990099009901,33.71,-117.96,3.426,33.71,-117.96,-0.011172496044347478,0.016472942253705613,-0.0008369807614343838,0.007933642584596133,0.06053120776477066,-0.020501904372433495,-0.007914167229891179,0.0010896907171884433,0.0003508981040471689,0.0007783443277524411,0.006057148472953049,-0.002412932082404272,-0.00016351669228496665,-0.0006616844708101074,0.0006203904038023173,-1.697760834398475e-07,-0.000807666271522229,-0.0007784083604981036,-0.0001722235473266134,0.001403639603211891,-0.002001961425170062,0.002579145118292074,-0.0018735417000019124,0.011739807074801165,0.0014305483541088059,0.00029976299918415357,0.00518914727738188,0.06621794762161036,5.4103737,3.066939,1
6.8099,15.0,6.221590909090909,0.8977272727272727,361.0,2.051136363636364,33.03,-117.07,3.282,33.03,-117.07,-0.08575365807313712,0.022929617200038284,-0.0027630000823848583,-0.03818758902778368,-0.08964528973157071,-0.06886649937934687,0.1062830198722793,0.006116089589992844,-0.0015604729612521727,-0.0021364486426908975,-0.1173001790340872,-0.007321275437874316,-0.004585203353430635,0.00496534751540123,0.007277776816742163,0.0011437348543241958,0.002379273082630676,0.015881329759288423,0.013395287284546453,0.008153258697074716,0.012865425035901977,0.03161938956533524,-0.01666990120345494,0.004171066588373621,-0.0017280096302817803,0.02185701291134566,-0.04108542559656428,-0.148922971099389,0.41870546,3.200139,1
5.1333,43.0,5.335968379446641,1.007905138339921,1146.0,2.264822134387352,33.97,-118.39,3.459,33.97,-118.39,0.0736615808150843,0.019228190827819285,0.0007066639722024618,0.0005054418101905945,0.07352515712094863,-0.02550631916910446,-0.010544381806307021,-0.0005956128285123414,-0.0004209547488012008,0.0017174532810914538,0.005677688783748471,0.00549367629713788,1.696262491542311e-05,0.0005893850425765443,0.0007238954181185202,-0.00020945316643898772,0.0015322226612348032,0.006790323983529407,-0.0004582330609912644,0.0020831598445990424,-0.004657034342133147,-0.005996942042564403,0.0033267415535229235,0.0004673214209536253,0.0011436529261893231,0.03444823514581196,0.010458833103033891,0.16813969251276392,8.625941,4.297223,1
6.5784,38.0,6.327402135231317,1.0249110320284698,870.0,3.096085409252669,34.12,-118.02,4.085,34.12,-118.02,0.08021487806067706,0.013747684794856765,-0.00899204585850502,0.008641195398014938,0.02845948082421314,-0.044816829966135244,0.011716814357379772,-0.004420271087941497,-0.0013536072426212039,0.003725154638813423,-0.014626747018145826,0.0031153468842121997,0.000934739323056737,-0.001776119596429975,-0.0007374703280233054,0.0008200913113206481,0.0027670795297317684,-0.0008333080536885377,-0.0013622310804970702,0.000654582271490952,-0.0009350365287129063,-0.005032153024067421,0.0022688370713032785,-0.00018618348146134543,-1.0452758185455588e-05,-0.0008244287842652975,0.0011653150808348556,0.06765013969489733,6.005548,-0.35069382,1
5.6346,36.0,6.154205607476635,1.0654205607476634,531.0,2.481308411214953,33.72,-117.6,2.725,33.72,-117.6,0.08301148944655833,0.0127902602603927,0.0026591900623042144,0.0012245888674806053,0.12269876319341683,-0.02341763312181421,0.04212734797185344,-0.0026906619897413496,-7.750242515677203e-05,0.0030087912815200384,0.0017077813663756499,9.400119971389264e-05,0.0026634346529875673,-0.00018590418203584094,0.0019480982974020864,-0.0012148038312873193,0.00047669826353024326,-0.009027644158356399,-0.00331561040528499,-0.000883358881458311,-0.0008152428484460375,-0.00020830401370183963,0.004884304346257082,-0.0035713650471180178,-0.008310244763649078,0.015929960563201957,-0.020878965044386993,-0.08240586608698183,0.50670886,0.42372116,1
5.9582,38.0,6.453441295546559,1.008097165991903,633.0,2.562753036437247,34.16,-118.04,3.507,34.16,-118.04,0.08537670919925561,0.014920704123585088,-0.008270922317854618,0.008304378214411434,0.16422887188551513,-0.043752900923205496,0.010487529491873407,-0.0056108542985308036,-0.0013536072426212039,0.0035376249595728605,0.0006264002289228486,0.004889870731626069,0.0013920717604434744,-0.0004469954396139961,0.008675631367316142,-0.0004657248105167431,0.004714953676129794,-0.001071231622321453,0.0007787864644047249,0.0006437963340778823,-0.0018268417898689186,-0.005710615599210568,0.005285303213222621,0.0013520803678921344,0.002186892218077357,0.012836382570463878,0.008354095725851756,0.07334239280658021,7.1876874,0.5162522,1
6.4956,33.0,6.297587131367292,1.0911528150134049,954.0,2.557640750670241,33.81,-118.38,4.836,33.81,-118.38,0.09611757438493572,0.01607872116506214,0.01468783294537795,0.011502789164660729,0.1188350102529272,-0.056562107695261335,-0.027726013354850466,-0.0010260248692886146,0.0015617652518871148,0.004091225722467081,0.0019408366191387063,0.0017449259720031232,0.0009998797209844613,0.0010878470558123958,-0.00187122337266294,-0.0005457781544491979,0.002989431338183522,-0.005042716746908383,0.0012761238113128035,-0.0023717631475231597,-0.006511233146146251,-0.004374105109012363,0.005128923094247222,0.0004480108527147604,0.0009760759835994729,0.015935257926241436,0.013771092617585067,0.16832676001333705,8.970031,4.24325,1
6.1834,25.0,6.2611940298507465,0.9402985074626866,862.0,3.216417910447761,34.29,-118.7,2.298,34.29,-118.7,-0.02261731276525895,0.015202531129800493,-0.010626139888431502,-0.0008343979660399493,-0.050788188916491867,-0.05747062804233366,-0.03248265761329826,-0.0002312984135164357,-0.0011968444383744742,-0.00022590254746282068,-0.005162506994815537,0.006492293394795135,0.0008413619762810162,0.003097297749940476,-0.0009059483785515669,-0.00459542020355943,0.008006052639375765,-0.004849343951700185,0.002355256830643368,0.0038359640832125166,-0.0036020049273658124,-0.021372597006044214,-0.005309065460497081,0.0009326974341340455,0.0004123893326559487,-0.007613938442939404,-0.008159796444782682,-0.025124827043035307,2.7510026,5.567075,-1
6.5356,15.0,5.233333333333333,0.9733333333333334,747.0,1.66,33.66,-117.83,2.728,33.66,-117.83,-0.09076063638624476,0.005799520062277758,-0.002636844156985858,0.004727142884711756,-0.0739777755440557,-0.06896427474101915,-0.0008326360659829326,-0.007921895803769171,0.0044038344665448875,-0.005841062147973953,-0.12992409421145787,-0.005854863344767415,-0.0036080164734761644,0.004360977252743481,-0.0036811452384153637,-0.035541868591480195,-0.00011480808192277696,-0.008232589152435637,-0.0002393902945939299,-0.02485581936103702,0.0007267398048016314,0.0005680642714246632,0.00681479391319992,-0.00133950755726482,0.0015940066834227093,0.012176651802555618,-0.03543155008574301,-0.03144989659648847,0.7583751,3.5312204,-1
8.1888,37.0,7.235138705416116,1.1003963011889035,1925.0,2.542932628797886,34.09,-118.53,5.00001,34.09,-118.53,0.03411318032456024,0.027984412575267077,0.01835099505384582,0.01705681394751219,-0.009040815518034349,-0.0693425050911518,-0.00750886525040645,0.009531633958148081,0.0015617652518871148,0.0019242533371725016,0.0011654503360128078,0.0052306052756622146,0.0020699216635921085,0.0010931933155804315,-0.0005313756237365241,0.005734141748974167,-0.00431105693416074,-0.022427464306548132,0.0010331597564729581,-0.0023667030714121526,0.005307464372634172,0.0043410719257355145,0.0017365432107110637,-0.0015228525253345162,0.00017175189347633257,0.018729009148484153,0.01538450844456198,0.10379076645079843,6.274018,4.499029,1
8.7657,24.0,8.093117408906883,0.9878542510121456,759.0,3.072874493927125,34.14,-118.85,3.663,34.14,-118.85,-0.01081781975817063,0.03151780571395211,-0.008339109521448843,0.014436612737193587,0.06066001157947178,-0.06693146597332661,-0.006402084910473349,-0.0038298172664084536,-0.0011875787898516525,-0.0005926860876006027,0.0075773290249243645,0.0038898346813395148,0.0014236523679386434,-0.001636495354560561,0.005482655210614679,-0.0013918818978248997,-0.01983961753599412,-0.025995525874576892,-0.001791827058912949,0.002251374575676779,-0.004250094597442264,-0.002758039094614667,0.001141887044979799,0.0013538954036116859,0.0009278227086229133,-0.0007411089361852375,-0.007282172561034061,0.08462281354401152,6.4735866,3.5392294,1
5.9359,24.0,6.786307053941909,1.053941908713693,1496.0,3.103734439834025,32.81,-117.23,4.222,32.81,-117.23,-0.01486477690218232,0.025172764755176345,0.017094254320416235,0.004971874553329354,-0.026009533491373193,-0.048079961024275315,0.04406080992818205,-0.0033624515511326163,0.001722041610812388,7.888439097539704e-05,0.002066894578553519,0.0036210134135817337,-0.0004541567014477227,0.001200729051398047,-0.0005380006791120631,0.003987386569142842,0.02021821324739363,0.05531646792851518,0.0012588234225164,0.0025533184758165972,-0.005304500959540349,-0.003695700360691987,-0.0014117967560361368,-0.0028774343072826905,0.0017095976564949272,-0.003519363132262531,0.01878498156421468,-0.09570601608057447,0.28402144,1.191079,1
5.1271,22.0,6.018867924528302,1.044811320754717,1066.0,2.5141509433962264,34.43,-119.77,3.425,34.43,-119.77,0.007909005239289259,0.019829308677429384,-0.002468434916701344,-0.0005717663769024005,0.14697361624076247,-0.02798850943403475,-0.012054435775691876,-0.00022604000711053793,9.411542266752468e-05,-0.0007031766044587145,0.01515307976222937,-0.0013348866702110045,0.002256290383349113,3.595504290068003e-05,-0.00021593230186003854,-0.0008546590613549333,0.004372355565419941,0.003729181459940754,0.0003533668993669385,0.0002777048399726484,0.0022885790770951005,0.004461686144179678,0.0030478415349431374,0.0008429600163260835,-0.0005118829225075399,0.02112269728404602,0.013282719869833006,0.04944175799096252,7.081404,1.0008142,1
15.0001,52.0,8.444954128440367,1.1009174311926606,693.0,3.1788990825688077,34.06,-118.33,5.00001,34.06,-118.33,-0.0387522734101189,0.03456196483243557,0.00016290437739548732,0.02341854567976499,0.10225460666039965,-0.06151646447391312,0.005036266427486533,0.005824809350909464,0.004837088332506887,0.002886036079216923,-0.008578277936930752,0.004487083315539814,0.0015854036322957858,8.004075795719405e-06,0.005690590541981124,0.035300560536657345,-0.007337671769198447,0.01573659800428914,-0.0008675157294833479,-0.0038776381406567502,0.004298437931967878,0.0012908985827892472,-0.0003525551716268256,0.0009294532436430005,0.002764229717905018,-0.006716888059339107,7.128775612539022e-05,0.07586909417202442,6.293605,2.912859,1
6.3267,36.0,5.246628131021194,1.0539499036608864,1090.0,2.1001926782273603,33.96,-118.45,5.00001,33.96,-118.45,0.12916376138980043,0.01085172823935991,0.013605280265142664,0.011531765469680237,0.0001341460612066958,-0.05806425497021892,-0.028085969172790402,0.0036664262670114164,0.004289958178201409,0.005063189584740343,0.05149819584825374,0.0028971683517367668,0.0004473017587185185,-0.0014966271881617197,0.0003437100899695586,0.0003983028888798483,0.0016644064754608534,0.006974382100681712,0.0005884451222864386,0.00040352389237117487,0.003808751852085113,0.00451754187271653,0.005728339119520534,0.0009136293554533536,0.0011730833728629847,0.026280677003261213,0.0175503019652065,0.1917680480604982,8.391273,4.8213377,1
7.6447,45.0,7.432748538011696,1.1111111111111112,419.0,2.450292397660818,34.06,-118.47,5.00001,34.06,-118.47,0.06384373285161937,0.030402623537108365,0.014583065240451434,0.00981308540804841,0.01665433808609635,-0.07381445784756993,-0.022153915133624608,0.00867125111026433,0.0015627890640614772,0.003954327883425323,-0.009716761358754454,0.005235203946067862,0.0020858217954849204,3.360457737504834e-05,0.01397843184572954,0.0055614041503174155,-0.007318821932764021,-0.022041875493091872,-0.0029048775176884105,-0.00240067791031511,0.0048131258656487486,0.008530971290410966,0.0019189487383008135,0.0020606282043494854,0.0033929932163557905,0.02577728914506868,0.009987296657668681,0.14575996278751222,7.869484,4.7567296,1
10.3983,31.0,7.888888888888889,1.2006172839506173,1530.0,2.361111111111111,33.49,-117.73,5.00001,33.49,-117.73,-0.0032361455611070707,0.041619832811038926,0.005743069730964148,0.019017685373467617,-0.10620525178218666,-0.10413386181413134,0.014073057172442675,-0.010493185474083663,0.001975461435271895,0.0024529464012133188,0.010077761616008426,0.0027780335116389873,0.0069484937779640075,0.0009147970699304416,-0.000817263464024532,-0.014612860433308256,-0.03976923625601593,0.0645223047009344,0.0009685471335571169,-0.0011332057814578043,0.0007008425768406717,0.0054345252613423834,0.0010810383288021583,-0.0028537548384013414,0.0010631718078301287,0.018468011579373306,-0.007498338918708648,-0.10256576532414861,-0.037778568,1.0488012,1
6.7978,24.0,6.589189189189189,0.9567567567567568,610.0,3.2972972972972974,33.99,-117.95,3.25,33.99,-117.95,-0.016488135966826252,0.019031383076530625,-0.01125128386232819,-0.0022030962558136644,-0.002584620853559742,-0.04375353138156085,0.005950853149852345,-0.0037273365089095837,-0.001603768901264625,-0.0010718302957941814,0.008700139309266268,0.005191448122257359,0.0014194889305156522,0.004436211154073119,0.009797999878230802,-0.0057242219515532666,0.004175186509132135,0.014893989994070204,0.000751925691625483,0.002543246723260184,-0.0004828633059225806,-0.005526830578683458,-0.005252081375241341,0.0007498433361744206,0.002533105005898865,-0.002350776522030966,0.01099709545490149,0.054133688558242805,4.9267178,4.0873146,1
7.1298,16.0,7.837719298245614,1.0350877192982455,770.0,3.3771929824561404,32.82,-117.08,2.786,32.82,-117.08,-0.06132020259384029,0.03039736333776549,-0.004900723444674202,-0.0003660450872968422,0.00853218906928525,-0.07224209479897802,0.09672872869864789,0.002934723261691859,0.0020115106586564833,-0.002409251962093922,0.056717600439895106,-0.00477029863377653,0.0005506956417606529,-0.003197500932662756,0.005626450768921066,-0.003912592117883597,-0.012979161528520489,0.013593824033453189,-0.0008658438777024908,0.0026077362478633065,-0.005098936579370691,-0.0024408146222754195,-0.008276237905818513,-0.0004687202473916991,0.0006716526039468208,-0.01376971551719858,0.03724562004867461,-0.13587528684656544,-0.3579473,2.3241713,1
5.477,26.0,6.450413223140496,0.8760330578512396,817.0,3.37603305785124,34.27,-118.68,2.091,34.27,-118.68,-0.009016214967409132,0.018408886449507743,0.0008388362410482055,-0.0033926933477682075,-0.07026093892374233,-0.03027993670415154,-0.028397546011842825,-0.0010775055945781542,-0.00023985769170483485,0.0008002717097778792,-0.005693370720598233,0.006987121405144127,0.0008818016816838586,0.0002725400479977113,-0.0007967654662554216,-0.002155274264172664,0.008423954960442131,-0.004082190360280694,0.0021865243035333703,0.000408422100530294,-0.0036068613278302233,-0.02112526484082371,-0.008055785902317597,0.0006034229295206106,0.0003325705664957959,-0.022445707645662193,-0.018988010812058535,-0.019919075758429383,2.69925,5.7137766,-1
8.2653,4.0,7.231265108783239,1.0217566478646254,3754.0,3.024979854955681,33.79,-117.76,3.74,33.79,-117.76,-0.04428471552124684,0.031080679059249577,-0.0051486487710843765,-0.03523277327028583,0.057970611733590534,-0.0313966429774156,0.0006610412017782941,0.01325148550638691,0.0018774863026648357,-0.002171126973466715,0.013428496776648431,0.0002968867842494165,-0.008514562183670053,-0.002228735363756529,-0.0026017304118372006,0.002973339789131826,0.01036216232843578,0.027405753937044215,0.003293387961491962,-0.0009004511185849978,0.0047969739278682305,-0.008882770205615743,-0.0015734214856498161,-0.001580215549833566,-0.0005708759041694657,-0.001435990613985637,0.005582855946388387,-0.10357412555557405,0.9921636,1.6931953,1
6.4232,41.0,5.3578947368421055,0.9789473684210528,746.0,2.617543859649123,34.01,-118.43,4.466,34.01,-118.43,0.0951731614048264,0.012157184878410365,-0.008154907552590351,0.008810296568038173,0.11912109976779282,-0.053674646198244046,-0.02433391528591636,-0.0005226780833580021,-0.002694227847351205,0.004260802800705518,-0.00030760071091951217,0.0042349199621733785,0.0014032857276319662,0.0011224277902103512,-0.003617736115760239,-0.0014425345316382027,0.001095041431595985,0.006265023527771532,-0.0003143422319444951,0.0005122506866296881,-0.005104646874298946,-0.0044049305240172944,0.002610971846664651,0.0011442238812364473,0.0013561738815596562,0.012956907599116722,0.012583036792775778,0.16758797717789217,8.903696,4.3084617,1
6.3721,12.0,7.617157490396927,1.0230473751600513,2936.0,3.759282970550576,32.96,-117.14,2.415,32.96,-117.14,-0.06207764327213672,0.020098439295117967,-0.005520840438374592,0.011180927182923052,-0.01120535001347205,-0.07024076124726389,0.08953673241428536,0.0012654781156759864,0.002001512437555691,0.00026524625824418706,0.058306895039795505,-0.0035617791310932844,-0.001810395076806421,-0.002229658897844738,-0.002581098291035597,-0.0007665257314197827,-0.003890517045436936,0.010582470533350246,-0.0026667273990703786,0.0028534370006527907,0.0035983312408227786,-0.001123194415079254,0.009557096770065401,0.00469584217431678,-0.0019596182297971104,-0.021513241355148562,0.04310663621193933,-0.1410424630805375,-0.44875082,2.253964,1
5.4333,29.0,7.233766233766234,1.0584415584415583,385.0,2.5,32.78,-116.99,2.228,32.78,-116.99,0.0035408444026039754,0.023353003123066148,-0.0011881634667080295,-0.025319699772478898,0.09836925872171792,-0.022929554214297664,0.03886689518357091,-0.0059807961075593165,-0.0004413424391278954,-0.0009832591075456653,0.0077725484277285555,0.004040752676234356,-0.0061714447359410025,-0.0009119598151389325,0.0015932669268862978,-0.0004676791197699022,-0.00623137122192187,-0.0076299028887462225,-0.006431812389974644,-0.000552694157310685,-0.004804975049087289,-0.004595178292497452,-0.011035103809433313,0.0026820978595646847,-0.009092784766315117,0.016733432482040247,-0.029031460417655634,-0.1688346670658183,0.5625802,1.3693651,1
7.4056,26.0,8.044230769230769,1.0365384615384616,1504.0,2.892307692307692,33.68,-117.94,3.742,33.68,-117.94,-0.026111703892133027,0.037214891805286386,-0.007574955704074098,0.005978941643395467,0.023564007898603773,-0.07706264700282929,0.0085808371797727,-0.007816565118558697,-0.0013404528280306978,-7.455420751757884e-05,-0.01436345369593239,0.002293899459832668,0.0005923048587495756,-0.0029660405614493177,-0.0019171475029646262,-0.002475737273363694,-0.007134727683637484,0.01902968493899518,-0.0015000457607069057,-0.00011640052943236996,-0.0012739495797898588,0.002017797072590063,-0.0016220411209095678,-0.0065061144377345,-0.0015360087725329531,-0.006147571162249595,0.0008270207890192072,0.052049694721084,5.0625987,3.622986,1
5.9224,24.0,6.349397590361446,1.0068846815834769,1898.0,3.2667814113597244,34.18,-118.94,2.394,34.18,-118.94,-0.015260112030542082,0.011915224133770285,-0.008221343759117889,0.007230665009168046,-0.07653861765237827,-0.054169969272169494,-0.031392761505453094,-0.0009263718767187056,-0.0012062509492366009,-0.0025419600481069375,0.008175280314099951,0.005688214259442757,0.0017289301296705315,-0.0018002636858240034,-0.003096994406252053,-0.004095127794620133,0.005628510572299037,-0.0033901857025531294,-0.0015800843448254987,0.003806264079434511,-0.005392256278916434,-0.004386985322953806,0.002026869590988162,-0.0012863474519634068,0.00034685326070691606,-0.006411290546998534,-0.00926982994302701,0.048556861599132035,4.2027173,6.032215,0
5.2799,36.0,5.3203125,0.953125,360.0,2.8125,33.86,-118.36,3.326,33.86,-118.36,0.06305409557597656,0.016004899578477262,-0.0001186116165449807,-0.024657743166893245,0.07179555933629028,-0.03155121461999963,-0.02495942995660896,-0.0016206301910866615,-0.0014571170324400948,-0.00017585038479561575,-0.0005542190315245753,0.0023038843578972474,0.0011397544510598995,-0.0015021950205694535,-0.0022333355588602323,-0.00020749978945238553,-0.001378304823811281,1.520357295601052e-05,0.0023144154916671313,0.001689533172635301,-0.005615887196622082,-0.004858868887815778,0.0009798866863533727,0.0015144500882734435,0.004359258028595987,0.012336772924326429,0.009223391572121955,0.0922613798934498,6.7997994,-0.0814629,1
6.4514,16.0,7.204488778054863,1.054862842892768,1227.0,3.0598503740648377,33.91,-117.86,2.708,33.91,-117.86,-0.08266405064876929,0.028410663290742977,0.01292603813140353,0.0038424365256069554,0.03941465440620228,-0.04507568169433811,-0.0129628302674796,0.00578226882748779,-0.0034976098054284375,-0.0042798482567217265,0.03772959322593832,-0.0018832283988806894,-0.0004418721488448041,0.0019273989335844258,0.0007276527121940916,0.004155999485481169,0.006883331755436105,0.01706759926348224,0.0007089905431635663,0.0006345275189636553,0.0006861718718070162,0.0025780450736221676,3.448048246967018e-05,-0.0010925295492397052,-0.0014196246165425934,0.0017073634331153627,0.004973657587830978,0.0031830190231318606,2.9829683,2.6978452,1
5.4847,36.0,5.735562310030395,1.0911854103343466,761.0,2.31306990881459,34.17,-118.59,2.96,34.17,-118.59,0.0644374353012013,0.019144798522558723,-0.0013234146735660358,0.0010388167436782409,0.08267866841955239,-0.030191574754406845,-0.020062317787227866,-0.002016216234737336,-6.691228092790415e-05,0.001861427488434686,0.0213334127826169,0.0028746239331217628,0.0007862901819653544,-0.0010760897322885361,9.036630840850775e-07,0.0015620598130286875,-0.0027762643777876463,-0.0005342518634710914,5.060866677923915e-05,-0.0019048808379777417,0.005195601770507373,0.004925518411210001,0.004113693104680745,0.0001360950526849222,0.0005571356719701434,0.028408608882538235,0.00776540733727989,0.0792483627075146,6.881833,0.08961882,1
7.9184,19.0,5.970890410958904,1.1746575342465753,2782.0,4.763698630136986,34.05,-118.74,5.00001,34.05,-118.74,-0.010083679402353668,0.01875382724115965,0.018815036926177926,0.014327080852212666,0.05817309963481808,-0.0566856553360377,-0.007221686341694114,-6.523912518779254e-05,0.0021532382080460917,-0.0002710812372098302,0.012903334208031926,0.0032185504692463936,0.0011311299621944678,-0.0002269054197898818,-0.00022455970597118195,0.005862497601643049,0.0041098774182200684,0.005061944613792993,-0.0008292207314465273,-0.002782350469772955,0.0036091296772078423,0.006519777548202445,0.008524616874905078,-0.004035841642418074,-0.0030561083158072194,-0.030559579996657826,-0.02930944890212012,0.14719979611103223,6.992661,3.7021081,1
5.6197,3.0,7.465875370919881,1.2729970326409497,781.0,2.3175074183976263,33.49,-117.64,2.716,33.49,-117.64,-0.15687838971263013,0.028352815133540633,-0.0031611816362544327,-0.0003763923620562715,0.053219223091180295,-0.03936633580643272,0.007453534010217106,0.025432783262995563,0.0026567249130813055,-0.005235219153243256,-0.0543484593086777,-0.008171025805269544,-0.008311627211507066,-0.022302512809985305,0.0019736572130575813,0.002343947283272794,-0.02387804851991096,0.04677071926356077,0.001051682849018407,-0.0018352059782374313,-0.005492671696436934,0.001259225050874567,0.004033472255252838,-0.0024930196673691825,0.00048113024622576533,0.02398066703774711,-0.02358678447095928,-0.11632474105550193,0.6184369,2.9718761,1
5.2853,31.0,5.169444444444444,1.1944444444444444,736.0,2.0444444444444443,34.15,-118.42,3.559,34.15,-118.42,-0.006144364298894374,0.02042024308299203,0.0011203086038463058,0.0018563883617996274,0.06602699953124752,-0.03381000975764976,-0.0205865386899523,0.0027521796072230236,0.0006186628952694177,0.0022219985546821225,0.05050448721907495,0.0025012512209172675,0.0003679836347102538,-0.0003083311124597174,-0.0029301059035360985,-2.8976373317692164e-05,0.0021620208563251486,0.0068712803235465685,-0.00035482704904822734,0.0037574796228371757,0.0039728076357226924,0.00913162739554173,0.006377883308760042,0.00025257330448570637,0.0006408445697619476,0.02226858551084292,0.017348279006125556,0.12679148203531226,7.149733,3.6414447,1
8.153,36.0,7.580474934036939,1.108179419525066,850.0,2.242744063324538,34.14,-118.47,5.00001,34.14,-118.47,0.026680823415544144,0.029500662337941432,0.018473565507527996,0.01685414099702022,-0.08539650218421353,-0.07309845931533314,-0.006678326424049818,0.006481705233939727,0.0018596107490736246,0.00276080675146657,0.011652657203285514,0.003184910921034988,0.0017632999355946058,0.00110973785169581,0.001894288952566883,-0.008658926429248747,-0.010748775685644718,-0.02313449486711719,0.0010264388848354523,-0.0027399153418046444,0.007519051500581741,0.005830246079915,0.003096822502506055,-0.0006254634443958065,0.00018560229538269678,0.022564300933011514,0.008117240662563687,0.10262641672888385,5.438002,5.945946,0
5.1315,17.0,5.460176991150442,1.0147492625368733,764.0,2.253687315634218,33.89,-117.97,1.818,33.89,-117.97,-0.11238221083115911,0.01590638722761405,-3.6160769090956054e-05,-0.001956121113720771,0.04419063622184693,-0.021590709218337032,-0.007907274278993692,-0.0044345187296528496,0.00015245883746090613,-0.0019797151126915,-0.07922709052606208,-0.006274403433685974,0.0018668417523050446,0.0007559845157951081,-0.0028153195855130445,-0.0014817474238231427,-0.001186211883188264,-0.00043546827346112923,-0.00022089407166488346,-0.0005267595775501163,-0.0008748335091241025,-0.0072507591932791365,0.0032279942244855682,0.000375606082597622,-0.0001731433416925308,0.0247759207710202,0.0033892657710740647,0.0450385268595854,3.979341,3.2399049,1
5.5779,16.0,5.938223938223938,1.003861003861004,835.0,3.223938223938224,33.65,-117.65,2.348,33.65,-117.65,-0.05907762394063468,0.019207371197134466,0.00018211158206298892,-0.005074212800274606,-0.0298419839582554,-0.042130369164777096,0.0252763718255494,0.003978264852490212,6.123115919683655e-05,-0.0013689792741303818,0.06608000921389777,-0.0022826861884649905,-0.007611253150927624,3.738027654934381e-05,0.002238741607122383,-0.0004674687451280848,0.0020125757292802863,-0.00621088317126307,-0.0009423646902205728,0.0021000920861308807,0.004223509297044828,-0.006706527389953536,-0.004545145426342221,-0.00224771969062306,0.0019929210238459776,-0.004843089231728065,0.026286846537259857,-0.0441582116851259,1.9894853,2.4214613,1
5.5,34.0,5.84472049689441,1.0351966873706004,1429.0,2.958592132505176,33.87,-118.35,2.796,33.87,-118.35,0.03496012664175857,0.02053071124802279,0.0010469924231932862,0.0017677827880320785,-0.041745868796815286,-0.025313924785603032,-0.02698737390353308,-0.0015103748507213073,-0.00042590931385478404,0.001943462208525077,-0.013672469372944702,0.0019748799259360593,0.0010829368205986292,0.00019230560735777544,-0.00017032141034984663,-0.0004427063070829297,0.0004904926227878429,0.00016183553580437584,-0.00043610202036113265,-0.0014859321604961144,0.0015817970227600317,0.0017902125413405748,-0.0006787835831495723,-8.767761623826667e-05,-0.0002278027891445083,0.00822350438800808,-0.0007187793792237197,0.089103287327992,4.939484,7.125946,0
5.2865,37.0,6.169291338582677,1.047244094488189,1220.0,2.4015748031496065,34.18,-118.04,4.554,34.18,-118.04,0.06898108198229769,0.01949621861122221,-0.002477311659556883,0.0025098760508597464,0.10557656747759962,-0.027576596744673026,0.0150583334968922,-0.0024999340085962093,-7.727407945789283e-05,0.0019557547387514407,0.01624667313602943,0.005115621665877073,0.0005999283496883487,0.0013434990837922446,0.0003785994506510424,0.0019079808269710202,0.00014936905040547084,-0.001955085215638311,0.0007013306262368413,0.000583903452958613,1.991262094576566e-05,0.003632543261785501,0.001619512347684783,-0.00014412953607628541,-2.982785952038382e-06,0.029320433758750916,0.007628379530664214,0.0756659057143318,7.0245047,0.2817216,1
12.4429,30.0,8.267326732673267,1.0841584158415842,606.0,3.0,32.86,-117.25,5.00001,32.86,-117.25,0.006100067516263628,0.04163066500741987,0.007129540720657106,0.020051219172716322,0.07971937550776163,-0.08260361222244061,0.04948716820969141,-0.008909918473536263,0.0015552132208811575,0.0023477738300927906,-0.006458906388082505,0.0007962641255650836,0.00926427110376714,0.00010009561621840402,0.01200611467514251,-0.005026863162774761,0.0071281744653786646,0.06956283058032692,-0.0009137747481517557,-0.0010327811000328483,-0.0031180940413308377,0.0022759087291620047,0.0005762577126338732,0.003056527819536095,0.0007825745561765016,-0.005869058066638865,0.018269270587025276,-0.050761978782215035,0.84668565,0.7981206,1
5.3963,33.0,7.509394572025053,1.0835073068893528,1207.0,2.519832985386221,34.45,-119.61,5.00001,34.45,-119.61,0.05201503989654512,0.019035143113197827,-0.0017046263845485023,0.002312617363288862,0.13474583541122592,-0.030572327048031873,-0.022784068154284205,-0.007648335002203318,-7.098234731102958e-05,0.0018211502307850145,0.013482232543263958,0.0008760172109936999,0.0014013376555378257,0.001448891489121946,-0.0006461341685955385,0.003886150884261449,0.020085464606368876,0.00043822480253856227,0.0007248261813377468,-0.0013982808638456838,0.0037552280289239437,0.00584072667751335,0.0016438037403171879,0.00010400998176793291,-0.001011299054218819,0.02229135081738196,0.015886039552404835,0.06919376646674111,7.115903,0.7171558,1
6.1885,10.0,6.631578947368421,0.9818511796733213,1638.0,2.972776769509982,34.26,-119.17,2.673,34.26,-119.17,-0.0935991472897909,0.01475471632506728,-0.007054479291343899,0.004279836969781227,0.024142421620072366,-0.05663638503748658,-0.03186170411903719,0.012799580270251727,0.0018737585177123221,-0.0046238593681148426,0.042477192965303764,-0.0018998227277056703,-0.0003385080935881124,-0.0019904695646604607,-0.0024497469065139312,0.0029040107300920778,0.02135533311815609,-0.008214465164329329,-0.0013168303984028421,0.002533857358259897,-0.006216073771077326,-0.0054274285885991475,-0.00041329225279298755,2.5137015916493628e-05,-0.0012376657366639512,-0.003417631499551846,-0.0035889405553732844,-0.0095979382709422,2.8658488,2.8499246,1
5.4089,16.0,4.728026533996683,1.0381426202321724,1985.0,3.2918739635157546,33.86,-118.05,2.656,33.86,-118.05,-0.05643231438810284,0.004095232130074159,-0.00046182683082244495,0.009829730594486963,-0.032797215137259986,-0.016412569133545198,0.003464435879536924,-0.001671413857274365,0.00020927639249522013,0.004092811421549071,0.06760508723992101,-0.0011822364125305556,0.0005483011407334407,0.0014155911154812226,0.0022392849930614536,0.0001375566494361063,-0.001083188254102229,-0.0012142028639400648,-0.00037129200909012856,-0.0003425225678318514,0.00037032051321681095,0.003105525493369774,0.002710890937700929,-0.000522432132432369,-0.00010044336073150904,-0.002994142030891076,-0.0006285790549666127,0.05962840072594491,2.9574947,3.612969,1
5.8972,35.0,5.663551401869159,1.0996884735202492,853.0,2.6573208722741435,33.83,-118.34,3.509,33.83,-118.34,0.09829566691605711,0.01538653864314357,0.016861666322019027,0.00677959830291345,0.08888852857350521,-0.05017676142467428,-0.019260286340642866,-0.001836585578096979,0.0015640727451573494,0.0039006590439747794,0.004405447755924822,0.001958325004477626,0.0010678048813880096,-0.001329712216800986,0.0016189630474638629,-1.8962261645176234e-05,0.0004901014844317475,0.00010458560219968934,0.0006019062967542958,0.0003012268804122394,-0.0072832459933296935,-0.0064906883699276845,0.002400896056682903,0.00013870207550658315,-5.1694412976031624e-05,0.010491667308764637,0.005544700889583696,0.08804080392235114,7.067602,-0.19640598,1
5.3559,26.0,5.741496598639456,0.9546485260770976,1274.0,2.888888888888889,33.74,-118.04,2.358,33.74,-118.04,-0.010874395562499741,0.019509680863715243,0.0008482707382026462,0.0016545168967213983,-0.034068448676516344,-0.021446581763882516,0.010006334046724427,0.0011731573463122044,-0.0008098935806604296,0.0009763847725729879,-0.013052544712129913,0.004545785164670527,0.0007582354645716107,0.0028363230462662772,-0.00018525313855213154,-0.000444880694799323,0.0001548185939395361,-0.0005311430301673086,-0.0005528090323625778,0.0005880198552052284,0.0034334450367670254,-0.006449965106536323,0.0002530049737799598,-0.00023170243729370274,-6.09130318051199e-05,0.005155163908602917,0.0011575731739719424,0.0472566751691074,4.518269,5.5005484,0
6.6783,16.0,6.456876456876457,0.9463869463869464,1269.0,2.958041958041958,32.77,-116.92,2.75,32.77,-116.92,-0.06969980319532086,0.019497016585825675,-0.009627270429234754,0.005559001327990328,0.03497859880112813,-0.07187313639868313,0.09556387071339092,0.009165536520900578,0.0018245853618258524,-0.0027737031164138167,0.03642165495954364,-0.005901850039838314,0.0027706177554701946,0.0022315081421135055,-0.0022929334086476904,0.0017832477895556934,0.001373233697479517,0.01575435113630774,-0.0018385650089266146,0.0009306275153965837,0.002694527487162866,0.002237167803566305,7.466419530513378e-05,-0.0025949287223998286,0.0021944002707963007,-0.0008915504968923411,0.010636892733787795,-0.15111796788199178,-0.17691165,2.4666638,1
8.1611,4.0,8.394871794871795,0.982051282051282,1312.0,3.364102564102564,33.59,-117.64,3.48,33.59,-117.64,-0.03694295432683026,0.05116687776270342,-0.008522907168649002,0.011159808982677199,0.069292407083969,-0.08178833304761915,0.006750685952888818,0.0171826522964892,0.0018548580126284946,-0.004687064401902118,0.018114976412960945,-0.0013956543607585978,-0.008341912737557888,-0.0019175784524809551,0.0009287632594223837,-0.002179933737736917,-0.03880126092555279,0.052271700248990485,-0.0015762107790430555,0.0019939651285462326,0.004739154171432778,-0.009596633535894303,-0.001173878855037143,-0.0027913878069599726,0.0012447869413084846,-0.008932938632156984,0.0266714910369138,-0.11908640671572626,0.8668348,1.3521792,1
5.5464,3.0,5.224137931034483,1.0761494252873562,1486.0,2.135057471264368,33.7,-117.77,2.075,33.7,-117.77,-0.16294354629921579,0.015008903131463774,0.000170878902723392,-0.0006882337111213924,-0.01026185058695206,-0.028253679072058765,-0.00013849322515588778,-0.009719901623853274,-0.0008815302212454759,-0.007602670806304669,-0.10033428672951591,-0.003592945154545306,-0.008040459554825371,-0.0011507244304532036,-0.0004754766734720781,-0.001836332289380931,-0.002092365359607022,-0.009569388659130403,0.00010515343063835373,-0.0032244913267438645,-0.0012981014065584996,0.0005104411193272081,0.0011353717928305367,-0.0022011189490940084,-1.695247806895594e-05,0.021961145074382793,-0.03336285854241319,-0.14423048851568032,0.57928115,3.2701447,1
