feat_MedInc,feat_HouseAge,feat_AveRooms,feat_AveBedrms,feat_Population,feat_AveOccup,feat_Latitude,feat_Longitude,price,Latitude,Longitude,shap2_0,shap2_1,shap2_2,shap2_3,shap2_4,shap2_5,shap2_6,shap2_7,shap2_8,shap2_9,shap2_10,shap2_11,shap2_12,shap2_13,shap2_14,shap2_15,shap2_16,shap2_17,shap2_18,shap2_19,shap2_20,shap2_21,shap2_22,shap2_23,shap2_24,shap2_25,shap2_26,shap2_27,umap_1,umap_2,cluster
4.1,30.0,4.576687116564417,1.0552147239263805,1048.0,6.429447852760736,33.73,-117.9,1.664,33.73,-117.9,0.0048054736378116076,0.006356872269130942,-0.002337023949321197,-0.0016323989002167162,-0.03448029575704907,-0.007596604535845246,-0.0022253306062648354,0.0019425491599990023,7.447640913048529e-05,0.0008219513320597569,-0.018977075313797154,-0.0012703840216018764,0.0003919941707621746,-0.0006569535641752805,7.768318381739554e-05,0.002808243204171608,-0.001689283090105823,-0.004932293826910846,0.00047964864655360997,0.001036293641714056,-0.0025772667901201372,0.0031742557570945086,-0.008101790461676976,-0.00020260411979739282,-0.0009052589108089678,-0.03635094612070348,-0.0027097844047214536,0.047068318305359666,14.045161,2.5769024,-1
4.194,47.0,5.092857142857143,1.0767857142857142,1130.0,2.017857142857143,33.73,-118.3,2.939,33.73,-118.3,0.06751558962462452,0.020661732376771772,-0.004015285081423846,-0.0019567988882521364,0.14205824086554725,-0.011714248532877999,0.014795287014002014,7.719919187749362e-05,-0.0003359243585371936,0.0023795059239371088,0.08166352735391522,0.005779533749412841,-0.0005280261604542803,-0.0008194662425635112,9.87523359042765e-05,0.00035485776915836545,-0.0019236826173678052,-0.0012532446426437858,7.71729651111002e-05,-0.003097461465640824,-0.009140879284946583,-0.00685069947601759,0.004507382406867268,-7.14241614113031e-05,-0.00021711208228892474,0.023639999712762632,-0.0009686024903138292,0.05805776907132363,4.816006,0.14309487,-1
4.7,39.0,5.533333333333333,1.0405797101449274,867.0,2.5130434782608697,34.0,-118.45,3.347,34.0,-118.45,0.03665325380172809,0.018457346648201006,-0.0022790350223900334,-0.0014992494024302107,-0.00368081111855467,-0.017130431378487042,-0.019929334456700375,-0.0019066367416781472,8.372382670197365e-05,0.0015004769553828893,-0.020050173907702504,0.004851404848720499,0.0010744856095010666,-0.0009113791629828934,0.0003600229406446594,-0.0008202726661233411,0.002593042461321933,0.004968921611078102,6.954726314495806e-05,0.0003368678568886518,0.0038558375693535283,0.004127302895904776,0.0021976411597675414,0.0007067257128290602,0.0012294778470380823,0.027613071308323058,0.010280983600286644,0.18094172267967232,2.276277,1.7701777,-1
3.2596,48.0,5.145985401459854,1.1094890510948905,677.0,2.470802919708029,34.11,-118.05,2.724,34.11,-118.05,-0.022322144771497254,0.0067264819896559564,-0.0020401970889036324,-0.0014472981452698821,-0.0012191225406720434,0.028199817075762017,-0.020486117782564456,0.0006949918147826354,0.0005566720207393356,0.0004725430402915188,-0.007817665078305327,0.0024433646607185736,-0.002410903490566651,-0.00042358408802353704,-0.0032223991484204677,0.00029827266826884866,-0.002310249544821308,-0.0011670573219028692,-0.00042808509382671303,-0.0005282038311950028,0.0016083236821584918,0.008067157480181747,0.0017959026380542464,-0.0002942894271837071,0.0022935265295824657,0.03628215524530224,0.006450415590648776,0.08185828021281673,4.0308766,4.035176,-1
4.1488,38.0,5.438967136150235,1.0586854460093895,1155.0,2.711267605633803,34.1,-118.04,2.353,34.1,-118.04,0.013073146398514163,0.014886033762272094,-0.0026793254421391436,-0.0017057739275214508,-0.04269560885885022,-0.008100367772738093,0.002596643452202687,-0.0011417004769227659,0.00015778494801881645,0.0010551879900707582,-0.018003932736835256,0.004520088893645475,0.0008928380891156135,-0.0006839116265720307,6.58363190629368e-05,-0.0007671415288611244,-0.0018423894904514646,-0.00106731492801939,2.951179600522182e-05,0.001208635439784841,0.0010016200365844529,0.0034583127465329985,0.0018771901879060275,-0.00017520420667488265,-1.618259001188393e-06,0.008266525290905161,0.008831836050363523,0.07367209309792354,6.8632264,6.39293,-1
4.6806,18.0,4.633802816901408,1.0140845070422535,209.0,2.943661971830986,33.86,-117.85,1.875,33.86,-117.85,-0.002613895846685605,-0.00442664300425836,-1.572010186522618e-05,-0.007714041510623364,-0.006132227543734015,-0.013497128280792976,-0.028165401056672063,-5.706480372513807e-05,-0.00026693310002002434,-0.0012088160037237129,0.01323767347989549,-0.0024318356793447972,-0.001183278961760201,-0.0006639701896248033,-0.0005734515648653811,0.0020367818745879764,-0.0026351364466839873,-0.007400357288634192,0.002428051960115869,-0.0009262105258950784,-0.0011370168689059093,-0.006605984937656936,4.5505931901593076e-05,0.0021094908045907594,0.0027729896477411893,0.005805181132195391,0.009468841125574286,-0.003189410271422766,9.898665,6.0038095,-1
4.4625,37.0,5.042553191489362,0.9574468085106383,769.0,3.272340425531915,34.09,-117.93,1.542,34.09,-117.93,-0.0028256456598172177,0.008243240285952363,0.0008458899969494454,-0.0024339928114203036,-0.04192046080360668,-0.01325791478512835,-0.01357995264992944,-0.001356715642618832,-0.0008302269127327473,0.0016057533835184068,-0.0217578610906707,0.0025085124231212837,0.0009513003478670043,-0.00045661386094068346,-0.002637293198308314,-0.0009302550636595814,-0.0019503607555169883,-0.006136213596576216,-0.0004752904674608498,0.0023074404165394006,3.9029017762708454e-05,-0.0062598902614024,-0.0019580550051687103,0.00039659675336018905,0.00022863897017515975,-0.007307068499483071,0.009063362720089615,0.047615407884623956,7.910845,6.3830276,-1
4.675,34.0,5.3486590038314175,0.9386973180076628,661.0,2.532567049808429,33.88,-117.9,2.154,33.88,-117.9,0.0030230677577013066,0.013787084203806638,0.0015836095071465343,-0.0016079433784117654,-0.003798738775056676,-0.014811056572119626,-0.029144424487983808,-0.0005089379470125629,-0.0011364125076229492,0.0016407229817697899,-0.0017178834419950813,0.002618561052581651,0.001109912637244208,-0.0007516447751136444,-0.0036442407314736507,-0.0009585667408689208,-0.0018345998666315225,-0.006630824576516553,0.00409419762808701,0.0007912195272062067,-0.004616826544582751,-0.01715638694551148,0.0023434929827645095,0.0008225952431991423,0.0024715408974361956,0.020848172692364945,-0.0006056006149705946,0.03889711179464391,6.93119,5.2051806,-1
3.9224,17.0,5.00216684723727,1.0639219934994584,2303.0,2.495124593716143,34.39,-119.49,2.306,34.39,-119.49,0.006445349245334201,0.01846654466699549,-0.0008550342936000242,-0.0021176772874435114,0.024988896282903825,-0.006675253909846463,-0.020300686453489,-0.002468271690834069,-0.0008161563231599983,-3.287704605806237e-05,0.004138363351794317,-0.005533287050001413,0.0005280491668284197,-0.0011084194926560867,0.0002594944472532583,-0.005250745658326123,-0.011606077455421653,-0.000985543535000141,-0.00030362593213828124,0.0006156302757660368,0.0024764110167052205,0.004941351992716322,-0.0025788016109967336,-0.004132043870606564,0.004456480349403108,0.027596335636520433,0.009490401091463733,0.05506406398885119,5.6682963,3.9165416,-1
4.1727,10.0,4.101503759398496,0.9774436090225564,517.0,1.943609022556391,34.15,-118.45,3.326,34.15,-118.45,-0.06657878902383307,0.018739216792164528,-0.004226830061658528,0.00011773669784683079,0.0804577566810828,-0.007707276379985716,-0.02593352125627543,-0.0067875801022804355,0.00021645497614699726,-0.005283645158417982,-0.1426340832255438,-0.006812677606773321,0.000876422147930958,-7.097926322219145e-05,-0.003251952084996763,-0.002954207768566744,0.0014651884944076083,0.007041496227448666,0.0018347790036491783,-0.006044755429836302,-0.005146126191584592,-0.005757372177855919,0.0015871733598472406,0.0002500876264169118,0.002211855102458242,0.024592404460913573,0.016772353859697383,0.1083452229211396,2.7791188,5.53721,-1
3.4047,26.0,4.481052631578947,1.085263157894737,1861.0,1.9589473684210523,34.44,-119.74,2.945,34.44,-119.74,0.026056614961377,0.0152249373041819,0.001107686600757551,-0.0026021269435349288,0.11785450012847956,0.03600140696871125,0.00867783333449418,0.0023026286013738744,0.00020455331405949852,0.0004971788143943404,0.05155452253013724,0.006053985259092797,-0.0005068610192981395,-0.0006891531995144085,0.0003068139547109944,-0.00615734125990993,-0.011427259823461992,-0.0032479277649233636,5.300735110612743e-05,0.006197501110095707,0.004035251825839114,0.007207344981966518,0.0017729175191288804,0.0006072645411267213,-0.0008758845694808488,0.026830682419370352,0.027137525821252752,0.06491650805426437,4.7160945,0.995648,-1
3.2083,35.0,3.940438871473354,0.9968652037617556,764.0,2.394984326018809,34.16,-118.29,2.38,34.16,-118.29,-0.01664691619283914,0.03163386506816218,0.0012521393216666813,-0.0015922636885071844,0.010498416473354527,0.029235037290617254,-0.022955213707021197,0.00010892506589826507,-0.00045353060855196934,0.0006455792157337488,0.009024433242236138,0.003325958242884174,0.00012397899857098985,-0.00035620729371421255,-0.0025403896820307614,-0.001956790515137992,-0.0006645322743043804,-0.0043109967415719055,-0.0005310763654995407,0.0016101003167559582,-0.0038852474353086573,-0.004361223397183603,0.0021529648063150332,0.0003789182017820348,0.0002907484927068727,0.0371687195511755,0.005678816918306688,0.06848582471730116,4.129638,3.694962,-1
4.0052,35.0,5.336898395721925,1.074866310160428,1933.0,3.445632798573975,34.1,-117.92,1.607,34.1,-117.92,-0.011828058844923583,0.010531005036686771,-0.00259001316104511,-0.0017718182561704443,-0.046280924576697226,-0.005195875624265517,-0.0030508606796074422,-0.00040281917992338154,7.447640913048524e-05,0.0001511800439122967,-0.024032099482060844,-0.0008782918021358207,0.00030339003504055255,-0.0006790130696679186,0.00043266582513006187,-0.0012726910034221704,-0.0016289362712025087,-0.005201594866815524,0.00043185960251758545,0.0022634996902486013,0.000377725888869968,0.0035814378098570293,-0.0032962129587722107,-0.0018367778265352696,0.0008237324983325986,-0.033696033883087735,0.0019628375081191165,0.05358545527981018,14.421374,2.5004714,-1
4.7269,48.0,6.975274725274725,1.1675824175824177,930.0,2.5549450549450547,34.19,-118.13,3.039,34.19,-118.13,0.026027936987335434,0.022237783256617745,-0.00160932665797737,-0.002110176125144969,0.0023325203623853646,-0.010982788571499156,-0.0013267878090971604,0.009920288172367935,0.0007964057194768391,0.0013833956398939529,-0.021146052684094203,0.005938776490062017,0.00105784039965799,0.001326956456751536,-0.00013696684931040052,0.003248075763622011,0.017139318457332398,0.01760093152802761,0.0006520756735935733,-0.0009248043563378619,0.003359269448993699,0.008785951865414962,0.0022712168230872506,-0.000585959434152251,-6.739117696488814e-05,0.015436545922024082,0.009615482523906418,0.07151120947755935,5.9357233,5.5665846,-1
3.5486,35.0,5.041388518024032,0.9786381842456608,1583.0,2.1134846461949266,34.01,-118.35,3.321,34.01,-118.35,-0.010253459872925929,0.012957198847108149,0.00022191496292892584,-0.001994384285190914,0.07352264885938761,0.03735307563404018,0.0069471980556374225,-0.00016516667395680175,-0.0004161390517533378,0.0009783759770066295,0.044354644382790215,0.003293112807097775,-0.00028325790616690207,0.0006363892962672057,0.0005403506994763694,-0.0072978618249862895,-0.0011395505896024448,-0.0015039890157934712,-0.000513657801333449,0.007487147419786659,-0.004661148679506921,-0.006596671798311123,0.0015707777534700335,-5.394191764674782e-05,-0.00010334108269930298,0.03478061559620208,0.018455973523239837,0.0965578305771955,4.332152,1.4763827,-1
3.0707,52.0,4.92326139088729,1.1510791366906474,900.0,2.158273381294964,34.05,-118.38,4.179,34.05,-118.38,-0.018665828889720907,0.010098556896720621,-0.001591555444400011,-0.0017175942875122024,0.05602163147784702,0.030092026474284585,0.01462438012885314,0.0036145663968023306,-0.0027790167201612852,0.001232863422316315,0.022989510748885323,0.004943074339824849,-0.001130496672955534,-0.0008360533120795512,0.0001783538707415264,-0.00936465037054582,0.0009043946444473865,0.0036364182400943756,-2.27475181096524e-05,-0.0048683068365605415,0.0029798425680314126,0.00864173241656659,0.002618026429005059,0.0007566008910323679,0.0010885417162412553,0.038475449135815354,0.027561004349008253,0.18977602314437803,3.0824912,1.2749606,-1
4.5455,25.0,5.511326860841424,1.1067961165048543,775.0,2.5080906148867315,34.68,-118.14,1.265,34.68,-118.14,0.019093957943895148,0.017302888160030103,-0.0015053595811215718,-0.00197071019191258,0.005681337951680219,0.01597436255059729,-0.00459992539534056,0.0012852190898330243,0.0005502873108619161,0.0009998426571153382,-0.0010310907117010526,0.0016610622559799638,-0.00012065122512379955,-0.0009109758975512821,0.0001846724220820231,-0.00019702121479715955,0.00022384672252227032,-0.002004951439837156,3.761807790367912e-05,-0.0016407035968384947,-0.0004171367187934878,0.004773661885327252,0.0015567301875926798,0.0016806039774686296,-0.0007163046817502972,0.011490961347409238,-0.006055794065673165,-0.12310594592081274,10.385931,5.539302,-1
5.1165,40.0,5.747368421052632,1.1210526315789473,457.0,2.405263157894737,33.94,-117.76,1.842,33.94,-117.76,0.04696981747614912,0.01864255625463702,-0.0018955906655590707,-0.006847476029509052,0.020096833116235936,-0.018199003887902566,-0.02147940357328269,-0.0016537302912549804,0.00022075817938714616,0.0014442771069287496,-0.011022312518117836,0.003141569888564541,0.004553174900243377,-0.00028452415466421365,0.0024251618074511093,0.0016147221488319746,-0.0009296220826636934,-0.009769819402269406,-0.0017497979479900907,-0.0014217354480298722,0.002292627729971924,0.005287853662448679,-0.0010275881314410493,-0.003954259469487104,-0.008713683222855824,0.025982825934614977,-0.019917255994067073,-0.1309926029879084,10.342264,5.576336,-1
4.7341,4.0,5.274753758424054,1.130637636080871,4762.0,2.468636599274235,33.66,-117.67,2.374,33.66,-117.67,-0.054540071974010326,0.014440293833732841,0.0005412598902570552,0.008578472406956212,0.009161422799032646,-0.0265995579327402,-0.004800658085550899,-0.005973897349374532,-0.00048198763835420437,0.0021000050795293244,0.003281719698075876,-0.0036553265588109307,-0.005694941419739296,-0.001128658597182638,0.0017718571629061137,-0.0007318643659772691,-0.0010849917532128562,-0.007144808405820465,-0.00029436960711572954,-0.0008800429015516153,0.003979252253913004,-0.0010222474737881274,-0.0012521163695962735,0.0017420393181696706,-0.0011442486761869804,0.018015586915908252,-0.016244490281242925,-0.08673981197184208,10.229174,5.707217,-1
5.1815,36.0,5.569506726457399,1.1771300448430493,792.0,1.7757847533632287,33.71,-118.14,5.00001,33.71,-118.14,0.05732009411578176,0.020307156869694754,0.006410433488789619,0.001571170080606798,0.1492318673252072,-0.004541444481557972,0.021456025606606987,-0.0019033903703415047,0.0007058949436003954,0.0025019612553472278,0.09020775109611719,0.0036692869502937793,-0.0003616998913524559,-0.00044057404593942495,0.0012218502139501807,0.017837234753398185,0.005262132575938073,-0.001101155185252431,0.00012868986696628793,0.024116562897505398,0.013400079371224297,0.004982248138957276,0.007704255838821354,-0.0018138675068934214,1.0441573956898526e-05,0.052909154643955396,-0.013919606634805822,0.05314740909044545,4.819766,0.09725751,-1
4.3036,35.0,5.699059561128527,1.0626959247648904,828.0,2.595611285266458,33.88,-118.32,2.821,33.88,-118.32,-0.0005319050923426731,0.019087247127449976,-0.0025200265179974365,-0.002537280255110608,0.03687132893960486,-0.02002721854511279,-0.010627937113965815,-0.0014281385849858955,-7.727407945789283e-05,0.0015004769553828893,-0.002818939518979083,0.0019927479015624007,0.0010128194586330843,-0.0011215366059433617,0.0019506076700617839,-0.0016623334254743404,-0.00021577541603439628,-0.002602992755573589,1.4295474738212678e-05,0.00033726782546949135,0.0031178219773344575,0.0018618771736076823,0.0019981873629181805,0.000117673642016561,8.712973114713315e-05,0.012803957048533595,0.005445171268678363,0.06309904212431694,5.6167817,3.6652446,-1
4.325,37.0,5.074380165289257,0.9793388429752066,572.0,2.363636363636364,33.81,-118.13,2.239,33.81,-118.13,0.006386318353574401,0.01742929506578992,0.0007538127818361753,-0.0013297786572504786,0.037748548194199955,-0.01519503542223858,0.0005454292351995251,-0.0008409290314244191,-0.00045914624276151126,0.0016298647294188426,0.019777972648508713,0.0057917815765261855,-0.00012990764321823477,0.0001748522347379099,-0.0036280485424337637,0.000929616340357267,-0.002228361260828186,-0.0006225761783525259,0.0014515592306832829,0.0012913456588210164,0.003551945629110185,-0.007529849505727175,0.002301736747087484,0.0002985410012952394,0.0019905522491969257,0.03351777277203261,0.00456322777958266,0.04373947295011903,5.8053155,3.659786,-1
3.6823,18.0,4.003267973856209,1.0359477124183007,694.0,2.2679738562091503,34.41,-119.71,2.55,34.41,-119.71,-0.011450558627640023,0.031061387961843028,0.00041339506399599947,-0.0007878698606403679,0.029470196519656638,0.027232228898866846,0.006255066714872411,-0.0009200502415689948,-0.00046000937915543816,-0.0002452743625475738,-0.02992612797301687,-0.004789856799906728,0.0022185477816747657,0.0005367082068772414,-0.0036700756122859906,-0.00253675412869909,-0.012001840722964228,0.0012997856576441008,7.811505241087801e-07,-0.0019016506715149482,-8.137644547795574e-05,0.004409187449730225,0.0021814886619581863,0.00045089034087685096,0.0010304855368052535,0.02644888692162212,0.011985768468486122,0.06651103721755434,3.9278343,4.929854,-1
4.1354,52.0,5.202868852459017,1.0184426229508197,1152.0,2.360655737704918,33.82,-118.17,2.682,33.82,-118.17,-0.0012079419817139767,0.013979854317322517,0.0006456315409526062,-0.0019504994183693978,0.029481917896810785,0.0010395502046137118,-0.0015702177260876744,0.0021054879220466197,0.002572186960185446,0.0012693995467852898,0.004459957967650588,0.007380596093408388,-0.00026845113585878636,0.0004381282344667491,0.0005491188565891669,0.003796786295423956,-0.0019958418697136413,-0.00042331481139058606,-0.0003562867601536556,-0.0005687449306199343,0.0038056928544924415,-0.007116420529578032,0.002217182771887641,-0.0002446260246709727,-0.0001134296618796596,0.03569669365981782,0.0013806756005707368,0.043977424765564044,5.6473494,4.080306,-1
4.2083,14.0,4.825737265415549,0.970509383378016,874.0,2.3431635388739944,33.69,-117.8,2.51,33.69,-117.8,-0.035298921795508316,0.010963538407587466,-0.00027176397845847956,-0.002319628811694873,0.023387798609829178,-0.015267873553795757,-0.0120636815085191,0.0009964225346670472,0.00027783064246968717,-0.00032697184103040917,-0.03875345115834128,-0.006251551935895813,-0.0035522238194294763,0.0007921250250245782,-0.0005353970363691729,-0.001847855759371999,-0.002830895265032123,-0.008947850277167288,-0.0005865255173944592,0.0012418184596909075,0.0025392277472869153,-0.006170073960080988,0.003010241010898013,-0.0014790733264274025,0.00013416729528434199,0.026705358584113346,-0.013398803906344244,-0.05732674909448523,10.054821,5.4706717,-1
3.3266,28.0,3.5210199862164027,1.0213645761543764,2313.0,1.5940730530668503,34.02,-118.5,4.833,34.02,-118.5,0.025828793379963688,0.008093726959379816,-5.4657713432702714e-06,-0.001992210082999159,0.10207524601160803,0.03868508109975679,0.008995788587116322,0.00255071660434838,-0.0004984687733680022,0.00032091243908186464,0.05072202515957824,0.005922967482818417,-0.00045872215355379766,-0.0007253932726341367,0.001854812398162603,-0.0313268539475341,0.005235938858141731,0.011476356106258707,-0.0007316553264533313,-0.02754009711709578,-0.014414105215571626,-0.017681985888839007,-0.0012605830814257138,0.0004560517269017404,0.0016480231841502324,0.04268591494623515,0.06498381159656948,0.18445523776594164,3.4326744,0.97498894,-1
4.7241,46.0,5.375757575757576,0.9545454545454546,753.0,2.2818181818181817,34.17,-118.1,2.796,34.17,-118.1,0.04394518860997793,0.015467377179149807,0.0005465861871647864,-0.0017542109302819977,0.024480311875189335,-0.009950066118038507,-0.0018185901137256107,0.0010343183776051804,0.0027362713043317874,0.0014454122412284986,0.0024814656589293984,0.005492253314890066,2.2111951005232157e-05,0.0004525897693209514,-0.0036907168170503633,0.001988954713427498,-0.0029016762624755254,-0.0015340233740246483,2.3247908335910546e-05,0.0033128142491491777,-0.0005255935577426331,-0.007254504262583068,0.0024226471635861494,0.0003514995267086814,0.00023947924497320184,0.03304273896223683,0.005775013904284422,0.0666011495280024,5.998192,4.3043003,-1
4.3,32.0,5.740112994350283,1.073446327683616,729.0,4.11864406779661,33.92,-118.11,1.513,33.92,-118.11,0.005644668713967453,0.014468687011159638,-0.0024666018660671205,-0.002372732077910256,-0.05602668596806515,-0.019627263849511262,-0.0030538559199734154,0.0006614664903559929,-9.594623884284122e-05,0.001256305418419835,-0.021811075961194644,-0.0015199892502941,0.00013454763116007776,-0.0007752549875500188,4.134051721039464e-06,0.002804315112096794,-0.0002864045981422205,-0.0016032952738094862,4.411894700799035e-05,0.0011686770747614949,-1.0811564611027327e-06,0.0032726825778685254,-0.006973599244319867,4.820736668002423e-05,-0.0004986082582937309,-0.035894082692147576,-0.014379681499101148,0.04428164757643825,14.255013,2.9772556,-1
4.0385,12.0,4.565573770491803,0.9815573770491804,1122.0,2.2991803278688523,33.67,-117.99,3.5,33.67,-117.99,-0.0009936357318515202,0.007173431163800394,-0.00035774684981806134,0.00015920670847454802,0.03574546367657937,0.03453322299336824,0.009280455706277634,-0.002906370139917975,0.00027290221398571277,-0.0009195130948217296,-0.027182920751888637,-0.006764829581882554,0.0019981363381173576,0.0008613636620959627,0.0003209774147994442,-0.003493915694051706,-0.001323951749481914,9.555003176144145e-05,-0.0005707096175497371,0.0011327674162675814,0.002484121952233533,-0.007623498372811576,0.003955215785454022,-0.002146138340720487,-0.0001830062317671269,0.037330841867742055,0.006408403940440298,0.054988787911827985,4.0730224,5.083494,-1
4.2143,33.0,5.41031941031941,1.063882063882064,1135.0,2.788697788697789,34.25,-118.46,2.242,34.25,-118.46,-0.005515646475541697,0.019489428991224418,-0.002679325442139144,-0.0022759660942249485,-0.024623012680738493,-0.028846156030729524,-0.023815559955052173,0.00123174466359486,0.00015698501085713757,0.0015780105972414767,-0.008742420446672682,0.001744070597174721,0.0009672614327891786,-0.0006876832412019826,8.33166508849143e-05,-0.00021694286543737289,-0.0032652599241442324,7.20989322936258e-05,2.951179600522182e-05,0.0005632291183311214,0.0019233751529356346,0.0029122395995042002,0.0018875719414072067,0.0006234592345385123,-0.0007807742260049592,0.011319822831739601,0.012619709562738848,-0.006753091047768377,9.794446,6.1952596,-1
4.2917,44.0,4.97093023255814,0.9680232558139537,786.0,2.2848837209302326,33.83,-118.13,3.147,33.83,-118.13,0.04431353308312244,0.013046889162915345,0.0007216827552217135,-0.002768682147061504,0.02847876362003458,-0.015423508136031001,0.00046582911026905025,-0.0006660719137109437,-0.0004209547488012008,0.0014412677040203676,0.001415356587794547,0.005737407636208095,-0.0005053023447241936,0.0005790374683595552,-0.001015266722879199,-0.000875343973278074,-0.0020206165656587805,-0.0007767862200807501,-0.0006075557125487078,0.001187390335854426,0.0035519456291101857,-0.007352873983301528,0.0024330755314840666,-3.5339175822837634e-05,8.503827821596685e-05,0.033257747454380725,0.004878374255733321,0.04327175384332556,5.987078,4.1887593,-1
3.8275,32.0,5.152400835073069,1.1524008350730688,1190.0,2.4843423799582465,33.97,-118.03,2.385,33.97,-118.03,-0.005700607864669247,0.015588904903036214,-0.0016033310510673738,-0.0015176745150608524,0.00028966415193483035,0.006829410962996645,-0.006434897149609072,0.0020491963807015485,0.000581271338470786,0.0008253900533070837,-0.002247751850141229,0.0024925193473155248,0.000684990296510277,-0.0006871399668330008,0.00015684288279390655,0.0007917762531991063,-0.0014541878997240288,-0.0008874973621294849,-1.961528170790014e-05,-0.001049796135923254,0.0014855542595015611,0.008169369345522311,0.0013871716059180603,-0.00014787364126900757,-0.0001808716402921757,0.033691935572647665,0.004762435440870511,0.05632764455119823,4.871109,4.329619,-1
3.301,27.0,4.439624853458382,1.0703399765533412,1992.0,2.335287221570926,34.13,-118.07,2.512,34.13,-118.07,0.0017379366221816745,0.01424238729790041,-0.0018864138131323774,-0.002480619510951687,0.02673048916309869,0.029040877012166996,-0.01971187172585111,0.0021286240394621588,0.00016260064506667948,2.3310804425729023e-05,0.009844732959589677,0.005734646702587507,-0.00014031026984300096,-0.0006803265795532738,0.00030341337064517876,-0.0017175731189616582,-0.0010735768278735314,-0.001376017241587601,3.0205405279056008e-05,6.254786550944406e-05,0.0007663106836031524,0.004120287069024759,0.0009934961765961118,-0.0004368998443345134,0.000265024056770386,0.035730923414702194,0.00795615516572173,0.08288001574181741,4.7467246,2.5032163,-1
5.1155,35.0,5.68936170212766,0.9957446808510638,692.0,2.9446808510638296,33.91,-118.02,2.137,33.91,-118.02,0.002577862158685752,0.019211472867641948,0.0010864360174261273,-0.00101882211187698,-0.023853666053753088,-0.016431120868761834,-0.012323273607907552,-0.0014037595784984367,-0.0004398636656069693,0.0014832565965272521,-0.012961924211068917,0.002028815646858797,0.0010437378778396704,0.0009198990168199344,-0.0006008373432580115,-0.00037853033798634087,-2.2892092937727403e-06,-0.0006522101736362306,-4.1783648559193414e-05,0.0004788865784586551,-0.0012128055641348725,-0.006432187267650704,0.0019959397824272015,-0.00026664540510424304,0.0017469487819090637,0.005595414582380225,0.0036212553140983934,0.04328254690041799,7.690355,5.807904,-1
4.3362,31.0,5.945098039215687,0.9333333333333332,596.0,2.3372549019607844,34.16,-117.25,1.594,34.16,-117.25,0.015181879034780271,0.014962382249873805,0.0024137028306589945,-0.0013240175045140749,0.04059728444258756,-0.018485882435468243,0.008855764469811619,0.0018515012830423458,-0.00039926046866089565,0.0012508685493785978,0.02420637652115374,-0.002118520653568056,0.0026540111941037725,0.0019062484545123454,0.0015719085313943045,0.0016851161718216393,0.0024006355892200017,-0.008425536779236766,0.004585376098171649,0.0022001279723345784,0.0029335410809298757,-0.0031908026340662717,0.0023826208811943425,-0.0036350120703478447,-0.008234131891129086,0.021579209408079447,-0.03472858713455304,-0.16219353046400137,10.351471,5.5330405,-1
4.6957,27.0,5.514035087719298,0.9421052631578948,1760.0,3.087719298245614,34.43,-119.8,2.715,34.43,-119.8,0.010906053472556252,0.017364234452015494,0.0014920166470369831,-0.00022805026496972345,-0.016646858508280068,-0.021461597952748886,-0.021299698024146156,0.0018105179999594356,-0.0005713059865042338,0.0007172658489663459,-0.009266122820155081,0.006924099630290218,0.001772377109574197,0.0017985053332621541,7.011837431669526e-05,-0.00016809235858884113,0.0011960677421472712,0.004039333389054561,0.0034995970082756863,0.003637823431701256,-0.004474351089764544,-0.026863390282206703,0.0002423698992175202,0.0010236025001707347,0.0002597028728067482,-0.0036100661499953125,-0.01078397332458996,0.023026732520109373,8.521066,5.975918,-1
3.9375,48.0,4.643939393939394,1.0909090909090908,370.0,1.4015151515151516,34.08,-118.38,4.5,34.08,-118.38,0.04406190503079583,0.015575046051051953,0.004465092335398772,0.0034196516538438425,0.18101812792238542,0.0008657251379289975,-0.01971385996931112,0.001342190468568321,0.00040412830327730455,-0.0014819730830707867,0.1357666355489093,0.0055621970787044315,-0.0022284985545630923,0.0005770664214629673,0.0010202264040020583,-0.037372219123080926,0.0017527713036117178,0.006670596984575968,-0.001691895979703538,0.046398838847470814,0.010421965139344357,0.014625468930165338,0.0002933030791678288,0.0014873600176177277,0.0035840731152657116,0.06060142970717762,0.0866939231873319,0.1434059855365945,4.453871,0.36119813,-1
3.0973,13.0,3.832264957264957,1.0667735042735045,4293.0,2.293269230769231,34.18,-118.3,2.519,34.18,-118.3,0.032940980621302955,0.02467154029462526,-0.0006449882875641957,-0.0005709853108292943,0.01153107558456339,0.02217221075214565,-0.009064765824686323,-0.00243671754511197,-0.0008297171986400773,0.0005471482811380907,-0.0300707402132768,-0.005413420095862568,0.0021138250088946404,-0.0004315303705992999,0.00023364736696365423,-0.001417336656802176,-0.002519229975110349,0.0015096765643120124,-0.00033874739247190244,3.7605740593483414e-05,0.001866742936749442,0.0020405831803236704,-0.0021451832083199105,0.00013633031061926245,0.0006979009639875627,0.030242683115056363,0.008209507793978443,0.0708454711455023,4.438149,4.9151707,-1
3.8864,33.0,4.2175141242937855,0.9350282485875706,1571.0,4.437853107344632,34.04,-117.94,1.589,34.04,-117.94,-0.010073544232212408,0.020490082147823673,0.0017165931113586948,-0.0011692995813833314,-0.03186969691685199,-0.002478274033707541,-0.005645198333284767,0.001591867307443348,-0.00042330244984259684,0.0009082187288607282,-0.023551485330260597,-0.0013132406944262732,-0.00011122434147392154,-0.0005089062665638531,0.0005747298100327545,0.001120690792535588,-0.001596612519275594,-0.00509219476454518,0.002715838101696575,-0.0005208775457696669,-0.003553332723868452,-0.016716649364098602,-0.003710822194033356,-0.00017949729324650751,-0.00048348990159834246,-0.03477004455689545,-0.0006154614808948375,0.040073731223788996,14.336281,2.274874,-1
4.6944,36.0,5.299559471365638,0.9515418502202644,1242.0,2.73568281938326,34.23,-118.56,2.218,34.23,-118.56,-0.0028878860551796383,0.017386137959912916,0.0008836034458186174,-0.0010399686389341064,-0.023710830999660332,-0.02099126873021439,-0.023669666633777398,-0.0013966199842793212,-0.0015433369705130993,0.0019110871030165754,-0.009164902812870588,0.002067258836294856,0.0015848662444174495,-0.00032907735085061917,0.0007281060659730232,-0.00017931202626655658,-0.004416197838632998,0.001978394032283212,-0.0004154600299661319,0.0016242984583568088,-0.0068003954175753865,-0.004767450404806457,0.0010702202145016287,-0.00033341118917126024,0.00043925826722636933,0.011536760291226715,0.012014648365593907,0.03688225541627586,7.914696,5.6885858,-1
3.2377,32.0,4.521590130226183,1.0822481151473613,3689.0,2.528444139821796,34.15,-118.01,1.841,34.15,-118.01,-0.007455032108639665,0.015665367924186362,-0.002599649957245964,0.00048666102677498094,-0.03999955909273689,0.02567407274231082,-0.013397824579775421,0.0017980906741992464,0.00016180941893640082,-0.00010691537114903741,-0.00454498897060225,0.0025203862820764684,0.0008072664633803814,-0.000693640968029198,0.00039178588365057406,-0.00043681085195747314,-0.0011004552344579695,-0.0010353314432622008,-0.0002893173761891395,0.00045962780370130337,0.0023080466411031977,0.004643379478800661,-0.0018856886321653224,8.687115300269664e-05,0.0006920482854420322,0.026828628891652037,0.006962204016510466,0.0823394256590735,4.0078244,4.028123,-1
4.675,24.0,6.412735849056604,1.0235849056603774,1318.0,3.108490566037736,34.19,-118.95,2.288,34.19,-118.95,0.008810900950485902,0.02254534688878018,0.0009533295321825114,-0.001028652498663998,-0.0072846241164300374,-0.018863356120197936,-0.024718214094085207,-0.0015434030928010618,-0.0002713046557230626,0.0009084596736776222,0.01798703166981979,0.0057000278489112875,0.0017857119032137151,-0.0013814118447062905,-0.0031169716559962357,0.0008351155167802995,0.0067325599771779114,-0.003216950513895847,-0.0010613324742550212,0.0016301318483813193,-0.004846518762103429,-0.004787919630061799,0.0006850304929273997,-0.0007376283479605806,0.0003859020841922522,-0.001973633843711532,-0.010176017696239556,0.04851015052538682,7.27982,4.384649,-1
4.18,23.0,4.936633663366337,1.0336633663366337,1488.0,2.9465346534653465,34.27,-118.74,2.15,34.27,-118.74,0.008736264346696207,0.004805906110658072,0.00045616378282892483,-0.0015363824757488856,-0.013069749268491027,-0.02811378014647312,-0.023977716662543253,0.0009419918632073262,-0.00029231785283028046,0.0009416965431148568,0.01177264655267177,-0.0007769528196062416,0.0017942244154866014,0.0011550450862304934,0.0005283290160644004,0.0010229021262174324,-0.0077397207244885155,0.004268882305282472,-0.0004401364890789216,-0.0015549908631875792,-0.0002672033879261346,0.0022346634990697166,2.897058978679137e-05,0.000613847166207463,-0.0009272971728590369,0.006103315534466586,0.0054352506648275446,-0.0038204109819403565,9.833112,5.922956,-1
4.1429,52.0,5.460829493087558,1.0898617511520738,1053.0,2.4262672811059907,34.08,-118.32,3.803,34.08,-118.32,-0.0048962257145062716,0.01633744619738908,-0.001558069599079154,-0.0020549992274877765,0.009055919206697004,-0.004991579335054563,-0.008507917967069803,0.0019193492653807802,0.0031138950044591073,0.0012947521668182937,-0.009709113665711328,0.0073043776686860604,-0.0002325668011871833,-0.0008267414012677989,0.00011639227909616948,0.0019173203535600121,-0.0016629638329091385,-0.0016511826155451842,5.327218646352348e-05,-0.0014634370757627838,0.004748466147330526,0.003087105645723241,0.0022253387822695854,0.00013556230331501594,0.00013657498245271303,0.03466015380330228,0.0007064582214756705,0.08588014253799364,4.7496977,4.090122,-1
4.5368,37.0,5.720250521920668,1.0521920668058455,1468.0,3.0647181628392484,33.94,-118.32,1.688,33.94,-118.32,-0.004043983074550472,0.017617896785728504,-0.0027620239205266668,-0.001982326739119309,-0.021558626290796898,-0.01489065327500059,-0.014057044985213471,-0.0024534810783133597,-7.727407945789283e-05,0.0015995881750325027,-0.017466887539263398,0.002615655574703466,0.0009513003478670043,-0.0011283903725278176,-0.000330533428996883,-0.0004423271965660724,-0.00036021274206965285,-0.0026110437557438524,1.3032255096615133e-05,-0.0007755417903552507,0.002438816685790816,0.0014862813652685174,-2.5379747894999683e-05,-0.00015939676253826863,-9.183075974027356e-05,-0.003768223462062747,-0.005176089628427799,0.06818879850058589,7.219757,6.605473,-1
3.2792,32.0,4.657894736842105,1.0160183066361557,1900.0,2.1739130434782608,34.27,-119.24,2.205,34.27,-119.24,0.00836308879412095,0.01339049247656476,0.0006386066387491314,-0.002476248096028219,0.09321514976438876,0.033010763789728816,0.005148905747053792,0.002039880391464663,-0.0004161390517533378,7.633717330086025e-05,0.03911021900014492,0.0030658209568966343,-0.0004104107672017946,0.0005633862721846691,0.0006825002603026967,-0.005658262578830288,-0.008267749196855943,-5.93015730375632e-05,-0.0002785432244475567,8.2910459755619e-05,-0.007006889592993044,-0.009265960797238045,0.0013453743757913237,0.0003315930996079084,-0.0005450811307778861,0.03369120193313395,0.019416432260132507,-0.003564654763298975,5.08014,1.3303666,-1
4.2222,45.0,5.740853658536586,1.2774390243902438,653.0,1.9908536585365852,33.61,-117.89,5.00001,33.61,-117.89,0.07553828319856355,0.016693702442062953,0.005430629055644908,-0.0009430885178529657,0.1582848179770852,0.057641414220160433,0.016829253963381065,-0.0014290293498435474,0.002996340659048257,0.002290564869310611,0.09659045939047593,0.006119345518629648,0.002390661500565761,-0.008787017791897656,-0.00042815290820181183,0.0010208131026910267,0.005578309059380666,-0.005784408498930529,-5.200231043175211e-05,0.0032485703525450492,0.00785180429538087,0.01019564692978935,0.005726539072425382,-0.001543072384806774,0.001861993618532708,0.04689433516210057,-0.0031229802429354626,0.08390990037883986,4.7097745,0.09345989,-1
5.0832,29.0,6.045918367346939,1.0051020408163265,588.0,3.0,34.1,-117.86,1.969,34.1,-117.86,0.004517796041842998,0.016946044511708336,0.0010428830911935363,-0.004144905408629506,-0.02404350020159125,-0.019685945335713734,-0.026827879537465977,0.0008222938233824255,-0.0004398636656069693,0.0012569739309934557,-0.007736537623881104,0.006865058034330806,0.002883272610001366,0.0004193135721082526,0.001067999423250709,-0.00013850565415312715,0.0019055889226704493,-0.006421710500612615,0.0005097105856425488,0.0026766036985717417,-0.0005426138562289598,-0.006549340096106491,0.0019505207952096842,2.477432794675019e-05,0.001222364478807377,-0.00012319867143279834,0.012068831055867568,-0.015547531485108441,9.926558,6.1652336,-1
4.87,35.0,5.72488038277512,0.9976076555023924,1336.0,3.196172248803828,34.08,-117.94,1.877,34.08,-117.94,-0.0027876068372982093,0.01617366310427847,0.0009371868350660275,-0.000966777992878254,-0.033816553554395105,-0.015404518766163383,-0.022118127636472106,-0.0016873894080469218,-0.00045853582499191776,0.0015532196737497823,-0.022147664407654102,-6.006675934740774e-05,0.0010750928187680078,0.0013735695896024535,-0.00019625816884487487,-0.0011706189876647503,-0.00020539955147550138,-0.006164619320630374,-0.0004775370377255332,0.002773236783454886,-0.0003865353387491494,-0.006134475608977645,0.00047697433430706924,-9.860161420315448e-05,-6.514138331992426e-05,-0.007219821025905453,0.011334046873489437,0.046466134849869625,7.8217087,6.2520347,-1
4.1304,18.0,4.674367436743674,1.0264026402640265,2047.0,2.251925192519252,34.2,-118.5,2.291,34.2,-118.5,-0.01164575100252489,0.008410543339968173,0.0006321443042489837,-0.0023237401332478593,0.02234762869770054,-0.008310923968784474,-0.02428152101913314,-0.0017103609201383123,-0.0004785248431018103,0.0001762816761045014,-0.030883265520733578,-0.004750001718757826,0.0018851049371687687,0.0004981696117574532,0.0006658021919560977,-0.005381389105877917,-0.004173644389198663,0.001762009877901229,-0.0003775127845633871,0.001423057812447765,-0.005347766593743947,-0.006247066431626753,-0.0007375941927022056,-0.0005084058874027977,0.0006811116244130901,0.027804186823014963,0.005520141063450218,0.04785520951865452,4.864116,4.8804455,-1
4.1793,35.0,5.497164461247637,1.1247637051039698,1068.0,2.01890359168242,32.82,-117.27,5.00001,32.82,-117.27,0.03053545409621794,0.01766826078581029,0.0009395360732769314,-0.0016806071131163103,0.15703624162818014,0.019788281376864135,-0.0018672704611371205,-9.365899165168499e-05,0.0003909028395579146,0.0025096497010496308,0.10223811285480285,0.006014572039724851,0.01022118486984828,0.018338041771176455,-0.00041045114542562797,0.017889639743566943,0.0027273543575582907,-0.021855071765744444,7.531370038709638e-05,0.00406950467522702,-0.004452713448186121,0.0027081504561145713,0.004853253624871064,-0.0005033127747120301,-0.0003421137711734445,0.029092355255116012,-0.030511058578779785,-0.17975580609728328,10.351714,5.4494376,-1
4.0781,43.0,5.051724137931035,0.9586206896551724,727.0,2.5068965517241377,34.04,-118.37,2.894,34.04,-118.37,-0.0015296308168597358,0.016914332263084763,0.0009850886945400434,-0.0019552839860882544,0.0006638537756194378,-0.002564547379980456,-0.023042210362259855,-0.0017040209201234773,-0.0015425370333514207,0.0005782218252722071,-0.017548434225477857,0.005279041250593138,0.0005829556484432436,-0.0007883169139729594,-0.0036830242409595175,-0.004574366439768795,-0.0017665149540281274,-0.00045425496469588065,-3.281620665700415e-05,0.0018885681767155569,-0.004830601550321845,-0.005323637526198631,0.0024105632421516504,0.0009872530709944165,0.0012542652195847803,0.03608522775449024,0.003445104640025563,0.13746957647802371,2.3496518,2.0690367,-1
4.4732,36.0,5.770149253731344,1.017910447761194,958.0,2.859701492537313,33.96,-118.13,2.66,33.96,-118.13,-0.0021598766608094534,0.016691779422921917,0.0009507894154611988,-0.0020018835588921898,-0.01342533305328153,-0.013262125157286512,-0.004533936130714905,-0.002429102071825901,-0.0004398636656069693,0.0015912673269351078,-0.01154219731173283,0.0020628090809157356,0.0015848662444174477,0.001385129463056611,3.093822844057708e-05,-0.00040831423052421626,-0.00042736047917113105,-0.001646884222811474,-0.0002696401833409885,-0.0010466272992176661,-0.0012387570708764098,-0.006187689440062253,0.0017902807618517013,0.00010226520510576313,0.0002694497278364654,0.008193882999581322,0.0061249451907528065,0.0483100302350657,7.3009796,5.576144,-1
4.8929,35.0,5.638235294117648,0.923529411764706,1019.0,2.997058823529412,34.23,-118.58,2.349,34.23,-118.58,-0.003149912324420926,0.01839906604081928,0.0015995384722358342,-0.0011387230088182071,-0.017517790068334316,-0.020667040339156412,-0.02321720558934622,-0.001092590775292902,-0.00040296911777027914,0.0015982286380662124,-0.017481854587245795,8.495481616474233e-05,0.0007934365114624062,0.0028694985218626224,-0.00034630970851574216,-0.0002477504876449353,-0.002903874967305301,4.154992956297172e-05,0.0034879017851461728,0.004054779593704196,-0.0024968212291054358,-0.021700329867619515,0.0020365772752690965,0.00023951617121157124,0.001425855698183299,-0.006112983582917057,-0.004170466538465574,0.025801272830733215,8.486579,6.0067296,-1
4.556,23.0,6.115591397849462,1.0241935483870968,2301.0,3.092741935483871,34.27,-118.73,2.053,34.27,-118.73,0.007601321063264229,0.017579191502123802,0.0009557045149509942,0.000889290252745923,-0.008563097035785162,-0.021621651701347413,-0.02609169157945829,0.00024270694725701025,-0.0002690791450243459,-0.001384844906590695,0.01796607544911848,0.001990776272772394,0.002361591875436014,9.809118533588284e-05,-0.0002492687424343685,-7.966056146552016e-05,0.000694034124977768,-0.0009608634764039117,-0.0009617450300816327,0.002853659278352632,-0.006073924037835356,-0.005646305473310925,-0.003313658677434579,-0.004100606862040699,0.004724043831891137,-0.002585004253637545,-0.010891057094978429,-0.01957168528218712,9.998856,6.036925,-1
5.065,27.0,5.766871165644171,1.023517382413088,3538.0,3.61758691206544,34.04,-118.02,2.154,34.04,-118.02,0.0029100389440612673,0.01673313372030437,0.0009450403973434293,0.0019121251407610816,-0.051501048510661354,-0.02009198699601572,-0.013492288623053924,0.0010281833904443377,-0.000454579694340525,-0.0015011081138667157,-0.00717441242207154,0.006649120242263254,0.0019994386910060203,0.0013528901276393004,-0.00020916862956208213,0.002212023537773142,0.000634572269229413,0.00010151569293823245,-0.0013392353031162272,0.0038830357343144347,0.00031289959641805183,-0.00572724199973573,0.009184953177819009,1.0535875022340955e-05,0.0032915665928858633,-0.03187985571273253,-0.005117398420751694,0.0454910258734227,14.21887,3.2103162,-1
1.5132,28.0,2.567219152854512,1.0718232044198894,716.0,1.3186003683241252,34.02,-118.49,4.5,34.02,-118.49,-0.02293836954188616,0.18656866586949453,0.003940651594136471,-0.0023559441820603477,0.020076417385557377,0.02902751328020783,0.025542184376925292,0.0022198778957753227,0.00021427259655104548,0.0006906038060611266,0.012103635066496324,0.0059956189371993315,-0.000438016101449524,-6.272017944487931e-05,-0.0021008356937265078,0.05484819636659437,0.003369770390841363,0.020038899457532247,0.00033541040836395535,0.0016389100558388129,0.008420809416858065,0.012351584195480873,0.003218283877008511,0.0006849357414665763,0.0028433145376949606,0.04661133811690059,0.08245616619423717,0.200621111414928,2.8958514,1.5419788,-1
4.3512,24.0,4.976100628930817,1.021383647798742,3196.0,4.020125786163522,33.76,-117.95,1.914,33.76,-117.95,0.004440433479644696,0.007128225734313736,0.000860013339593559,0.0013487675639537939,-0.045215820123025705,-0.017767536858708535,-0.00538850996466593,0.0010564980015397279,-0.0003708703239055402,-0.002210209548110364,0.02161048273365022,0.006788274433491364,0.0022406944411838413,0.0005858565660666295,0.0008985761994239366,0.0034815120750566237,-0.001798586948566232,-0.00492878111866436,-0.0017717113106155214,0.004165982913419861,0.004689396754831879,-0.005903502679811565,0.008923632136699389,-0.0001135293487570148,0.0033378316120787504,-0.027646633965191993,-0.0007944357655060418,0.03999088493956162,7.9860783,4.1345544,-1
4.5,41.0,4.114558472553699,1.069212410501193,1621.0,1.9343675417661097,33.77,-118.15,3.398,33.77,-118.15,0.07460519373073085,0.01884759971234215,-0.006708305628859859,-0.0009270543567913743,0.13757116816896953,-0.005871326669308391,0.01411084330367191,-0.0006445371136751047,0.00019517650481744843,0.0016620141576585974,0.0955827400679506,0.0058277866351155675,-0.00047977327475155404,-0.0005084057856435496,0.0002616522195669675,-8.712932928622846e-05,-0.001392242721476041,-0.0018206308474048541,5.234833311621929e-05,-0.0050384183420254065,-0.0027165348332633507,0.0043295756137720996,0.0025676535527764904,-6.349843254311913e-05,-0.00023176630175995364,0.025148422212644083,0.0010811150722660578,0.0529941820548524,4.8607564,0.030145733,-1
3.7326,35.0,5.425661914460285,1.1018329938900204,2033.0,4.1405295315682284,33.97,-118.09,1.643,33.97,-118.09,-0.013983238458506896,0.011046057441102416,-0.0017107214567715035,-0.0018308393734033153,-0.024961812859172545,0.005763965482028819,-0.01431000741845512,-0.00040467392021178414,8.483820766047386e-05,0.0002516294705318989,-0.022877384159570732,-0.0011278500615017613,0.000265736232553589,-0.000630551528351794,0.0003642925880968569,0.0008549325414910806,-0.0016920514301627019,-0.0013804089195291046,-0.00016674959575208018,-0.0012834962479649967,0.0012419996413747642,0.005201038750883838,0.0015904477197353753,-0.0008583158966066595,0.0017212211348102025,-0.03720416872551284,-0.008231513064723386,0.05649844083729267,14.222534,2.0825691,-1
3.8125,49.0,4.473544973544974,1.041005291005291,1314.0,1.738095238095238,33.77,-118.16,3.821,33.77,-118.16,0.041122716529891856,0.01122949031489504,-0.006551178898252018,-0.001070933573790183,0.19710855914789593,0.012715114981521197,0.0009694533690652293,0.001202847716888457,0.0002089647251440762,0.0017965214646723554,0.12611667995642534,0.005024063321134085,-0.0013324553703701228,-0.0011907355739485196,-6.5927125803040695e-06,0.001039902983554172,-0.001838227427281629,-0.0007217998896289519,0.00012157697116278747,0.003342260152723402,-0.001218830311207059,8.544084418580906e-05,0.003952931669702618,-7.694814611744713e-05,-0.00017314977031262875,0.036586636601231466,-0.018331150326912248,0.0422134371249592,4.960604,0.19388257,-1
4.1518,43.0,6.105263157894737,1.0813397129186604,545.0,2.6076555023923444,34.16,-118.16,2.307,34.16,-118.16,0.00841013952934339,0.014823622868784588,-0.002302110436531178,-0.0005211083621376452,0.0026211733478798895,-0.005869080783538428,0.001800550782080935,-0.0020171254640061953,-7.6474142296214e-05,0.0007017014813878415,-0.016861203118334667,0.004518665911397664,0.0008889979451596888,-0.0008434007824691883,-0.0006434729994545323,-0.0020875817087412257,0.0007290831946057674,-0.002458352325404531,-0.0028131562007862754,0.00020678608595352393,0.0023339989008648076,0.004472500407407668,0.0016566227886552851,0.00036025357376221346,0.0023858475696399537,0.013157396581937385,0.01031627855027349,0.0775754503290342,5.787809,5.265389,-1
3.2708,35.0,3.542391304347826,1.0510869565217391,2003.0,2.1771739130434784,33.95,-118.38,4.0,33.95,-118.38,-0.005385805739783658,0.005902468816091005,-0.002564759447619889,-0.0027630292542749338,0.0879965189529186,0.03527847302541006,0.008965376342581767,0.00025941714815279007,0.00019999220186531103,0.00035713155301972713,0.037880482671678616,0.003454556632047706,-0.0003411535470926154,8.057616556505945e-06,0.0015483741748765181,0.0009028736661442281,0.0035470040772473555,0.009927593303292737,3.0205405279056015e-05,0.00020960206515296256,0.00331398562145479,0.004306364266314392,0.0013574123118935966,4.8762516466227334e-05,0.001166483616734241,0.04059748229118065,0.025404110798451996,0.1940388426910485,3.1887987,1.1405791,-1
3.75,16.0,3.9819494584837543,0.9765342960288808,1227.0,2.214801444043321,34.43,-119.88,2.231,34.43,-119.88,-0.0044886860449411745,0.016047396732412723,-7.042538859653065e-05,-0.0006152915867096273,0.04951324702938151,0.0029226551251643105,-0.010099051714598626,-0.0029356269390738146,0.000157019949655093,-0.0009191641294097962,-0.050778295127863,-0.005931973129384385,0.00202046776004644,-0.00013245812460374118,0.0003151826710931123,-0.0033279031790316967,-0.010512557456269191,0.0013364672794345213,-0.0004926276061792003,0.0015724276675022119,-0.006424705492529644,-0.008831539760795412,0.0016020493681599096,0.0005938831528082755,-0.0007723338959174104,0.026590476611161283,0.013216930343147784,0.03469605976577233,4.1215315,5.3984575,-1
4.7208,19.0,4.719798657718121,0.9513422818791948,1334.0,2.238255033557047,33.78,-117.87,1.735,33.78,-117.87,-0.015396325328339608,0.003302894400987073,0.0008810201782227453,-0.0022329007241796693,0.02135237150639399,-0.013244262121029648,-0.0341977660492191,-0.00034086068459155967,-0.0016257004673728074,-0.00035822232459750355,-0.028541305870799092,-0.004386702285610726,-0.003307689818192383,-0.0003388497188877592,0.0006372989340755192,-0.0033395959001149738,-0.0015239112727853006,-0.007013842212166507,-0.0004929255906482871,0.0016438966814713795,0.0030045134307887878,-0.006332427982771564,0.0014116927907479654,-0.00031224950131947596,-0.0004972314917083959,0.02363227793888844,-0.015960857818404114,0.038841254008157494,4.9729114,5.0785027,-1
4.2222,24.0,5.323308270676692,1.0526315789473684,3118.0,3.907268170426065,33.74,-117.94,2.072,33.74,-117.94,0.003553953033402044,0.014386495799079703,-0.0023329587749870637,0.0012399338031418889,-0.04399704794145504,-0.019933180091328676,-0.004478633826831161,0.0012856606625218413,0.0002405135729314373,-0.002197736546036398,0.02161048273365022,0.006805004876666161,0.002257424884358638,-0.0006569535641752805,0.0005228898938322343,0.0020356533463849963,-0.0017996229799621516,-0.004350226079211176,-0.0013503501685494907,-0.00016222742611822686,-0.0025724103896557263,0.0030116881414822445,0.008900408345179241,-1.4054806002863923e-05,0.0032679623128710118,-0.029223003927898845,0.0003610672900091887,0.047125748341288916,7.843376,4.18875,-1
4.6111,39.0,6.38863287250384,1.0061443932411671,1669.0,2.563748079877112,33.77,-117.86,2.403,33.77,-117.86,0.03724125391216052,0.024120196315653535,0.0009761346357496013,-0.0016389664212961013,-0.0019399786459924828,-0.013403807998794382,-0.033290849985223823,-0.00399764701571259,-0.0004373331084926143,0.0009697237906371232,-0.023313684213424172,0.005263000061483569,0.001554365352458709,-0.0014139781158331779,-0.003365441982241519,-0.0007718337968995799,0.005020535840483398,-0.0010723877094840218,-0.0013868805751607166,0.0005469998271317719,0.003008671577715413,-0.0066918842526763,0.0006980970136693328,-0.0007829334407863607,-0.0009085163355189736,0.011111201311474526,-0.008200645439055103,-0.007879501679723957,9.600339,6.331618,-1
3.5417,18.0,3.400383141762452,1.0057471264367817,950.0,1.8199233716475096,34.16,-118.26,1.771,34.16,-118.26,-0.022119385169247455,0.0044756054252372895,-0.00345231247381417,-0.0010350592965273242,0.0642587105137904,0.03036419127762649,-0.030346333696773246,-0.00046590193236464275,-0.0005139875910760978,-5.255645579629558e-05,-0.09046858564786897,-0.005344580561405258,0.0019402869180354793,-0.00042571303888459984,0.001676390162977453,-0.00014218434363876074,0.001183212212624566,-0.002939507481858106,-0.0006478792075590743,-0.024913510981231297,-0.0032756255939531847,0.00047544924756447193,0.0030285161482950735,9.034424320128694e-05,0.00024935235167202987,0.026533295980606827,-0.0260197413102031,0.0642815702444043,3.5887868,5.3939013,-1
3.1563,29.0,3.416141235813367,1.0075662042875158,1238.0,1.5611601513240858,34.02,-118.49,3.3,34.02,-118.49,0.01335208507368975,0.012096656102863554,0.0029743474180162262,-0.0026224864745482946,0.04868529885207852,0.03912671217631318,0.011119048447816639,0.002309227810417105,-0.000502424904019395,0.0009236553479751061,0.052789450050744535,0.005922967482818417,-0.0003629735224468582,-0.0007253932726341367,0.001708169179877846,-0.03172391367111089,0.005235938858141731,0.011477810116970792,-0.0006297430056751253,-0.023707285462888625,-0.014414105215571626,-0.01777476654210354,0.002586093259525668,0.00030385719901830486,0.0010797157946279548,0.04084486982947105,0.06593002814192905,0.18445692041603243,3.1646993,1.1060413,-1
3.5812,12.0,4.4271457085828345,1.1307385229540918,2176.0,2.1716566866267466,33.78,-118.15,1.986,33.78,-118.15,0.014092191153525604,0.015083224631749685,0.0004846248914963404,-0.0023827717006338505,0.04959789835684237,0.02528886606036371,-0.02848684438436295,-0.00396058260940823,-0.0005218029127493183,5.1970711529579104e-05,-0.06561855405161617,-0.005403965692505795,0.001957837719578193,-0.0011715523411982382,0.000253175453619542,-0.007939572041089363,-0.001865906335451493,-0.0006171681260350687,-0.00030496396581537885,-0.0013148590685670713,-0.0014565877386560262,0.008423118423514049,-0.002061865927878001,4.646340223479124e-05,0.0003035553039631865,0.022628797808065412,-0.019560200927191698,0.053122985640329225,3.7055376,5.4592376,-1
4.7679,36.0,5.092682926829268,0.975609756097561,982.0,4.790243902439024,34.04,-117.95,1.539,34.04,-117.95,-0.003279102133412058,0.011588128133576393,0.0007257612813950458,-0.0011765460608688788,-0.039595298300364824,-0.016767062296411502,-0.023397645180249196,-0.0012500133164472069,-0.0005416548444881636,0.001900732119225067,-0.02696050576477686,-0.0012715964536484806,0.0007880367774599495,0.000678947120002839,0.000595985061482583,0.0020323270104113654,-0.0016942246830311011,-0.00635556368600679,-0.0011947594694766567,-0.00042079181122000995,0.0007714735789285341,-0.006367434490222207,-0.007847889317517195,-0.00016875452904787698,-0.001065810134306402,-0.03499936063633907,-0.00257148348945135,0.043179888264730036,14.11919,3.0337436,-1
3.7202,30.0,4.802536231884058,1.036231884057971,3249.0,5.885869565217392,33.73,-117.86,1.821,33.73,-117.86,-0.003797081317415721,0.009370439777535572,0.0004097409590238588,-0.0003105260146088671,-0.022184913884665536,0.006465065911467139,-0.011157481180417494,0.0016805796334915133,-0.000528491718866257,-0.00042110391757986786,-0.016280512746236247,-0.0010094655220892709,0.0004180412173749059,0.0011738879540934615,0.0010498392132934345,0.004702450748729187,-0.0018079289740433229,-0.005497470193677282,-0.0018185621287981806,0.0019085160003970232,-0.0033215521557839437,0.0026644111884413448,0.01177724986659157,0.00011560650043722744,0.0033075584492979456,-0.03242639169644842,0.011444246583374335,0.008265153810609745,10.301437,6.543036,-1
3.3177,46.0,4.45982905982906,1.0136752136752136,1055.0,1.8034188034188037,34.16,-118.38,3.094,34.16,-118.38,-0.042687518552001064,0.012441797241118262,0.0028260194273467105,-0.002398751076193224,0.04845435637787998,0.03551134020847235,0.005847670444548564,-0.00028491597381719643,-0.0009563227763922156,0.0009363226803016657,0.0874563098418639,0.0048514866336299926,-0.0005118464182891797,3.974439225792057e-05,0.0003559313492768268,-0.005339078039921468,0.0011849379407440394,0.0035338643427546444,-0.00039468266341233693,-0.03406322985332187,-0.014905758883217757,-0.009440481356112009,0.002020762035156835,-4.652529236618612e-05,0.000518456704564385,0.038598585165467,0.023764020557586203,0.12329332541882103,3.9061222,1.3993384,-1
3.8319,28.0,5.4032697547683926,1.021798365122616,1407.0,3.833787465940055,34.0,-117.97,1.79,34.0,-117.97,-0.0021333163355200333,0.010520153976237121,0.0008512008084777547,-0.0009729069624586936,-0.034686911738168916,0.0014591067414568525,-0.0024392392326591126,0.0016739725976561213,-0.0005416548444881636,0.0006834751391230657,-0.007840159301718537,0.006864680513853236,0.0014897261437527112,0.0005858565660666294,0.000528617435110788,0.00020707816107833364,-0.0012378077727002684,0.0003735963102242711,0.00014586422942145901,0.005364503981252142,0.0004079021297061224,-0.005639372451381074,-0.0027931949622273028,-0.0005571595219694589,-0.0011062644449292992,-0.03129962525865165,-0.006552586075306886,0.0467558614584986,13.962784,2.271422,-1
4.8958,49.0,3.7540106951871657,0.7647058823529411,458.0,2.449197860962567,34.05,-118.38,3.336,34.05,-118.38,0.02896259845166677,-0.01077040798223889,0.00918653067051974,-0.003014174773633898,-0.0038414329985724956,-0.015835255704639947,-0.023885177376992837,-0.0011926527799880058,0.004024833871444764,0.0015946621985492861,-0.01770348691768245,0.00425607505732243,-0.00029874479807334546,0.0017419136295396443,-0.002677713248385498,0.0018373000828569653,0.0026328400658419075,0.006384132131831481,0.013618350622041107,0.003746649687471256,-0.01741870890270341,-0.07079587404982246,-0.0006919064278993456,0.00039105260632764393,0.004885832276732567,0.035995323337793005,0.009379586664103946,0.15665552396322857,2.2363076,1.9460466,-1
3.6336,27.0,5.319630872483222,1.0813758389261745,2899.0,2.432046979865772,34.14,-117.98,2.352,34.14,-117.98,-0.0026326420664651005,0.008570233761958434,-0.002112542771676918,-0.0012122735648802602,-0.013036925730347386,0.0252083524142556,-0.013213624980973372,0.0022959135212487,0.0001561937847268589,-2.875584992185885e-05,-0.00685981640394802,0.005673332476018049,-9.352381297861248e-05,-0.0006803265795532736,0.00030633178021307965,0.002397255005764072,-0.0008461645393072851,-0.00011296167353204762,-0.00025558795113425495,0.0002656976984460042,0.0023314919139280337,0.00466079882561462,-0.002757739382772284,9.346539110239368e-05,0.0006632137722822982,0.03488676047334526,0.006685305567580058,0.08140347448340458,4.2064443,4.014622,-1
3.343,22.0,4.285714285714286,1.216117216117216,1382.0,2.531135531135531,33.89,-117.87,1.846,33.89,-117.87,-0.004335982088337561,0.025688859126838583,-0.0015588212080921873,-0.0011720031835554846,-0.032137249410200054,0.02807759921506245,-1.533284260701695e-06,0.0008907863713380444,0.003595384469850175,-4.1393361959748634e-05,0.011874132303455054,-0.0012710174631308177,0.0013924308937337943,-0.0005073196675154288,0.00012216807095725347,-0.00022191279042776773,-0.0016288215209404552,-0.00234485924390327,-1.961528170790014e-05,-0.0006345509251975101,0.0015158958587143784,0.009150403805298014,0.0007635508662812946,-0.00013067872874715625,-0.000323533830553482,0.022683781817461543,0.003104341652808598,0.05817571705757108,3.91794,3.847673,-1
4.5526,28.0,5.784256559766764,0.912536443148688,1099.0,3.204081632653061,34.02,-118.09,2.502,34.02,-118.09,0.007898132438640853,0.016564619070915644,0.0013812687778253954,-0.002011368087478631,-0.03977497260734779,-0.014792578342316001,-0.0029747736178270157,0.0006423421668155284,-0.0002415883116575109,0.0013322625141347477,-0.01152439842522533,0.006804512008801148,0.0017112513914663244,0.003040809848695022,-3.001936235294211e-05,-0.0010451875073187234,4.086057042836509e-05,-0.0016528979660454047,0.003488790624493444,0.002865624965660185,-0.00420678464535866,-0.016443630952491246,-0.0019071052339097935,0.0004682850139979476,0.0012145592182552319,-0.006234249083950814,0.0013093200607596186,0.043129316207162816,8.075129,6.1975904,-1
4.7734,41.0,6.572549019607843,1.031372549019608,757.0,2.9686274509803923,34.21,-118.21,4.508,34.21,-118.21,0.04573116345170614,0.02289309973566108,0.000590586654457717,-0.0011639498917274335,-0.018934354042879457,-0.011815573261015526,-0.0029959359283171193,0.009597845640522087,0.0421364024123527,0.0012596681573535766,-0.010359518512496784,0.006407231834692024,0.002112500582183379,-0.0011746471675031416,0.010072281066455338,0.005204330644071941,0.016583962547351998,0.014726600844722763,0.0006744208618886495,0.0037886424804152003,0.04295318970074162,0.002072873188429749,0.001780710648592718,0.0009934497873682457,0.0003934949562499092,0.007437626009150267,0.0021448336275857786,0.07321242090620819,6.293562,5.853223,-1
3.2158,11.0,4.781059063136456,0.9725050916496945,2065.0,2.1028513238289204,34.27,-119.22,2.236,34.27,-119.22,0.026555978596621302,0.010475274794569752,-0.0001647288746528979,-0.0040120816855554586,0.05908917486641222,0.034803583965172157,0.005266107596092449,-0.006210271540577426,0.00021238364134507906,-0.0011744283275096116,-0.07380312223673689,-0.005663366384793956,0.0018426467052435793,0.0007440222216942528,0.0004967773396508932,-0.008903710366988483,-0.007700691554654274,0.002422223022808384,7.241011031890422e-05,0.000343222655576229,-0.006892161834694582,-0.009391452185306378,-0.002760857164854733,-0.003927792030317182,0.00462943443085785,0.025721538656527366,0.020642798566416234,-0.0017808758722161954,4.32435,5.4833536,-1
4.8906,21.0,5.356902356902357,1.0033670033670037,904.0,3.043771043771044,33.82,-117.89,1.791,33.82,-117.89,-0.004131846449456535,0.013091142912261048,0.0010127556869960004,-0.001457933038260603,-0.012217702312792306,-0.013685969729161022,-0.02733338709087308,0.0011472205086631533,-0.00029231785283028057,-0.0003983502782136314,0.01830128684640484,0.0018960473767715004,0.00142889930389022,0.0005811256594318027,0.0005870997669977364,0.00017832444830965152,-0.00156430167441178,-0.00630514848563731,-0.0005232699504387008,0.0022888167510551837,0.003965045454467208,-0.006028761825848352,0.0020077804176344724,-4.4444415126822386e-05,-0.00016529831280077674,-0.0006273925538612499,0.0010614578879541614,0.04287361796903652,7.3486304,4.251326,-1
3.8992,5.0,7.678861788617886,1.4593495934959348,616.0,2.5040650406504064,33.43,-117.72,5.00001,33.43,-117.72,0.007155409606145317,0.020773875327395618,0.0009517234255599133,-0.0002801465711284384,0.026400372078919293,0.04168595064423504,-0.023538858771921155,0.028114176330412733,0.0026567249130813055,-0.0029341822472216585,0.007352992671978118,0.0015727018567907828,-0.006699476685319774,-0.015121311601882972,0.011869224495389304,-0.002827184184157507,0.047917920139287785,0.09135766222586235,-0.0008715256217383228,-0.0012578514018862584,0.05240644537966232,0.1171513548332852,0.001867646935475817,0.0032134158185556285,5.669252521500511e-05,0.02930928959117588,-0.0026131697592453747,0.01922265065014887,5.375102,3.9514177,-1
4.4821,33.0,6.22463768115942,1.0434782608695652,421.0,3.050724637681159,34.15,-117.94,2.201,34.15,-117.94,-0.0015538046402585055,0.020929627143562706,-0.002617169674658984,-0.0010291536830042765,-0.02786095162383774,-0.012732554323141156,-0.014918332225033592,-0.0005069244907317483,-7.55434595052168e-05,0.0015890910096511154,-0.01739302917304502,-0.00025729616512678834,0.0009949825179581286,-0.00020213372851173996,0.005761099390653982,0.0007010464193293518,0.005582932910461621,-0.00035296923113626027,-0.0033170038449046196,-0.00026514277523323416,0.0003825810867523558,0.0028190811516897187,-0.0012532291857599472,0.0018368432756649892,0.0025245495024931244,-0.0037493141270966454,-0.003191623271809328,0.05548631220546085,7.527739,6.4416776,-1
5.1057,45.0,5.381578947368421,0.9671052631578948,546.0,3.5921052631578947,33.85,-117.97,1.707,33.85,-117.97,0.050996855761595614,0.014609133002545438,0.0002747631941109953,-0.009205200856812416,-0.054380853782652554,-0.018398352993764883,-0.013597108916245963,-0.001166410969032604,-0.0006045044626311826,0.001427050005997263,-0.026123877003321326,0.0012644122770110865,0.00010322784709942952,-0.0002229606066172955,-0.004854781945870706,0.00025208338215961125,-0.0015470392514201933,-0.0005143671122326977,0.0006800205127364495,-8.572878119680241e-05,0.0007714735789285332,-0.006395863350369503,-0.007865288394801707,0.00017363891275511657,0.002041527204852994,-0.035632775299975494,-0.00828875692789282,0.03719643177654308,13.80485,2.9426858,-1
3.6467,36.0,4.409090909090909,1.1022727272727273,867.0,2.4630681818181817,34.03,-118.43,3.467,34.03,-118.43,-0.019731993256970084,0.012154080928963952,-0.0017779442305501539,-0.0020840873153680985,-0.01625913204423298,0.03188644184550571,0.004027471903327919,-0.0013350768401589983,0.0001673468093871262,0.000779002412999672,-0.006388446418615708,0.002954222964354149,0.0009775203813574907,-0.00047349474972818706,-0.001372744200836353,-0.004557040499783157,0.000604797630106202,0.0036107091698401846,3.489517766620157e-05,-0.0016032505060924874,0.005122145035381328,0.006137707673272322,0.0021504759532900656,0.0007051690721729463,0.000987366873045959,0.03731577318725984,0.006638462954912916,0.20179565749534015,2.4913006,1.5212067,-1
3.5833,39.0,5.279220779220779,1.2012987012987013,344.0,2.2337662337662336,33.98,-118.36,2.188,33.98,-118.36,-0.02453934868507699,0.008906273235600741,-0.0004382420569834173,0.0030584067098010574,0.05290308815871008,0.029259982287908295,0.0024193929427762384,-0.0011097352128945164,0.00047149077654904813,-0.0017182972748076269,0.020754294249579072,0.004909965646159581,-0.00017425159812813924,0.00019007153273224294,0.0007387721127164321,0.0013533101379916916,-0.0017056224286980345,-0.001865742471702154,-0.0029695386431093282,-0.002177461439952973,0.003917341671354516,0.008604379674024757,-0.0028737441548263767,0.0013657894685492162,0.0034314763496711997,0.03606691741420273,0.005565821035162814,0.13172320812622695,3.6266427,1.5199771,-1
3.7279,36.0,5.447236180904523,1.015075376884422,920.0,4.623115577889447,34.05,-118.05,1.622,34.05,-118.05,-0.013587060465224081,0.010810158296729948,0.0007059821539434617,-0.0017987913676867256,-0.02443853353225599,0.005948208690116929,-0.014249151448415567,-0.0015206332073424878,-0.0005416548444881636,0.0010326494439502594,-0.022835174665408683,-0.0010265850493175045,0.00030838475977746586,0.0005866752363872773,0.000382249469751641,0.0007796020013384104,-0.002065829388904296,-0.001599022365627798,0.00014586422942145901,0.005364503981252142,0.00038679755574450015,-0.005473867893205807,-0.0069302620857111434,-0.0001847454364831497,-0.00053338179472885,-0.03536929173764781,-0.009911179067973548,0.05078996528977762,14.182127,2.0610118,-1
5.0258,32.0,5.44935064935065,0.9818181818181818,1036.0,2.690909090909091,33.94,-118.11,2.554,33.94,-118.11,0.010094577766473413,0.016479549186700544,0.0006584041309224493,-0.0006565440367256772,0.0022916532531882003,-0.015036805232529243,-0.00435188819183155,0.0020897773400453436,-0.00045914624276151126,0.0016849959783082208,-0.0029918741870828707,0.00156623518982078,0.0014587913938470013,0.0007171335143312461,0.0006145939658356517,-0.000150094789234493,-0.0007933760792491547,-0.0013268927077197262,-0.0004582330609912644,0.00046951323185140723,-0.0007801830883659287,-0.0064179398387117,0.002143238500472503,0.00011534496703113823,0.00011005714069128273,0.008761474686674093,0.007208686359725333,0.04901888873503869,6.4139028,4.898222,-1
4.8409,29.0,5.105809128630705,1.1099585062240664,1236.0,2.564315352697096,33.91,-118.35,2.44,33.91,-118.35,0.01138410310447443,0.017968348610694997,-0.0013913842857316266,-0.0009918949870569079,0.016674823630901697,-0.018481250111078717,-0.026033744849342524,0.0023205763360759596,0.0004521622212505844,0.0016953521945994262,-0.007378482945996252,0.004611156488018402,0.001075198063255853,-0.0006352824349866209,0.0003062806910289848,-0.0017796938305754152,-0.0007163180858811439,-9.87887779600867e-05,0.00010843209144831203,-0.001502554261511814,0.0041554296998866785,0.007731452147734115,0.001160289231876999,-0.00013145577773683034,-0.00029522785513820234,0.012738241988591024,0.0047914002648777616,0.08394500766174272,5.1479454,3.8659437,-1
5.0,21.0,3.0625,0.875,29.0,1.8125,33.76,-118.23,0.875,33.76,-118.23,-0.06295499676576585,-0.018303489060430986,-0.0021530308982503563,-0.007267141097119805,0.05674710240810536,-0.008443965750806666,0.012499994844732314,-0.0015344536290800394,-0.0015499858227817351,-0.029487046354854347,-0.12476178957934482,-0.001986735133563861,0.002876927745039565,-0.0016468180420003455,-0.036995428548807184,-0.00017871168861011372,0.002442984559308764,0.004393494114674595,-0.13702001154779697,-0.027445872937944718,-0.0025424603194362247,-0.03274826255837893,-0.10555813903960005,-0.0051154725266481125,-0.08135334605668473,0.016874782945028498,-0.006493112313602341,0.015224956305850149,3.896852,5.597169,-1
3.1364,38.0,4.377215189873418,0.9974683544303796,801.0,2.027848101265823,34.44,-119.73,3.575,34.44,-119.73,-0.022799703522187652,0.02209937480487708,0.0017938091183462373,-0.0022295450845190904,0.05303806532233068,0.03637724997716198,0.00926171200708603,-0.001188048736362145,-0.0004107780023974714,0.0008860186930218151,0.06976057173602122,0.004897802610305034,-0.000262266145617885,0.0004629134849572383,-0.0009373228944261054,-0.00948389795408405,-0.01203687486131728,-0.0036530458341221704,-0.0005310763654995407,7.721753925711462e-06,-0.006950897759071068,-0.009246416419654575,0.0031862079949381244,0.000975985226855341,-0.0004959239830805299,0.02834266865432139,0.028970347291300626,0.04810579188135268,4.4405,1.5375515,-1
3.1104,24.0,3.839769452449568,1.067435158501441,3792.0,2.185590778097983,33.95,-118.13,2.3,33.95,-118.13,-0.02935917608342534,0.020837984987487228,-0.002692653128241989,0.0007159007616810783,0.023919574208812126,0.020603731883489795,-0.02322372020240627,0.0012012821299804256,0.00035634239665480346,-0.0005100883608394937,-0.04619003532681329,0.0013914753426291675,0.0026474129790949844,8.057616556505945e-06,0.0002563910851513756,-5.207594507879984e-05,-0.0012846629486062966,-0.004106774706313205,-0.0003111752427268254,0.0013235470446005069,0.00041741128219593976,0.0037389053591839506,-0.0015018985356335126,-0.0005548062089670913,0.0014580082597522887,0.026021824070123153,-0.020864788516245784,0.05395324752808094,3.9272687,5.132571,-1
4.8438,36.0,5.626923076923077,0.9884615384615384,722.0,2.776923076923077,33.84,-118.11,2.263,33.84,-118.11,-0.0031971612707308093,0.018834182845089455,0.0007441966306432531,-0.0011663832162533809,-0.026388611599617636,-0.013494091761601141,-0.004907415366499965,-0.00232248679960303,-0.0004398636656069693,0.0014832565965272521,-0.008775167285220509,0.002359243061067798,0.0011057048343907497,0.0010559068717193778,-0.0006008373432580115,-4.41817317623438e-05,-0.0009233939558398169,-0.000920464880928473,-4.1783648559193414e-05,0.00047916841649275975,-0.0008106857274277799,-0.006357135038154037,0.0021033491938285778,0.00041577337580617874,0.000317877747135411,0.007888472335223632,0.005041829668577348,0.04454572663281911,7.5704927,5.893074,-1
5.1074,27.0,5.283582089552239,0.9365671641791044,1024.0,3.82089552238806,34.28,-118.77,1.852,34.28,-118.77,0.004786043932231577,0.01683802215595452,0.001543498599741895,-0.000515286570901601,-0.048789427767501385,-0.028728609263730543,-0.022699129690526128,0.0019036755142955337,-0.0004233024498425969,0.001611389804905296,-0.007220286956660577,0.006463709001795411,0.0016984639543732166,-0.0004334549349930271,0.0007019856552572941,0.0012466608978252197,-0.0027439157358670036,0.001425850992695072,0.0027712628420387595,0.0003691050299647702,-0.0024132478804263007,-0.02223607388157538,-0.007828142244919576,0.000988295081736047,-0.0004112834815471741,-0.03479657054564072,-0.02519448444390163,-0.03621326325538013,11.464202,6.038798,-1
4.5306,36.0,4.6209912536443145,0.9416909620991254,1205.0,3.513119533527697,33.93,-118.09,1.834,33.93,-118.09,-0.003254482458478732,0.0010245061053122436,0.0013816027422592185,-0.0018550811558000239,-0.05006880500686502,-0.016019440320936013,-0.005481025368617191,-0.0012881992798453009,-0.0004233024498425969,0.0018046274008934244,-0.025477249524451965,-0.0007173685332130353,0.0005700813192540421,-0.00041297101455438606,0.00044973851679779085,0.0014111617435103403,-0.0015651251909642176,-0.0009415865003924455,0.002715838101696575,-0.0021899432810007485,-0.004176282006296809,-0.01673671893753222,-0.004933168154523924,-0.0001619887778385227,-6.586840515670638e-05,-0.03387950398494944,-0.010002971709285727,0.0345305756223367,14.410915,2.976071,-1
4.2969,32.0,5.199346405228758,1.0457516339869282,1818.0,5.941176470588236,34.29,-118.41,1.458,34.29,-118.41,0.004822797378304353,0.01710628924371329,-0.0024822426038554903,-0.0012761502828815222,-0.05220273796497326,-0.028890847633696277,-0.02626885481422118,0.0018409425246524043,7.447640913048524e-05,0.00022228473857125917,-0.022040576872409824,-0.0013656222907438699,0.00017043196583168017,-0.0006730553428407032,0.00037442405283646724,0.002048919362835074,-0.007639873738229123,0.004715043401952617,0.00043185960251758545,0.00039048735167949647,0.0008879721943216167,0.002731127169568813,-0.003920327950890947,3.944685857803663e-05,-0.0019781846152908417,-0.03862042325701396,-0.03219566310691462,-0.012717724407825875,11.571423,6.004942,-1
3.7383,35.0,4.658878504672897,0.9789719626168224,1491.0,3.483644859813084,33.92,-118.09,1.662,33.92,-118.09,-0.01284936837559453,0.008485982775969956,0.0007217335582559348,-0.0012634206845200293,-0.03461232045158143,0.0014183553585460236,-0.00860842246859566,-0.0005991749753801197,-0.0005416548444881636,0.0009256864732676694,-0.02264878777456746,-0.0008042181680457472,0.0002634922174108561,0.0007218644209660728,0.0005829109243878311,0.0028896424645182984,-0.0018639962342957336,-0.000965927619107199,-0.001252480483414045,-0.0020898575464510915,-0.00016007002004582,-0.006342743533089264,-0.0034053413068017564,-0.0005422479752430875,-0.0012355578823090704,-0.03224639990175748,-0.007418560470849582,0.04195717238457015,14.24291,2.1806786,-1
4.4271,25.0,5.082514734774067,1.005893909626719,1219.0,2.3948919449901767,33.82,-118.32,3.821,33.82,-118.32,0.02627842716506187,0.017688306681028488,0.0006230918640558669,-0.0018624158303561485,0.04080957820835792,-0.013945238941100066,-0.011202243356005528,0.00242749346866098,-0.00029231785283028014,0.0014054160082223781,0.016424609968044148,0.005084821101049111,-0.0005638732775056657,0.0005845430561812741,0.0004793673751932295,0.0011107151646371288,-0.0011090135817618451,-0.0010759796564386202,-0.0005917398127039858,0.002125085379940956,0.015340004249687088,0.010345335738891927,0.001401473889760087,-0.0002523623526151738,-7.469296420679479e-05,0.03100024963530065,0.0016909363924749,0.08806820879532941,5.1436753,2.6872454,-1
4.5729,22.0,4.223826714801444,1.0541516245487366,1141.0,2.05956678700361,33.92,-118.41,3.375,33.92,-118.41,-0.0416744966696925,0.016237262669438507,-0.005095754763939188,-0.002430875754123334,0.0612928678670696,-0.01568321967079423,-0.025330413847250502,0.0012756326970566258,0.00036120495758700026,0.0004464189951989246,-0.0949504925254291,-0.002595332393817661,0.0031677232796150385,-0.0004986764441863824,4.971272502800602e-05,-0.0013435832352810698,0.0014020113402826379,0.007910028206072211,2.9511796005221816e-05,-0.002158283730725432,0.003531154430889263,0.004598312853660878,0.004360153807509185,0.0005336203636097684,0.0009121054903602683,0.024797281945571296,0.023917340857996145,0.17790818133537226,2.5071566,5.4923325,-1
4.425,33.0,6.103359173126615,1.0180878552971575,1185.0,3.062015503875969,33.8,-117.96,1.884,33.8,-117.96,-0.0009634008308637724,0.01631618002006631,0.0010228535131493112,-0.002109539044821468,-0.027855602725345895,-0.014087211636890294,-0.004377182299880995,0.0006755045853196576,-0.0004398636656069692,0.001569970488029784,-0.01724492040099143,0.00017903519473712787,0.0005289550992915708,7.171484939192329e-05,-0.0001446907015449601,-0.00020390809277769003,0.00200540745810991,-0.002138862232261767,-0.0007247667494904011,0.0007472659292670803,0.004007964426219208,-0.0058686519648848915,0.001745934181441873,-0.0002643052521966807,-0.0002202792858037994,-0.0024003866243425803,-0.0011346970121755646,0.04377743119020445,8.082003,6.139015,-1
4.9676,34.0,5.4309927360774815,1.0750605326876512,973.0,2.3559322033898304,34.02,-118.42,4.141,34.02,-118.42,0.00790193119773701,0.01843306062907417,-0.0022754920812038592,-0.0010551702070942012,0.03813135752707991,-0.01649649922182908,-0.01841514467581976,0.00037741993586089056,0.00015698501085713767,0.0019321701761038077,0.0200072331942416,0.0029192243770422522,0.0004669251830941048,-0.0006580994237913505,0.0003248468808752506,0.0009578211571896254,0.001975340316463019,0.006920633146440187,8.493653634740638e-05,0.00014585636001029738,0.0036439734891970657,0.0046884114603799,0.0022241199269382155,0.0006903032209878988,0.0013151393936104178,0.0382095276935757,0.010692335874338306,0.18421253479130253,2.6173353,1.4506892,-1
4.4118,31.0,4.606512890094979,1.006784260515604,1886.0,2.559023066485753,33.93,-118.01,1.744,33.93,-118.01,0.010180450142857863,0.001495212519268185,0.0008068157511150174,-0.0005410879275572636,0.017503061437267,-0.014915047406799695,-0.0006946469125866454,0.0017615499331078987,-0.00045914624276151126,-0.0014449514582878355,-0.0005957859998936526,0.0016679603333380074,0.001477097588868696,0.00057122866770535,0.0008649251720620393,-0.00013575622880261854,-0.0007649890151018401,-0.0009830423617946432,-0.000513657801333449,0.0006100677257150477,-0.0011437545375883405,-0.006507355413029022,0.0007214668113654448,-0.00032182896372197773,-0.0002871646398456322,0.014066626961485468,0.007355897829547642,0.04822106256608899,6.206059,4.661123,-1
3.5195,26.0,6.090909090909091,1.0563636363636364,1314.0,2.389090909090909,33.77,-117.84,2.491,33.77,-117.84,0.005630307290827101,0.0067026860868087375,-0.0023943928699743755,-0.0016303110923869396,0.030222957551337904,0.03246895583800577,0.0005328085001894567,0.001469784592266004,-7.165844524835099e-05,0.00043909131357771974,0.010971922373728692,0.0060228818060930524,0.002989522047854083,2.5955298876649156e-05,-3.187538812307714e-05,0.003345362878790086,0.001938677908954243,-0.005067049782552812,0.0003883383064628421,0.0005847495674628612,-0.0018261148126463512,0.0037556224444875615,0.0014074196823718945,-0.00032642394408085587,-0.00073424165513932,0.037312374317957045,0.006582254413321435,0.011311347649827296,4.79958,5.3075485,-1
3.4269,26.0,3.376425855513308,1.067173637515843,1745.0,2.211660329531052,34.02,-118.42,3.019,34.02,-118.42,0.009695129681378957,0.006274218490161257,-0.003075845974877236,-0.0019409089445825887,0.04637775489039675,0.03399310735473164,0.005922279160041448,0.0029737976381590163,0.00019999220186531092,0.0002903595190295536,0.019976662276915108,0.006172139880498993,-0.0006599538986529563,-2.509228755795238e-05,0.0014954162922072348,0.0028863920124046856,0.0037268975442759705,0.011190709387300393,2.9511796005221816e-05,0.0007213822016841436,0.0033130534166123183,0.004442488435767941,0.0007773570994030667,0.0001685526520057167,0.0007948846050096271,0.03249946392138017,0.006997162105235176,0.20044823948903517,2.939925,1.296608,-1
4.325,43.0,5.028455284552845,0.9878048780487804,776.0,3.154471544715447,33.9,-118.1,1.66,33.9,-118.1,0.04687675345515096,0.011450409385386573,0.0007217335582559348,-0.0026176588711781623,-0.04089895663821714,-0.018804565519978077,-0.002831522708406399,-0.0012953666898991392,-0.0004583463055998324,0.0014121195615932848,-0.020828365476549898,0.002808040684757402,0.00045837189957392913,0.0007040808239622054,-0.00107990522469576,-0.0010760261092004342,-0.0021964173406036442,-0.0009540439150272936,-0.0005180634984859823,0.002703631947397582,-0.00016007002004582042,-0.006112442412041601,-0.0019580550051687107,0.00013952724767396247,0.0002850441136865995,-0.007227066933776035,-0.0008925041379650277,0.04053773485845942,6.75161,5.947996,-1
3.4375,52.0,3.125,1.05,99.0,2.475,34.11,-118.25,1.7,34.11,-118.25,-0.016723327093496634,-0.003165415701960973,-0.001207332999399062,0.017559188359727626,-0.01259879956390263,0.02936482335917646,-0.02425721237559259,-0.0006760554433808243,0.002971538582786601,-0.04030342459103606,-0.008046944104803005,0.004544190709642119,-0.0016820623333033975,0.0005396581601579077,-0.007959391219879746,9.543750445612057e-05,0.0005900728153748983,0.0003400535768079021,0.008088502150198462,0.0005357649254719271,0.001719240118750283,0.004861336261172331,0.010941730577697142,0.006005307930148073,-0.03907635958176681,0.03965474595030147,0.006187503762247582,0.06278137700414028,3.8356757,4.0083647,-1
4.6458,24.0,6.24294670846395,1.0579937304075235,1568.0,2.457680250783699,33.82,-118.06,2.134,33.82,-118.06,0.010981672031028566,0.02282469124023147,-0.0024610806724689044,-0.001515663240844215,0.015972344995695126,-0.009374779157754204,-0.0011731745870009228,-0.0015677820992885208,9.128493042601373e-05,0.0009256800325332592,0.01724539855773343,0.0022452463171415056,0.001693617711389073,0.0014591542738276856,-0.0018575265311056998,-0.00039982147932374266,0.004540190319286994,-0.0016189464959739709,0.0007491196702728657,0.0008253044007143643,-0.001632009964329776,0.003383606425032723,0.00042954429465167715,-0.0005409056781882375,-0.0002551369265105668,0.029373919526173516,0.004725653369194286,0.05467786368259456,5.967738,4.1672697,-1
4.9917,26.0,5.387387387387387,0.9871299871299872,2447.0,3.1492921492921493,33.81,-117.85,2.481,33.81,-117.85,0.01212547512997198,0.015503597143831508,0.0006518659442174038,0.0020632418496080098,-0.024831828417943447,-0.014005663154278335,-0.027982893512919854,0.0017954185901234243,-0.0004551901121101185,-0.0016363823221250263,-0.012664596607677079,0.0072178078155439515,0.002107202077153763,0.0007066285417428881,0.0009053560596652515,-0.0018272218634245562,-0.0012658778688119736,-0.0070545598340706565,3.152697625187224e-05,0.002114279355878232,0.004360432657957283,-0.0064308980447715285,-0.0028466534461370706,-0.0008689544203206032,0.0005371644870464053,-0.0014619837400879723,0.01773124262173964,-0.0018296009534005046,9.808243,6.35231,-1
4.375,27.0,5.142857142857143,0.9958391123439668,1921.0,2.664355062413315,33.93,-117.99,2.104,33.93,-117.99,0.012591366710148159,0.017648713731152996,0.0009251648809134423,-0.0002418076353507208,0.00544193555265454,-0.017859702264672095,0.006323987753000318,0.001762309997587029,-0.00045914624276151126,-0.0015151981860186039,-0.009595987290544106,0.0041502179541567374,0.001269880400157552,0.00057122866770535,0.0008649251720620393,-0.00017760108933972902,-0.001114744222475842,-0.00017899750742619253,-0.000513657801333449,0.0004917185959166223,-0.0011437545375883413,-0.006507355413029022,0.0005842490718543465,-0.000626117254328215,3.155287031794878e-05,0.006275259713604269,0.0075137529273818435,0.04656809943425749,6.3349476,5.0075593,-1
4.5,17.0,5.2625169147496615,1.0121786197564275,2415.0,3.2679296346414075,34.23,-119.19,2.343,34.23,-119.19,-0.022658674804025045,0.018939168560012612,-0.00019654387333047037,0.005825886356104704,-0.02601684260460489,-0.020682657831533936,-0.028914370850954503,-0.001671413857274365,0.00019927817139442757,0.004278405758386197,0.0472335732446579,-0.0011771629867285162,0.000467653194043381,0.0007934457625287331,0.00202304504788799,-0.001080584570116428,-0.00404276510109596,0.0017265318726771733,7.521444243447327e-05,0.0032109269057265582,-0.005510746606284972,-0.005627835729569597,-0.0019480546374039678,0.0014778925475248802,-0.0005649301315992257,-0.008063556927523549,-0.010325986079953154,0.030445309991532082,7.442024,4.2526045,-1
5.0434,26.0,5.549822064056939,1.0,1459.0,2.596085409252669,34.43,-119.74,3.404,34.43,-119.74,0.012635174601124854,0.020735664419600872,0.00073678030344829,-0.0006940358542201487,0.06675840642149061,-0.02292087198959596,-0.021677030115492133,0.0009420606678265696,-0.0005286462518841668,0.0011482522417289418,-0.00529450936533473,0.004728619641803419,0.0007113389982557095,0.002691746478985572,0.0001219252037710405,-0.006929391663520783,0.0018779434954006896,0.0034507412632385813,-0.0004916483724503191,0.0016808149815488505,-0.0075100123623056585,-0.008482909067110272,0.0006442386364800584,0.0006459601760782109,-0.0006867417043908263,0.014263864289700232,0.0124553095753868,0.03475313197650568,5.7882576,3.5429533,-1
4.1319,22.0,5.949886104783599,1.1252847380410025,1361.0,3.1002277904328017,34.41,-119.31,2.45,34.41,-119.31,0.0038235126294980464,0.011625435950217273,-0.0019143675418562254,-0.0007419221342286146,-0.010705006190815844,-0.014845902508757801,-0.020208473131197054,0.00015631249520278373,0.0003892926330609716,8.87531063943289e-06,0.018617950424847353,0.002111088203776557,0.002691837412676608,2.3768974214563587e-05,7.389708531180413e-05,-0.001353425649510651,0.004113134973049167,0.004304262403959035,0.0003560607262486198,-0.00244868067275761,0.007347556891053379,0.011555018879911207,0.0006608143342303203,0.0005923170258277788,-0.0007603754862485655,-0.005794703259787406,-0.011821281761353886,0.04847088557371131,7.4252515,4.3705173,-1
4.125,32.0,6.151282051282052,0.9846153846153848,1199.0,3.0743589743589745,34.2,-118.86,2.646,34.2,-118.86,0.008466436271536383,0.011636652256111546,0.0009810821502452762,-0.0012743614783253272,-0.016467383968052134,-0.013419428567704296,-0.022129642576778855,0.0007591846619613629,-0.0004398636656069692,0.0007358157540951403,-0.012465691360358862,9.276223994412661e-05,0.000508553906686277,-0.0013685274406762134,-0.0005652953089148225,-0.001471247830266411,-0.0015105269122450218,0.0003093690182785036,-0.0013085710788072,0.003225812132862601,-0.004696377848530488,-0.004861863733592759,0.0009384936731478158,-0.0003709570645190885,0.00031916658023390754,-0.006501436564517235,-0.008176999562670343,0.04500879262208643,7.7373533,5.7746196,-1
4.0968,30.0,3.9354624085163006,1.164337990685296,2136.0,1.4211576846307383,33.74,-118.18,3.1,33.74,-118.18,0.015451524385245255,0.02488985746346027,0.003243427602217962,-0.0004484630531800939,0.14865411355193558,0.004332528842062697,0.01467540167395826,0.0028407526063431777,0.0008465410520819717,0.0009771502425181366,0.045841421484699926,0.003592896252596966,-0.0009273620528431504,0.0005047162388117413,0.0002000752794295967,-0.036992111736884284,-9.203665757622599e-05,-0.0002654710767836301,-0.003483753071746103,0.03480675971005059,0.0019239345959541812,-0.003970584353325157,-0.004612277326834716,7.459031036764435e-05,0.00043285822210725695,0.035963859263433366,-0.03419683483820963,0.04023405761240823,4.9139013,0.61292636,-1
3.1932,25.0,4.614953271028037,1.091588785046729,1253.0,2.3420560747663552,33.72,-118.29,2.575,33.72,-118.29,0.006215395626937592,0.01821043968238325,-0.0022558921504936885,-0.0016446917517525875,0.007540010890176809,0.030786609175667657,-0.018833854578383342,0.0021568147266958003,0.0003301038645164393,0.0004383508533929212,0.009094412682835538,0.005226105944127383,-0.0003985590577961609,-0.0006318650382371495,0.00015678403662221444,-0.0017780121149882115,-0.001580395975879788,-0.0013540227278708969,9.985231585276638e-05,-0.0012852248943116254,-0.007671005709223414,-0.005774749240245416,0.0014837812519759013,-0.00020930578043777044,-0.00020085898253200817,0.03390518338487227,0.005301142186152337,0.07055738989950379,4.2133303,3.5772605,-1
4.2411,45.0,5.561594202898551,0.9927536231884058,591.0,2.141304347826087,33.83,-118.18,3.717,33.83,-118.18,0.046517607996194005,0.018941369741969843,0.0001340693232681862,-0.001606132568653109,0.023024779415684885,-0.011070973202864336,0.01316896274096813,-0.0015406632662703212,-0.0006852675374119919,0.0013512707553305723,0.02794065926448191,0.005778110767165031,-0.000528026160454281,-0.0010903248526364724,-0.00031668406695800654,0.022466120647525224,0.004132933084417038,-0.0021910592654398368,1.2955385009097222e-05,0.009095065173563819,0.003625835979516644,-0.007113091956915028,0.0026122998422449277,0.00034536766502481697,0.002020480178376605,0.031356521291909425,-0.003317887040644137,0.041811550346748556,6.038927,4.094155,-1
4.381,32.0,5.3627760252365935,1.0725552050473186,864.0,2.725552050473186,33.87,-118.29,2.387,33.87,-118.29,0.01113763799514012,0.017851355575866885,-0.0025207815409361966,-0.0023200122150366953,-0.005971210817912414,-0.017782742498336928,-0.0009266265869879807,0.0022484809158288548,0.00015698501085713757,0.0014171312493345294,-0.0039996445899920284,0.001868790224588205,0.0009857510384356663,-0.0006858483392116913,-0.0014818347916912466,-0.0001923170960498462,-0.0016356484875778585,-0.0009255740767755311,1.1399622565295954e-05,0.0007805637663353527,0.003137554029423868,0.0020474265582536132,0.0018231004440039389,0.00013075340394193584,-1.8507958358438036e-05,0.007833081018341407,0.004936730823672891,0.0475146980212762,6.645587,5.0559125,-1
4.0598,44.0,4.3828125,1.12109375,531.0,2.07421875,33.99,-118.46,3.359,33.99,-118.46,0.005095615975321951,0.01908076726051791,-0.0012613720434043064,-0.00045296193697450297,0.02582602270134954,0.0008473647807179799,-0.020496696448181025,-0.0006747828304774723,0.0004903537152108949,0.000647016571802992,0.03011909599263165,0.006043090895653167,-0.00046051703843111476,0.0001447294024656078,-0.002323884582320362,-0.004836368810211773,0.0007929061429290858,0.005704208729947711,-0.0016252815099977779,-0.0007707812317177884,0.004220946843049949,0.009181145631089656,0.0025403284230140675,0.001077609144531401,0.0031146344196396093,0.03745329963522385,0.021522298601911457,0.19190772482925633,2.7223077,1.3618428,-1
3.4833,23.0,4.259933774834437,1.1390728476821192,1478.0,2.447019867549669,33.79,-118.14,2.094,33.79,-118.14,-0.009611945794834887,0.030412819390049254,-0.001545868335225806,-0.001584156394164253,-0.00684249085518843,0.029456104354773242,-0.02048844950322749,0.0011800617706863624,0.0007440283936000988,0.0003060142252063411,0.010876692348015925,-0.0012341013133702282,0.002520576956650388,-0.0005224943316275645,0.00013172185614702565,-0.005106583328566865,-0.001947088287286698,-0.0011732520553107602,2.8173762328124288e-05,-0.0010465912092694385,-0.0011311195345292675,0.008022420094634882,0.0007644254489894393,-0.00017413835517263507,-0.00027354599261926563,0.03320259638755166,0.005207291001662651,0.06063974462305887,4.0196514,3.7720156,-1
3.1087,24.0,4.735015772870662,1.0157728706624605,1495.0,2.358044164037855,33.82,-118.0,2.028,33.82,-118.0,-0.01862004411482365,0.012976307022917367,0.001343419899060115,-0.00145672025360075,0.004452827430123273,0.02394200026526848,-0.006593975403919573,-0.00010119256075969745,-0.00029638918763219834,0.00028863796417442813,-0.021797736111163216,0.0014648064664883446,0.0031222831637748353,0.0005845430561812746,0.000526936248394616,-0.0034896790063840104,-0.0015880914884698364,-0.00028256037250982415,-0.0003566252358180935,-0.0008874463242509618,0.003387212278123182,-0.007339016865193231,0.0007408348619441694,-0.0002757438778280909,-0.00021477184880655287,0.03228461430840502,0.007042753038369837,0.04797887169312213,4.0067606,4.517969,-1
4.2083,33.0,5.026162790697675,1.1511627906976745,1073.0,3.119186046511628,33.91,-118.32,1.805,33.91,-118.32,-0.004380879004730037,0.012539486135135147,-0.0016887274697990576,-0.0022582039166764564,-0.03449040508443287,-0.021565196351139956,-0.010674672886120699,0.0012326209341642315,0.000581271338470786,0.0015870660101759949,-0.020010439148936604,0.000202709546973444,0.000510046090280967,-0.0006987165438304148,0.00013695633872039376,-0.0044288702623121335,-0.0015393219816705124,-0.001442543783876684,-2.75993729870036e-05,-0.002898900638663742,0.002943778450393245,0.006247681639916489,0.001793832170011747,8.739181372261401e-05,9.406172850774121e-05,-0.0044753338424669805,-0.004299958294381,0.05997929224928129,7.422096,6.567905,-1
4.0214,16.0,4.345273631840796,1.155223880597015,2164.0,2.153233830845771,33.75,-117.84,1.395,33.75,-117.84,-0.013040462332499163,0.017399120255149014,9.02170829834389e-05,-0.0020212758550900182,0.032252143562122575,0.00363420861173146,-0.005173796416142177,-0.004253451714480859,-0.0005218029127493183,-0.00011738026199890463,-0.07004182566675492,-0.00664748800792211,-0.003317491946081721,-0.001018793515156536,0.00045839203766781305,-0.006815548132595716,-0.002032260243674788,-0.007190879408014417,-0.00030496396581537885,-0.004513927224449759,-0.0013503966061846457,0.008367437937734196,-0.0021603216068177564,0.00010372434410332371,9.793322667275714e-06,0.02533083435050143,-0.017572220208583466,-0.005434184096306963,4.2291465,5.573421,-1
4.7946,24.0,6.311233885819521,1.0368324125230202,4926.0,3.023941068139963,33.82,-117.84,2.512,33.82,-117.84,0.007373316070090819,0.02278710488420659,0.0006147648182592787,0.00418410151156156,-0.007589939155963706,-0.010116992317267235,-0.015913601488183163,-0.0011644263903604268,-0.00025814153010115604,-0.0018493357296485483,0.01963778658079822,0.005609748708289516,0.0008517865771697218,-0.0025918529589242754,-0.0031822642265207425,0.001153519343656291,0.004722299657556864,-0.001283512804817819,-0.001555232765387347,3.244927590516014e-05,-0.0022757249377167213,0.0026150333568793196,-0.002906226313808154,-0.002909145570574123,0.003414995212990436,-0.0002316762363524928,0.010661964552899783,0.003693452456109779,9.819238,5.8946505,-1
4.6635,35.0,5.193333333333333,0.9533333333333334,371.0,2.473333333333333,34.25,-118.27,2.301,34.25,-118.27,0.0007534124454460393,0.014351484837439372,-0.0002676902157680096,-0.0042112612343465534,0.009708159329204519,-0.012063701859191391,-0.0022474373129700775,-0.0007019029699820672,-0.0014571170324400948,-0.0005368009178474124,-0.001288900754324256,0.0022814026840039985,0.001218166173283807,-0.0015858268317197914,-0.001972172185463551,-0.0014302001729302682,-0.006168000115198016,0.0016032174666781012,0.002314415491667132,0.0017991834996205905,-0.003252225266765735,-0.006866758285870722,-0.0022315245172595385,0.001993002649015869,0.0027542225927519345,0.02470420520134739,-0.00119780330208442,-0.0015406293249252225,9.735105,5.746449,-1
3.4937,44.0,5.522556390977444,1.1729323308270676,507.0,1.906015037593985,33.61,-117.9,5.00001,33.61,-117.9,-0.04304165504303464,0.011612530526545768,0.006733185303267678,0.0002604105820758711,0.09365267969654546,0.0987331551283571,-0.005050630803724546,-0.0011747302735490286,0.000526655873848216,0.0008267679594537707,0.08901095587406614,0.0052658969187060565,0.0025081688015539763,-0.0002906342979813462,-0.0008654491802806832,0.004017518466023608,0.02746858132859758,-0.0006021687224425572,-0.0016708884188873425,0.008718602746140901,0.013809345727619472,0.00969258861725127,0.003972151425776476,-0.0015938622211108151,0.0019313072195035904,0.0316474967337457,-0.02415785360084175,0.09150158721450624,4.2653303,1.2961833,-1
5.0123,35.0,5.451807228915663,0.9578313253012049,1164.0,3.5060240963855422,34.09,-117.92,1.657,34.09,-117.92,-0.003254482458478732,0.01463351210604141,0.0008723171491665461,-0.0011813288961548356,-0.04219148698305775,-0.017254613698312247,-0.022656218526661828,-0.0003694720587407072,-0.0008302269127327473,0.0017988059450691242,-0.02549093906778877,-0.0010915471089789368,0.0007949199960983751,-0.00044217933399626674,0.0005517334175340565,-0.0002139544608414538,-0.0010570921024559688,-0.00622294540169044,-0.001154282712046728,-0.0025557115858308613,3.9029017762708454e-05,-0.006488212111219467,-0.007317201108344049,-0.0005433877730374513,-0.0011049099755607342,-0.032519197234262755,0.0008711573698463028,0.04199134402549304,14.069766,3.1612208,-1
4.25,37.0,5.346067415730337,1.0382022471910113,1327.0,2.9820224719101125,33.93,-118.32,1.721,33.93,-118.32,-0.002914096294375027,0.018294612335330942,0.00046915916574270734,-0.002319684550835332,-0.028188797508735642,-0.02124736408219777,-0.010483142650956264,-0.001100243247009598,-0.0004451918910093261,0.001906194165786343,-0.01762203141865206,0.002789041226678288,0.00045977038680918215,0.0011711468648959163,0.00040615292444446305,-0.0002725675110667323,-0.0019060671698245136,-0.0018748250031936635,-0.00044042420767175026,-0.0012356527242614224,0.002533819219078886,0.0016562694814441874,0.0007299345042669858,-0.00016201363585030543,-0.00011083902542867924,-0.005815131257546369,0.0008488597024793791,0.06659989468336042,7.223968,6.619724,-1
4.4688,35.0,5.166666666666667,1.0173611111111112,1112.0,3.861111111111111,34.24,-118.43,1.825,34.24,-118.43,-0.003279102133412058,0.016186316790974778,0.0007622894073445073,-0.0023547747666600814,-0.046847635037414674,-0.02409572453999048,-0.0295124747107232,-0.000331286095342613,-0.0005416548444881636,0.0017794762851440129,-0.02706841233272055,-0.0013728614658327363,0.0007312191469986804,0.0005735264020311588,0.000380073827813675,0.001300467210759208,-0.006912832191996632,0.005370502200824685,0.00014586422942145901,0.0062545662907099436,-0.005415848846599089,-0.005482537927221333,-0.00669457978147494,0.000501755457193079,-0.0012187258675896353,-0.03817476637301412,-0.026832337380564803,-0.012615845859321238,11.506563,6.0501986,-1
4.7125,27.0,6.421511627906977,1.0261627906976745,1034.0,3.005813953488372,34.21,-118.58,2.509,34.21,-118.58,0.011163067433161193,0.022490575705397246,0.0009484731317180995,-0.0013600909241096764,-0.016259239576282416,-0.018924162225089736,-0.024143652964977714,-0.0017789839025773373,-0.00043813304565429317,0.0012001261624676979,-0.009440412457809605,0.006718842647011751,0.0019742461198634636,-0.0013814118447062907,-0.003055389810067318,0.0008649180163348187,0.007155869010982548,-0.0028591531187839776,-0.0010743775961781217,0.0028716137760585077,-0.004851375162567838,-0.005150352469309867,0.0017958361977367546,-0.00048544237421209327,0.0005939913486601065,-0.00396007957404424,-0.003925801431724267,0.049381174820213446,7.7012177,5.662315,-1
4.5833,37.0,4.896551724137931,0.986206896551724,886.0,3.055172413793104,33.87,-118.35,2.613,33.87,-118.35,-0.0030323881894034825,0.004114874060956872,0.0006319769787053483,-0.0021412029824619634,-0.018832854937594113,-0.017234533391488498,-0.02550087811501592,-0.0011737291053395098,-0.00045914624276151126,0.0016359182756814604,-0.017633689634093144,0.002904613026345101,0.0004721389378403059,0.0007026989873868296,-0.0010796104537955733,0.0009166807308622509,-0.001346059036195756,-0.00020882565771735917,-0.0005187248528502743,0.003216156948221248,-0.003996279047620283,-0.0055230686614850515,0.0019507960744100474,0.0001702449548411595,9.249180424370366e-05,-0.0014657602862762976,-0.0027761589127894364,0.06971760156220246,7.1961884,6.6863203,-1
3.5414,22.0,3.728847245883021,1.0448608745031231,7180.0,2.038614423622941,33.84,-118.35,3.547,33.84,-118.35,-0.025163450016762356,0.007059521973251174,-0.005458911133996577,-0.0015783298462085016,0.06473589706650396,0.037776329500788776,0.009339560932499831,0.002698902007845242,0.0005734594182898677,0.006386402182298508,-0.08685257247256215,-0.003577032111238681,0.003277560240584334,0.0004777624456884457,0.011990533549350573,-0.0004952126037868306,-0.00011016360252352308,0.00446127909895465,0.0015780301805260858,-0.0016306617895389696,0.0030076591720763937,0.0034371223839564516,0.0023873085975179703,-0.006409972877466508,0.004364330265767125,0.025736216091600927,0.01996825701419159,0.10708786741001215,3.134871,5.3419704,-1
4.7727,35.0,6.0,0.9644549763033176,1338.0,3.170616113744076,34.27,-119.25,2.19,34.27,-119.25,-0.0027876068372982093,0.018229514377211212,0.0005876916794568878,-0.0007975666865462577,-0.03529754165684972,-0.021910746552206987,-0.023512977839470883,-0.0017541311785713568,-0.0004398636656069692,0.0015548554789621251,-0.02217510998604092,-6.0066759347406654e-05,0.0010712526748120844,0.00016771757151327687,-0.000524907183505486,-0.0010396440632226378,0.003903095061635356,0.0036046481631686997,-0.0008653304408323056,0.0036037494100775763,-0.006238165229172366,-0.008426598297606178,0.0004885208586942556,0.0006362242383414138,-0.00047951755021212906,-0.011060100886216685,-0.009970174921953763,0.02001433380503641,8.458623,6.1174064,-1
4.3125,46.0,6.135135135135135,0.963963963963964,531.0,2.391891891891892,33.83,-118.17,2.905,33.83,-118.17,0.04376489972472775,0.01664590648677558,0.0007802796112726404,-0.0014450739269343965,0.027161054769789608,-0.015019695842274817,0.0005160327435560067,-0.0016386393111130757,-0.000542934583142836,0.0012954031170226048,0.0004258575509006648,0.0057917815765261855,-0.00015363588005589865,0.0013987720236258946,0.001105041316240011,0.0021467891800716577,0.001287017180393544,-0.003230387061603456,0.0032619779216334307,0.0012569124799202368,0.0035214429900483346,-0.007466637596242812,0.0023401933593778165,0.0002766917611848244,0.0020570955841860117,0.03359541121893341,0.0039819272401069436,0.04356403821586823,6.005575,4.190636,-1
4.0125,52.0,4.375621890547263,0.9626865671641792,980.0,2.437810945273632,34.42,-119.72,2.61,34.42,-119.72,-0.0031521068685895818,0.014839772386400777,0.000828166781147196,-0.0019526233293475901,0.0001250269872939852,-0.0038537570004088368,-0.019733622656166558,0.0016901866043986667,0.00245742611944241,0.0012782990575435325,-0.010813130011900401,0.006215190386666044,-0.0037721761011079036,0.000330178156519287,0.000530695080403891,-0.002981768598374187,-0.011850125552673214,-0.0013553168441829474,-0.0005103294427999729,0.001370732921849893,-0.007066875003116551,-0.008569838036890315,0.0024760772253424462,0.0008917084243135953,-0.0005191891111992218,0.03516976159423765,0.011671485136989119,0.029855377192551127,5.5048904,4.857218,-1
3.1304,42.0,4.073717948717949,0.9647435897435898,574.0,1.8397435897435896,34.0,-118.47,3.405,34.0,-118.47,-0.04546698481240007,0.039295057991793385,0.0031003853380078164,-0.000806019322070278,0.029221691652996148,0.03597961223746146,0.013174182718275113,-0.0005892206727272857,-0.0004153391145916589,0.0006989211003317106,0.08507872137830688,0.004854513406761301,-0.0005118464182891783,2.1047684707573683e-05,-0.0036421156677729056,-0.0029523949046022435,0.0006994278813670885,0.007702027268128559,0.0015282580051524922,0.015784931249093356,-0.005100199543301485,-0.005747676385754939,0.002494738556191361,0.001097276313998425,0.002981597679712597,0.034313835505026605,0.024958518801469726,0.18161226199911754,3.3927538,1.4655112,-1
4.233,34.0,4.99436090225564,0.9680451127819548,1948.0,3.661654135338346,34.32,-118.43,1.574,34.32,-118.43,-0.002805371711464175,0.009848019178947318,0.0007178361266299254,-0.00038798409579965024,-0.05268534790072885,-0.028543943078125432,-0.02709050320815776,-0.0006595135022800581,-0.0005416548444881636,-0.0013415716406938014,-0.026876618997327472,-0.001199475813857916,0.0002396891859408573,0.0006529483496109639,0.0008926580493123282,0.002599447580307945,-0.007884265319501408,0.005190193516437056,-0.0012501842098188412,0.0005437709911239147,-0.005275907193671498,-0.00618679332230727,-0.004475774910956931,-0.005621531735320201,0.004996499674420385,-0.03672930329445659,-0.026209921069803178,-0.020382919403124512,11.5868845,6.0737777,-1
3.1667,22.0,3.803837953091685,1.0,1952.0,2.0810234541577826,33.66,-117.9,1.61,33.66,-117.9,-0.0210922500835441,0.01201759843250451,0.0005383251129994875,-0.004009287778098915,0.014588192986446612,0.045868058971514025,-0.011103085445702668,0.0005197302891972917,-0.0002589976308335668,0.00015269342922624783,-0.05498827746272545,-0.002625842841635581,-0.001882118589034652,-0.0003443945997919604,0.0006320773907430781,0.0013988437683095298,-0.0006159520209807486,-0.005260996074984404,-0.0005910462034301516,0.0003959808968135657,0.003349257124749019,-0.006942163909039978,-0.001128922202381249,0.003454292286901436,0.00030679404150971005,0.03154543959477738,-0.028934043330224774,0.05216724555978571,3.7302265,5.213354,-1
3.7847,52.0,4.739307535641548,1.130346232179226,1048.0,2.134419551934827,34.09,-118.27,2.523,34.09,-118.27,-0.0015903943000947823,0.011397852604768473,-0.0010496608281596864,-0.002049319694369816,0.03417639021729115,0.011117564686886638,0.0004212766976470753,0.0025085759736391197,-0.0027846323543708274,0.0013490662607266017,0.02027489259108701,0.005803105665951167,-0.0005637492025645568,-0.0008492021464356694,0.00017343255099746448,-0.004770298584224114,-0.0016738287423185498,-0.0011441805273202878,-2.1803438820266895e-05,-0.005498799517312658,0.00028827884905054693,0.008428894758547547,0.002862795702525464,0.0001406948906840438,0.00015650559143409688,0.03009016156225787,-0.008773246147062388,0.07212335640551994,4.979082,2.278792,-1
4.1687,41.0,5.873333333333333,1.0466666666666666,738.0,2.46,33.79,-118.12,2.407,33.79,-118.12,0.009049511941213987,0.01527400726479396,-0.0025238254742172726,-0.0020497563454712313,0.010093387067332364,-0.002209929166542466,-0.0005313286841707833,-0.0019317115340968117,-7.647414229621394e-05,0.0007000656761754984,-0.015013717663046428,0.005350809919936346,0.0005470713137716397,-0.0007366587462858651,-4.03145090199487e-05,-0.00047232668370126055,-0.000896075843832548,-0.0018400078328068348,-0.00031043981546834885,0.0008947890009043812,-0.0015723664705679674,0.003429891110116469,0.0021878824351767197,0.00032840872132030663,0.00018171232515185178,0.03277330255013269,0.003192261009415518,0.05323478205597363,5.356529,4.6466966,-1
4.5486,36.0,5.271889400921659,1.0115207373271888,1079.0,2.486175115207373,34.22,-118.23,3.61,34.22,-118.23,0.0007941229094439305,0.016762972078562262,0.0007141053937619339,-0.0024779309588882554,0.007612399887197039,-0.010422971374325664,-5.3907516918959694e-05,-0.0011002432470095982,-0.00045914624276151126,0.001914949817248171,-0.0009835070594226742,0.0026088033250816905,0.0012749838037450789,0.0005704750806672933,0.0004549409842915341,-0.0014033581928969635,-0.002849965582943483,-0.00123114628211612,-0.000513657801333449,0.0005848707581235099,-0.001968342978115987,-0.006646664737338829,0.002474585404524436,0.00010874161833761459,0.00031616620215026186,0.03117025248564205,0.004201686339021655,0.06405688135193714,5.4274836,4.4125504,-1
3.875,27.0,3.620772946859904,1.0289855072463767,755.0,1.8236714975845407,34.14,-118.15,2.583,34.14,-118.15,0.006399205708770509,-0.006159240162081251,-0.003465311543882418,-0.0007654254246299396,0.14706682796468576,0.012221712208477982,0.0018967145588671378,0.002030749822537955,-0.00039036327279050906,0.0013924217939999426,0.03168201966137228,0.0060501471383454745,-0.0005759264113320185,-0.0008183974992587908,-0.0036229031741242122,0.002181449660654115,0.0023651177010024886,8.106462556019996e-05,2.147352915974963e-05,-0.04099543437374593,-0.003276410659615677,0.0001997910171583086,0.004381157211302724,0.0007413106291633372,0.0002762283703982782,0.031210794465097252,-0.013723249167482071,0.05802650286696169,4.862211,0.84786224,-1
5.0736,41.0,5.382739212007505,1.0562851782363978,1627.0,3.052532833020638,34.11,-118.07,2.707,34.11,-118.07,0.0497862209055048,0.01684129964502177,-0.002596591036520997,-0.00019615572379130415,-0.030200462185774976,-0.01613951552378826,-0.0006231410916115527,-0.0011580296180270342,0.00015778494801881645,0.0006827959973161523,-0.016603754493314953,0.002615655574703466,0.0009314122549852646,-0.000674014634845578,0.0004215799527826574,-0.0002933982744264089,-0.0011941456594124042,-0.001304126201860067,7.695244506830288e-05,-0.0002024788319701765,0.00032261474504081104,0.003084963283058318,-2.2128064644254734e-05,-0.00016674124415698,-0.00012896789484787187,-0.003786814353677986,9.700199682470598e-05,0.07298592258901468,6.499742,5.967086,-1
4.5833,36.0,5.627450980392157,1.0374331550802138,1842.0,3.283422459893048,33.77,-117.93,1.907,33.77,-117.93,-0.002846653455112849,0.015170771796801062,0.0006248186265466758,-0.00137356363507434,-0.03317249120490861,-0.014839226085920051,-0.020976830453726312,-0.0021617486812714267,-0.0004445814732397325,0.0009815008213752913,-0.022147664407654106,0.0005637678618823456,0.0006527490392025776,0.0001899642971559412,-0.00016795126121749008,-0.0017903063908806796,-0.0007641210818848667,-0.006628623860739226,-0.0004084533501800406,-0.00041790140937613703,-0.0022499899255362357,0.002961537454821502,0.001779875252502308,-0.0003933846728944751,-0.0004497477114830463,-0.007692131530572474,0.011339847480834648,0.04969159409221392,7.678184,6.4318385,-1
3.875,27.0,5.328455284552845,1.053658536585366,1382.0,2.247154471544716,34.17,-118.41,3.661,34.17,-118.41,0.007325848815451269,0.017456758362942987,-0.00241532997900502,-0.0016640999588611012,0.0575909861343871,0.0056583450105684935,-0.008123729556051692,0.0025200325528588366,0.0001943765676557691,0.0007549874234000396,0.023624191368590078,0.005624281719893036,-0.000594040197641931,-0.0006756522434272895,0.0001822174561401298,0.002224217537321063,-0.003934590717152366,0.0018782713997445688,2.9511796005221816e-05,-4.703101595053443e-05,0.003645268978792973,0.004706284372934762,0.0004917672985341969,-0.0004099505340314532,8.353378085611013e-05,0.02922067057587645,0.005111710941209033,0.08143057193277758,5.134554,2.2796917,-1
4.6452,23.0,5.572815533980583,1.022653721682848,865.0,2.799352750809061,33.68,-117.97,2.738,33.68,-117.97,0.009593167623693093,0.01840642398256007,-0.0003295609806371509,-0.0004909195001308813,-0.01678694692186567,-0.02334451066685175,-0.016910774201528492,0.00017705559845194516,-0.0003663789741471235,0.0008501297678968452,0.014474302805196385,-0.0008233099671344328,0.0017824142514415514,0.0026722239096260694,0.002399027843819378,-0.007711814877974623,0.001513280423849548,-0.00035786978880071607,-0.00034203028784630376,-0.0009962104508856224,0.001007481924585005,-0.006707938329186695,0.0010370745447374776,-0.004387145811270154,-0.0005410030781506527,-0.005811657607936719,0.004217779427716686,0.04930557339849951,7.411799,4.430932,-1
5.0714,24.0,7.587219343696027,1.6683937823834196,1257.0,2.1709844559585494,33.96,-118.42,3.561,33.96,-118.42,0.012752063088228037,0.02173828433541508,-0.0007960600313601294,-0.0011737479201290057,-0.011579452560372879,-0.01754501644745135,-0.025287005162094405,-0.0005787088387530756,0.0033611607177329275,0.000966431821228309,-0.019479001969332204,0.0015043271506822234,0.0013043924388436358,-0.011809282337652808,-0.00019333868956119464,-0.0062302461067106326,-0.00807951348313663,-0.024232251252537997,0.0005044414701597069,-0.002110859359264382,0.005881106775005527,-0.017720540021173157,0.0013960156404501504,-4.598647258933144e-05,0.0006804213353215693,0.030735808677265386,0.019240007373316225,0.15988823276296027,2.1601367,1.8383076,-1
4.5714,26.0,5.044444444444444,0.8222222222222222,735.0,2.333333333333333,33.81,-117.94,2.432,33.81,-117.94,0.025130237855642095,0.010173919077418327,0.0016255906007369802,-0.002202183799985647,0.0349234684713594,-0.012225918297084418,-0.026733095115488947,0.002047169574015559,-0.0011364125076229494,0.001206607407321866,0.01619343866848562,0.0058120370468761895,-0.0006368716008747115,-0.0008273339878465014,-0.003678888365218028,-0.0006893276727022465,-0.0014999934047080737,-0.005517835380477256,0.0038273307328767383,0.0016378406380680144,-1.1623797695359196e-05,-0.01825486872227969,0.00241960331996744,0.0005881212131235798,0.0008257718020020992,0.030924819872168573,-0.0023676323023741983,0.0368474024080176,5.9734015,3.8338964,-1
4.1172,37.0,5.256613756613756,1.0555555555555556,1279.0,3.383597883597884,34.07,-117.95,1.765,34.07,-117.95,-0.005447542013542373,0.010550288781567956,-0.0022927887177150745,-0.0013726474595954295,-0.05412845875250583,-0.007923034521987088,-0.0024108994588926047,-0.0012867968130775287,7.447640913048524e-05,0.0010260398476436747,-0.02224107820099907,0.00255844429923983,0.00030194041691397475,-0.0006561348938546327,0.00011862771898370203,-0.0013384361365779574,-0.001990346796872559,-0.005184723375408285,0.0002871682505825151,0.0012303506851327917,0.00044136689348353635,0.003160794291094453,-0.0025294751920775724,-0.0005287725093338,-0.000193713083280943,-0.025967998115234016,0.0011360555363963774,0.05286861177832729,14.349027,2.6084478,-1
4.6277,21.0,3.983092638252906,1.0704473406128918,5127.0,1.805917576611483,33.99,-118.38,2.283,33.99,-118.38,-0.05343847251218211,0.013450937663207973,-0.0068469129316690545,0.007929295567548322,0.06604290849611394,-0.016864705593633348,-0.02802737868030732,0.0011006847773424833,0.0003290223182843516,-0.0064851079180357355,-0.11869631005435444,-0.0025050532531958893,0.0030624302963756884,8.225266825791385e-06,0.000532338390312564,-0.0010438555969565521,0.002245249050440049,0.007670593438031151,-0.004213269227558659,0.009153313236622098,0.008457586707134044,0.007172950322171573,-0.010847697211051891,-0.020227434557699132,-0.024972944011168233,0.04947052507356857,0.03114147971641432,0.165250584382308,2.5776346,5.531536,-1
4.0812,45.0,5.023076923076923,1.126923076923077,585.0,2.25,33.88,-117.93,2.417,33.88,-117.93,0.007933120093150827,0.015343218616432485,-0.0017034561479013122,-0.0009787833456125893,0.05023135664837494,0.001644929154072785,-0.004912474586761469,-2.425366532900306e-05,-2.8343279919582694e-05,0.0005904053876011972,0.013898557160556515,0.0060741564340394405,-0.0004736775573726331,-0.00046810823495808024,-0.0030433517306865665,-0.004054507324883213,-0.0022280773490590856,-0.0051148238672896916,-0.00042701313960718157,-0.0015036769883124256,0.0015046504534020585,0.00879905948189504,0.00207273798609684,0.00040662684494046817,0.0020375357296115336,0.03288116411749891,0.0035102844390319807,0.05071561104245347,5.4204235,2.6780014,-1
3.3333,45.0,4.594132029339853,0.9657701711491442,946.0,2.312958435207824,34.05,-118.36,2.547,34.05,-118.36,-0.028975627233313775,0.013504277894049453,0.0010730035596482335,-0.001588018727539181,0.027027975620916602,0.03502553528151793,0.0011975186507420573,-0.0005408657671269473,-0.0009714276665207678,0.0007420672781646025,0.010349905607815528,0.004885755051664201,4.977352069090509e-05,0.0004430338575148246,0.00047706368764483713,-0.00157452826076719,-0.0014373576101379926,-0.002526681112979863,-0.0005113615277382451,0.0016620237208925534,-0.004810221788358754,-0.006709283777071681,0.0022310331898114386,0.0005072836347183535,0.0009300738598650021,0.04049379027584467,0.00399762675401084,0.12235364157693508,3.6060512,1.8067201,-1
3.892,33.0,4.601423487544484,1.1186239620403322,2113.0,2.506524317912218,34.19,-118.47,2.929,34.19,-118.47,-0.01169858286119242,0.007647225313293524,-0.0014788073491060615,-0.0015864908282210881,0.003132751996935929,-0.0043247508354917145,-0.02123783602609742,0.0020163895151761725,0.00045137099512030564,0.0002574115833894354,-0.00479282115208804,0.002626813639172022,0.0006903074741972359,-0.0006459330137511302,0.0003097323642788953,-0.00533983778956689,-0.004037677768010733,0.001289461280953332,-0.00025255822729229843,-0.0010451030391494878,0.006447361064275428,0.009416398188485506,-0.002751282409640176,-0.0003335169031373392,0.0007229874283151094,0.03635033361671621,0.0026175047749376202,0.0657285199571886,4.8753357,4.232256,-1
4.2071,14.0,3.9169288860918816,1.0566393958464444,3148.0,1.9811202013845184,33.67,-117.92,4.309,33.67,-117.92,-0.06269839859747389,0.021944631517405753,-0.0038224166098140386,0.011018988697369995,0.09715733752885101,0.017082346188296665,0.015045284444790441,0.0008648985867624986,-0.0009460892403629661,0.016707750607620756,-0.13278139405460754,-0.006424697253948568,0.0019498847505687656,-0.0004730375639560585,0.0002365657765315549,-0.0020440919971232733,-0.0012371705258450826,-0.005401171664563311,-0.00025583688810225684,-0.0006179438141106793,-0.0036116152407799844,0.003726343600034273,0.02242688215977308,0.0032280082022636426,0.0015414538585552513,0.03397099477868533,0.0004169564476072313,0.06281882857970604,2.9765155,5.5061293,-1
4.8015,30.0,5.549295774647887,0.9929577464788732,1004.0,3.535211267605634,34.27,-118.46,1.797,34.27,-118.46,0.005624495979601925,0.018318230713343788,0.0007025219136863587,-0.0010910538175229858,-0.04453331306104483,-0.024636268399935317,-0.025880001960385146,0.0007732338503647922,-0.0005518795234633026,0.0013634240215643291,-0.01905939714134969,-0.0012740936409343965,0.00033054513429859423,-0.004347844141526847,3.223746538489999e-05,-0.006015460226541021,-0.0011878471584686888,-0.0011081247856012633,-0.0012304710545309153,-0.002219731883641574,-0.00607739860172439,-0.006241402503023658,-0.007395167054310713,0.0005968318627929566,-0.0012766145801849384,-0.03390515642028729,-0.02527398556114768,-0.03233251515923356,11.530249,6.024397,-1
4.0,38.0,4.56140350877193,0.8859649122807017,557.0,2.442982456140351,33.96,-118.13,2.547,33.96,-118.13,0.004845976122783456,0.006779845239749658,0.0015658651466951474,-0.000556460977551927,-0.003001951489990822,0.0026661358678591314,-0.0011570891351025442,-0.001737698960373205,-0.0011494045904902163,0.0007726403064949826,-0.015810870314391833,0.00532279241215004,0.00030819535115211307,-0.0011430512041202693,-0.0032572125819368947,-0.005618722276265815,-0.0022379332482439975,-0.0013899602446188174,0.0058441031525833026,0.0011253919202249701,-0.004652346831717467,-0.017277433299847305,0.002305435176366652,0.0007931670325055416,0.0028632200506063074,0.033424430007253224,0.0034702710767059598,0.04298528560107336,5.412407,4.8054285,-1
4.0648,45.0,5.362363919129082,1.073094867807154,1562.0,2.4292379471228616,34.17,-118.32,2.588,34.17,-118.32,-0.002428585193634263,0.016329926846322975,-0.0022466024922047113,-0.0019306626085632008,0.0030807968556350166,0.00023261164369625052,-0.010275828350521146,-0.0005111512458114737,-0.000360912047111661,0.0008665909646722832,-0.012438185820385405,0.005921312699010518,-0.00016828534174646148,-0.0008267414012677991,7.40188121671295e-05,0.003127751011079345,-0.0028981757532347188,-0.001911909012273473,2.9511796005221765e-05,0.00029238417031350876,0.0030635790378211163,0.0020892039227570097,0.000459747838408746,-0.0001824378793943942,-7.107672690084686e-05,0.035299924553224483,0.0030262585619151173,0.08664053677025302,4.650204,4.073798,-1
3.8056,30.0,4.435530085959885,0.9455587392550144,757.0,2.169054441260745,33.97,-118.35,3.238,33.97,-118.35,0.007548228978265954,0.010598078572673744,0.0004331820708358082,-0.0017333402476372639,0.04500611443953276,0.00966358307206906,-0.011721060438412435,0.0018578735558075277,-0.001809572003292698,0.0005955115641263373,0.03942300458576987,0.003241766887900733,-0.0008963002189037914,-0.0008104194460455709,-0.003706063794802278,-0.004779619813266973,-0.0011516829201662039,-0.00038947979050010263,-3.281620665700415e-05,0.002719197733840409,-0.005457380063225332,-0.005523667740244102,0.002996940404709027,0.0004796640039313382,0.0001644041721602967,0.0342580906972822,0.01376407484247237,0.08151807954781769,4.944102,2.1098824,-1
4.6649,24.0,5.631703470031546,1.0488958990536277,3418.0,2.695583596214511,33.72,-118.04,2.378,33.72,-118.04,0.009865099842669289,0.018693290468622628,-0.0027563775983096236,0.0012864977992165221,0.007573144843338085,-0.013846090123774845,-0.0026774848849436942,0.0002266651202877704,8.876308434305918e-05,-0.0017914779162204893,0.018262935860544786,0.0030227447072322593,0.001216154605421756,-0.0011433393851355558,-0.0007099961043031962,8.636880154646939e-05,-9.515647353173753e-05,-0.0006215661986401008,-0.00022394255104656215,0.0015446027618794263,-0.0016320099643297762,0.003406965232298084,-0.0036240279109051583,-0.0007485831485332186,0.0014555520142817775,0.00785790946113184,0.006398137300393455,0.05353380070229149,6.6984406,4.4136343,-1
4.4063,32.0,4.687793427230047,1.0023474178403755,944.0,2.215962441314554,33.62,-117.91,5.00001,33.62,-117.91,0.020059260310748582,0.0017889873358942583,0.0004359016945725089,-0.0015460415180191733,0.04648261038969618,0.05322619781946467,-0.005611187988387362,0.0028825537675805056,-0.0004217546859628797,0.0016858062878240669,0.03242546416116073,0.003301137386086699,0.002510557812935946,0.0005794880508500916,0.00046902073204769607,-0.0014909225410838355,0.026797097528125532,-0.0032785678254790636,-0.0005917398127039858,0.000962176553656468,0.002952465044106925,-0.007360528034363148,0.003818460711560686,-0.0020360134672251905,-0.0003629917990193483,0.05159402257993554,0.0022371384466571076,0.07842694045505479,4.859784,2.1424985,-1
4.645,22.0,5.712585034013605,1.0935374149659864,1227.0,2.086734693877551,34.13,-118.04,2.762,34.13,-118.04,-0.02148523201636594,0.020143363748131943,-0.0013482931758806585,-0.0025002092018654746,0.011967065379484438,-0.007220482764023568,0.013313372088344596,-0.0010508505924581026,0.00011294619432637826,-0.0007983710385464185,-0.04976841097050134,-0.002505053253195892,0.003020288999606825,-0.0010758177684663849,-0.0006181621652399454,0.00031838232383770874,0.00032930405641029277,-0.0010324068593827993,5.732953841674504e-05,-0.00019753279672743768,0.0019448158681743236,0.004848079021284396,0.001570579965159861,-0.0001219738763082059,-2.7136174214572285e-06,0.024014499110578943,8.607620721031541e-05,0.07377870982818471,3.7646909,5.0410967,-1
3.1923,40.0,4.3088235294117645,1.0496323529411764,1305.0,2.398897058823529,33.88,-118.12,1.919,33.88,-118.12,-0.03587228751138111,0.026281499064974158,-0.0020471620167118046,-0.0021355805166672895,-0.02375894902992767,0.03064685189520325,-0.018831489198369054,-0.0009943792106206454,0.00016340058222835837,0.0007503881262619969,-0.005441069339860695,0.00496197347638653,1.3889186019300456e-05,-0.0004936214388551997,8.948427769864392e-05,-0.0015721332712365721,-0.002096820174825087,-0.0012698259838979104,3.020540527905602e-05,6.214789692860505e-05,0.0008510562621783441,0.003992620459165048,0.0014554550387117907,-0.00011298665784521621,-0.00019689277592397736,0.038694333251990856,0.007305917476597547,0.06196697361439348,3.873418,3.9140806,-1
3.274,39.0,5.218503937007874,1.1614173228346456,1103.0,2.171259842519685,33.72,-118.29,2.543,33.72,-118.29,-0.020795492857570378,0.008845228040078491,-0.0017831737701781865,-0.0017184507941775322,0.08502008345957063,0.028826408039632215,-0.0287413631411982,-0.0008929857567822505,0.0006250784666406383,0.0009391410538367479,0.03360079172140166,0.004949057732970665,-0.0004196185722927451,-0.0006746616875928179,0.0001373516958980661,0.002859962076819631,-0.002086739565363098,-0.0005812608111933198,2.722968303873881e-05,-0.001616250562794445,-0.008743594739484627,-0.0023744199512766703,0.002381705676992775,0.00014215420002836377,2.8877154864650964e-05,0.028687395507259003,-0.023292915548618932,0.06184918663954209,4.889584,1.519731,-1
2.4722,52.0,2.767871485943775,1.0923694779116466,1768.0,1.4200803212851405,34.06,-118.35,5.00001,34.06,-118.35,-0.07419828421883722,0.08587758042803177,-0.004723671698460129,-0.0031393180640694736,-0.1036779794072281,0.026500118802749415,0.019367963225208888,-0.007621510005468224,0.0027319490734661602,0.0010142811201691877,0.11985896914062537,0.006254811171639503,-0.0017644516678003688,0.00036371182732789143,0.0012810189714974776,0.0429620256164222,0.0019242750360417699,0.0059908167436720445,0.000758495039621579,0.03855733343326133,0.010087584367077707,0.013524776286812156,0.0011495800183616521,-0.00032360089039515936,-0.0001422123162259018,0.044229422737013566,0.0791593782727177,0.12024993443024172,3.329121,1.7740119,-1
4.6184,36.0,5.760135135135135,1.010135135135135,871.0,2.9425675675675675,33.95,-118.02,1.798,33.95,-118.02,-0.002689477709656558,0.018259963320829953,0.001093691786252393,-0.001822695533914327,-0.013542070542756877,-0.013629945623775399,-0.013703257796485438,-0.002322486799603031,-0.0004398636656069693,0.0014832565965272526,-0.01242649704142433,0.0020658358540470443,0.0015848662444174482,0.0013770342170333293,0.0020082502268623467,-0.0003786328076868655,-0.0001642017746563348,-0.0007349673953808061,-0.0004979643856504316,0.00047896631218202073,-0.0012128055641348707,-0.0064404772333224915,0.002000097976880227,0.00010516107429421822,-3.9122955365998384e-05,0.005897637214340188,0.0035467108743238813,0.04643810478804481,7.4163194,5.6007557,-1
4.6226,36.0,5.126237623762377,0.9851485148514852,988.0,2.445544554455445,33.96,-118.02,2.197,33.96,-118.02,0.0007941229094439305,0.015100491210658148,0.000677577267812472,-0.001868692675478624,0.0057953298937462915,-0.01081262797705489,-0.016075005630580078,-0.0011002432470095982,-0.00045914624276151126,0.001914949817248171,-0.0009835070594226747,0.0026088033250816905,0.001274983803745078,0.0006496034818463307,0.0006282617194048058,-0.0018307746458339773,-0.001384910293063949,-0.0009144299158169538,-0.0004582330609912644,0.000641772003540624,-0.0007801830883659287,-0.006541841714806023,0.0024641570366265193,0.00011563923922899655,-0.00018664897014022323,0.03129724007581935,0.0011936277671324512,0.04948254135797525,5.5820093,4.5759397,-1
3.6936,25.0,4.448735019973369,1.0505992010652463,1685.0,2.243675099866844,33.94,-118.16,2.383,33.94,-118.16,0.012030032625017761,0.01012360524885559,-0.002406576146914599,-0.001502334437921092,0.044051858688571026,0.023623913622814616,-0.020941289810635758,0.0023636310481341856,0.0003612049575869998,0.00013017044404994773,0.019614136688121814,0.005292641425880456,-0.0006652502977118745,-0.0006633220793918187,0.0002359074499836118,-0.0037476555167834597,-0.0013479312745086707,-0.001114152199715942,2.9511796005221816e-05,0.0005392920223105478,0.0008793579354675924,0.003998924782662333,0.0004917672985341969,-0.000199559456726979,-0.00025333687529698545,0.03162241836701008,0.008028497847565765,0.06446972323739623,4.927711,2.1519778,-1
5.0874,36.0,5.637254901960785,0.9640522875816994,799.0,2.611111111111111,33.73,-118.31,3.685,33.73,-118.31,0.009437970650396537,0.022112360288916066,0.0007369408618169868,-0.0011691005450140681,0.06580077471430242,-0.016924688826089496,-0.01004740228419018,-0.00232248679960303,-0.0004398636656069691,0.0014832565965272526,0.0012993685024800415,0.002359243061067798,0.001100555508300941,0.0014602277792430856,0.0021191422767632656,-0.0013915907611874493,-0.0003683057493047598,-0.0017426572077507605,-0.0005737501234257648,0.0014318391706544887,0.01532587402010515,0.011228076133111836,0.002103273712474114,-1.1375772096228713e-05,0.00020605964658931857,0.012849316074969504,0.007467888961847627,0.08661581013392587,5.181832,2.7270947,-1
4.0529,33.0,4.028497409326425,0.9352331606217616,1571.0,4.069948186528498,34.12,-117.9,1.382,34.12,-117.9,-0.009458093414059031,0.018253120867859806,0.0017806741383258678,-0.0011642350236311572,-0.040712385798946475,-0.005583782886084666,-0.002181636820881164,0.001737287514487046,-0.00042330244984259684,0.0009082187288607282,-0.02499615975685797,-0.0012820014743186742,0.000541339839818779,-0.0005355155640989962,0.0005747298100327545,0.001160104693896356,-0.001480217918024267,-0.0051896202793280475,0.002715838101696575,-0.0005208775457696669,-0.0032592046812568707,-0.017114268388139457,-0.003710822194033356,-0.0001999215367905952,-0.0003743186380906671,-0.035178687997650386,-0.0012274538095129758,0.03756784602728738,14.585321,2.4287348,-1
4.25,18.0,5.601973684210527,1.0386513157894737,3704.0,3.046052631578948,33.87,-118.25,1.692,33.87,-118.25,-0.002417893078928614,0.017078884157518244,0.0003214195163000205,0.004817934763602987,-0.020719383029198,-0.018582589153195377,-0.0012557602025348878,0.00023908026093907535,-0.0003653620627129735,0.0008748757285410338,0.018251731953443314,0.000247097817603398,0.0006379389718417553,0.001530927360637124,-0.008541492852371414,-0.009501562403914504,0.0008246005623062421,-0.001424698224985168,-0.0007975024363832744,0.0002882928411337793,0.00043544339227234366,0.0028085587109720235,-0.004196466428398681,-0.0007302013779610446,0.001464642530784643,-0.00324923032322599,-0.0016460637091892324,0.05049247869794584,7.653153,4.556969,-1
3.5073,42.0,4.251351351351351,1.0405405405405406,1859.0,2.5121621621621624,33.85,-118.32,2.348,33.85,-118.32,-0.03536630405314411,0.03130651452613675,-0.0025239393511729998,-0.0023725030394919746,-0.04105142689782797,0.029178422799726267,-0.007052231142609887,-0.0015684785857080774,0.00016340058222835826,0.0005022578861557227,-0.01019384472831808,0.004321125010216965,0.0008106129383445291,-0.0005069358273311237,0.0001561354963023681,-0.0011895055136925802,-0.002260321413594419,-0.00424174651056668,2.9511796005221765e-05,0.0003272126722472992,0.003124879343571471,0.0019445179346641776,0.0007857907733306289,-0.00031518940580456867,-0.0002460751388186821,0.02561634364367028,0.0023437645171859598,0.0826450240967783,3.877663,3.8658547,-1
3.6111,48.0,3.836206896551724,1.0991379310344829,434.0,1.8706896551724137,34.07,-118.35,4.5,34.07,-118.35,-0.0291271105454173,0.015355294369755941,0.003194462892712118,0.0003902592132800795,0.12393389848165103,0.03374501027759032,0.010135950627063399,-0.004632283312229593,0.0003036325314649672,0.0016198313883051174,0.08276852512000654,0.0040295261168472925,-0.0017789861498044251,0.0005058673118146186,-0.002406893388644534,-0.001218174890330743,-0.001159967144130202,0.003237221622719757,-0.0016489056052769629,0.00993768388466974,0.0036051571539362616,0.004848950834099431,0.0011123908693329082,0.0010125365020053991,0.002723665310702678,0.03395567573111289,0.02092036190271585,0.1226451527375907,4.096788,1.0681144,-1
3.2404,27.0,4.035984848484849,1.0284090909090908,1065.0,2.0170454545454546,34.23,-118.53,2.304,34.23,-118.53,0.022118005504287754,0.032112144863692134,0.0017822364693932144,-0.0019413422830139857,0.08821218072132966,0.035470650641003854,0.008346784016430417,0.002591067842215289,-0.0004161390517533378,0.0008709032141804252,0.052928264563521836,0.005695928529174178,-0.0005930299367164178,0.0004712226348051541,0.0005109902466558585,-0.005212836245666182,-0.004043733199271303,0.0036099263532140477,-0.0002785432244475567,-0.016183464140994783,-0.005844280551573899,-0.006870473095583852,0.0030134408146865518,-4.526683042170343e-05,0.0005299346962655334,0.02666817356568829,0.021321583912952483,0.05114847147962585,4.88889,1.3250949,-1
3.5556,25.0,4.022012578616352,1.0393081761006289,1183.0,1.860062893081761,34.06,-118.38,5.0,34.06,-118.38,0.0378340961532129,0.031957769996796295,-0.0044562834532686085,-0.00011210913761052494,0.15125173891500368,0.034307193260984956,0.010335099371100054,0.0031126416941091367,-0.00024097194427946368,0.0014251342003508106,0.05522243013999754,0.005149568606395821,-0.0008028311607865317,0.0010842896663518379,0.0005202503724402456,-0.0036413737925153943,0.0015433773278997192,0.008299633290853427,-0.0004611863312641467,-0.005035207169184372,0.0028066061405194933,0.004777925620958983,0.003960972168409168,0.0005173864947226369,0.0008416220529050202,0.03374231619933646,0.025544558917439255,0.18714280465989505,3.6510098,0.7800384,-1
4.3897,36.0,6.022950819672131,1.0459016393442624,810.0,2.6557377049180326,33.8,-118.11,2.35,33.8,-118.11,-0.0016644833294966843,0.01679942578620111,-0.002818331173927713,-0.002395675037713951,0.0037580274867346974,-0.013913522012104962,-0.0028692918351809404,-0.0024322797359998733,-7.72740794578928e-05,0.001502112760595232,-0.0054854169245723795,0.00236536411568316,0.0011079857450501886,3.13814861489151e-05,0.0024705215850731608,-0.00011109800431267192,0.0011656487682210521,-0.0014949206953072472,0.00038161743482533617,0.0012186905930070334,-0.0015723664705679684,0.0034150065579005204,0.001857700302010793,7.745355208603594e-05,8.461219370715814e-05,0.010253549835939211,0.00828623725008904,0.052424943656422016,6.351395,4.9241614,-1
3.8586,45.0,4.680412371134021,1.0257731958762886,1524.0,3.927835051546392,33.81,-118.21,1.579,33.81,-118.21,0.0023683483553694263,0.008166461977056233,0.0007239606027928411,-0.001252634832148401,-0.031182916451563052,0.0017693525070264478,-0.008767110817447958,-0.0013665717747292831,-0.0006045044626311826,0.0007227965844707302,-0.024157534067246786,0.0010074385225120883,8.821866819316866e-05,0.0005855498198087376,0.0005378999190061936,0.0025670944205450834,-0.002248059757226961,-0.0005378675833789423,6.778221805092212e-05,0.00651651989423544,0.004684540354367468,-0.005621223787467376,-0.0027827199799326484,-0.0006723114442862399,-0.001179660559788245,-0.03432775873899142,-0.008288481648645896,0.041592759652547016,14.031911,2.3061101,-1
4.2566,16.0,4.819444444444445,1.0555555555555556,784.0,2.1777777777777776,33.74,-117.97,1.392,33.74,-117.97,-0.05193476963865416,0.008974006958223266,-0.0012571320804198515,-0.004800605573124575,0.012567341736669383,-0.014331138604400436,0.021614577012593537,-0.004857588257619829,-0.0009452980142326877,-0.00201109709873519,-0.07264454404903661,-0.0062719941782540655,0.0018597058816647364,-0.001148954795122347,-0.0017464667065436343,-0.004057367622632788,-0.001421856204844505,0.0002630491653796642,3.1616516856243274e-05,0.0011949324902221503,-0.0018665469699703833,0.003788470423279323,0.002736516171547035,0.00014734807456949907,-9.821762888128477e-05,0.025521310185487284,0.00031424188378022,0.05003621279352511,3.8247538,5.322387,-1
5.0839,36.0,6.221719457013575,1.0950226244343892,670.0,3.0316742081447963,33.89,-118.02,1.982,33.89,-118.02,0.001694964257765699,0.018816149704435403,-0.0022091841069908015,-0.0011243505282910575,-0.03061129317014173,-0.016984351766635736,-0.012595927227929337,-0.004402354441871574,-6.921977419813884e-05,0.0014596956415140528,-0.0179699993314577,0.0012396699831066194,0.0006320091037257113,0.00022952100851082827,0.007400906269746965,0.0008688142269122567,0.005035480330070691,-0.0016433582296212239,-0.0011693376457738783,-0.0019763045315677333,0.0016959589749252948,0.004144330744911773,0.0018420189357215757,0.0006645714873943614,0.0018505328303315492,-0.004234777173626476,0.0056409557740905066,0.05007515050609193,7.616306,6.391336,-1
4.2062,35.0,4.7975460122699385,0.9386503067484664,499.0,3.061349693251534,34.09,-117.93,1.613,34.09,-117.93,-0.006419651918690417,0.003102552801895997,0.00179083298536655,-0.0006455692099895217,-0.03185756304206317,-0.02032353803954615,-0.0062487383679929055,-0.0016355471858059282,-0.0011364125076229492,0.001309496047025125,-0.017830414059065356,0.00026136724127087327,0.0003019065504045835,-0.0011021304691704972,-0.0032667663671266662,0.0009577994684462623,-0.001854942043462444,-0.006141733442450255,0.006698534496706718,0.0028302547324190815,-0.004863794781017711,-0.016776017988529582,0.001977126925254558,-0.0002685373123393422,0.002866661841293541,-0.003273726679844815,-0.0036857950214210086,0.03746856973402983,8.160247,6.175127,-1
4.5759,43.0,4.728476821192053,1.076158940397351,836.0,2.7682119205298013,34.23,-118.26,2.092,34.23,-118.26,0.03602601981310796,0.003410481801884033,-0.0025698121281810932,-0.0022446113749300836,-0.036286229572617824,-0.014260563932300047,-0.0018399691845879444,-0.0009078616309763597,0.00015778494801881645,0.0014584880628760052,-0.023404570147923357,0.004305410604554545,0.0013843680501734355,-0.0006981785032471619,-0.0013982105400654704,0.0009273690877828214,-0.002814550582849331,-0.0015713763277626087,1.13996225652959e-05,0.0013632819093617795,-3.279095553463717e-05,0.003074561398141218,0.001822942118999628,9.876759752636823e-05,0.00019166325580787438,0.008818222085859483,0.005910451126154539,0.0664812194588946,6.638183,6.073812,-1
4.6458,18.0,5.719266055045871,1.0697247706422015,2079.0,3.8146788990825686,34.22,-119.04,2.228,34.22,-119.04,-0.0015576791185600634,0.015797503062700332,-0.0025624009655217006,0.0022810179056240083,-0.031064021344326828,-0.02338910307692466,-0.024360752889833096,0.00024528604110372513,5.873593690063272e-05,0.0015013997361927622,0.026024903280809388,0.002493469492663787,0.001144100266859547,-0.0011211965393602722,-0.0008048472411657507,0.0024315274195568074,-0.0027603232483151855,0.0008440606048139998,-0.0013942126588950973,-0.0007551178854048115,0.0020569388648668282,0.0034666870529971605,0.009468095524914502,7.459407431215846e-05,0.0027300124012649284,-0.03242100709961543,-0.024517488795843412,0.052062226605596965,7.675595,4.227486,-1
4.8854,30.0,5.280632411067193,0.9446640316205532,905.0,3.577075098814229,34.04,-117.93,1.781,34.04,-117.93,0.006212869096630425,0.013076144127733023,0.0010189905988035196,-0.0009704727483264839,-0.043197232915429415,-0.016876766516067437,-0.022863795300822793,0.0019036755142955337,-0.0006484575832811658,0.0016811953339413675,-0.019643193995350226,-0.0015554079977881969,7.471987950275319e-05,-0.0004401473694371741,0.0006115204720596035,0.0003138022354770356,-0.0012521430446111247,-0.006042792984331955,0.002159051605792049,-0.0006145280344223414,-0.0015227052441429403,-0.014682607386311275,-0.007828647738424897,-0.00017814860814216682,-0.0005407209706705665,-0.0347007145781597,0.0008138570679323788,0.037977723160448146,14.018966,3.068218,-1
4.2289,25.0,5.154336734693878,1.1517857142857142,1689.0,2.154336734693877,33.66,-118.0,4.427,33.66,-118.0,0.031009870833331177,0.01940714054215884,0.0022572459995479476,-0.0006450054621399395,0.04458342993539979,0.024844216928424694,0.024537772131154878,0.002494404646508593,0.000785491285200648,0.00013459642155571255,0.04074646543427487,0.005013003525143534,-0.0007629122356305499,-0.0006904571606856735,0.000330442023235474,0.0002540189288516117,-0.0009590919179784937,0.0003686630146246735,2.8173762328124288e-05,-0.004495580684328854,0.011873150717797851,0.010112790480142346,0.002382187777186822,-0.0020624890946918965,-0.0006288975320928431,0.04468051091066139,3.483184566530711e-05,0.05872164917319896,5.21975,2.107912,-1
4.015,30.0,5.017142857142857,1.0409523809523809,4480.0,4.266666666666667,33.75,-117.94,1.867,33.75,-117.94,-0.0024903177662402116,0.014028760385136119,-0.002506914804811906,0.0019407063192328946,-0.04380416125676429,-0.004565751528903429,-0.003970511143023856,0.0018703283931128596,7.368518300020674e-05,-0.00040402741802064533,-0.0177000802363029,-0.001041221619577132,-0.00024640090729313247,-0.0006569535641752805,0.00043541260775431393,0.004677833640936106,-0.0016897809370335925,-0.004999092605379574,-0.0013861652381569462,3.94823461958435e-05,-0.0025772667901201372,0.0030116881414822437,0.009702456452185515,-0.001751575629542858,0.006063981123956707,-0.035784442802927835,-0.0008989542232826831,0.05126634272164486,14.398636,2.6320958,-1
4.625,36.0,5.479591836734694,0.9591836734693876,496.0,2.5306122448979598,33.84,-118.11,2.174,33.84,-118.11,0.0010044967873832017,0.015059476235732889,0.0003899718590897153,-0.005687909109549413,0.0037812151035443568,-0.01106917639850754,-0.0030804109451334147,-0.001467079069477924,-0.0015433369705130995,0.0016349015259454892,-0.001231388238071495,0.002905237305233753,0.0007958223937183787,-0.001218348167177391,-0.004489883898788405,-0.0009999798196297619,-0.002062463945204527,-0.0010454972774747826,0.0014681298168415546,0.0008552115482719972,-0.0007227237335911588,-0.006589985625805036,0.0023149889615564244,0.0004342891309516362,0.00321000972235302,0.02394018830852,0.004353661923071098,0.048200592563156036,5.7853084,4.6740403,-1
4.1458,35.0,4.674556213017752,0.9792899408284024,1290.0,3.8165680473372783,34.0,-118.09,1.625,34.0,-118.09,-0.0033045121435913752,0.004649057164413139,0.0008003770053806032,-0.0013175222322097167,-0.04656856622783691,-0.008203887684103465,-0.0014138441671455253,-0.0006019059862378941,-0.0005416548444881636,0.000911393609869205,-0.02560732660586327,-0.0011596061589896208,0.00023968918594085756,0.0007218644209660728,0.00048298105944349445,0.0019439863476993246,-0.0016153188715763765,-0.0005756518784316484,-0.001252480483414045,-0.0004207918112200104,0.0004983995495172548,-0.00619778257682502,-0.005238602427358787,-0.0005422479752430873,-0.0009363719265267136,-0.034660084454911214,-0.010454979692604373,0.04536636176447267,14.579829,2.7937574,-1
3.6964,47.0,4.117249154453213,1.0901916572717023,1438.0,1.62119503945885,34.06,-118.4,5.00001,34.06,-118.4,-0.028348814862323848,0.031981891296114194,0.0031399924946435985,-0.0010306780423671768,0.1507415791768378,0.034958713599135285,0.010897146264769163,0.0012577813782133924,-0.00012208931860740817,0.0017936907627277314,0.09980311726831714,0.004794622162439654,-0.0014090463884611232,-0.00010987232930053875,3.762074211935719e-05,-0.0338658996468257,0.0018125134896672375,0.00908396346081485,0.00015619912357842677,0.02676576375493742,0.010093840098348782,0.013685111736097209,0.0032274767359827105,0.000527221734435206,0.0008875014446483741,0.06128844957556582,0.08789206695296692,0.19777623192241567,3.7057588,0.7492578,-1
3.5719,19.0,4.387329591018444,1.078588612670409,2828.0,2.267842822774659,33.73,-117.81,2.528,33.73,-117.81,-0.014907038131981729,0.023857816310001344,-0.0022676425954962997,-0.0018250882997870436,0.03413637774475993,0.022842153500438465,-0.010794142707632022,-0.00023142047394290774,0.00037745687744538125,0.00033153774052243755,-0.03115908417766513,-0.004857327921979531,-0.003089468087003127,-0.0005202925948072835,0.0004817360634798014,-0.004793605206917606,-0.0018935027396500442,-0.003776022168402578,-0.00020718245640984886,-0.00011786093050046665,-0.00043743862295166964,0.005160715968509011,-0.002611176125839766,-0.0006156334177565977,0.0010571415545558571,0.0288806721265052,0.0025703136515978944,0.007965684548593508,4.4872036,5.520955,-1
4.806,20.0,5.86797385620915,1.0457516339869282,2867.0,3.7477124183006536,34.41,-119.52,2.797,34.41,-119.52,-0.002767752120610724,0.015758656506934577,-0.002563192191651979,0.003598392859952803,-0.031047098870340458,-0.02440714222442607,-0.023303976276182862,0.0004971577633149815,0.00010252796654137701,0.0015819736070057705,0.025730791803828926,0.0025367586962075205,0.0014198184743918136,-0.001134253372001169,-0.0007431296684691725,0.0027383273927473525,0.0023482589228452522,0.004288818041103318,-0.001393200574586516,-0.0008287747913780945,0.001388483639412514,0.004522011504499075,0.00944817460102349,-0.001885127482318519,0.005140290347833626,-0.03322239766826261,-0.026259086507791952,0.047084636309418997,7.801458,4.216104,-1
5.0767,25.0,6.042065009560229,0.9694072657743786,1514.0,2.8948374760994264,34.44,-119.89,2.712,34.44,-119.89,0.013072524970690648,0.019248100037270028,0.0007679610338250546,-0.0004670031636317062,-0.017120792152455943,-0.0251876967646233,-0.020493231210127093,0.0006764635592065147,-0.0002684741634815513,0.0010833693231216575,-0.01274184671177557,0.004058628425431337,0.0004988123859510324,0.00016633573493790154,-0.0004742579313428533,-0.0002626779705352046,0.00440666850894632,0.0038065522646370084,-0.0008790369171196983,0.001372435652604377,-0.007175287995207467,-0.008468630776266717,0.0002695782995529903,0.0006340910739868692,-0.0006887438192679136,0.005642867259991016,0.006062587356674059,0.02086516148501176,8.670286,5.9433646,-1
3.5909,25.0,4.055806938159879,1.0844645550527905,1229.0,1.85369532428356,34.05,-118.47,5.00001,34.05,-118.47,0.0369856800908051,0.03185537966460288,0.0031183185262444743,-0.00045000371350462456,0.16041311817312703,0.03509535134135927,0.012120725858966737,0.00334180435509125,0.00036120495758700026,0.0014422106999100333,0.05522243013999754,0.005149568606395823,-0.0008028311607865315,-0.0005075871153229017,0.00014755220752841566,-0.0036428458085743616,0.0015530402322452082,0.008363973557195854,8.697048553185858e-05,0.010475442815158055,0.004136478017863078,0.005882610252358556,0.003311274419752624,0.0005104719217338596,0.0008619580790030048,0.03374650038464693,0.025536934092657847,0.1966835256743815,3.7488694,0.8212865,-1
3.1477,52.0,5.58869395711501,0.9668615984405458,978.0,1.906432748538012,34.1,-117.72,2.912,34.1,-117.72,-0.03898544797014049,-0.0004495571982056659,0.0031921019534157462,-0.0024047023419645737,0.02470313904464131,0.027475115929522544,-0.012335643586402361,0.001955212187178354,0.0028716334690032192,0.0013034585738951891,0.0703540648717217,0.0036812277740360232,0.00352207483067954,-0.0006755689133315909,-0.0002387161670441991,0.020884834454105886,0.0041991822245121355,-0.005647091914198929,-0.0005048171613534953,0.0017133071779720835,0.000868371270983363,-0.006502266792282154,0.002248639364749961,-0.0005608697428982133,-0.0014614827012173035,0.02812704389938308,-0.019494622255916597,-0.1421657207495768,10.279931,5.4440875,-1
3.9727,33.0,4.531972789115646,1.0571428571428572,1695.0,2.306122448979592,33.98,-118.41,3.072,33.98,-118.41,-0.006130420313047143,0.007617267118771753,-0.0024114325473790117,-0.002032090229712087,0.03132095935507212,-0.003010821737671658,-0.019602085484994102,0.0023452865453905828,0.00015698501085713767,0.0006167716089580742,0.016036919256215476,0.0031851640574080582,-9.386199807289443e-05,-0.000658267074060636,0.00023929414978763445,-0.0028768718725687608,0.0015230518511781116,0.006104922172558815,2.9511796005221816e-05,-8.790109566640966e-06,0.003719243970395724,0.004676196682751334,0.0004917672985341967,0.00041799460034429276,0.0007853612329634294,0.039396485272386,0.008995720105044144,0.1800174697892773,2.603159,1.5582443,-1
4.4,45.0,5.15625,1.0,645.0,2.51953125,33.86,-118.13,2.095,33.86,-118.13,0.03824121318267008,0.017950980474337977,0.000679575545430104,-0.0025094416668420324,-0.004816749719436441,-0.011672895452748598,-0.0034064474977616357,-0.0009435868618666801,-0.0009770433007303097,0.0014412677040203676,-0.0199730824836511,0.005150933110356618,0.0006014452540897292,-3.685888944053394e-05,-0.0038027994246119146,-0.001105585183200234,-0.002391862499597517,-0.0009878190512346485,7.04543026342052e-05,0.00044299938701306576,-0.0011437545375883422,-0.006538479945794913,0.002353921350662427,0.0004696835632978496,0.0019238201180971375,0.02377031141372468,0.0044604944405364074,0.0482926932952239,6.2045407,5.319953,-1
4.5568,36.0,5.750561797752809,1.053932584269663,1358.0,3.051685393258427,34.2,-118.57,2.015,34.2,-118.57,-0.0035109148334743477,0.0177268030858292,-0.0027659213521526766,-0.0019973939946118817,-0.01759875608635921,-0.020365816038162364,-0.023166852348264377,-0.0024534810783133597,-7.72740794578928e-05,0.0015995881750325027,-0.017436628788985557,0.0003760808241959634,0.0011319104492292786,-0.0011077109105646643,-0.0003576438653390455,-0.00046613914534405766,-0.0031877663913109453,0.0006298704930754534,1.303225509661516e-05,-0.0007755417903552507,0.002483750612671453,0.0033528265620185785,0.0006696258695460271,-0.00038670835859960946,0.0003046567672663652,-0.006554955972510677,-0.0102116577518814,0.058883240775017213,7.301043,6.581212,-1
3.8068,19.0,3.800904977375565,1.0950226244343892,964.0,1.453996983408748,33.98,-118.46,5.00001,33.98,-118.46,-0.03504290574032904,-0.006448686581755241,0.003121661953586429,-0.0002746392522808808,0.11845971970273181,0.01059343552459616,-0.008408877142804465,0.001339416489648202,0.0005544964587037412,0.0008977130529246062,-0.1043896131906482,-0.004945832790499017,0.002017122499747199,0.0005424578828362272,1.9678725546751202e-05,-0.02988351688843422,0.0023946796949415056,0.009531064314972304,0.00015694344919695463,0.047898767924975175,0.010189970146265308,0.014276451340514319,0.0048285699498762,0.0007461090441661892,0.0011406054097069331,0.05634063496455201,0.08801703611925212,0.20765517369417918,2.4839108,5.463853,-1
4.6681,19.0,6.050802139037433,1.109625668449198,2318.0,3.098930481283422,33.83,-118.04,3.207,33.83,-118.04,-0.003682647479227342,0.018455823791452983,-0.0018533729350765386,0.002679075212052706,-0.012874778156472443,-0.01274553620195742,-0.002117849499080459,0.00019534792038009027,0.00041181622412558524,0.0014019003219320134,0.017435391905205846,0.0003067443677467654,0.0006588989429296999,3.598074278020726e-05,-0.00018656347209965217,-7.240460769473896e-05,0.0016553508490424285,-0.0008930309497969456,0.00011171827951472082,-0.0016951564509113518,-0.0016163664432483217,0.007481633643598231,-0.003355065311184128,-0.00014394271683415417,0.00042717479634414124,-0.0005194170422053823,-0.0020760428838905148,0.05052671071511924,7.5856624,4.516583,-1
3.5174,36.0,4.5479452054794525,1.0943683409436835,1357.0,2.0654490106544903,34.21,-118.23,2.68,34.21,-118.23,-0.012042799407566317,0.01565152867521282,-0.0012503051755991534,-0.002736844472813481,0.07164476937206614,0.028390652361247885,-0.027441006125656274,-0.0008538549635099111,0.00021035400039529943,0.0011794246289485383,0.0747249248341087,0.003623540221306779,-0.00022644027570563314,-0.0006492502076038028,0.00014269040460425936,-0.00570960418541871,-0.0030195419500257037,-0.001765027626858095,5.300735110612743e-05,-0.00022257364376039408,0.0012923935474758424,0.004591818117240694,0.0024571531939807313,-0.00010044357411251244,-3.654876340861017e-05,0.026272226696148083,-0.01787871607766101,0.07228725792627212,4.660583,1.4343832,-1
4.2415,41.0,5.105015673981192,1.0642633228840126,1237.0,1.938871473354232,34.12,-118.34,4.096,34.12,-118.34,0.07546404620279687,0.020700397345776857,-0.0066038646786814766,-0.0018852088826134226,0.15933386398382288,-0.014622532859668674,-0.0005263628330903688,-0.00028730694341258967,0.00019517650481744832,0.002713891800289535,0.09558274006795062,0.005707765080069635,-0.000492141825782677,-0.0006756522434272894,6.108298456199816e-05,0.000518456927973774,-0.0010480230562296719,0.0001923326906397546,4.559289080194835e-06,-0.005621536453632674,0.001973907858719711,0.0027937948015207457,0.003262659170217517,-9.542689768802987e-05,-6.340572904831916e-05,0.02756676548683108,0.005089512976011097,0.09859448964156796,4.6903954,0.080333225,-1
3.2645,52.0,4.086647727272728,1.0241477272727273,1186.0,1.6846590909090908,34.08,-118.35,1.75,34.08,-118.35,-0.0368572659800419,0.03007318677021975,0.00298489619193224,-0.002379197352555623,0.04303338265579881,0.03534230806046405,0.0074821578682681385,-0.0049691574214841385,0.0025308881434027175,0.0013253763050932882,0.07272852972245185,0.006118859003674196,-0.0007985396789434015,-5.619085975154623e-05,0.0004136987102026064,-0.00226923661296339,-0.001271361546433608,0.001866350616292908,-0.0003942899531247949,-0.048773176687368074,-0.014892071025890094,-0.010600078445520876,0.002902846094472695,1.6992827529097604e-05,4.94084274611475e-05,0.039150738698084664,0.02440958063205049,0.11081565322584332,3.9707901,1.491713,-1
3.0943,17.0,3.9572133845309927,1.0938014262205156,4100.0,2.249040043883708,34.18,-118.54,1.745,34.18,-118.54,0.029281394972955455,0.04112091581603758,-0.0010135334880044687,-0.0005938918377855587,0.01820981660188899,0.026505128430076973,0.012999551648942691,-0.002975872899074176,-0.0009397987766348957,0.0005471482811380907,-0.0459681240975416,-0.0054134200958625665,0.0021138250088946404,-0.0004589656921680427,0.00023704795102946988,3.7348267155449654e-05,-0.003969533836878028,0.00521401005414485,-0.00031688952593421653,-0.0009086166092321326,0.003969668906791739,0.005101404300186726,-0.002145879225959279,0.001519670384093707,-0.000665531035536518,0.02722155250694328,0.005641097889291099,0.07886945292948423,4.320524,4.987059,-1
3.6106,18.0,4.3934681181959565,1.026438569206843,1590.0,2.472783825816485,33.92,-117.95,1.536,33.92,-117.95,-0.00179875391647422,0.014928846193183137,0.0009038084473690596,-0.0007664408542273426,-0.005000857033195312,0.026267899765186453,-0.004104425304448333,-0.000610381863163199,-0.00035315303809302893,-5.374933043519444e-05,0.011780796577606849,-0.003794102057652749,0.0005911733439502693,0.00046666406969717554,0.0005365360555861514,-0.004128483644376878,-0.001709191310997314,-0.0022744667175682485,-0.0002761000391768442,-1.9515912158622983e-05,-0.0011388981371239322,-0.006432820520368108,0.0004383245853673572,-0.00015100049976646593,-0.0002149684831188876,0.030682344242002113,0.0036958138333414163,0.05521141828388152,4.1032066,3.6991503,-1
4.8542,36.0,4.365979381443299,0.9536082474226804,713.0,3.6752577319587623,33.92,-118.09,1.674,33.92,-118.09,-0.0030687282554727863,0.00796166466103767,0.0008308286098937382,-0.0007984605842549862,-0.044529075557092866,-0.015124294827069184,-0.0054122185810927615,-0.0013613893759016771,-0.0008302269127327471,0.0016206838279223847,-0.026412768283918673,-0.0009751624734964162,0.0003088753674332516,-0.000987457157401622,-0.003578596649294729,0.0012009391982705554,-0.002067265930461592,-0.0009916909806490931,-0.0007162141483954156,-0.0008121453577136563,-4.820307761471573e-05,-0.005024508765141556,-0.007906054845288234,-0.0005106118939524712,0.0008682114008020438,-0.03539534763589541,-0.01059836210334191,0.03924138792065519,14.460069,2.9944503,-1
4.7083,34.0,5.926691729323308,1.0545112781954886,1679.0,3.156015037593985,33.76,-117.86,2.053,33.76,-117.86,-0.0011694152122633992,0.016353431205608046,-0.0023731140689240526,-0.0011613939944093744,-0.025908622993014926,-0.014615757618736501,-0.024023503436299918,-0.0012947283358179602,-7.72740794578928e-05,0.0010002131261468566,-0.022675294733301307,0.0002333404476733447,0.0012446554460780843,-9.262656316371808e-07,-0.00044087514531958457,-0.0012636302979634694,0.0012259692639498086,-0.006418440194263644,0.000392109163059869,-0.0006169475264696655,-0.0022791995016057565,0.00300032666398714,0.0017426726220626308,-0.00033135639592296454,-0.0010371531038396086,-0.003591557103708797,0.023161788018763053,0.004225323185279133,9.862394,6.450611,-1
3.9375,30.0,6.434408602150538,1.3096774193548386,1288.0,2.76989247311828,34.54,-120.01,2.929,34.54,-120.01,-0.0004093727128050776,0.015644806251869616,0.00034686832961037064,-0.0013811537990129816,-0.04194053753076065,0.0403310284306139,0.006634583509421113,-0.0014250485199743847,0.0031506544513058474,0.0006690707548570317,-0.007905969962902366,0.0018777921334301904,0.0006615408856704922,-0.016748831998337908,-0.0014847567327937522,-0.00012483809752177825,0.015077785853624254,-0.0036726023912407833,0.000491623833219586,-0.0010311327464242307,0.007008744247960385,0.016120213716887554,0.00021614849066588226,0.0008490555881613931,-0.0008051030790321408,0.011613085092080162,0.011870637856113024,-0.014178503197410295,10.110069,6.440098,-1
3.9044,20.0,3.714479025710419,1.0581867388362651,1161.0,1.5710419485791611,34.1,-118.35,4.364,34.1,-118.35,-0.031960700082338006,-0.0066272211276082954,-0.0067637363049366465,-0.0003062098473816568,0.11232791432435506,-0.0003776835199123671,-0.02116732782277958,0.0013013319324561813,0.00022917942496486222,0.0009059508160473592,-0.09898617425443441,-0.00481810298925132,0.002071698079260302,-0.00038527122032114036,0.0003583407421057733,-0.030414411569994172,0.0014672773042329788,0.0036394804095497986,7.453225274529081e-05,0.004136421426773542,0.008132030385591309,0.011588204508013022,0.004796138418075604,-0.0001118609181154749,-1.787199229895344e-05,0.05104704620269066,0.0812199417000614,0.11492670250591325,2.5983012,5.5462255,-1
4.9844,29.0,6.002247191011236,0.9820224719101124,1484.0,3.3348314606741574,34.11,-117.83,2.03,34.11,-117.83,0.006679744717810951,0.01716557505064747,0.0006893574077585898,-0.0007027253942591674,-0.029444477440023722,-0.013576777583471302,-0.015756467334969642,0.0005386639938339402,-0.00045853582499191776,0.0013269370082159859,-0.013509212651122392,0.006760760847244248,0.002888421936091174,0.000192772167239685,-0.0004311743731088241,-0.0009093190787873907,0.0022194410478161737,-0.006417976282388457,-0.0008676267144275095,0.002751797800170554,-0.00011316067620495253,-0.0063977691987911105,0.0020121463126034334,-0.000539692496846529,-0.0010322635837283814,-0.014882339452036188,0.019953706629475907,-0.021652867570339938,10.024233,6.331854,-1
4.7344,36.0,5.635627530364372,1.0526315789473684,679.0,2.748987854251012,34.0,-118.46,3.469,34.0,-118.46,-0.0037383464122540074,0.018507003578383186,-0.002760442772643757,-0.0015012078807357676,-0.023670656057687166,-0.020127881808921128,-0.022711144608192187,-0.0023468658060904896,-7.72740794578928e-05,0.0015004769553828893,-0.008775167285220509,0.0020658358540470425,0.0015848662444174495,-0.0007631843358910175,-0.00033966988507560223,-6.600798531070275e-05,0.0020878877697052484,0.004172838653987278,-0.00043479520559504964,0.0006194256973683973,0.003825334930291678,0.004148161592469518,0.0017574114111050749,0.00032183947150522243,0.0033682053830959304,0.011561355335026693,0.011086787557677006,0.1780170326962518,2.2058387,1.6581191,-1
3.3472,26.0,4.338397790055248,0.925414364640884,1572.0,2.1712707182320443,33.78,-117.88,2.374,33.78,-117.88,0.014992894469493402,0.025326427573395788,0.001564021146343196,-0.0015289801981925946,0.07302378408810073,0.02995699988787735,-0.012050979262320573,0.001996669328558993,-0.0014993775806005304,0.0004985074707078589,0.03312224451162625,0.005971219176300557,0.002405781925520323,-0.0004179068154908157,0.0005435025502532029,-0.006522500404634369,-0.0014210285107357306,-0.0022006248996871494,0.00341366202445936,0.0017652399146100626,0.00022347497581939,-0.018141101435389693,0.0013392159904026747,0.00017946652360144213,0.0005986017494509163,0.0268075597334382,-0.026836910262742538,0.03990446140164319,5.054178,1.4274881,-1
4.1875,14.0,4.438461538461539,1.1538461538461535,372.0,2.8615384615384616,34.16,-118.41,2.75,34.16,-118.41,-0.04047237765586068,0.004225863185367075,0.00014326098023828888,-0.0017439605953461104,-0.00853725948345004,-0.0264215657018547,-0.020790644302310528,-0.002013171681367426,-0.00012246070152032283,0.00014518394448299844,0.025951549179667088,-0.004258406732085346,-7.192962251039377e-05,-0.00027862631599234294,0.001311730589427646,0.0018307152701878353,0.0011394501472661081,0.005740969958609608,-0.0025759595568824226,-0.0012964058700289797,0.004318637458530537,0.008723301274136095,0.0014277133294770242,0.0007149202966469808,0.0028377091372910686,0.009308326294845515,0.011127537375984356,0.1189277986533864,2.764048,2.442517,-1
4.1042,36.0,5.4319809069212415,1.0238663484486874,1001.0,2.389021479713604,34.27,-118.51,2.521,34.27,-118.51,0.000413014239057766,0.016012474274410313,0.0006272879037845717,-0.0019688623509171153,0.056029877284727976,-0.009452052880731247,-0.02589180465468462,-0.0010341059831761007,-0.00045914624276151126,0.0010468671419733636,0.01645174057847494,0.003677288193123892,3.221285249755037e-05,0.0005684412775158519,0.00045447699391022733,0.0035774539143291874,-0.0035220674146855036,0.00015838643400935937,-0.00027923683372139095,0.000511191195084206,-0.0065894967585510425,-0.0071174799826102236,0.002224590461827874,0.0008778875294630296,-0.0004363215560987192,0.03252517161906059,0.0016660560497733234,-0.0237381694819992,9.79195,5.524836,-1
4.0,26.0,4.587234042553192,1.0829787234042554,1142.0,2.429787234042553,34.19,-118.5,2.247,34.19,-118.5,0.003785119426912579,0.007644615590016777,-0.0016477062635470423,-0.0016569049483336129,0.0037189256595984896,-0.004433783653247558,-0.021061128462382755,0.0024462086265567055,0.00015698501085713757,0.0006210724156228344,-0.003711541842208843,0.006068893782745298,-0.00034340512952405806,-0.0006803265795532738,0.0001499107079759818,-0.0029389609470312854,-0.0038045302400089125,0.0016525985961300682,5.300735110612744e-05,-0.0012735632595164454,0.004490120794621904,0.0048199991410767,0.002214900836296595,-0.0003672303363160725,0.00015193785345379978,0.03291538981895412,0.00421202772221312,0.0630140781972135,5.1262593,4.3112445,-1
3.1049,19.0,4.644695543000628,1.0659133709981168,3554.0,2.231010671688638,33.78,-117.99,1.739,33.78,-117.99,-0.018667552442928885,0.01557768529327004,-0.0016999892098597555,-0.0021670342287848175,0.00329491208618739,0.020899315085258795,-0.0045646888502106475,0.0002952541298619521,0.0003733855426434636,9.843963615312562e-05,-0.0298174228559948,-0.004901780736242388,0.002140893168122216,-0.0006633220793918188,0.0002794378889994311,-0.006264938904193434,-0.001579973182733342,-0.00015777681195462416,-0.0004318693773628494,0.0005511186434145662,-0.0018239204730351236,0.004027522496248435,-0.0018558160937110577,-0.0006808983493313666,0.001323697028180188,0.028902271827145148,0.009514731636701385,0.05621630292407396,3.96184,4.70044,-1
3.8621,42.0,3.967889908256881,0.9541284403669724,811.0,3.720183486238532,33.81,-118.27,1.653,33.81,-118.27,0.0023353852510178646,0.020292032079640962,0.0011254090039122479,-0.0017894507385537992,-0.03099875911353813,0.0016257502532283463,-0.007284442839929374,-0.0015289280188775381,-0.0008294269755710682,0.0005640041272491029,-0.023357709064903146,0.0007813028936186532,8.82186681931685e-05,-0.001368166347547265,-0.0010489903893528263,0.002086263118319556,-0.0013099876285865024,4.3951465972332056e-05,-0.001305901637199375,6.570466870447551e-05,0.004180085607441421,-0.0054527656524709965,-0.007901596096730936,-0.0002845655188345766,-0.0007966538791792699,-0.034392557419646495,-0.009409689942233667,0.041253767629135775,14.066918,2.298106,-1
4.5,23.0,4.835734870317003,1.063400576368876,912.0,2.628242074927954,33.84,-117.87,2.373,33.84,-117.87,0.010355692776915261,0.0023598406594473927,-0.002472943133739393,-0.0018497861361374405,-0.0015415103571453312,-0.015396769298961357,-0.022539483695314975,0.0013763831696452667,0.0003238134007883683,0.0012990433474734013,0.019587761411638337,-0.0008263367402657432,0.0006997509506604805,-0.0006715814625365599,5.6286442428305725e-05,8.184788972234015e-05,-0.0014314135771029328,-0.006098891725436668,2.951179600522182e-05,0.0012122403350194964,0.0010159515344253965,0.003301400797763746,0.001880131401625101,0.00011412252907394435,-0.00017894027913940846,0.005616166112035071,-0.0031119631923244937,0.0441231407322743,7.1121807,4.409883,-1
3.5335,21.0,3.55,1.05,2719.0,1.9147887323943664,34.04,-118.47,2.688,34.04,-118.47,-0.02464922056477723,0.0072381475100229235,-0.006752405038322935,-0.0023791117285106977,0.07583403042632544,0.03926570226844343,0.011414638425610527,0.00110758786213346,0.00035634239665480384,0.00039719417610085104,-0.08889007073374379,-0.002278226179359835,0.0032460404942219875,8.057616556505945e-06,0.0015435338950887342,0.00011330665921080343,0.0035574872484757146,0.01033249804963255,-0.0003010062893182312,-0.0052952243161794406,0.002568354978312225,0.004570789618498959,-0.0018360611184604291,-0.004586359532745032,-0.0050897476339202595,0.032295316261129074,0.02524943172857015,0.19419839323508786,2.5228963,5.496103,-1
3.9219,35.0,4.76948051948052,0.9935064935064936,1285.0,4.172077922077922,34.03,-117.92,1.595,34.03,-117.92,-0.011431880851640768,0.007196502069508984,0.0008512008084777547,-0.001252776608767038,-0.04229539998370114,-0.004614286833370172,-0.003630328499714457,-0.0006019059862378941,-0.0005416548444881636,0.000911393609869205,-0.025054626806072487,-0.001159606158989621,0.00023968918594085762,0.0007218644209660728,0.00048298105944349445,0.0046140576601007635,-0.0016892725819927304,-0.0058653737640956445,-0.001252480483414045,-0.0004207918112200104,0.0004079021297061225,-0.0063155288416312455,-0.005238602427358787,-0.0005440598554136576,-0.000999305669798822,-0.03514834388597407,-0.0034192598305801867,0.0462312254692735,14.440624,2.4614928,-1
3.4474,28.0,4.44873949579832,1.1058823529411763,1459.0,2.452100840336134,33.72,-118.3,2.534,33.72,-118.3,-0.0062559093711831324,0.013842568911489017,-0.0014600880089543145,-0.0018949836127736314,-0.015689394552311955,0.029741854885645447,-0.020126012670330953,0.0018341032671993656,0.0004577778554601263,0.0007110666809143324,-0.011031043285368681,0.005248064953694677,0.0006066711730266625,-0.0006336028497156594,0.00017874414164082902,-0.004822379194367288,-0.0018284840703156097,-0.0037821735985718394,0.00010079639514215186,-0.0016032505060924874,-0.005209526238937133,-0.004378868646677837,0.0007288577735198773,-0.00015721783641576865,-0.00027154387774217876,0.03312406061839771,0.0029867308523541013,0.07057458314426435,4.0270576,3.8993983,-1
5.3787,42.0,6.905882352941177,1.2901960784313726,480.0,1.8823529411764703,32.85,-117.26,5.00001,32.85,-117.26,0.17084797876605007,0.025691443385747966,0.0006895931219305247,-0.002051459216907326,0.16694896549584812,-0.016467654349950494,0.036154560667775545,0.005404603651986593,0.003161978472886304,0.002757927810441147,0.1591348281252295,0.010680510700480242,0.007934014972086498,-0.0016410745644959508,0.012725101525615035,-0.012400196649343422,0.021638132755954553,0.0570383244807833,-0.0030305135871917313,0.008036165752551996,0.0005602413417241368,-0.0004836474852424007,0.0034336005787961405,0.00342814423962701,-0.001043800994546492,0.01805058136204053,-0.0340859171442877,-0.08982326968641881,5.0985126,0.050780132,-1
3.875,19.0,4.951754385964913,1.131578947368421,900.0,3.947368421052632,34.02,-117.95,1.356,34.02,-117.95,-0.0007281917697041782,0.007582705090761203,-0.0016958975120297485,-0.0009936889695067827,-0.02211761565086681,0.00039835093075747853,-0.0091050123689378,0.0013973649085657095,0.0006934670560644436,2.5136301680523212e-05,0.023919061983923698,0.0028069827307929426,0.0013328137375513544,-0.0006840886454691354,6.470381338471743e-05,0.004438800114062986,-0.0015900619045820534,-0.0050748379510122555,0.0003833489754928453,-0.0008943093910950589,0.00045500770135195574,0.007940823227391314,-0.006973305450856433,6.291773120960915e-05,-0.0007745871916859836,-0.028540354414962298,0.0021976861919442707,0.05323636415143943,7.7825875,4.279134,-1
3.7986,38.0,5.35799522673031,1.0596658711217184,1540.0,3.675417661097852,34.01,-118.07,1.71,34.01,-118.07,0.010112494982304817,0.010585411548717493,-0.0024302125089973496,-0.0013563811716938046,-0.03386918390585005,0.0009256468944197398,-0.006963469023599435,-0.0012914705463603743,7.527634629216412e-05,0.0009286139687248419,-0.024479723953662467,0.0009356698531688822,0.000124103002864771,-0.0006569535641752805,0.00013885138176292385,0.00019199875913709306,-0.001979259956093467,-0.00034901558401414286,0.00043185960251758545,0.0009902966492765298,4.019206957318657e-05,0.0032504813419551833,-0.002806524746312578,-0.0005824653827460608,-0.0011348311514697332,-0.03599714993659081,-0.007744042837641592,0.05460106328828713,13.949481,2.5200484,-1
4.125,52.0,5.639798488664988,1.057934508816121,941.0,2.370277078085642,34.28,-119.27,3.49,34.28,-119.27,-0.001265164545597676,0.014196577324926393,-0.002479490881993001,-0.0020453860865671967,0.03273691374116578,-0.007670782234918081,-0.021433495309880417,0.001120773229077186,0.0031176818727131498,0.0012273380979711222,0.004535971074632272,0.006215190386666044,-0.003772176101107902,-0.0008823076705103507,-0.0003923791774683264,0.004622023556268265,0.002375522123002986,0.0034627146500919173,2.128118173311467e-05,-0.00010233488554321543,0.002582552119303604,0.005435600483909927,0.002211931696607563,0.0008384112548852457,-0.0005922362581217854,0.03503838581980561,0.01021343917377696,0.05112837544428384,5.600557,3.8243313,-1
4.7171,43.0,5.696594427244582,1.1021671826625388,966.0,2.990712074303405,34.18,-118.41,2.379,34.18,-118.41,0.04550952362157581,0.01826953690121354,-0.0019967164888117883,-0.001755012489793102,-0.01735213070268634,-0.01984102105826639,-0.022481843760179906,-0.00241892676749426,-6.611234376622526e-05,0.0014198906603922704,-0.015928871268760192,0.0026112058193243463,0.0009314122549852656,-0.0010962578873489161,-0.0007949563618051406,-0.0004899645905119038,-0.0031541005690198434,-4.4533065781298955e-05,5.7329538416745046e-05,-0.0028984328889866524,0.00368555818447303,0.005564975023274173,0.0017858388321962348,-0.00015112380387725434,0.0004964128214421649,-0.007019401066894821,-0.005452424864281286,0.06218098510697849,6.669402,5.920678,-1
4.1141,20.0,4.158852344296711,1.0762771168649403,2492.0,1.7438768369489153,34.05,-118.44,3.05,34.05,-118.44,-0.036924529154018025,0.021337071143425472,-0.005814152590269242,-0.0007717196993252185,0.10184927533861848,-0.0045701323324411364,-0.02696323564367218,0.0012339929018059658,0.0002303680433097392,0.0010382448763085698,-0.10313600845782807,-0.004818102989251318,0.001972575869749399,-0.0008885857881650774,0.00014839241937504585,0.001245143978669747,0.0014313300801857363,0.0076372554700136,-0.0002310333256531354,0.00909258573301386,0.008754349057770087,0.0073374724683314945,-0.00018058588543617542,-0.004345142535235066,-0.005089490902426584,0.05140674589291843,0.030716980482477924,0.17957050828718574,2.4394639,5.5238223,-1
4.9107,37.0,4.769547325102881,0.9794238683127572,740.0,3.045267489711934,33.89,-118.14,1.796,33.89,-118.14,-0.0030323881894034825,0.0028390898308965984,0.0006584041309224493,-0.0008715262829727068,-0.021753706815470165,-0.011533151741156655,-0.004584618754404538,-0.001170702332208201,-0.00045914624276151126,0.0016298647294188426,-0.017633689634093144,0.0029076397994764096,0.0004721389378403059,0.00025546077889988746,-0.0034989547969614984,0.0009167832005627752,-0.0018041997432582516,-0.0016565561532770156,-7.119375416851463e-06,0.0022634064603361537,0.00011162217279008278,-0.005847975707230554,0.001950591135008999,0.0004426740325821184,9.786615025525854e-05,-0.0030412799808357824,-0.00031252248639339667,0.04403661812534901,7.8541303,6.056544,-1
5.0145,21.0,6.3108108108108105,1.0386100386100383,4199.0,2.702059202059202,34.23,-119.04,2.466,34.23,-119.04,-0.000628770856049476,0.01869854919674235,0.0004687541844293515,0.005952419966162648,0.005846382487759288,-0.02232484084935156,-0.025129917959759857,-0.0010219583945298078,-0.00025814153010115593,0.0008809458289524707,0.017611329205979947,-0.0008669879602448336,0.0016254305854614974,-0.002559286687797388,-0.003171024115753612,0.0009188276900305963,0.005673683776991799,-0.0033454943260924947,-0.0015950377181442681,0.0008596790552720292,0.0024400097166331403,0.003079074344626645,-0.002745353127570318,0.0010887373934392716,-0.0005554155914313238,0.00976392662029513,0.009313567292519151,0.054419891836120775,6.85893,4.259073,-1
4.9153,17.0,5.203883495145631,0.982200647249191,1916.0,3.100323624595469,33.7,-117.87,2.664,33.7,-117.87,-0.027317292442268395,0.014516932201458064,-0.0009578897697211934,0.004547659676650423,-0.00985015709020964,-0.011089606072210146,-0.028732563331791125,-0.001986844087297859,0.00027783064246968717,0.004222085336921987,0.03537103033810225,-0.00166555407930086,-0.00046887952145833924,0.0009370528748288203,0.0021593335633694755,0.000492674827901253,-0.0012158564759515117,-0.0061764609400016485,-0.0005022397552844521,0.002183851797467298,0.0016357196228966647,-0.006453959358061857,0.0026585159385182984,0.007901456151762652,0.0006074779403376831,-0.005998398442644907,0.0071782294024360475,0.04711960618473802,7.4098153,4.169326,-1
3.2564,19.0,4.04102096627165,1.0733819507748406,5005.0,2.281221513217867,34.23,-118.6,2.303,34.23,-118.6,-0.014036891737256607,0.033857968066075925,-0.002071134402798632,0.00012876480561488493,0.017897298555528088,0.0336828121683403,0.004440085371416871,0.0012545025894127586,0.0003733855426434636,9.843963615312562e-05,-0.021470749495737247,-0.004879698068752169,0.0021298518343771063,-0.0005207359496790205,0.000263310386409359,-0.003210668370977058,-0.004259501484768595,0.00399399601402021,-0.0003105587920384437,0.00011735136283927235,0.0022860672089642067,0.004002371720002237,-0.001845387725813141,0.006232092888762905,-0.004339117151873381,0.031218434946469708,0.005219742704404552,0.07435858987134532,4.0421147,4.6458893,-1
3.3939,23.0,3.7406103286384975,1.0211267605633805,1977.0,2.3204225352112675,33.78,-117.85,2.121,33.78,-117.85,-0.01740878578847086,0.006709971768171153,0.0008822328596922132,-0.0020532249751714473,0.013906506528641931,0.03259178216783451,-0.0012500570449406976,0.00038134253812086857,-0.00029638918763219834,-0.00032683581638959615,-0.025400956966659283,-0.002379825225630536,-0.0015058612175462085,-0.0003512264036245117,0.0008645274241533623,0.00062539929173086,0.00022408111034105457,-0.00542341267301064,-0.0003573188450919278,-0.0003748998069388986,0.0038469973982083166,-0.0070299232526502995,0.0009800150294589983,-0.00047662795820714224,-8.561906620891779e-05,0.032104832189452544,-0.007484116059981302,0.004597147727096948,4.66504,5.398541,-1
4.0313,35.0,4.746268656716418,1.044776119402985,1299.0,3.8776119402985074,33.91,-118.15,1.632,33.91,-118.15,-0.012330279459768771,0.009290515719819868,-0.0024783451722294814,-0.0014216086362399503,-0.04530152516327464,-0.004523398724233241,-0.002371305230274453,-0.00037274332525578035,7.447640913048524e-05,0.0009286139687248419,-0.025054626806072487,-0.001087837489646416,0.00020380485126925482,-0.0006569535641752805,0.0001072947538517921,0.003917399772135367,-0.0017447675671170416,-0.0002719603740208152,0.00043185960251758545,0.001036293641714056,4.0192069573186355e-05,0.0032534169499114675,-0.004333770619174961,-0.000568644487895496,-0.0009058088134806952,-0.03701127856892467,-0.010065542908458874,0.04744922167088583,14.484084,2.554199,-1
5.1187,36.0,4.816770186335404,0.922360248447205,1100.0,3.4161490683229814,33.91,-118.08,1.681,33.91,-118.08,0.0020128574098635756,0.003397408230923581,0.0014378573777027797,-0.0011235371432176736,-0.05965331730015574,-0.017491628167930012,-0.003884165829107029,-0.0012862565574202293,-0.0004233024498425969,0.0018877604164137928,-0.02528160592169404,-0.00013598201680250737,0.00011660296798777333,-0.00040307402282793346,0.0006087736894353514,0.0010316089198342607,-0.0014895277270331486,-0.0012401472451062504,0.0028083460940914857,-0.0021900230147241136,-0.00417628200629681,-0.016727004195171154,-0.00698758860187987,-4.631193818649805e-05,0.0006306880678509815,-0.028003811962919182,-0.011791270103793126,0.03517357447062506,14.477774,2.9589283,-1
4.7931,36.0,5.462585034013605,1.0816326530612246,889.0,3.023809523809524,34.1,-118.05,2.726,34.1,-118.05,-0.003547588424789704,0.015725213136873722,-0.0020839033220838602,-0.0009638087585843692,-0.021400731430638597,-0.013367352402590203,-0.0019221506175997175,-0.0009445664443573963,0.00015698501085713746,0.0016531386345370975,-0.0176034308838153,0.00037163106881684223,0.0011319104492292776,-0.0006882815115207092,-0.0013001697404095474,-0.00027902314061783545,-0.001471915526740897,-0.0013308946699723111,7.930610288732622e-05,-0.0011733946171035826,0.001652486622384394,0.004075905294903522,0.001672571445002872,6.884331056537496e-05,7.55687384637161e-05,-0.0038807887692524144,0.0037274952561864964,0.07307373380282764,7.0137973,6.6645885,-1
3.9773,36.0,5.242718446601942,0.964401294498382,1258.0,4.0711974110032365,33.97,-118.08,1.667,33.97,-118.08,-0.011431880851640768,0.010181364916545982,0.0008003770053806032,-0.0013175222322097167,-0.04677526203727623,-0.004486607761070823,-0.003114270745282633,-0.0015206332073424878,-0.0005416548444881636,0.000911393609869205,-0.025054626806072487,-0.0008291787447806197,0.000296506816402127,0.0006690501282763863,0.00048068478584829073,0.0008408653225300748,-0.0019511453279482745,-0.0008968431570544148,-0.0012501842098188412,-0.0004207918112200104,0.0004983995495172546,-0.00619778257682502,-0.005238602427358787,-0.0005422479752430875,-0.0009363719265267136,-0.035817285401027514,-0.012732803558573395,0.0440623468040896,14.507411,2.5748286,-1
3.875,45.0,4.595155709342561,1.0034602076124568,720.0,2.491349480968858,34.18,-118.34,2.269,34.18,-118.34,-0.004150923172383369,0.0076680228222616095,0.0006718791575842584,-0.0019502194283360801,-0.003356243191957309,0.004403812213450302,-0.018441985950958566,-0.0012142067527619606,-0.0009770433007303097,0.0005731850287455602,-0.017334809667405374,0.004667715841431773,0.0006110500291498992,-3.761247647859049e-05,-0.0036820706454463044,-0.005272706645433983,-0.0030635804571418693,-0.0012689447051581618,-7.558923768213661e-05,0.0013441708484107674,-0.005290453938724837,-0.004221017167676007,0.002401009456961878,-0.0002623390044570988,0.0019584126278939747,0.03250406095280805,0.0029291495981935674,0.07770269552263959,4.519703,4.12485,-1
3.6815,17.0,4.765864332603939,1.0437636761487965,1077.0,2.3566739606126914,33.82,-118.03,2.453,33.82,-118.03,0.030700713100592008,0.010236193639331325,-0.0007395346495117688,-0.0007250378619537004,0.0296186918479249,0.025324002860672653,-0.018266144339141126,-0.0034532332164919563,-0.0008199262092239065,-0.0009636750966710903,-0.028988022887902365,-0.005384485458481126,0.0018375504413104605,-0.001090579902512154,-5.470889079225821e-05,-0.0040510251074643,-0.0018755692397969827,-0.0006426670554158233,4.972869029616913e-05,0.0006275235407787772,-0.00173810092422573,0.003883844893547276,0.0023931685945091192,6.65021550946502e-05,-4.346617136985914e-05,0.03219432668065208,0.009837692882837262,0.06120243438660397,4.393615,5.08744,-1
3.2021,45.0,5.281437125748503,1.2005988023952097,679.0,2.032934131736527,33.99,-118.35,2.221,33.99,-118.35,-0.026652068895158764,0.007212297619209959,-0.002996819251826699,-0.002080672335343143,0.0828359818823477,0.03554899859804097,0.007225791634995033,-0.00024193255683519637,0.00010638147151016073,0.0007147979286552535,0.07002760242497794,0.004937011454694832,-0.0003713213588309513,-0.0004523127618652246,-0.0032223991484204677,0.0022763818152693677,-0.0017562950178964727,-0.0017254106405235157,-0.0005005798517105946,0.0006186316337796426,0.0036467550952748637,0.008318139162830767,0.0028810535526872473,-0.00020013786313410095,0.0021934289627795183,0.029593851790596856,0.019344062224600545,0.10796574063777833,4.1352477,1.1847372,-1
4.0893,16.0,4.6104651162790695,1.0959302325581397,625.0,1.816860465116279,34.15,-118.34,4.5,34.15,-118.34,-0.04448154225202913,0.013033539166337756,0.004808684435944455,-0.0007249210921563941,0.11531176662332424,-0.0008534595346467504,-0.0034993048025049,-0.003428205773444066,-0.0009663276288750689,-0.0016029571031412797,-0.15234175803217112,-0.006705804137326569,0.001875083562202448,-0.0007615816406742491,-0.0030009366818080745,-0.0057805227275396776,-0.0008239239455239241,-2.9272840672740656e-05,-0.0003512656419498132,0.02800353721481845,0.00927010825726154,0.00626656406844203,0.0017087297667424475,0.00043142274276652883,0.002215106905931464,0.047752699127286254,0.013181479181934602,0.1061628658475738,2.7540245,5.5388727,-1
4.125,29.0,4.7781954887218046,1.0225563909774436,1338.0,5.030075187969925,34.28,-118.42,1.5,34.28,-118.42,0.0054180148623416,0.009908782241164128,0.0007059821539434615,-0.0011187474781939126,-0.0420456494905662,-0.01619330648096331,-0.025442981196331944,0.0016739725976561213,-0.0005416548444881636,0.0006834751391230657,-0.010194804220836594,0.00686237554910637,0.0017405298266932763,0.000569754787401207,0.0005099021917163763,0.00454727017834486,-0.007707087912442275,0.00416924732786894,0.00014586422942145901,0.0062545662907099436,-0.005366404613482628,-0.005491204928193587,-0.005468292212551406,0.000236712450720982,-0.0016149018402256902,-0.03441639027436488,-0.027975236658010726,-0.02223873228952952,11.555707,5.9860344,-1
4.355,19.0,5.00989010989011,1.1483516483516485,1949.0,2.1417582417582417,33.66,-118.01,4.292,33.66,-118.01,-0.021100208147989196,0.016482954345117186,0.0022572459995479476,-0.00022939679209402192,0.019002193500088534,0.02465979227666799,0.02421497079488764,0.0005196567500369118,0.0008025344311893081,0.0008585159559733119,-0.04961512144043372,-0.0044691292500757375,0.001979502225499132,-0.0006904571606856735,0.00037689087181919404,-0.0036356378389335656,-0.0012446022775501992,0.0006251408602800711,2.879021301650608e-05,-0.004504891506425082,0.011873150717797848,0.010104441705561535,-0.001639547353534769,0.0035487658384047984,0.00015001738205243766,0.038591861134031645,0.0014844006674547194,0.059632539420723024,3.6893408,4.9012275,-1
4.4091,37.0,5.4171597633136095,1.0532544378698223,925.0,2.7366863905325443,33.93,-118.33,1.484,33.93,-118.33,-0.004320330353876213,0.017991353469511744,-0.002675428010513135,-0.0022496759326822583,-0.024708955133102103,-0.018639121690070006,-0.010781066789965947,-0.0008710805860274848,0.00015698501085713757,0.0019321701761038077,-0.008958938599940687,0.0043085048860386,0.0014103771976705386,-0.0006715814625365599,1.2660621608764276e-05,-0.00018233045547848666,-0.0015109282552241495,-0.001815155601445926,2.951179600522182e-05,0.0006259172967584143,0.003148324616396307,0.0019449179032450176,0.001896518066562187,8.894845437872895e-05,0.00016454209535071457,0.008185575150267136,0.003733075565017095,0.06974997645906508,7.0513415,6.5340605,-1
4.5112,16.0,4.414285714285715,1.0114285714285711,730.0,2.085714285714286,33.84,-117.87,1.39,33.84,-117.87,-0.05649934172914085,0.0029269089566290327,-0.00047699433138040717,-0.004671577253810094,0.010793855713766015,-0.008319332515893242,-0.0077710399311978675,-0.00493754965443796,0.00015245883746090613,-0.002064374230808619,-0.08775030512722355,-0.006342504704179466,-0.0033732719259523063,0.00019301707184579385,-0.0040930562945684125,-0.004103192658986301,-0.0017775570833680017,-0.006725235008794517,-5.455904252788794e-05,0.0005679663051452868,-0.00067994309984466,-0.007180591521113357,0.003063099698307877,0.00047900457247303057,-1.3923097315171873e-06,0.020967082949866853,-0.021484176384321357,0.036338257415065134,4.036931,5.599858,-1
4.0391,33.0,5.196141479099678,1.0353697749196142,580.0,1.864951768488746,34.16,-118.44,3.375,34.16,-118.44,0.015343101881821445,0.01832043030981473,-0.0038759312881543346,-8.097140820737911e-05,0.16926842482026416,0.0010226775319979885,-0.01939131042453087,0.0022987939663166295,-0.0004078003342106943,0.0017271109404234709,0.0823159249284951,0.0032244442061171797,-0.0005266187542157782,0.0007054033485738276,-0.0034342967103082275,0.0029805626690272485,0.0017004777985934563,0.006262565898742277,-0.00011669213397626196,-0.007032723702258625,0.0005274928743462308,0.004323372075203023,0.0041561575180801705,0.00024808644848043975,0.0024775530008259244,0.03090641845124187,0.018909335871141464,0.11809292139133988,4.592032,0.4104894,-1
3.3287,29.0,4.549295774647887,1.0704225352112675,1217.0,2.142605633802817,34.21,-118.23,2.734,34.21,-118.23,0.005840062167935838,0.015579709109408453,-0.0025917901910839443,-0.0019007715185913323,0.06726277808439757,0.029028629892155308,-0.028598785581560027,0.00233604941745479,0.00019999220186531103,0.0007676778651161273,0.035167818969024225,0.005700378284553298,-0.00034623973673394715,-0.0006853815848844567,0.00015677015236042121,-0.00558298003812391,-0.0025065380865946707,-0.0016310494998923234,2.9511796005221816e-05,-0.00221661636866512,-4.8248916840177844e-05,0.0035972232814227584,0.002023812347870597,-0.00010004144554848205,-4.008440886573326e-05,0.026034043062091314,-0.020974073294649787,0.07190009160444705,4.9289136,1.5801024,-1
4.3839,36.0,5.283636363636363,0.9818181818181818,808.0,2.938181818181818,34.25,-118.45,2.046,34.25,-118.45,-0.0022313100752634958,0.018219389298495064,0.0008704436461902814,-0.002446482840628643,-0.020856945423949943,-0.023307699650375345,-0.026583579723068986,-0.001170702332208201,-0.00045914624276151126,0.0016298647294188426,-0.012587218065928623,0.0020719569086624064,0.0015909872990328116,0.0006865972087214071,-0.0009854456101582245,-0.0003013580189897588,-0.0039018313645095533,-0.0001452239985592231,-0.0005317699747733748,0.0013371680729332544,-0.00680161235422442,-0.006386881537312471,0.0019766813788552,0.000908130916154756,-0.0005303780474978776,0.008794817533756771,0.007653959014673627,-0.01814049399283483,9.8223095,6.149878,-1
4.6389,34.0,5.664383561643835,0.976027397260274,905.0,3.0993150684931505,33.8,-117.95,2.146,33.8,-117.95,-0.000951158721633046,0.01646867392016909,0.0008855178535515368,-0.0018217570745808298,-0.02075929066661274,-0.013514833997618261,-0.02661473985622287,-0.0015103748507213073,-0.0004398636656069692,0.0015912673269351078,-0.017249285208971597,0.0003346108616285955,0.0005959314087413093,0.0015061883053483164,-0.0002308558526300967,-0.000147022122406137,-0.0004207363007319235,-0.005761184752504029,-0.000556280403460362,0.0022730616449775066,0.004357757758389578,-0.006031256122693469,0.002000058663524979,-4.132488659009539e-05,-5.182808620535212e-05,-0.002221522473169657,-0.002033445329616221,0.04165782568991509,7.8687387,5.894316,-1
4.9968,35.0,6.1562115621156215,1.0430504305043051,2112.0,2.5977859778597785,34.17,-117.97,2.95,34.17,-117.97,-0.0020757110175146655,0.020372837656010098,-0.00262381020749176,0.0010005675077076476,0.03224699027885673,-0.013728940565974486,-0.015552543366998283,-0.0014735959943403057,-7.806530558817138e-05,-0.0007456648504315248,-0.0028225151292035223,0.0017490165624921843,0.0015357857181766417,0.0013301846953163207,0.0002867655115877915,-0.0015461516784862914,0.0003745360392828352,-0.0013790717103710712,0.00039576504783841516,0.0015413978352256104,0.0009396271292950062,0.003238043536931652,-0.003199481250885304,-0.00014662787787652828,0.000339461148094921,0.013756766951257842,0.0053138443928954894,0.0711923107256152,5.4333944,3.6358876,-1
3.9333,37.0,4.357558139534884,0.8372093023255814,1237.0,3.5959302325581395,33.91,-118.17,1.623,33.91,-118.17,-0.011976213752455169,0.016664136069648044,0.0015338466347598525,-0.0013450597320260704,-0.04471331962282897,-0.004372346510396407,-0.0028677044111267876,-0.0015615501815983562,-0.0004233024498425968,0.0009222518622201525,-0.024516250072093387,0.0015259158366269887,-0.00020164392693735044,-0.0005089062665638531,0.00047205316246416577,0.0030659591103560486,-0.0021478830210523324,-0.0009482094199198771,0.002728521498515367,-0.0004463770528835434,-0.0035533327238684524,-0.016571185186951772,-0.005218326666422736,-0.00017768541307593762,-0.00013179857044179387,-0.035637238908188026,-0.009924888999764197,0.03372582744114638,14.630877,2.5305989,-1
4.1389,39.0,5.010204081632653,1.010204081632653,1108.0,3.7687074829931975,33.97,-118.09,1.66,33.97,-118.09,0.010735277212941083,0.01563703625652079,0.0007098795855694708,-0.0018099172845431842,-0.04454272912741871,-0.0068082379349013135,-0.0020900097799254535,-0.0015206332073424878,-0.0005408549073264847,0.0009113936098692052,-0.025204540071813008,0.0014103960057268836,9.60086221581144e-05,0.0005858565660666294,0.0004298489412020318,0.0038862029632166107,-0.0019533533745053713,-0.00020628568302341385,-0.001252480483414045,-0.0003989864157356345,0.00040790212970612217,-0.006174607587303801,-0.007622635381178911,-0.00029218037571363963,-0.0007172396550128463,-0.035346247130487674,-0.00994943864994239,0.043795592814889706,14.077913,2.7855,-1
3.6007,32.0,5.491666666666666,1.2733333333333334,1344.0,2.24,34.26,-119.29,3.955,34.26,-119.29,0.00284809982627794,0.00860905250666043,0.0012076668383582843,-0.0016827153048523374,0.04611503212003751,0.027685192792930344,0.004574100372553147,0.001474029727628043,0.0033261899988973206,0.0006664148322242921,0.026140888764839623,0.0032359132523906396,-2.8623339792600903e-05,0.037065015938702414,-0.0004611678430813794,0.01950573226833895,-0.001047429921169266,-0.0027944161916439387,-0.00041509852726821295,-0.0019654487210332577,0.01203845579614564,0.009539921510481381,0.0012106008281727453,0.0005813772362845968,-0.0007900982037917288,0.03251609603582569,0.010809057028398544,0.07205292470588608,4.9529996,2.2710083,-1
3.8542,33.0,5.00253164556962,1.0227848101265822,1379.0,3.491139240506329,33.94,-118.09,1.754,33.94,-118.09,-0.010794913070604822,0.017834316336140955,0.0006312361384448024,-0.0012634206845200293,-0.034408198769415574,0.001244929531908447,-0.008559767865466819,0.0016721183905702292,-0.0005416548444881636,0.0009116533399082453,-0.022466978126956423,-0.0010421333142749069,0.00023011933197328137,0.0005858565660666294,0.0005969906721439931,0.002479045197823241,-0.0014928618509676447,-0.0006507194705462588,0.00014586422942145901,0.0036954382460210613,-0.0002505674398569522,-0.005643012184737033,-0.0024877606893924415,-0.0005422479752430875,-0.0011114352719204762,-0.03233492414937736,-0.006879927921183447,0.04525344799160994,14.110305,2.2697482,-1
3.3333,40.0,4.668498168498169,1.0824175824175823,1156.0,2.117216117216117,34.16,-118.24,3.743,34.16,-118.24,-0.02542893733331967,0.015581787278675882,-0.001619799552986426,-0.00167925167473005,0.06992446404139913,0.02869587651323182,-0.028569227049443,-0.0008210531938295551,0.0002007921390269897,0.0008069993104637918,0.04008659400393243,0.0048559363890091165,-0.0004029461461825136,-0.0006853815848844567,0.00010367365564833842,-0.005614239409209434,-0.0015859730865447027,-0.0015489005799008417,5.300735110612743e-05,-0.004026134617736351,0.0019785071021745193,0.004815282571221898,0.0025304640839387046,-9.320990139300026e-05,-3.654876340861055e-05,0.02853122796329283,-0.020265117873802387,0.07846124413076416,4.7112365,1.7067615,-1
3.285,37.0,3.773451327433628,1.0,1369.0,2.423008849557522,33.89,-118.3,2.181,33.89,-118.3,-0.019868024108839845,0.008279070923503872,0.0012560367532926902,-0.002013050659597499,-0.012962704233543348,0.029377302476118698,-0.01896571380026318,-0.0006726664639667338,-0.00045353060855196934,0.0009217647928048347,-0.0012695518150019536,0.004961973476386531,3.377727890104081e-05,-0.00033933959446077805,0.000531446385094508,0.00231373339160731,-0.00048301387484151186,0.0003304105849542203,-0.0005129641920596148,0.0010546135345752287,-0.004139836965931953,-0.0035007807770405155,0.0010072164695778176,-8.341596933044772e-05,-0.0001675327308748342,0.038201182334527184,0.005688911467249369,0.045741419529443814,3.8736486,4.0049524,-1
4.4211,44.0,5.237154150197629,0.9683794466403162,669.0,2.644268774703557,33.88,-118.37,3.24,33.88,-118.37,0.03644675596048009,0.017755333416760815,0.0008613912059971653,-0.0018813921447286028,-0.002418404515545991,-0.019713750065665725,-0.02556718363023984,-0.0011370242919584734,-0.00045834630559983216,0.0014412677040203676,-0.024876216102181926,0.004604938866190662,0.0009113276947621007,0.00019274949448374833,-0.003747096401685453,-0.00018003956446288464,-0.0016237685137584176,-4.6600315429014696e-05,7.275057622940898e-05,0.001448245810051517,-0.004816823433269805,-0.005350570813502582,0.0020130672758174586,0.00041621573389302757,0.0030238986214405315,0.012641987459550324,0.013891866074065534,0.1285809418240849,2.2978551,2.0253222,-1
4.45,46.0,5.320359281437126,1.083832335329341,896.0,2.682634730538922,34.0,-118.45,3.483,34.0,-118.45,0.03551099711601897,0.017916785724747416,-0.0018248842812764309,-0.0022691573872457653,-0.00868556920354655,-0.017705202508690877,-0.023786495365947766,-0.0006439651156859641,-0.00037331591533582557,0.0017419136418059412,-0.02463119519356427,0.004302383831423237,0.0013843680501734366,-0.0008277256257082524,3.942343732614724e-05,-0.00022709247501718615,0.0011730328050355144,0.0061081248720166815,5.287947617598141e-05,-0.0011722844586902746,0.005185709446697113,0.005116615001364296,0.001892546671796379,0.0007044432155691966,0.0011283993744621568,0.01309574715680344,0.014272865168680784,0.1781348522202857,2.242786,1.7877499,-1
4.3816,28.0,4.87146529562982,1.0796915167095116,1422.0,3.6555269922879177,33.79,-118.28,1.913,33.79,-118.28,0.006712063392309655,0.002738335669946322,-0.001917524794560212,-0.0019655549014568757,-0.057118731844608084,-0.017827434101303677,-0.0032287228728584494,0.0021737551495335156,7.447640913048513e-05,0.0015687781732535103,-0.011237256535859984,0.00694864850389937,0.001512229232357292,-0.0006666829056324478,0.00015679570396620824,0.0026070979587007955,-0.0016060978851600719,-0.0004077108617517336,0.0005001144778125591,-0.0005637372474641435,-0.0011315674814857727,0.004771448715211492,-0.002796142992811399,-0.0005717965735065905,-0.001251507406516009,-0.03338134569348788,-0.013393012375150445,0.04510950419027734,14.280068,3.0700696,-1
3.6019,33.0,4.615555555555556,1.08,1021.0,2.2688888888888887,34.18,-118.45,2.25,34.18,-118.45,-0.008571688494948607,0.013081037624272467,-0.0019026422645678828,-0.0019894822746249,0.045053513241379205,0.028766847743346875,0.003310919352400678,0.0023034193103983937,0.000194376567655769,0.0009584932152339561,0.02528051582378177,0.003095470766297451,-0.00020092812770879082,-0.0006853815848844566,0.0001515600638106163,-0.0030733250867873187,-0.003967046020356023,-0.0003176061485082223,4.997762726417097e-05,-0.00101834676966478,0.004289027301437878,0.005366975197078217,0.0022598378163428343,-0.00017508720760386177,0.0003763577146853001,0.03269647285093142,0.004541649152130199,0.08266696857136566,4.849259,2.0592618,-1
4.45,31.0,5.154377880184332,0.9930875576036866,1135.0,2.615207373271889,33.94,-117.95,2.679,33.94,-117.95,0.010780383490497075,0.015757974653676038,0.0009814721343144879,-0.00203481468147771,-0.006778191670211851,-0.01355259716257208,-0.016890802475597478,0.0020897773400453436,-0.00045914624276151126,0.0016760964675499785,-0.002941729690226717,0.0015706849451999007,0.0014587913938470018,0.0007072365226047934,0.00045946694685792356,-0.0014955046412595272,-0.0011381143224098596,-0.005874901152667475,-0.000513657801333449,0.00046951323185140723,-0.0012082544318145596,-0.006499162772203847,0.0021239106218163433,-0.00011239254304311384,-0.00023798227695092793,0.009141803388924832,0.005267325225242397,0.047688833316550584,6.9378757,5.130523,-1
4.5594,33.0,5.351548269581056,1.0218579234972678,1519.0,2.766848816029144,34.07,-117.91,2.042,34.07,-117.91,-0.0008939347597948614,0.01441379228995241,0.0009775747026884787,-0.002123644076398558,-0.026951524175957364,-0.01578336970465607,-0.025457868972297532,0.0021291912414061107,-0.00045914624276151126,0.0018920171731305045,-0.009434398529326147,0.0015706849451999007,0.002111355575139702,0.0005720473380259978,0.00043473342312077656,-0.00016490004058072432,-0.0011375891155717595,-0.0061224921737898326,-0.00027923683372139095,-0.001056282483859019,-0.001229359005776181,-0.006366639572112738,0.00011844310134855305,-0.00016020274613380946,-0.00019864594573131155,0.007737880143405124,0.004891860299164635,0.04550617950481197,7.7618127,5.7174134,-1
3.5313,15.0,5.306425041186161,1.085667215815486,1390.0,2.28995057660626,34.27,-118.67,1.918,34.27,-118.67,0.032611262429946476,0.00713196059444191,-0.00010898691898424907,-0.0007292644503471188,0.025675862981976265,0.03224277979928017,0.0022148096245765635,-0.004085324470397845,-0.0009493693490346057,-0.0009897436845679398,-0.029992609431850916,-0.0054134200958625665,0.002077867781110135,-0.0011702483800269732,-1.9074288995779822e-05,0.0012600742176684682,-0.0034144482391518178,-0.0009460516495386165,2.54352013610503e-05,-0.00182403837529794,0.0030529386027576878,0.004459402922006522,0.0007754227133280375,0.0005619327300816668,-0.0009289469571796337,0.028158568340200654,0.0033808698073882013,0.01394471517713473,4.5000076,5.4175286,-1
4.1169,23.0,5.544303797468355,1.0520393811533053,1679.0,2.361462728551336,33.81,-118.31,3.626,33.81,-118.31,-0.005127096585925252,0.015859854016998437,-0.002389281341330989,-0.0014255364486719074,0.045313572634618236,-0.0032840020534724056,-0.010476663916582633,-3.398276294631947e-05,0.0002497522794715255,-8.997526636689046e-06,-0.019446916419872833,-0.002250128875636194,0.003541262727988786,-0.0009362631525779855,-0.000572391902989839,0.020875356229221508,0.004627295707268827,-0.002594256780959846,6.840053197434959e-05,-0.00043419376271651075,-0.009027308890826929,-0.006848773769203462,7.472574904823864e-05,-0.00019548510187437375,-0.0002515990640102366,0.03341047885561612,0.002583778438617734,0.07469940079104473,5.114622,3.2896848,-1
4.535,19.0,5.574534161490683,1.0186335403726707,1014.0,3.1490683229813663,33.86,-118.03,2.893,33.86,-118.03,-0.0028646692159902455,0.018133437680698167,0.0008510158208021537,-0.0019205064282961232,-0.018652593656969557,-0.012227968823540365,-0.004661124484162276,4.658403527024224e-05,-0.0003385030447580441,-0.0007000705926548188,0.022374556711500085,0.00012509064108767048,0.0006298106048051979,0.0026817009922247273,0.000391799694774079,-0.009436569294315094,0.001222901902147381,-0.0013903838385910827,-0.00025572211480260774,0.0013636480346020036,-0.0003407135726806119,-0.006080883648586859,0.00014786038891030393,0.00012107301128187672,0.0003248618441033804,-0.004411334785132603,-9.124744890634085e-06,0.044399852291482474,7.633556,4.387441,-1
3.6505,16.0,4.3538461538461535,1.0951048951048952,1719.0,2.4041958041958043,33.71,-117.91,1.457,33.71,-117.91,0.03936196371569771,0.024201080679688562,-0.001360456232496493,-0.0007193038175648974,0.007996880876881083,0.03247614973895145,-0.002664678725111168,-0.003861134214326109,-0.0008095644106939179,-0.0005854619368004094,-0.006245012947501003,-0.005391049949089928,-0.003358157280759245,-0.0008995322314832314,0.00016612756204029407,-0.0031518433498372214,-0.0016391050925009317,-0.002430009154582013,7.322424539707476e-05,-0.0010709146322562704,-0.0029645327287172976,0.004351614729012624,-0.0003311310324799477,-0.004403229719177137,-0.0008351141169868128,0.02166295441238019,-0.00014794623307226034,0.06654293149979544,4.550925,4.779293,-1
4.9688,36.0,5.456852791878172,1.0,509.0,2.583756345177665,33.92,-118.37,2.389,33.92,-118.37,0.0006394592417064216,0.01734495093521687,0.0003690490452683932,-0.00923034735062939,0.031694031728202135,-0.01761486102585952,-0.026369220514785238,-0.0011707023322082013,-0.00045914624276151126,0.0016298647294188426,-0.003421689966796881,0.0023714282014741274,0.0011178899747970813,-0.0003204753209304397,-0.004750093676671873,-0.0018058961619903061,-0.0012864357580233041,-0.00029473265192576925,0.0014828161405911922,0.0016281326616019991,-0.004985598864359198,-0.005315195760950157,0.0023149889615564252,0.0010318349773344071,0.004267156746289648,0.016528053125665777,0.014195529979173695,0.13181744103407547,2.539526,2.1995144,-1
4.1765,52.0,4.952808988764045,1.1191011235955055,899.0,2.020224719101124,33.77,-118.15,3.939,33.77,-118.15,0.057959435009471115,0.009016670311766213,0.0012397716230758598,-0.0019558315803465723,0.15195317843201064,-0.011505516142814552,0.01627963688703538,0.0025085759736391193,-0.0008823157411516571,0.00280932663498251,0.07768287754868618,0.0062319489945579214,-0.0006277279179428162,-0.0007833348652828576,0.00017343255099746448,-0.0025593028771364146,-0.0019183571863951362,-0.0007417956613646193,0.0001010612304995479,0.0044157740587896606,-0.0021508427632462843,0.00808507710192824,0.004513802343677711,0.00015692672059154,2.7992381934915232e-06,0.0245193145922797,0.0017017499641689103,0.048324245145354584,4.837007,0.21594118,-1
4.8036,36.0,5.644628099173554,0.9201101928374656,1105.0,3.044077134986226,33.95,-118.11,2.613,33.95,-118.11,-0.003149912324420926,0.018747570248572654,0.0015354574452686614,-0.0012044049276396034,-0.020438641946210367,-0.013711091538362153,-0.0024229884280971637,-0.0020113179963974965,-0.00040296911777027914,0.0015893291273079702,-0.017477404831866668,0.00041983198575286433,0.000850254141923675,0.00286309819339914,-0.0002096656451920338,-0.0002031077755072719,-0.00040057453442110373,-0.0009528452253596721,0.0035009469070692734,0.0027477611222434537,-0.004208166481934035,-0.01615163776110958,0.0020015875206646533,0.00045792825651467037,0.0010468155018269825,-0.003347595274550446,5.291056699309803e-05,0.041538355552998805,8.128204,6.000602,-1
4.4821,35.0,5.987931034482759,0.9706896551724138,2091.0,3.605172413793104,33.84,-118.02,2.141,33.84,-118.02,-0.004834798338353839,0.013837840872728728,0.0007352853167596637,0.0005807277568852666,-0.050868212197580503,-0.014739643387419276,-0.00774458698120639,-0.0013331091233590618,-0.000454579694340525,-0.0007818015354922379,-0.026858352791238653,-0.0010794542588119826,0.000262386696253451,0.00013761808879210761,-0.00019230580335022476,0.0028605976537108323,0.001631962868845494,-0.0006732609896968284,0.001712460969658003,0.0018299293377276756,0.0007409709398666829,-0.006005077912108457,0.011754190901659307,0.0006664081724418262,0.0025741447068071788,-0.034802545232371876,-0.007709665830526782,0.0382323037605718,14.454468,3.0956335,-1
4.3571,51.0,2.813813813813814,1.045045045045045,527.0,1.5825825825825826,34.11,-118.34,4.688,34.11,-118.34,0.1056947288808693,-0.025330165256621528,-0.006646826014318708,-0.0005383504134421743,0.2051714309377946,-0.01343435998844417,0.00048780530855230194,-0.00048279496331858054,0.0030847991537432335,0.0027622800010666266,0.15478756651909573,0.007465691110724785,-0.0007848304565226693,5.216786467837979e-05,-0.006684733095170746,-0.018298717694705147,0.0024857240474226152,0.004211857135559139,-0.0011331380831311984,0.004466016132865884,0.00803007161167537,0.010514928645644319,0.008301886047379635,0.000738132425662746,0.002385545840254052,0.052090554148950814,0.0684926430908173,0.10755881936227554,4.7134867,0.21135807,-1
3.962,43.0,4.536723163841808,1.152542372881356,862.0,2.4350282485875705,34.0,-118.45,3.458,34.0,-118.45,-0.002410864387285553,0.007638310281192407,-0.0014247320066649329,-0.0020844127603081787,-0.0009354889489133195,-0.0021098989153697464,-0.019924795500408366,-0.0007741714905324974,0.0005820712756324649,0.0005905612897774734,-0.012698894553481546,0.006002387764696233,-0.00013666055439489857,-0.0006899396905724548,-0.0014064222410860806,-0.0031192584480439866,0.001000394501343454,0.005942566885697095,-3.7727455147826e-05,-0.001604541791013554,0.004330296694894106,0.00864246169996487,0.0021919553114020584,0.0007051690721729451,0.0009873668730459588,0.04024243042710058,0.00824536938535575,0.17775380328862295,2.369814,1.5999523,-1
4.1797,43.0,6.344569288389513,1.0599250936329587,674.0,2.524344569288389,34.15,-118.03,4.868,34.15,-118.03,0.03720384664865418,0.02134568670918578,-0.0023826027267151613,-0.0023114232887775053,-0.0039858873027253435,-0.016583473550465917,0.0017120000395788241,-0.003984038327224357,-7.474352234353797e-05,0.0011961401028368047,-0.020038874367551075,0.005596395434833036,0.0005673650390561842,0.00040525149002622275,0.007515217241523386,-9.250644247686549e-05,0.005445599915836349,-0.0023228846602168455,-0.0012382259302336468,0.000830749689039877,0.0010041270235212263,0.0032755282537906857,0.002087700290380806,0.0006005790385753759,0.002431423388068735,0.024485156134467553,0.0060561935550376795,0.07376822213523823,6.064571,5.5380774,-1
4.2759,33.0,5.513119533527697,0.9737609329446064,932.0,2.717201166180758,33.81,-117.94,2.38,33.81,-117.94,0.0007249227615034692,0.01579088126492965,0.0010310162272992528,-0.0022573845018232196,-0.008959070363002416,-0.019894933270468013,-0.007238953915154391,0.0009476059121718112,-0.0005332073640783542,0.0015772341935756835,-0.005311874702398095,0.0018113895111388082,0.0009313770981175769,0.00040926507296028497,6.200443841438453e-05,4.447905670002747e-05,-0.000333322356364943,-0.006870026445371977,-0.0005867206388713045,0.00047916841649275975,0.003223381106884136,-0.006632492983949308,0.002119130081425924,-3.222701741999892e-05,0.00011205201266323235,0.007434170159974112,0.004351550115783442,0.04111399667357789,7.1280284,5.291174,-1
4.4122,40.0,5.605113636363637,1.0852272727272727,774.0,2.198863636363636,34.16,-118.37,2.823,34.16,-118.37,0.04413526977596071,0.01940278725020105,-0.0012508400086308387,-0.002438242863077467,0.027513995123102163,-0.018192897415053224,-0.021491089905912798,-0.0017421968712863073,9.675391202502512e-05,0.0013118799299844143,0.008393993683887529,0.005477932127147178,-6.903688899681778e-06,-0.0009113335350809364,0.0018278446835789043,0.012573844558207644,-0.0055727782988698685,-0.001393746641758004,3.738617140172487e-05,-0.0021973658490541197,0.004849201797328676,0.005491590628002306,0.002192273870225258,-6.097399153057398e-05,0.000509862893566924,0.027101888358127005,0.007832231655902888,0.09501528281907531,5.156581,2.9512842,-1
4.8594,38.0,6.363636363636363,1.0714285714285714,874.0,2.8376623376623376,34.1,-118.06,2.659,34.1,-118.06,0.020766801666615063,0.022828261736314668,-0.002764340204269766,-0.0012585397476496697,-0.01628934399489586,-0.013417736303806186,-0.0029135891483821003,-0.004399192599218036,-7.474352234353794e-05,0.0014596956415140524,-0.012340937941611079,0.004877015538692259,0.001368777440786377,0.0014653815839207136,0.0003919800218803297,0.0007335571821876405,0.004361930543819014,-0.0012338194396237115,0.0006946097545993354,0.0011452011290015228,0.0009288565423225675,0.003430760825878521,0.0017531941009018516,-0.00028925027080084844,0.00016056975926037007,0.009058642695665059,0.006148717728610089,0.07301599869682561,6.2562075,5.8261247,-1
4.6019,8.0,5.05175983436853,1.0393374741200827,1113.0,2.3043478260869565,33.67,-117.81,2.425,33.67,-117.81,-0.060188431476069115,0.008467524459520872,-0.0017630787642515147,-0.004933372765637796,0.017957782399449538,-0.03862835654985039,-0.03539674062385467,-0.00853181697983349,0.00035085270442398905,-0.008022193329421891,-0.0389164911881023,-0.006333949538151756,-0.004065541505070853,0.0013979057930513083,-0.00033539917056721975,-0.0018098898163837274,-0.0012218852840424437,-0.007420364140537947,-0.00036741458514884663,0.0008027991605191388,-0.002133618608197726,0.005256187820985425,0.0027470098926101194,-0.001263352413480629,0.00017951392178913074,0.029608878211733945,-0.011760651978456384,-0.022190161817982147,9.876175,5.5190907,-1
5.0679,30.0,6.18849840255591,0.9424920127795527,695.0,2.220447284345048,34.27,-119.22,2.343,34.27,-119.22,0.006651656464633421,0.020106857792256613,0.0014752961427581205,-0.0009661919307826755,0.04190890983369019,-0.022008256322494733,-0.021435212140063137,0.0011710544731887817,-0.0005609971072041778,0.0012575154675793588,0.024448988477399607,0.003012618181799746,-0.0004455451508528999,0.0011734502076992186,0.003427004016048857,0.0007817345573944384,0.0012124215260228448,-0.002228008718274795,0.004868982705799298,0.0022722876329539132,-0.0034664956279240374,-0.02586180067224338,0.0024639093264009803,0.0008602881970800697,0.002186821430611105,0.030919561249770286,0.004570809425455564,-0.03367293228658327,9.972021,5.691634,-1
4.7515,18.0,5.260416666666667,1.0873397435897436,3079.0,2.467147435897436,33.71,-118.01,2.956,33.71,-118.01,-0.0008470953644110907,0.015469483680518826,-0.0026090774557214185,0.0016981068131493818,0.011036834526856318,-0.006914871956108761,-0.016204157455038233,-0.00022297354024193694,0.00026218698939534096,0.0004702693842578604,0.01824505530417216,-0.003323476421283947,0.00037555900221873976,-0.0006800431582659821,0.000554570610663714,-0.001216661092434872,-0.0011818545714411828,-0.0007294833717303637,-0.00014620764836954287,-0.00047606499365726384,-0.0030290326229435185,0.004346627398089639,-0.0011657242945819011,0.007935685486456354,0.0019618328967957338,0.02041226895315011,-0.0002675305216266455,0.06027162717743892,6.437355,4.215845,-1
3.9792,15.0,3.0072992700729926,0.9343065693430656,310.0,2.2627737226277373,33.96,-118.41,2.667,33.96,-118.41,-0.011766667543550081,-0.01616068052609592,0.0005508856755852468,0.002095406098687981,0.04084685250082592,-0.005713902458927164,-0.021467136382180365,-0.0015808043842341238,0.0009359352201343905,0.0005751020997689947,-0.04878529437922308,-0.007164260667570772,0.0019507071206539002,-0.0009305719515726694,-0.0047446070804547935,0.0010833841718379308,0.003647568378326028,0.009914147497569418,0.00733869525246988,0.004126731814273493,-0.01355084310738763,-0.03008152973186393,-0.0018861728316733463,0.0009641888883135483,0.004200556931047631,0.03127071806722402,0.00951433548480149,0.1510822999788213,2.285879,2.1886346,-1
4.2448,10.0,4.823889739663094,1.196018376722818,1582.0,2.422664624808576,34.26,-119.21,1.573,34.26,-119.21,-0.04903800482413064,0.0071946950531984145,-5.917449229883147e-05,-0.00523707338076069,0.019381372407397474,-0.025852372798693908,-0.02193057432419194,-0.00835904239555164,-0.0004809680665250465,-0.007111113465393855,-0.009896016810345925,-0.006255943940957672,0.0006665773203780943,-0.0011252372738394132,-0.0009046776434254728,-0.0013381738376627287,-0.0074637046520099155,0.004614562493708762,-4.718743145297727e-05,-0.0014643864094761796,0.007181717662433576,0.009971329047230157,0.0006366284468111954,0.0006024479883976986,-0.0009610308285495627,0.025697720749864116,0.006065392639320466,-0.0028078895426827547,9.882815,5.6121497,-1
4.9803,29.0,5.33378196500673,1.0390309555854644,2104.0,2.831763122476447,33.83,-118.01,2.086,33.83,-118.01,0.008034950115751007,0.01623061689213031,0.0006924235681388593,0.001907499667412552,-0.02548032755693317,-0.01482773264978451,-0.016062761550241954,0.001762309997587029,-0.00044598311713960466,-0.001434788715908499,-0.015393405179245949,0.004437504106562127,0.0010326918302268242,0.0011810438566223686,0.0010845657013013187,-0.0002550350527626539,-0.0007465885969596155,-0.0006594005317243159,-0.0006427760016919672,0.0012981118520409129,-0.0016063637257323375,0.003236812918975,-0.003280484632550239,-0.00010782557956385297,1.1589885750515564e-06,0.006237012169899277,0.006655385236847695,0.05039980955717501,7.508627,5.975206,-1
4.575,48.0,4.441108545034642,0.9422632794457276,1142.0,2.6374133949191685,34.0,-118.45,3.267,34.0,-118.45,0.02440597519902877,0.0007812939459542615,0.0013721093057002325,-0.002164099066444571,-0.016891399065414144,-0.018462343713226678,-0.02228631759546332,0.0007890869028750892,0.004024833871444762,0.0017274192741238855,-0.02137465636632129,0.00371150379540429,1.1137642599025693e-05,0.0009655733562668021,0.0004237099325944086,0.0020289639482316793,0.0011672553960020374,0.005615166801580791,0.0034553001584279016,0.0032742421471918456,-0.013316207777710087,-0.028670184393620894,0.002134385604110998,0.0008670514083859115,0.0018368037880063094,0.012526467466545906,0.012729882516852203,0.15261914449648661,2.0750482,1.8974855,-1
3.83,35.0,5.593283582089552,1.078358208955224,1112.0,4.149253731343284,34.03,-117.94,1.49,34.03,-117.94,-0.013587655633835268,0.008069124451942697,-0.0021574719331874906,-0.0018371343929604138,-0.03070796112225814,0.0007755185531863708,-0.009343809320931385,-0.0008947368516609338,6.425173015534616e-05,0.0008611998998776705,-0.02354808944036129,-0.0011573011942427542,0.00023567570298276393,-0.0003673036791409621,-0.0001023205777549224,-0.0068139189552292485,0.0008533855955711661,-0.006448435640688158,0.0004434251257096379,0.00021374461320495947,0.0013395613078549193,0.0043707350904674995,-0.0066007665044734674,-0.00034697032558182446,-0.0006897298166670406,-0.03667372843212095,-0.0009323434634787273,0.05467152734001834,14.256038,2.1334078,-1
3.8456,51.0,4.667315175097277,1.0038910505836576,1160.0,2.2568093385214008,33.83,-118.32,3.189,33.83,-118.32,0.007256759896370569,0.008122480671813056,0.0006456315409526057,-0.0019534966475913693,0.05592381642755378,0.004430791924897193,-0.0175418217863018,0.00029575074908352796,0.002609578516984078,0.001229023740262322,0.015031912411696418,0.0066810991157717015,-0.0006296609919335797,0.00043307322913556617,0.0005415885881533891,-0.003601541287091888,-0.0020531817936518476,-0.001921134298136443,-0.0005907077277657136,0.0018937657306569086,0.01566561437736403,0.01046153670517091,0.002497751968288383,-0.0002797934499361085,-0.00012290505699924455,0.03223495157467279,0.002122089500390888,0.08744859238822572,5.1044087,2.4249659,-1
3.5528,27.0,4.073627844712182,1.0535475234270415,1398.0,1.8714859437751004,33.77,-118.15,2.711,33.77,-118.15,0.025200819867363614,0.031161960469857277,-0.006746783243645609,-0.002182272358356901,0.11054695735407769,0.031185238953937412,-0.030482642542558405,0.002901199440839922,0.00019999220186531135,0.0008807234949861899,0.04957751467034862,0.005772146953896504,-0.0005425939072124968,-0.0004986764441863823,0.000164389642213095,-0.0036648878901987224,-0.0014372941092904387,-0.005338480766811647,5.234833311621929e-05,-0.004751095152552127,-0.0026627922538940006,0.0042462939979097895,0.0015792321272152885,-8.434684929070393e-05,-0.00025937144190318044,0.025257672786441657,-0.021579956631568614,0.05514333352952281,4.981742,1.0848434,-1
4.1842,34.0,7.020576131687243,1.1358024691358024,628.0,2.5843621399176957,34.36,-119.71,3.64,34.36,-119.71,0.0015301711870723523,0.02159885097418982,-0.0015664710421551165,-0.002282349509254453,0.033554669620180826,-0.02456476891711294,-0.022650702106149837,0.0049136245300182855,0.00034926586707970824,0.0013906829305051906,-0.0025124578205428473,0.002296551566925162,0.0015459367254183833,0.00020197603775006689,0.008670338611081352,0.003617807582765878,0.027784264329588488,0.0020604725739841972,-0.0012873530079467689,-0.0013578730493679872,0.007640542094375219,0.011558066247415573,0.0021451563855796815,0.0013599712817491984,0.0023818203256390368,0.01623680834741768,0.014009336769467293,0.05919967677567251,5.5827456,3.7663558,-1
3.25,39.0,4.503205128205129,1.073717948717949,1109.0,1.7772435897435896,34.06,-118.36,3.55,34.06,-118.36,-0.0435751098893021,0.012680077882707759,0.0008837945929229183,-0.0025116030094999822,0.049390277425997824,0.03510161817870021,0.006676222708015626,-0.0005444212176789629,0.00011648613123608773,0.0011332959102139271,0.0874853364860918,0.004855936389009113,-0.0005118464182891804,-0.0010532314233705137,2.1673888529745027e-05,-0.003978921274984101,-0.00121260746519893,-0.0022929574186321146,9.518879848540475e-05,0.01424076531662926,0.008462412471004337,0.006765949676582627,0.0031047771074220573,0.0005825920450917229,0.0008665673163146966,0.056402611133928963,0.03567556495974403,0.1395274982304617,3.8052857,1.2839572,-1
3.8668,45.0,5.460949464012251,1.0735068912710566,1601.0,2.451761102603369,34.18,-118.34,2.32,34.18,-118.34,-0.005013437445839767,0.016525612873055907,-0.002216092255628396,-0.0019306626085632008,0.00028852514654293727,0.0039890256259259805,-0.017795325183389454,-0.0009145850065812449,-0.000360912047111661,0.0008665909646722832,-0.017323151451964298,0.004669138823679584,0.0006110500291498999,-0.0008284792127463091,7.40188121671295e-05,0.0006094403307575266,-0.002761940809262702,-0.00037740299710474815,2.9511796005221765e-05,0.0002636117452157024,0.00237746548312244,0.0017587780526328032,0.000459747838408746,-0.00018243787939439403,-7.10767269008464e-05,0.032496708046228374,0.0027663932403879463,0.0905470205192507,4.530222,4.088767,-1
4.725,23.0,6.442260442260443,1.0933660933660934,1103.0,2.71007371007371,33.7,-117.96,2.896,33.7,-117.96,0.01116997059552707,0.022452264204400735,-0.0030705410970503486,-0.0005973863758784549,0.002067553494361587,-0.007993573947797188,-0.01554393309601444,0.0002993640054207901,9.760861573309174e-05,0.0010006906651952015,0.018100236372874026,-0.0009519774730484443,0.0017768507985590112,0.0013074756898857685,-0.0017297967418950792,0.0018533592250729882,0.005195455566039443,-0.0010625434412047357,0.0007726152253737713,-0.0007190682007090178,-0.0030595352620053683,0.004233707391860899,0.0009428827478326657,-0.0045497066497292345,-0.0006414170215455339,-0.004038841923800747,0.0052111746550364425,0.055127040821556166,7.0475416,4.317742,-1
4.3906,36.0,5.8621621621621625,0.9702702702702702,1018.0,2.7513513513513512,33.78,-117.93,2.313,33.78,-117.93,-0.003209403379961536,0.0149589538033598,0.0011263008047795692,-0.002223394923384474,-0.028479889993445102,-0.014626754379540986,-0.009271182271330046,-0.002429102071825901,-0.0004398636656069692,0.0015912673269351078,-0.008773535970274185,0.0023623373425518523,0.0011118258890061136,0.001468323025266368,2.8641954845373327e-05,-0.00030743394666971557,-0.0006842675905590794,-0.006267644847344795,-0.0005798468887283796,0.00047916841649275975,0.003192878467822285,-0.006570680739540123,0.002119176695822662,-4.530677934537337e-05,9.17700892999162e-05,0.007877861276180275,0.004252059983870051,0.04356119755234617,7.6720986,5.9459186,-1
4.1161,49.0,5.406417112299465,1.0338680926916222,1284.0,2.288770053475936,34.17,-118.34,2.325,34.17,-118.34,0.0012789429876210847,0.015538702514984798,0.0002723293411616663,-0.001839887707222231,0.04945594638608693,-0.0027045117765494646,-0.009934533463833172,0.0003629006957409379,-0.00024843731133868336,0.0008484783464981305,0.005458617002990366,0.0052822317460555455,-0.001567888120335872,0.0010206612622906614,0.00043520436683868043,0.0037152228823819295,-0.002464973726482465,-0.00017163983605028173,-0.0004394971144281916,-0.0019228450676162315,0.0006518696835418117,0.0018590646106777374,0.0011863286568958523,-0.0002176053046595309,8.632313080550818e-07,0.03357768821262395,0.002494901988606456,0.09160090408035096,5.2129564,2.5603566,-1
3.2353,16.0,4.40282131661442,1.109717868338558,1260.0,1.974921630094044,33.66,-118.0,2.529,33.66,-118.0,0.017370756009231523,0.016554140653228733,-0.002122944491547266,0.0006700692904218108,0.046541966625431974,0.044057410327097535,-0.02089899417759666,-0.004054517524737479,-0.0006541921386411587,-0.0014653868909053186,-0.11957928843664681,-0.005599022331424304,0.002080062732080131,-0.0009533695888754602,-4.444886234200304e-05,-0.008624624781029589,-0.0014071180578973102,-0.0003017500175488386,7.228016610768927e-05,0.000517154030985583,-7.323900118227252e-05,0.007970897731757909,0.003075721770055977,-0.002079555205283295,-0.000564448393631202,0.03330382850553424,-0.019127383474326454,0.062184845386044955,3.553036,5.473074,-1
4.0536,29.0,4.785294117647059,1.0544117647058824,1593.0,2.342647058823529,33.8,-118.32,2.858,33.8,-118.32,0.003239134519972238,0.010443968319201738,-0.002411432547379011,-0.00171530041466549,0.03230692236578388,-5.919501034500872e-05,-0.010247947895103594,0.0023788534753950885,0.00015698501085713767,0.0008272695193246185,0.01205583486929617,0.005830344681092739,-7.798818106684144e-05,-0.0006582670740606358,0.00017881687207431415,-0.0033016468213323607,-0.0014210157001538011,-0.0015439281113703229,7.730084004124624e-05,-8.790109566640973e-06,-0.009001662652229491,-0.0067658659345130765,0.0004887700693122251,-0.00018683135160670413,-0.00029586985015282876,0.032704192858492666,0.002289082083396245,0.07542067071749263,5.0708866,2.589607,-1
3.0682,52.0,3.732843137254902,1.0955882352941178,636.0,1.5588235294117647,33.99,-118.47,4.125,33.99,-118.47,-0.04103626568512181,0.010961455405187106,-0.004704235925069301,-0.0022740084346158074,0.015264298043284356,0.02936779605741602,0.01798779220832958,-0.004447100887213424,0.003370737235397066,0.001217795026684495,0.07150240966720889,0.006117436021426384,-0.0017023728171013173,0.0007648068085638201,-0.002896303880991989,-0.030053947414185777,0.0029745843152646223,0.010640033063373557,-0.0003523835686527924,0.020022675660722057,0.010107356017469149,0.013635050089943049,0.004471700916587707,0.0010749235991783567,0.003254790283047465,0.06091155822358595,0.08813348820931814,0.21248672888566864,3.2110257,1.318547,-1
4.8906,36.0,6.34703196347032,1.0502283105022832,683.0,3.1187214611872145,33.85,-118.36,3.344,33.85,-118.36,-0.0018537417123646485,0.02376867404813843,-0.002760442772643757,-0.0010139809251914448,-0.013220114523291047,-0.017716206579175983,-0.026251138892442977,-0.004399192599218033,-7.55434595052168e-05,0.0014596956415140528,-0.01896429001436559,0.001239669983106619,0.0006371584298155206,0.0003696230154553312,0.007400906269746965,0.020157252269027065,0.006265863711261409,-0.0008833277645113421,-0.0011440084015418323,-0.0010270050286799413,0.0029471946194977575,0.003084768491785199,0.0017124202986528027,0.001112633853460467,0.002678703842949903,-0.004924936008209812,-0.008471666421362828,0.0997571170867757,7.085606,6.7210584,-1
3.4265,52.0,4.703448275862069,1.0367816091954023,944.0,2.170114942528736,34.07,-118.36,4.569,34.07,-118.36,-0.012859001911102992,0.014872095730754925,-9.752771630277804e-05,-0.0015831966376194532,0.08587707510854238,0.0365081452046684,0.0069615269888125345,0.00341768205370481,0.002554725293600817,0.0012180840130505792,0.024298491137559778,0.006053263874979889,-0.0006965844867008997,0.00103381009664678,0.0005615134146934849,-0.0053166824954418304,-0.0013648180049521702,-0.0024176380047186492,-0.0004401593723143542,0.000714531372623163,0.0036268578095815032,0.0038906766873810124,0.0025491785764679854,0.0005630262323159786,0.000848613587980665,0.03799660974513618,0.02473043104013109,0.13826772260866804,3.7697628,1.3448578,-1
3.9408,49.0,4.444794952681388,0.9873817034700316,1268.0,4.0,33.97,-118.21,1.706,33.97,-118.21,0.004205877311934812,0.007451701190212826,0.0007740572867723336,-0.001317269347541931,-0.04454754375987376,-0.0032335044413432123,-0.0018020664416319042,-0.0008198375673064591,8.670996996181234e-05,0.0007219043251522144,-0.02373998577726643,0.0007713150527719141,-0.0010024614881251669,0.0007215576747081809,0.000449303019193767,0.0022971040395508937,-0.001953851221433141,-0.0003587931655108283,-0.0012518411087633148,-0.00015919476899206757,0.0004983995495172546,-0.00619818254540586,-0.005228174059460868,-0.0005422479752430877,-0.0009468002944246306,-0.03556347155386692,-0.011108424687625674,0.04398982847860834,14.20879,2.783599,-1
3.3545,24.0,4.25402144772118,1.0375335120643432,2945.0,1.9738605898123325,34.17,-118.4,2.215,34.17,-118.4,-0.033851096669324954,0.02781553749972988,0.001274151235409954,-0.0019396255408383068,0.04724178571954098,0.03639090804851957,0.008982834825840343,0.0002749203437662656,-0.0002458345052116601,-0.00021953926723491731,-0.08307529807586453,0.0013438163144939286,0.0026329943913378042,0.0010711408319957197,0.0006429512131691495,-0.005868079721130619,-0.004207662564376031,-0.00032415744914599746,-0.0007459897860701765,0.0016553416354469724,0.0027477470170809174,0.004734772047005476,-0.0016684560014913485,0.0016394391309200872,-0.0006294271867985761,0.024017016899806568,0.023061152287558076,0.09612156827555267,3.3506813,5.3826537,-1
4.5192,52.0,5.582781456953643,1.0596026490066226,333.0,2.205298013245033,34.06,-118.37,4.46,34.06,-118.37,0.03219458673658854,0.018091654597833205,-0.0016576709838825423,0.0019737481796010857,0.03119025952348632,-0.014846438850854739,-0.024021019253980747,0.0009335787417180422,0.0032576987118953776,-0.0006747528163757728,0.00702504226555003,0.007100010981526241,0.0003363901829612326,0.00016654753388886147,0.004215456475998627,0.018907848293482982,0.00474281235847889,-0.0013942550242341443,-0.00290530595028876,0.00022425379066919035,0.0038763948173695393,0.004722224867789294,-0.002878282188358289,0.001520766270744993,0.0038161247468734083,0.03821166466930604,0.011469052449666178,0.14478922921377213,2.4186957,1.9834585,-1
4.4828,26.0,4.990476190476191,1.0095238095238095,1282.0,2.441904761904762,33.88,-118.37,3.407,33.88,-118.37,0.019153866589277396,0.013460159626813588,0.0006874925888116267,-0.001947843303547935,0.01779901640340678,-0.01479141837789847,-0.02677781832939233,0.0024876658564698733,-0.00045914624276151105,0.001471934732042005,0.0002532381634143631,0.005769708867567105,-0.00035521529356911014,0.0005845430561812741,0.00047935349093143636,-0.0008764341840561819,-0.0006594883767163788,0.00040179229474911313,-0.000513657801333449,0.0015663936711064104,-0.0049855988643592,-0.005128109866854297,0.001401473889760087,0.0005370554947534702,0.0009582179899908636,0.035806126403125395,0.00985012888417246,0.13100544343363396,2.3346186,2.0910938,-1
4.285,34.0,5.208469055374593,0.9641693811074918,938.0,3.055374592833876,33.87,-117.95,1.849,33.87,-117.95,-0.0003842432066038038,0.01549329054503711,0.0010156623007245744,-0.002363652806287745,-0.03087519390540766,-0.019027407860611432,-0.007662141382620087,-0.00018151602590500462,-0.00045914624276151126,0.001914949817248171,-0.01740442908836026,0.00028635797592587044,0.0005476785230385827,0.0006544222299151069,0.0004430909255065578,-0.00023555987743612038,-0.0019129277878907895,-0.005227784080258919,-0.0004983164058151446,0.0022634064603361537,-0.0001614518566211962,-0.005961346051768797,0.002013738714673641,0.00015273643943317604,7.001533551136957e-05,-0.0031597851976869294,-0.003740766299426554,0.03939292788681065,8.130649,6.193182,-1
4.7361,50.0,5.539393939393939,1.0121212121212122,322.0,1.9515151515151516,33.76,-118.14,4.188,33.76,-118.14,0.0685642713920775,0.022192658041108173,-0.004257035870819453,-0.0006578638102629707,0.1371596113331586,-0.006031843677345131,0.014064839399072231,-0.0011673569455732727,0.00030622420996856084,-0.00027124299267033215,0.09046609619709696,0.007642062366529971,-0.0010691139653951434,0.001409836241088079,0.004336084276497069,0.019757047344026953,0.004680030183414189,-0.001793689676925718,0.002503317933323345,-0.00733594742064556,0.002914555992299032,-0.006988508781095371,-0.0034391129852392177,0.0009241020598660174,0.002839581869949127,0.02782390658725906,-0.0011117853490376617,0.04394219420009354,4.7943993,0.0973708,-1
3.0833,50.0,4.641160949868074,1.071240105540897,1724.0,2.2744063324538257,34.05,-118.36,3.381,34.05,-118.36,-0.01505135742399327,0.0154706464481291,-0.0017824707624979552,-0.0023868241952365297,0.0194944095951164,0.02630556351171246,0.00929502030170099,0.0016302233313793843,0.0005129437438590732,0.0008766380785378272,0.02093857904935721,0.005217232543879843,-0.0033994689026913523,-0.0008186475722428636,0.0002523673148054384,-0.004866219447656674,-0.0013604805315793505,-0.002430906657324887,3.0077530348909988e-05,-0.0007522615500795518,0.003399133727086873,0.004134627576206918,0.0007925154957929526,0.0002456216670743242,0.0005274715614492038,0.03635752631371254,0.005190886913892399,0.13053047206613796,3.4375021,1.8786573,-1
4.1375,38.0,5.095070422535211,1.0316901408450705,1042.0,3.6690140845070425,34.03,-118.14,2.115,34.03,-118.14,0.019294233350276482,0.01014569616220892,0.0003025972944301664,-0.0018223521431258276,-0.04611100043764504,-0.0072230245224256355,-0.0011676016595690698,-0.0015206332073424878,-0.0005408549073264847,0.0010326494439502594,-0.025563004343826762,0.0011812336037021387,9.600862215811407e-05,0.0011857747632571954,0.00043732217956228786,0.00011500980304599614,-0.0018861392002922177,-7.92925088028514e-05,-3.606463913827593e-05,0.0030634786216647125,-0.0006748837200210988,0.002979891222264941,-0.00692253614589216,-0.00019732105428499385,-0.000687423593845184,-0.036027154021556915,-0.00973515098370785,0.05302284309563469,13.899317,2.7621024,-1
4.4881,36.0,5.759776536312849,0.9804469273743016,1134.0,3.1675977653631286,33.92,-118.16,2.189,33.92,-118.16,-0.002601852634292264,0.016651231667432445,0.0005900079631999871,-0.0021902055410064317,-0.04427279846531144,-0.012745014670500847,-0.006827279111787967,-0.002587444469766567,-0.0004398636656069693,0.0015532196737497823,-0.022185008726424,0.0005637678618823476,0.0006527490392025782,0.0015225191545314306,-2.6442761781415375e-05,-0.0012173742764450502,-0.0006717220637842576,-0.0015690640376604943,-0.000490354674665654,0.0027136871006197744,8.250137030360821e-05,-0.006080365478348621,-0.001896630251615139,-0.00011613104797783471,0.00017275345134918626,-0.008093602851841507,-0.00037817143040192694,0.04348753382557478,7.9927464,6.369443,-1
3.6019,20.0,3.691139240506329,1.1063291139240503,2165.0,1.8270042194092824,34.03,-118.41,4.636,34.03,-118.41,-0.01737480146021727,0.005550957987459336,0.003256805679515312,-0.0008263341842022826,0.11462404098388078,0.03487349235809878,0.012410395366513125,0.0013457084400272485,0.0006412426746664585,0.0011645943804511182,-0.08250896885331713,-0.004895820026040419,0.0021082536070835436,3.445965237999229e-05,0.00061226866053047,7.802109762889927e-05,0.0026514027903284205,0.01054380249876207,-0.0001486221292014714,0.028445853168695252,0.012147345381265873,0.009979015349862569,-0.0005166460483441836,0.0006546475246931957,0.0013731663626357102,0.05479267613884472,0.0364329683407274,0.20647127156120015,2.411642,5.3898325,-1
4.1136,30.0,4.145009416195857,1.0527306967984935,1194.0,2.248587570621469,34.12,-118.07,2.799,34.12,-118.07,0.01273172173827254,0.01956979491992904,-0.002579975614210456,-0.0016985129081394297,0.0518270293556463,-0.001420811537131123,0.00094029344705771,0.002483429454845599,0.0001943765676557691,0.0008272695193246185,0.026846979185582168,0.003397926404363297,-0.0008543584225054356,-0.000511006608221853,0.0001373147961380188,-0.0021038218142397152,-0.0011247575940048218,-0.002105182681745785,2.9511796005221816e-05,0.0005360870956567325,0.0008005265434004277,0.004023108117929314,0.0011763445480773055,-0.00020306318151420158,-7.27050290125647e-05,0.03353937118982092,0.005026999187229521,0.07322733826127764,5.2210903,2.2071986,-1
5.0787,45.0,5.790625,1.025,945.0,2.953125,33.84,-118.17,2.192,33.84,-118.17,0.05112592120207122,0.019590258883679636,0.000948301407699921,-0.0011691005450140681,-0.02949390694669081,-0.01505027415675842,-0.0015290267338314097,-0.0024855595857892834,-0.0006049539242636588,0.0014026703015366329,-0.012050393095391786,0.004595791038443991,0.0009000573140569277,0.0015765724280464568,-0.00022568733711407274,-0.0005281363776076235,-0.00035811883237981963,-0.0006736630196968501,-0.00025682254640086767,-0.00022278399410376195,-0.0012128055641348725,-0.00620495769426986,0.0017902052804972376,0.00014334429806522062,0.00019141945954857716,0.005521944184287819,0.001329456668179477,0.04412154832201423,6.618484,5.883037,-1
4.99,50.0,5.929701230228471,1.0509666080843585,1484.0,2.6080843585237257,34.17,-118.11,2.616,34.17,-118.11,0.025634829101328527,0.02037663875666474,-0.002726363867993464,-0.0011409129142322851,0.02269104350064875,-0.0116696125691371,-0.0006296581455838315,-0.0021157682614207115,0.0005884842618479784,0.0017870071472284752,-0.021064083884329673,0.005881847116524811,0.00037749082965692245,0.00023665014651745792,-9.513288274623413e-08,-0.0016840113531047948,0.0003184566952192554,-0.0010800690110619475,0.00035323902443679247,0.001174602229464901,0.0010052486631587406,0.0033885997778424293,0.00011588565409415638,-0.00017476958941682922,-7.656857067019096e-05,0.014235193861382629,0.008702128866926711,0.07259443796120003,5.8268485,5.232314,-1
4.0231,31.0,4.003322259136213,0.9302325581395348,1476.0,4.903654485049834,33.75,-117.89,1.392,33.75,-117.89,-0.0020451971639395797,0.018253120867859806,0.0017165931113586946,-0.000952440416469309,-0.04206972083105022,-0.0050216372493157545,-0.0026434861597312434,0.001737287514487046,-0.00042330244984259695,0.0006922980232802019,-0.020150133944158276,-0.001210232804975469,0.0005054555051471761,-0.0005089062665638524,0.0005841706104836587,0.0011502847829285962,-0.0017624817215667176,-0.004933586662803883,0.0026377560903260377,-0.000520877545769666,0.0007233055007928945,-0.016818211976916825,-0.003720262994484261,-0.00030956076228966006,-0.0005412868215681942,-0.035268667832312195,-0.0011705406751425964,0.033365186690263074,14.551037,2.613518,-1
3.3292,31.0,4.682203389830509,1.0995762711864407,1047.0,2.218220338983051,33.94,-118.12,2.713,33.94,-118.12,0.002237825019963526,0.015510224404166282,-0.001995473570693011,-0.001478690841921602,0.048448784037304515,0.028298700457421787,-0.020453629139595645,0.002304295580967765,0.00021035400039529954,0.0007179308234787637,0.026757765224792215,0.003156784992866912,-0.00024641088984431647,-0.0006369200435683323,0.00015143144365422796,-0.003181276845081158,-0.001331541659103781,-0.0013577580696561384,5.300735110612743e-05,-0.0007492689195584873,0.0020524820937772715,0.00486767173594805,0.0019802481323418393,4.635137865254418e-05,6.756709008045176e-05,0.035599685620409625,0.008651955477524625,0.06506359233093054,4.8944273,2.0296721,-1
4.4211,35.0,5.3059701492537314,1.027363184079602,1473.0,3.664179104477612,33.65,-117.93,2.152,33.65,-117.93,-0.00310559003963684,0.012938005074134321,-0.0005751579793486094,-0.0010706692795453621,-0.049365138684928755,-0.020082733091244913,-0.012881757777667131,-0.000331286095342613,-0.0005416548444881636,0.0017802865946598585,-0.02706841233272055,-0.0008342918970221064,1.8327174896987723e-05,0.0005858565660666295,0.0005184022618017486,0.0014234256397849903,-0.00149288377287832,-0.005134708010773174,6.778221805092212e-05,0.006205728144320728,0.0026454444732789224,-0.006019116990032165,-0.003728108566261209,-0.004879358353484338,-0.0019438016732447186,-0.04508818440144228,-0.0019654317287767817,0.03762084826981007,14.06817,3.1088164,-1
4.8571,36.0,5.327327327327327,1.045045045045045,934.0,2.804804804804805,33.86,-118.14,2.033,33.86,-118.14,-0.003589265800563418,0.015725213136873722,-0.0025926936048949883,-0.0009790607738595048,-0.026756407239055646,-0.013920685839991863,-0.0051649254238587475,-0.0008710805860274848,0.00015698501085713757,0.0019321701761038077,-0.008928679849662845,0.0023562162879364884,0.0011057048343907493,-0.0006616844708101073,0.00028186818438908257,-0.0002597644189014096,-0.0018058295949413177,-0.0009679580398802242,8.493653634740639e-05,0.0012090354083656805,0.0010110951339609847,0.003445101260483464,0.001896518066562187,0.00014384844218875298,-0.0001161355883972633,0.008924976264499833,0.005667343047881102,0.05173116982247593,7.285299,6.1092763,-1
2.2857,14.0,2.4413145539906105,1.3708920187793427,282.0,1.323943661971831,34.06,-118.44,5.00001,34.06,-118.44,0.0970063471259331,0.1928287164792131,-0.00010783987727989238,0.03192485536432218,0.06914374969490729,0.029102559213367088,0.02084498269005644,-0.0019665969114793765,0.0019472249240074374,0.002101048213411851,-0.06939461934439778,-0.006012868881730154,0.0021438659489369585,0.00882207684427307,-0.0018574646901233574,0.22371372622777377,0.0013230308793206373,0.012875286573622906,-0.0042705631965195435,0.05123838897703627,0.011413167601469803,0.013155283833070795,0.0004300929605924204,0.002552253704965724,0.0038396581604273426,0.044286032481271824,0.08649575956049169,0.18891255704965945,2.9105992,1.6406671,-1
3.9934,41.0,5.004830917874396,1.1859903381642511,742.0,1.792270531400966,33.75,-118.12,5.00001,33.75,-118.12,0.04526472477509564,0.020950277221659735,0.0033703215550473687,-0.0011562612998019686,0.2044865085293244,0.008636605051141225,0.008229442947599818,-4.0069308775617216e-06,0.000805117473554497,0.0016771331900090939,0.13616931062840387,0.006114859564996375,-0.0006053016452093864,0.0002021002903055355,-0.002920784882517299,0.0014320343703812615,-0.0020633889813574382,-0.00040258406106533876,-0.00025914309795194217,0.0243193595976084,0.0018500605457366056,0.0037230189046010497,0.006626320902677081,0.0004310654863458643,0.000132672745315824,0.03902311777736709,-0.01775477256681503,0.04131852416502641,4.9372807,0.2708993,-1
4.6042,31.0,5.539823008849558,0.995575221238938,714.0,3.15929203539823,33.84,-117.98,2.207,33.84,-117.98,0.006772155222345511,0.0175777106277766,0.0008461594203377419,-0.001822129483621823,-0.03255271647867125,-0.013562007429149326,-0.015128421079618969,0.0008958787864540153,-0.0005332073640783542,0.0012241546151602186,-0.01716325433643871,6.577098853958145e-05,0.0005266741886321313,0.0022314195585957882,-1.6998992380136023e-05,-0.009881936021225167,0.0012925084907082062,-0.0014151198535129563,-4.129966764931523e-05,0.0029069222264196384,-0.0003455699731450232,-0.006158387603854129,-0.0017871938791728665,-0.00021593078295627417,0.0018752554864429661,-0.007272864460452016,0.0011418873548673634,0.042570302093131875,8.046933,5.9593287,-1
4.4148,17.0,5.856304985337244,0.997067448680352,952.0,2.791788856304985,33.7,-117.98,2.392,33.7,-117.98,-0.022286370875957202,0.018268877080250736,-0.0002034205575655014,-0.0021049951657990344,-0.008738597425231212,-0.009967245023535562,-0.0036154829039806977,0.0025820524337277703,8.013166428066419e-05,-0.0017592757381678851,0.023336293600985374,-0.0043752526511139376,-0.00010924351929164416,0.0013880672682106202,0.0011521325877452465,-0.0006427343725145733,4.205454885350353e-06,-0.0010789348359939454,-0.0005630629430735241,0.00038431919445496433,0.0003636183905084315,-0.006910654029656912,0.0013633693113675545,-0.004279662424703137,-0.0005138112257062245,-0.005235517755318362,0.0040012307925280525,0.04837085595685372,7.3594117,4.2058234,-1
3.5,43.0,5.287081339712919,1.1220095693779903,1042.0,2.492822966507177,33.82,-118.18,2.167,33.82,-118.18,-0.03585385119892103,0.006199560957512264,-0.0014600880089543143,-0.0016942434456825206,-0.008013998671339138,0.02939413298227223,-0.020177217512448026,-0.0013229993440849797,0.0004585777926218052,0.0007592876370202394,-0.01020953255279656,0.004399173302771373,0.0008422377256960909,-0.0006336028497156594,0.00010367365564833853,6.676479772301847e-05,-0.0023880708618623132,-0.0007385859115613645,0.00010079639514215186,-0.0009450330860769232,-0.0009351601859320781,0.008000955007364715,0.0019482286722163887,7.732639028108846e-05,2.050100711846308e-05,0.03613364617420697,0.006108208834939866,0.06099971020243133,3.7768312,4.0645075,-1
3.5777,32.0,4.604342581423402,1.06875753920386,1888.0,2.277442702050664,34.21,-118.24,2.456,34.21,-118.24,0.0010254056141437008,0.013869415728210687,-0.0024153299790050206,-0.0024592891792682707,0.03594003597567287,0.023976361753379024,-0.019492261708404728,0.0022763038031418494,0.0001943765676557691,0.00011819921833116308,0.019980232980532357,0.0030999205216765743,-0.00020092812770879207,-0.0006853815848844566,0.00030341337064517876,-0.0031794983535885554,-0.002507079254242854,-0.0014060534083743263,2.9511796005221816e-05,0.0005360870956567325,0.0001036424017293122,0.0037957655538169975,0.0006918066946610981,-0.00029546096407789124,-0.00012597657718679898,0.03525220403458442,0.009476671770781741,0.07771863932063702,4.8034525,2.1860356,-1
4.5594,13.0,5.084321475625823,0.9354413702239788,2283.0,3.007905138339921,34.14,-117.95,1.845,34.14,-117.95,-0.0411996696024376,0.014913747243719314,0.0008594226781447216,0.005498572219871459,-0.012352027341012262,-0.015631048779021044,-0.02530968582814641,-0.0020229867502369546,-2.2408881558464593e-05,0.0042106904576424305,0.03032457385616807,-0.0015315237771221918,0.0007054171402765493,8.82838604448654e-05,0.0019479630764504246,8.795835420054177e-05,-0.0011577965460007474,-0.0058063252828636416,0.003994842547956416,0.0021543962392352733,-0.0038786793997961934,-0.016576286322496032,-0.0037779434899890925,0.00023878804580488466,0.0012833318763813605,-0.0017144313069209006,0.0021373341655658443,0.041398640122507054,7.2374268,4.3055744,-1
