feat_MedInc,feat_HouseAge,feat_AveRooms,feat_AveBedrms,feat_Population,feat_AveOccup,feat_Latitude,feat_Longitude,price,Latitude,Longitude,shap2_0,shap2_1,shap2_2,shap2_3,shap2_4,shap2_5,shap2_6,shap2_7,shap2_8,shap2_9,shap2_10,shap2_11,shap2_12,shap2_13,shap2_14,shap2_15,shap2_16,shap2_17,shap2_18,shap2_19,shap2_20,shap2_21,shap2_22,shap2_23,shap2_24,shap2_25,shap2_26,shap2_27,umap_1,umap_2,cluster
2.1991,47.0,4.712765957446808,1.0425531914893618,517.0,2.75,37.97,-121.24,0.672,37.97,-121.24,-0.037712972163726224,-0.014120123867067009,-0.00205379363802064,-0.0019146597023049852,0.007492892745622449,0.00698692136820064,0.003674704663313811,-6.872779271289673e-05,-0.00029106238742115454,0.0004032035432524152,-0.00601020476085075,-0.019881717625422162,-0.0007770518052128084,-0.0002634588729797561,-0.001925413529528558,0.002717508826422046,0.003198587768400828,-0.00401881222558945,-0.0015549070677812816,-0.00039405027500101736,0.0025052569614814795,0.001767266064885265,0.0005286126573632005,-0.003242519655747636,0.0028252594247034388,0.0058836046134421414,0.001698519386175553,-0.14645848884156637,8.851827,5.9986143,1
2.3043,32.0,5.649606299212598,1.0905511811023625,690.0,2.716535433070866,40.02,-122.06,0.684,40.02,-122.06,-0.011106300657156194,-0.021884454007131692,-0.0020571000491226665,-0.002997709577321967,0.0027388899970835017,0.006200935844362,0.02499425705014985,0.00023418034001456775,0.0003215158244700345,9.918551118655883e-05,-0.0007517875025756237,-0.007098886549642092,0.001387721088648318,-0.0006579683766289485,0.0008492181702248655,0.0016348453124366813,-0.0007484894997915236,0.002957936056922967,-0.00013844249577028487,-0.0005414626490233958,-0.004109509997320928,-0.00021942331426474682,0.0007656815458050533,0.002423379444253264,0.0026746126939236046,-0.001423040358575803,0.0046544968521093355,-0.09612893473116613,9.704326,6.2532043,1
3.2188,31.0,4.511700468018721,1.0686427457098284,2104.0,3.282371294851794,37.97,-122.35,1.138,37.97,-122.35,-0.004277744988009831,0.01805922218103082,-0.0015378408784642208,-0.001582457187298856,-0.00643092849550882,-0.014400173159003729,0.016344718735252076,0.0010976520869737738,0.0001559387109148777,3.910299888855369e-05,-0.012630505444145464,-0.009783955666897487,0.001525608396933293,-0.0014915295577819724,0.0001332152227962783,0.004889160262625407,0.004487009162638879,0.0002693877206875935,0.0002244788443658193,-0.000798866289665527,0.0005119135207386482,-0.0009008746092502379,0.0011518976218665596,-0.0002677609605800294,0.004122180953860166,0.07302191129597606,-0.01733236694709239,-0.20358430414706344,8.365104,3.96116,1
1.2904,46.0,3.081081081081081,0.990990990990991,1109.0,3.33033033033033,37.95,-121.28,0.633,37.95,-121.28,-0.03514320736723615,0.09181226234361745,0.0006260838833667488,0.00011930667316480711,0.03487883087247589,0.004245713987233686,0.0008229219325418608,-0.0016525490090868345,-0.00041423225377273113,0.001259953610905559,-0.008732197168998646,-0.01954080234471211,-0.0008690020080900481,-0.0007697969749539832,0.0029294473832536276,-0.001004091031237752,-0.0006635655694333996,0.0038187075172291932,-0.00040531407814777844,0.0015841367852079268,0.0015288092501864491,0.0024261815553931246,-0.001654361266647809,0.0018911811471750662,0.0012110291976934445,0.04088866361608344,-0.006244375300255483,-0.14044888044708548,8.330634,5.925143,1
4.7188,29.0,6.511278195488722,1.037593984962406,341.0,2.56390977443609,37.95,-122.04,1.971,37.95,-122.04,0.011159998838292474,0.02286940327051432,0.0002818733675386074,-0.001682996765001391,0.00983087428865644,-0.05449017735754626,-0.02800981294425464,-0.003891302704578573,-0.0002613208621239743,-0.00039258046112611934,-0.004279368030052443,-0.012650136369329379,0.001464590897615047,-0.0005043696429265743,0.007456596061600162,0.0009704096970600708,-0.013390893429888074,-0.010540670308435267,0.0034086329102000616,0.0004452574917019638,0.0023147964868640665,6.796614181507577e-05,-0.003159039181428673,-0.004851880881307634,0.002886847941162644,-0.023644057802723977,-0.0011558139625621473,-0.11905467971915566,10.207305,3.385475,1
2.5326,20.0,6.292490118577075,1.2924901185770752,647.0,2.5573122529644268,39.05,-122.86,1.368,39.05,-122.86,0.005080466155654135,-0.025996892021793814,0.00015974792710891206,-0.0005262804180061318,-0.03610035465342417,0.013894600948004538,-0.010949815543466733,-0.0006909203062588729,0.0031468511970998286,-0.00018111122005026847,0.010810507438059261,0.01837020917823175,-0.002660178737698416,-0.0003327294376485224,0.004490072836405636,-0.004146859968230954,-0.011500665392982293,0.004803382821190549,-0.0006328443174929418,-0.0012222147100688977,-0.003304158705207492,-0.02094065236170576,0.002088981871248621,-0.004426809639993627,0.002397477712799416,-0.002895362213405195,-0.0026564372630624128,-0.24102644054439648,6.5074997,2.3449569,1
3.2338,34.0,5.177570093457944,1.016822429906542,1409.0,2.633644859813084,38.14,-121.29,1.018,38.14,-121.29,-0.018903700290493843,0.004037506967235418,0.0008663835617782413,-0.0016435242891621143,-0.048585426931061326,-0.007433077493494084,-0.0022916339548990925,-0.0006014788388379379,-0.0003768927148468402,0.000895427925628806,-0.007848554294453317,-0.012548109392123672,-2.3585289222114884e-05,0.0005914502090866598,0.00018096430310382826,-0.0014768746364418823,0.00242253849487581,-0.003471720357839638,-0.00018523896147384293,-0.0001845071803274779,0.0026128256333170933,0.0009588726154923289,-0.0002452546115259392,0.0006186773053281889,0.0005773446563950121,0.018311270909968983,0.0006847661271153048,-0.14740380296143754,9.768397,4.213759,1
4.0132,14.0,6.27327935222672,1.0506072874493928,1447.0,2.92914979757085,40.64,-122.08,1.412,40.64,-122.08,0.002831351921314705,0.012464312049774332,-0.0019323789999711643,-0.00045976457564087295,-0.019091405331566027,-0.04423534573965892,-0.01663094583769257,0.0053100398529612874,-0.000515669722448547,-0.00027413346202695963,0.020638534500674304,0.023146871036903872,0.0004666402837372045,0.0016355809113676014,-0.0003074224755035752,-0.000281039066197651,-0.011248751736840378,0.001095715254267121,0.0008491212083633838,0.00048096725871856996,0.0004020281500983605,0.0019757490703684903,-0.0005286536281835807,0.0006667665888252529,0.0006141369769585766,0.028521509766802493,-0.0005143834281539341,-0.12905907996426555,11.042448,3.5619965,1
4.0417,34.0,7.040816326530612,1.2142857142857142,784.0,2.6666666666666665,37.96,-122.32,1.828,37.96,-122.32,-0.012481848326210425,0.011268230155764376,0.0005371658096193121,-0.0015940745119378081,-0.0361122698157435,-0.055795271630445176,-0.002215526074409835,0.004569836049052075,0.002906250720557499,0.0008360282162858933,-0.008392244612110149,-0.013755194302219076,0.0019211979212002174,0.0006091028575324303,0.0037598212405642152,-0.0012948422636393088,-0.031074622547043417,-0.0031765996831688336,0.0010336159038649446,-0.001499991706579722,0.013086955418829834,-0.024103141814117626,0.002034743645621038,0.0022617970142302037,-0.0014375411662266172,0.022592104443556964,-0.013136148780486492,-0.2003740363006092,8.391966,3.361258,1
2.3152,10.0,3.4055944055944054,1.1048951048951048,631.0,2.2062937062937062,37.97,-122.04,1.406,37.97,-122.04,0.0734319839020874,0.06652524681733905,-0.0001789741808639779,0.0012855618465426022,-0.019146102148206046,0.019791186981268378,0.025769757583390278,-0.0005896430306647586,-0.0009793629421101073,-0.0008316523843161297,-0.015269080013277819,0.034448335947915666,0.0018142116541795196,0.00012727688331509788,-0.0023222377134122112,0.017185588712524413,0.0032580258057794786,0.004916639882030789,-0.00026881091035424053,-0.0010694726870047236,-0.0046502593381974175,-0.002529636416444451,0.001623078432044492,-0.003709541650034897,0.002822077199762388,-0.05187497621746724,-0.008868442504503374,-0.1243286663695775,3.3350642,11.914948,0
2.9306,23.0,5.62962962962963,1.3240740740740742,281.0,2.601851851851852,39.74,-123.15,0.7,39.74,-123.15,2.418781853886652e-05,-0.020985702055349265,0.0008681904010937633,0.0009379169366970298,-0.03927353421727526,-0.009846087817568053,0.020604010829741785,0.000486855015833455,0.0035559991978717795,-0.0002293958362509078,0.009572281449631697,0.015553561024042057,-0.001940830304862988,-0.009133357474391755,-0.000629816168824245,-0.005361381293064684,0.0018315763729676042,0.0034743788221100053,-0.002487184181475259,-0.0010249814841918705,-0.005809924370234342,-0.019562503745608403,-0.0002574635171274577,-0.00987844453201697,0.0010148142493756384,-0.00414716650452079,-0.00918373489339376,-0.27149809819455584,6.947705,2.7885702,1
3.1193,21.0,20.03333333333333,3.826666666666666,385.0,2.566666666666667,39.24,-120.11,1.533,39.24,-120.11,-0.0027743950229632717,-0.013570041613361866,0.0011266989545583037,0.004162937308380494,-0.05196350979330047,-0.011583407746168343,-0.008876245814290102,-0.00464290216289634,0.0030467425748529064,-0.0017366459028482152,0.014423085439390186,0.0035377207701006103,0.005121311037894309,-0.032031438599988214,0.000866707801614775,-0.006807467606676632,0.0020100950513022506,0.0016964914311189414,-0.005421692710615154,-0.0013123062266192397,0.00431073618364908,0.003043648961051176,-0.0038366656887139643,-0.005818371276782093,0.0038228834123176943,-0.002223691521646841,0.006276998634313041,-0.11210389957828754,10.564394,4.3986077,1
2.3958,14.0,7.911111111111111,1.4555555555555555,270.0,3.0,40.76,-122.89,1.021,40.76,-122.89,0.03385013611218081,-0.027891429869182992,0.0007948516922491686,0.0005900082647556585,0.007005615797831677,-0.006079786756081697,-0.008043921157604413,0.000917863649640684,0.0033357403672464713,-0.00014571891169899243,0.01043175010210924,0.009752902732981291,-0.0008525492753639108,-0.017816873392649646,0.00258204116526773,-3.6879719938771654e-05,-0.01718300007591477,0.005726734673841101,-0.004858414728685097,-0.0014744226578814446,-0.007282927802972506,-0.0346468837414729,0.0001989418255032707,-0.013343919448285167,0.002300882469867799,0.02038709114778893,-0.006785236668327192,-0.2784861729855486,6.597284,2.6031876,1
2.3798,17.0,4.784883720930233,0.9593023255813954,750.0,2.1802325581395348,39.74,-121.59,0.838,39.74,-121.59,0.05917979942490529,-0.0056123617323280755,0.0006365786256367942,0.0009329754368704896,-0.033572769245162025,0.004064093394993348,0.003959236411306612,-0.002449103139670384,0.000935704979140421,0.0007287857210001373,-0.02639825868771223,0.03115570475449674,0.002429677415023808,4.618318468067135e-05,-0.0028868522922701153,-0.010306355645544307,0.003913741148492061,0.00038307348234205437,8.152335999909328e-05,0.0028774471508945395,0.006807829226201872,0.0012641009672309305,0.0019082081709724476,-0.00046286856575543595,0.0010892161735091626,-0.09981184775736025,0.01040193474365672,-0.11708036440188611,2.9392397,12.484869,0
3.2027,11.0,5.276073619631902,1.0582822085889572,850.0,2.607361963190184,38.86,-120.92,1.286,38.86,-120.92,0.048333274332758996,0.008145513319751272,-0.0006364396673183453,0.0006811250285679595,-0.036076747652274435,-0.011927657033395905,-0.004368116517276835,-0.005229172847448083,-0.0007049907304738873,-0.0021937119616466626,0.009423695292057076,0.02309691809423762,0.0019122210392786498,-0.001165486237417588,-0.0015719758658941806,-0.0027051444616861845,0.0014394629975989452,-0.002871655545058903,7.359360541781382e-05,4.459883507647724e-07,0.0010138106572206349,0.0014138306598572223,0.0011064914171148076,0.0001812803136181074,0.00025734661519520173,0.0026201798079024292,7.969145897647108e-05,-0.11866572284390615,11.187028,4.8511105,1
2.3339,16.0,3.761658031088083,1.151986183074266,1192.0,2.058721934369603,38.01,-121.36,0.871,38.01,-121.36,0.0869414822705927,0.06321938900478132,-0.0016046901660391306,0.002567410499474066,-0.03309558641572359,0.002261759925845726,0.004657810139166782,-0.002253324102386752,-0.0007649256399751175,-0.0013587077744902018,-0.05367214493726698,0.031672104073973084,0.0027508101481021796,-0.00028780799678352443,-0.00043132418352354474,0.011834678684404317,0.003833677896566074,0.0027481616460363688,4.517275223135106e-05,0.0009658000041850672,-0.0037939615836229887,-0.002824718602546381,0.0012835411823291121,0.0005071343565920575,0.0005108173028948754,-0.06979510080433,0.016329078255892384,-0.1576569017338708,3.4547076,11.99912,0
1.684,41.0,4.226628895184136,0.9915014164305948,804.0,2.2776203966005664,39.14,-121.59,0.713,39.14,-121.59,-0.042486712469590286,-0.017859257141832566,0.0011480606051067722,-0.0011896560775399127,-0.03471936985411401,0.028851359253236904,0.005010349830589915,-0.00039511885254515515,-0.00031049878022790294,0.0004154518141019847,0.00025962898360593165,-0.025621614645444078,-0.0005382596199847583,0.0005404744253913814,-0.001287257393252985,0.0011064074749609762,0.003022525881232587,0.0015899351717063419,-0.0004175691739441769,0.0013429341059928086,0.005304473748394041,0.0006980547147268027,0.0014696376580731723,0.00046046526271594965,0.0011013094108728383,-0.07324613227295275,0.007236884590457337,-0.10506126768349035,4.030682,10.350512,0
2.7009,35.0,5.752631578947368,1.0105263157894735,590.0,3.1052631578947367,38.69,-121.37,0.802,38.69,-121.37,-0.02293422467172074,-0.026976850729244273,0.0010112825119211394,-0.0001688585270602095,0.029477444878980137,0.009049214309135986,0.001970549280552644,-0.0012504556301616743,-0.0003576101376922982,0.000737690287693004,-0.007285983134449681,-0.01065920254229606,0.0008501059196233207,0.0011182659640620487,0.00029093542755158526,-0.0003532511148494652,0.0005785131379875453,5.13827533799158e-05,0.0001322160296183253,0.0015095704347884043,0.001883212193480567,0.0015123371762887244,0.0011641069922878377,-0.003032079369891417,0.0028622951708625025,0.026971478740832975,-0.0075858539413454955,-0.13382698834992315,8.555232,6.634441,1
1.8533,15.0,4.9030955585464335,1.0780619111709286,1784.0,2.4010767160161506,41.72,-122.65,0.575,41.72,-122.65,0.050551554625728676,-0.030612509979566247,-0.0005293684310817522,-0.004061220540266874,-0.023391692709447517,0.00734858108148275,-0.01613684026371543,-0.0026661177848807975,-0.0009693362189960642,-0.00016928956121975983,-0.001746363211654389,0.022995091844426028,0.0012187409853160129,-0.0018465447265735861,-0.00033197517838962965,-0.004473344040483385,0.005051045767465452,0.0028653241215685415,0.000407035200691193,-0.0006743696897515489,-0.0007860467097012442,-0.009314284487093285,-0.0007538657492355929,-0.0017554912348091048,0.0012267898101796623,-0.09256549643818933,0.014452601602273817,-0.2932451225792993,3.2418137,3.3041704,1
2.2243,32.0,5.685220729366603,1.0095969289827256,1542.0,2.9596928982725528,38.69,-121.45,0.892,38.69,-121.45,-0.00909156084264056,-0.0345850554256047,0.0010112825119211394,-0.0035811866471172848,0.023975489329885205,0.011722119298409236,0.001719809601543231,0.00027803819874189456,-0.0003576101376922982,0.0005465194944917358,-0.004218659563809687,-0.011575788279954978,0.0008907688262610768,0.0015685473976909873,-0.00019833314710110037,0.00068125685801584,-0.00045197274635822384,0.00042237068064191597,-0.00038986035012384854,0.0012721762063195327,0.0024405849032498638,0.0008870042742151114,-0.00030274410398306497,0.0008032744119455977,0.0006747732391770225,0.01690489418951851,-0.0014833343340682405,-0.13989081714068743,8.776116,6.5668087,1
1.9485,16.0,4.518518518518518,1.0343915343915344,687.0,1.8174603174603172,38.28,-121.31,1.554,38.28,-121.31,0.09558332006583604,-0.03233851144854042,0.005727137119281564,-0.0018314399740034977,-0.04982640274868798,0.01392878729694251,0.002876884928179438,-0.0026494536452965254,0.00020758833494393232,-6.564109915058582e-05,-0.05358594783408588,0.03179822370124111,0.0028220977898047216,0.0008264041214886525,-0.0028422362379116046,-0.012055373918967584,0.0036695368359613597,-0.0008704897661491865,0.0001776558165877076,0.010449690649070413,0.00046526815451963105,0.00022297401749897278,0.0009819240978761851,-0.0009008277871357649,0.0026530323398892197,-0.08662421747655753,0.01448155836742907,-0.15852491368825836,3.3369808,12.655094,0
3.9816,10.0,4.735235567352356,1.1220968812209688,2959.0,1.9635036496350364,37.96,-122.06,1.82,37.96,-122.06,-0.036998679592517354,0.015442645445714415,0.0029191451944796764,-0.002373212645585691,0.08044822895795166,-0.05681700876200682,-0.01501910734376169,-0.007225899269168622,-0.0009760828334384676,-0.0022681405466987645,-0.1305653866153169,0.040109239705544066,0.001837881806672857,-0.0012245626909639566,-0.0002042272735716828,-0.007389150940721896,0.0039058307158162547,-0.001237756418608117,1.9343565842751433e-05,0.0036215978509528835,-0.0037937712710735217,-0.0030244837782382713,-0.0020005866888645665,0.0014076307494601506,-0.0018505412319867567,-0.09181484245874968,-0.0013791799284814303,-0.12995037616552801,-0.13566992,9.562956,0
3.9063,20.0,5.45719661335842,1.0799623706491064,2586.0,2.4327375352775165,38.61,-121.34,1.621,38.61,-121.34,0.0016180041753050011,0.017311791576251935,-0.0018949646850679356,-0.0015781397526712178,-0.013022376840061488,-0.06514087396041299,-0.006003523892514788,0.0010763781572711835,0.0004275359977522979,0.0002827389446978042,0.018017246094937784,0.026562679362774774,0.0027246969601681837,-0.000767327897940025,-0.00015265498013364347,0.0020498377461809795,0.0015978525957085468,0.0004863643466910005,-0.0001616672374721595,-0.0005853019078597036,-0.0012664366372027718,0.0023665479126735714,-0.0008443191145228904,0.0009079516276626046,-0.0012795905939969815,-0.09608711017202436,0.008542159259046203,-0.12410316521088581,0.7231396,9.09176,0
2.2206,50.0,5.350877192982456,1.080701754385965,661.0,2.319298245614035,41.73,-122.64,0.632,41.73,-122.64,-0.03885047010595269,-0.03950472639175338,-0.001350820236025851,-0.0035819576326245437,-0.042422576875877006,0.02125753592367939,-0.006901919209053992,0.0018665184581039991,0.000693135957806082,0.00040526222853583786,0.0006055723646799856,-0.02318830625374383,0.0035109310729910786,-0.0011887992935283509,-0.0025234121644047355,-0.003548391958138129,0.004795737393317663,-0.0026847523633507127,-3.547067480965491e-05,-0.0013709247151959306,-0.0003065402401658358,-0.009201055014642887,0.0016876349962929365,-0.0028919381220641003,0.0039017683899971885,-0.09948285741167379,0.010319007550342799,-0.29105374301749465,3.5134053,3.0596225,1
2.0625,39.0,5.837528604118993,1.102974828375286,1181.0,2.702517162471396,39.52,-122.2,0.634,39.52,-122.2,-0.034931615889036274,-0.012795736931982613,-0.002693215376693698,-0.0034738080781537965,0.007861521883507047,0.019525047289513105,0.024235890266783053,-0.0010610348450645947,1.6141184148445597e-05,0.00041971267628924925,-0.00590528705537248,-0.026998631348685555,0.0006612019842088948,-0.0014115115710742108,-0.0006057801059348265,0.0016675194939218822,-0.00048035303384732304,0.0036391641459454257,0.00043741091807810817,-0.0004412356618739849,0.011521124728942464,-0.018613971495734967,0.0007602637607583348,-0.00021105090808421,0.0003735337183260117,-0.0004932322456663446,-0.004654825665108218,-0.1262754914407068,9.075138,5.9562726,1
3.4543,12.0,4.801041666666666,1.046875,2293.0,2.388541666666667,38.32,-122.28,1.945,38.32,-122.28,0.02822241342385338,0.013333936313751888,-0.0005092577381557306,-0.002439359320066295,0.0043398655228642545,-0.03266431400389557,0.010330225146526222,-0.0028124675394087797,-0.0007481508764509736,0.00014007145206120026,-0.014819608565375583,0.03043014991096585,0.0006843784260804179,-0.00189241572940949,-8.263249145060325e-05,-0.00444667358801137,0.005491054341408687,-0.0008002429042610329,0.00020525986569000192,-0.00021726267356441886,0.0007608542696378708,-0.0013965726799699233,-0.0012995486839327333,-0.00021797734219816157,0.0022991914864743355,-0.08425149170509082,-0.012863084257264954,-0.15324777196292294,0.38293505,9.295322,0
2.6147,11.0,6.26813880126183,1.1466876971608833,1610.0,2.539432176656152,39.82,-121.63,1.077,39.82,-121.63,0.05442508915716493,-0.024335576559653856,-0.0016048936078585253,-0.0003008511553954335,-0.013877768499974623,-0.0010194311306275074,0.013966557993606877,0.010378514824709618,-0.0006455347508443869,-0.0024340853700484965,0.0008512626222405214,0.025649969235216827,0.000936573460964566,0.0014311141045920258,4.17450675584522e-05,-0.003100557741204613,-0.0067755036060382105,-0.0018188449575439194,0.0007153191301723274,-0.0010620378874413177,-0.009461343732522222,-0.001949223084048947,-4.101611142744629e-05,0.0015213098563663548,0.0004802236914136984,-0.04113969143339321,0.005878532333782989,-0.09599177512017218,2.719221,12.552616,0
3.5429,29.0,6.148936170212766,1.0572831423895257,2022.0,3.309328968903437,38.68,-121.37,0.882,38.68,-121.37,-0.0035935109029562105,0.001962657311409275,-0.002555571060256827,-0.0024344442211818957,-0.010242585354500462,-0.016072584696399828,-0.00041803738080767625,0.00014775575642329033,-1.369271092817049e-05,4.636694328591563e-05,-0.011521447895228359,-0.015058927527011,0.0009726259404049826,0.00012182164806363751,6.112144871451495e-05,-0.0023059823615971566,-0.004916009427733078,0.00012725438589600773,0.0003233939996708947,-0.0002746947427937194,0.0029177001578325496,0.0018598837914443524,0.0006236568136632613,0.00042632053175249175,6.72470313928695e-05,0.05578247325843629,-0.005294601407469069,-0.130371818915856,9.3446,4.49939,1
4.385,35.0,6.356451612903226,1.0403225806451613,1668.0,2.6903225806451614,38.26,-122.73,3.177,38.26,-122.73,-0.0031817192713445934,0.020620014749449248,-0.0024533471461648535,-0.0018060617119244973,0.003575056392415319,-0.006281843395158148,0.03281812399159753,-0.0016783071755790762,1.094434199912136e-06,0.0009606072823167316,-0.006571899654400112,-0.010462282084618338,0.002445573697366361,0.0010777894192151394,-0.0007078595151322316,0.00040120007177319713,-0.0016163296419647473,0.011555250053819851,0.0010922937149621561,0.0001305759069458473,0.0017531476812651158,-0.0006111900580367244,-0.0010660135854256639,0.0013880434524543718,0.0027393590481954258,0.0018577081487580014,-0.016446511712019832,0.011279991708466006,11.587832,5.3596582,1
3.625,52.0,2.2222222222222223,0.4444444444444444,74.0,8.222222222222221,38.51,-121.47,0.8,38.51,-121.47,-0.005236638752126699,-0.004002645340548354,0.00038920198674385073,0.018512144178628977,0.021712094199600955,-0.01152621861085194,0.0004448529803745763,-0.0020703658166181414,0.0016300679644713485,-0.044305737134188415,-0.009991839398708534,-0.012042802238941148,-0.005888285034270381,-0.01618928787710435,-0.003121793511263721,-0.019794404160300753,-0.0021244156485957324,0.015014568604750245,-0.005150801845918101,-0.0038486101599601317,-0.0032923033604765825,-0.04264922863372533,0.011019818280866511,0.018650238974979708,-0.04095959600281939,0.08424218634486923,-0.008206544160546564,-0.14154111491950824,8.210875,6.509359,1
1.9417,32.0,7.647058823529412,2.2406417112299466,434.0,2.320855614973262,40.28,-124.25,0.761,40.28,-124.25,-0.017725806107906347,-0.01836826216158739,-0.0007372478955480975,-0.0027268382983717124,-0.051701767286599275,0.005794722995622343,-0.005766911490947653,-0.0025158204002165637,0.002087801414863874,0.00012022615210703462,0.004078360289725677,-0.017206382312336465,-0.003716158147854625,-0.01713103796811983,0.00926833471297165,-0.0024272976453246367,-0.020113124070720835,0.013129682653287705,-0.00292683061581584,-0.0013051814352511182,-0.00834209873681846,-0.03467708350727788,-0.001977234389325799,-0.007251656856043212,0.0032999708223241876,-0.10045811112129925,0.014947362726013899,-0.3015348028589149,3.4893975,3.0810528,1
1.6509,45.0,5.332541567695962,1.0641330166270784,1155.0,2.7434679334916865,41.43,-122.38,0.462,41.43,-122.38,-0.036357082906056125,-0.017795583099347926,-0.001562835160852273,-0.0009659302753954351,0.0047838135505459045,0.019054435133130855,-0.015980338031380728,-2.6777000294340295e-05,5.5718498944904555e-05,0.00032633884054376064,-0.003292588881616095,-0.01659609707945702,-0.000862405103174186,-0.0016789530080476244,-0.0003440808579138154,0.0017978592862633476,0.00448022885299771,0.0035349862311376255,0.0004308779032485393,-0.0011216154665059448,0.0028062149787031017,-0.0010284195822238347,0.001592932298994613,-0.0022302943372148913,0.0009671131062878284,0.00896449762592145,-0.007537923075177773,-0.2529640531839014,6.9551935,2.350353,1
3.9118,46.0,4.868525896414343,0.9402390438247012,819.0,3.262948207171315,37.96,-122.33,1.294,37.96,-122.33,-0.001245577252113353,0.013117690828365289,0.0009307818477589038,-0.0017555207250190476,-0.018684127875930753,-0.04481852898105533,-0.003513784840400733,-7.552257019008013e-05,0.00014231550590597123,0.0005362039056617533,-0.01970092522159491,-0.023460974958472842,0.0018277925889387376,0.0008129871325562748,-0.0013887899867618548,0.0018551577539588028,0.004348956930322841,0.0032760737432609133,-0.0018173056507907828,0.0006584300631160987,-0.012147717994398616,0.02009631352512001,-0.004165774058504922,-0.0006615286523436936,-0.0068632766878152915,0.08285023420436105,-0.017818517672815157,-0.20294524751943624,8.40965,3.9227357,1
2.425,52.0,5.590804597701149,1.137931034482759,928.0,2.1333333333333333,39.22,-121.07,1.211,39.22,-121.07,-0.03653578429031352,-0.02591950386341279,-0.0016773046970559975,-0.0016316254389824167,-0.037176188700967575,0.01948394344950778,0.0001486798011210924,0.005101085260697961,0.0008116987874331721,0.001166060775641952,0.0022477996490910587,-0.024410982859176724,-0.004716974926047525,-0.0006860156150368057,-0.0007785114361435428,0.005285566715757559,-0.004987732571900284,0.00403808333953548,6.165643679716482e-05,-0.005052507235988103,-0.0040314644193732655,-0.0013980674588596972,0.0013091426630919864,0.00010262736716792358,0.00044671218695633153,-0.0984470329272238,0.014748299875036883,-0.1239601566365515,3.754619,10.176807,0
3.7687,27.0,5.405405405405405,0.9797297297297296,1085.0,2.4436936936936937,38.13,-121.19,1.652,38.13,-121.19,-0.0026550904694604732,0.01797760118086838,0.0012355864603555249,-0.00161794234300335,-0.02283938817467817,-0.054015206451503435,0.002480027790806722,0.0012935560090372848,-0.0003825083490563821,0.0007470282404013439,-0.0074219629608012145,-0.01675200646323134,-0.0009195082138585247,0.0006599280315011879,0.00011532354641780463,0.0011760108151053872,0.0012291597931257938,-0.0027343068933192694,-0.0004203535383597352,0.0020253274436033467,0.0019041467798698716,0.0007372289548062401,0.0018263630443712605,0.0005450310822949218,0.0011450720092784342,-0.09109973593244765,0.005814913355443856,-0.1367754009812999,1.2993546,8.841051,0
3.9375,10.0,5.629107981220657,1.034428794992175,1132.0,1.7715179968701096,38.43,-122.58,2.692,38.43,-122.58,-0.04255434680329624,0.017904289508709953,-0.004243167703306567,-0.001675984381926259,0.06821132599502797,-0.062271836365725114,0.040332360588818256,-0.0010676067472002986,0.0017227662761983636,-0.00620832658067564,-0.14141467866190424,0.03438107089096201,-0.004927146568060373,-0.00017905182349199302,-1.3771322111067163e-05,0.0025417551575654326,0.005136854542888009,0.015018104346450088,1.8345293665928653e-05,0.002260389791631316,0.00041142338458924506,-0.0020794744642273688,0.0023327316147747734,0.0004213724976385177,0.0016875317576090826,-0.12106573120501388,-0.04486799581278539,-0.11213508712464011,-0.14002872,9.587671,0
3.1875,18.0,5.0482374768089056,1.033395176252319,1667.0,3.0927643784786643,38.62,-122.87,1.761,38.62,-122.87,0.0021400361860121433,0.005032554144180839,0.0008528563449863062,-0.0009924778688541348,0.004344855713793037,-0.030413134023928385,0.04522180866456779,-0.001001076423675266,-0.00028058647918981764,-0.00028367515857546,0.015180438623096823,0.01082765589846349,-0.006271785786573828,0.0004415705421605773,8.043306162602165e-05,0.0026388331374528197,0.009156535806377222,0.0015990411483134059,-4.743000314494898e-05,-0.00029161736959771385,0.0027193097602328372,-0.0005378667490151799,-0.0009688560069119974,0.0003952732949153707,0.002441043411623876,0.014375500898887731,0.02004431765333108,-0.1295947341847869,10.68486,4.6062183,1
3.1406,33.0,5.039634146341464,1.0182926829268293,814.0,2.481707317073171,37.95,-122.04,1.631,37.95,-122.04,-0.019411013471940915,0.006414307990492489,0.000573985678926512,-0.0016172328434244483,-0.04274076663292047,-0.028622956692293415,0.020871990358980214,0.0010064296524745886,-0.00037689271484684007,0.000613747108685169,-0.008985624820145265,-0.01415255636495483,0.0007763593938902798,0.0005984892508661098,-0.0011879605080694832,-0.004013701236973169,0.005683265291417139,-0.0014789310933979699,-0.00010993693960007914,0.0002164979089569912,0.0026730693628996835,-0.0008375828339420752,0.0013576913115425201,0.0003807016665391932,0.0010977391991126978,-0.07960431961166865,-0.005271964131108099,-0.12017159209115336,2.1993475,9.231088,0
1.2041,50.0,3.862604540023895,1.1565113500597373,1223.0,1.4611708482676224,38.57,-121.47,1.681,38.57,-121.47,-0.08992254011387646,0.031051044055631395,-0.008061458569171648,-0.002954070900859123,-0.057926499806908685,0.012366824247176732,-0.0005175383836640535,0.00016913410790340446,0.0005123340515734077,0.0012663360077090468,0.03512349344084696,-0.025499104484256886,-0.0047498347851917646,0.000539206967441047,-0.0003540597540574294,-0.03110112124321137,0.0015732941195352424,0.0023645522677277655,0.00016812877051431064,0.028038650861571868,-0.006908990403227404,0.0041346571551738424,0.0011171518239788808,0.00046914833384485157,0.0006343149241188998,-0.12171591427253704,0.060483732441598485,-0.1543291229287235,3.815751,9.583285,0
3.2462,37.0,4.191219512195122,1.062439024390244,2100.0,2.048780487804878,37.97,-122.51,3.294,37.97,-122.51,-0.009917350132124489,0.037754660257811955,-0.0011504210857279996,-0.0024977049922724984,0.03686892817323911,-0.05370482039302873,0.07118897160650467,0.00047628919424434394,0.00027583886944016145,0.0005386444575436538,0.06726059564327559,-0.018416837004501276,0.004587797372179426,-0.0011887378769630946,-0.000278950445448465,-0.006308686519100275,0.01706175645201065,0.033011120971219,0.00023425548486804898,0.0022182134224774204,0.00015080015043140863,-0.006909483185638957,-0.0005877746530256822,-0.0005428792890124024,0.0016432531176703898,-0.13163350159235548,-0.0471179984183247,-0.0034051273448613114,1.3979405,9.472713,0
3.7,32.0,4.961651917404129,0.9823008849557522,1980.0,2.920353982300885,37.96,-122.0,1.79,37.96,-122.0,-0.0011848457386558228,0.021235082630975496,0.0011759121005872944,-0.0016964004022383139,-0.024459262052631752,-0.007517301112000939,0.015706129372739488,0.0011070809746414902,-0.000382508349056382,-1.0049863111867674e-05,-0.011610552161435543,-0.011507170700376303,0.0011317245966981754,0.0007274580639861031,0.00037285014498573905,0.003649993568956093,0.004944159378014973,-0.0026064814430980343,-0.00024088198997180232,0.0011906894426002633,0.0018776404060331406,-0.00011099298156324428,-0.00031987523499888364,0.000808190951612548,0.00042149812995215306,0.03549816083540391,0.0013625352974970801,-0.11330673553011612,9.695167,4.5889716,1
2.7083,19.0,6.475,1.35,216.0,2.7,40.34,-123.48,0.645,40.34,-123.48,0.009216293185294497,-0.02795843024449147,0.0008688314620001367,0.0017236009104017367,-0.007683472191777983,0.004659463825651914,-0.008589814335566342,-0.00017153056651578302,0.0035815676339906247,-0.004644583555789602,0.004396857469550999,0.008795199235673175,-0.0014204592897895428,-0.01079431687196366,-0.005098627977591544,-0.0006772144055118213,-0.02689852652910158,-0.016606076436779672,-0.006018341085701658,-0.0011002005940624114,-0.004694812641531709,-0.01870614715344104,-0.003870087260698107,-0.02246691316723349,0.002642469379408096,0.0027732609888569243,-0.013850682038624985,-0.2800243332955385,6.6691656,2.442178,1
4.525,36.0,4.590909090909091,0.875,237.0,2.6931818181818183,37.98,-122.0,1.613,37.98,-122.0,-0.001821368797546562,-0.001397095334643758,-0.0013195857450046342,-0.0025161222381779686,-0.001134216641556217,-0.04050352912648987,-0.030987184569879977,-0.00022597038002527712,-0.001083715885759821,-0.00042603246020387275,-0.007018021160616547,-0.013936163754399537,0.000918692138190364,-0.0013534256171457782,0.004273620965555709,0.002479377774077568,0.0046265929275387035,-0.0020780883035904463,0.007065011060450583,0.0007299075871264176,-0.011749108257088206,0.014063395976244803,-0.0026170391425303394,-0.006477801897038077,0.0008864751385184846,0.007597441677539885,0.0027112810272969987,-0.11710723279889312,10.150178,3.4215841,1
3.13,18.0,5.829457364341085,1.3837209302325582,660.0,2.558139534883721,41.88,-123.83,1.167,41.88,-123.83,0.0015451654772304624,-0.0058936635517571985,2.0895153269850258e-05,-0.0004884612241099679,-0.05165222455708144,-0.02230186349370554,0.053352006960525486,-0.00021848093895378564,0.003691825039566071,6.928089240422422e-05,0.017913796125834727,0.014334000656327589,-0.0006118346494523464,-0.009608352430632683,1.3737466610889949e-05,-0.004000629640913975,0.0012701560014104437,0.00376574301845071,0.0001560880495301936,-0.00128481358032937,-0.007336445360433533,-0.021261189904669638,0.002003912880778012,-0.002010492330895726,0.003143635836389789,-0.006211521230973446,0.0015034450674860037,-0.28137741964118856,7.10257,2.9409213,1
1.6331,35.0,4.182926829268292,1.0975609756097562,850.0,2.591463414634146,38.61,-121.47,0.675,38.61,-121.47,-0.026480525580249072,-0.02315852646888756,-0.0034564285423109155,-0.0010992080861316556,-0.02836991992300253,0.02351309747113876,0.0016576296434054909,-0.00044643220920753516,0.00027780277796042395,0.0006212691983560963,-0.0016044938420787071,-0.011961838498159003,0.00096738876374538,-0.0006435237060470262,-0.001713161211515104,-0.0037490604989370816,0.0033316894355825805,0.00040938735874353855,0.00014745828993217988,-0.0008992946015748655,-0.0013987849385627088,0.0020747212947812366,0.0010006183847470732,0.0004695552750594099,0.0009119016888382275,0.0028189371687722606,0.0008625702907627061,-0.14009371407719548,9.278649,5.8482747,1
3.2768,35.0,6.035398230088496,0.9977876106194692,1290.0,2.853982300884956,38.36,-121.99,1.176,38.36,-121.99,-0.017202755654634208,0.0019211520334927383,0.000977022065833236,-0.0016293219209196398,-0.017607640734383347,-0.0030006282950337556,0.025303717287041123,-0.00137960619677953,-0.0003576101376922981,0.0008296496619939776,-0.011426298067166104,-0.011885723474826727,0.0011230231462206336,0.00025513278402629965,-0.00041009848764833893,-0.0013986649590154191,-0.003994951944559971,0.001776738194594404,-0.0006206814070195419,0.0008098028623300916,0.002678464312571966,-0.00015704181045450807,0.0005167603771028427,0.0006317817534573273,0.0008068225150023268,0.025277925178279124,0.003954922281291202,-0.11397307494015455,9.643359,5.0667534,1
3.3235,46.0,5.011037527593819,0.9426048565121412,1097.0,2.4216335540838854,37.97,-121.32,0.878,37.97,-121.32,-0.03162085932219279,0.014292148779566737,0.002076599744505977,-0.001567464606667661,-0.030765570905189457,-0.0383768992825969,-0.0010901632807029014,0.0009401089597485633,0.003367731097972256,0.000716796893262763,-0.011463078248998997,-0.025080932768990226,-0.0009018125963431777,0.0009057235431420359,6.776453781090774e-05,-0.0039437690136103,0.0030118219868987208,-0.0011396141501448913,0.0019240421048349822,0.002793825003703984,-0.010287784877763793,-0.008144109456597059,0.0015427669650881837,-0.0004175757586112666,0.0018442162091243483,-0.10206467262743546,0.008235824110617724,-0.1364958248267654,1.9033486,8.990903,0
3.8333,15.0,9.053571428571429,1.75,918.0,2.732142857142857,38.89,-120.03,1.188,38.89,-120.03,0.013000802622748268,0.012488158088263774,0.0009541905826807613,-0.0005201128074677592,-0.029963393945631824,-0.03221931372670958,0.0015366083870744728,0.0013630522564225447,0.0025449248035528636,-0.000678970659095493,0.015414643154960932,0.023822634652113938,-0.002176278414569366,-0.03514304864472224,-0.0008125778590668095,-0.010414276530334872,0.00435936826960802,0.002465367222478996,0.0005510995520904227,-0.0011144091368614636,-0.0010048655773324529,0.0029336634034367527,0.0011079342295792158,0.00040676111792141087,-0.0003455720196133325,0.020372441770618414,0.0027732466703029213,-0.10307530403311929,11.273982,4.0679426,1
2.7656,31.0,5.404166666666667,1.0791666666666666,765.0,3.1875,38.9,-121.28,0.936,38.9,-121.28,-0.011145546518832343,-0.02385655279971912,-0.0020474351666609973,-0.00013211042022277805,0.041190252993118556,0.007937483014302117,0.0007198274640119375,0.000979720589268646,0.00015672993704515602,0.0003858986195331964,-0.006779890987745817,-0.011069712014130154,0.0002397222656387438,-0.0007566976656597751,-0.002277687081836589,-0.0014408844382715813,0.0020927877696970206,-0.002591683565164831,0.00011681654572869933,-0.0011512338067581175,-0.0026281403993465595,0.0023253892992185195,-0.0019461302050607047,-0.00021736927646858901,0.001229719664215942,0.0407408440339223,-0.004339947939022132,-0.11345239378133339,8.5921955,6.9570575,1
4.2216,17.0,5.606080634500992,1.0508922670191672,3362.0,2.222075346992729,38.51,-121.54,2.179,38.51,-121.54,-0.038797345081655756,0.020458055845748398,-0.0008646373194269159,0.0031258421687847117,0.006945004183303426,-0.01640584129243943,-0.0004888552245470676,0.0002009908919492949,-0.0008016371320835902,0.0028883084559596832,-0.04730906844492253,0.03922433676082577,0.00284101742674533,-0.0011432658016213813,-0.006064107108199419,0.015563430335047168,-0.007774376950635599,0.0015000868602860267,-0.00020096902455400364,0.00018734925969320708,0.0024678688954237957,0.0011234602170738545,0.0005798789333099049,0.0011557799046854902,-0.001285838234301921,-0.07525825033523416,0.007921929978051,-0.11379212917809496,0.85014504,9.617813,0
1.2292,36.0,4.833333333333333,1.0555555555555556,285.0,3.1666666666666665,38.59,-121.55,0.696,38.59,-121.55,-0.020283798214803275,-0.029893468416118698,-0.0008890194032489595,0.006525230381284577,0.03676056150424562,0.01112279011521818,0.004499873571558661,-0.0003669972130984436,0.00013726582271271785,-0.0010552198124913314,-0.00863026228048236,-0.011312171642233306,0.0008684264221898463,8.68005555203585e-05,0.006041177420638942,0.0011391026324652565,0.007818599879244511,-0.0003035171793599005,-0.0029543894343260855,-0.0016396303219982696,0.0024377584173712634,0.0014058254042667658,0.0026575179808734062,-0.007414841725250614,0.0018266821384189578,0.044348728508891,-0.004006654657776526,-0.12438674440757719,8.438375,7.0202727,1
1.0208,25.0,3.5,0.9230769230769232,71.0,1.3653846153846154,38.38,-121.94,0.786,38.38,-121.94,-0.013596877213715223,0.07680398544310355,0.010097194008486486,0.07004247118151677,0.04779452814462234,0.012972288871679095,0.015093034264179104,-0.0030174376644433623,-0.0023848762626365798,-0.01892614596950079,0.0022532529113499624,-0.021903154580793404,-0.0011061157429415878,-0.0029691632474065062,-0.016345844421804666,0.010481747281500354,-0.0028534214457558477,0.007682372907514469,-0.009186310143848962,-0.03216374502534287,-0.004749580110524072,0.004873854731950772,-0.05297549401844222,0.02945128620753535,-0.05037766628693715,-0.10601548529829175,0.0009966903092158519,-0.1466438008029033,1.7081805,8.63337,0
3.2452,17.0,5.841573033707865,1.149438202247191,2036.0,2.2876404494382023,38.58,-122.83,1.688,38.58,-122.83,0.025088696800187455,0.0025655113167840507,-0.0013524475169782624,-0.002639447523996176,0.011871339374720263,-0.06984904589997501,0.05929008139055757,0.000698301643503712,-0.00040136132878883213,0.00019037670483440958,-0.018675737055749392,0.026305990945359906,-0.004415825430808251,-0.0013937372227557489,-0.00040818712715175865,0.002350977299755616,0.003663013372728128,0.004255261227012373,0.0002703593564275851,-0.0017445272142890403,-0.0020377103477340315,-0.016777637013679986,-0.0006643746366040626,0.0005413096696223025,0.0021238488376067264,-0.11406977924856057,0.0014236020682191065,-0.14312516163219047,0.5382484,9.337628,0
3.024,17.0,6.4734513274336285,1.4955752212389382,529.0,2.34070796460177,38.33,-120.41,1.009,38.33,-120.41,0.046286164133974336,-0.016840648117473263,0.0006709452119580076,0.0007153228159001019,-0.03917831255639058,0.012668539534460167,0.003999740523039991,0.006339868716225807,0.002555612057407898,-4.842075091335317e-05,-0.010743154675153101,0.03280795887227069,0.0040996357129405685,-0.015493822980970058,0.0025174165930418164,0.0017688008110646443,-0.006762449476313148,-0.006676341194917762,-0.002885691776096088,-0.0010996101529672276,0.014870177049655512,0.004096538387226785,0.0013787593905136492,-0.005739917421355029,0.0019293983318678764,-0.05387424789100842,0.010263057529607704,-0.13474157314501267,2.9830828,12.539119,0
2.5795,42.0,3.933333333333333,1.1333333333333333,54.0,1.8,38.03,-122.14,2.25,38.03,-122.14,-0.06158077275286947,0.032857662244617704,-0.002842271364973689,0.09333881408683263,-0.1063139355610519,0.013545503830711951,0.023071080254583955,0.0022447113194934525,0.0003855010591047845,-0.02023126199578296,0.047355455915378764,-0.025160972441103355,-0.002601803460585883,0.006623475706233387,0.01606548094666755,-0.003133456736829,0.0051341496549693255,0.0009525432071287563,0.012203304357104263,0.01633805174524316,0.010214137798657192,-0.023563349807328337,-0.030706621485900514,0.09457948815569521,-0.040625637836934264,-0.08840484908702319,-0.013180482320342225,-0.17699550267759506,3.8699708,9.591051,0
2.6181,15.0,5.951672862453532,1.2007434944237918,661.0,2.45724907063197,39.05,-122.78,1.089,39.05,-122.78,0.0466180123374899,-0.028636237052792935,-0.0016347396238768166,-0.00024385694879426657,-0.018583995181611416,0.01701730431613147,-0.009138381613041107,0.0015478925120633754,-0.00036917588859614926,-0.0001103965028615693,0.0019387740714466855,0.02491313982144849,-0.0023369752038085883,-0.0005897088868325917,0.0009408882891570749,-0.005207644484146702,-0.0018923818020984164,-0.0012594941505280578,-0.0004638850204085977,-0.0013232544795608368,-0.003496352053757249,-0.01573828858544441,0.0021260294057182756,-0.0022458324692070106,0.0025056626971219007,-0.06779837113177688,0.015603406080692262,-0.2611786527669499,3.2783346,3.2817874,1
3.0299,14.0,5.814102564102564,1.3397435897435896,1356.0,2.8974358974358974,40.95,-122.07,0.732,40.95,-122.07,0.034221067813147474,-0.01682874180386805,0.00036089939608837,-0.0006042266094811638,0.007451380055791272,-0.0061900749245952305,0.02286516393593229,0.0004280828972484974,0.0030648686804267706,-0.0003029444677656711,0.01272324220081732,0.015154776089527623,0.0004816595112096088,-0.017827820794403766,-0.00017884382999464325,-0.00013724346544200986,-0.0010571098407800598,-0.0017853099051458555,-2.6728324380646935e-05,-0.0005620214260578866,-0.009719962226493213,-3.83936328497767e-05,0.0003547913334400816,-0.0002190359486474701,0.0007226443617269412,0.015320161805212514,0.0011861378814783925,-0.09465773475284654,10.487108,6.5811934,1
3.9143,8.0,5.306412478336222,1.038474870017331,7463.0,2.5868284228769496,38.62,-121.49,1.297,38.62,-121.49,0.010212798735925102,0.01462395539982593,-0.0006189648111772934,0.0022039994226608042,-0.026454428296876727,-0.03206630978244039,-0.007878807443690596,-0.011275051619832704,-0.00039887810742799746,-0.036735313188970525,0.011174407360116179,0.022329258356504858,9.191431972353455e-05,0.0014673425498813587,0.005471324133486601,-0.0021729335918995027,0.001936052706794913,4.837235807502257e-05,-3.463929578765147e-05,0.0007494365982499417,0.002406019575372291,0.0012668527155542948,-0.002172392181556291,0.013312207150904316,-0.004978371792268148,-0.00035548062943990545,-0.00048797164940301153,-0.12465601177925145,11.300699,4.0899396,1
4.0739,21.0,5.98816029143898,1.006375227686703,3358.0,3.058287795992714,38.69,-121.3,1.154,38.69,-121.3,0.003547630611572304,0.01138434469407248,0.00045691843107639816,-0.0008254963088100253,-0.013722431123996333,-0.037773253396788796,-0.0053585003695819835,0.0002138071122455512,-0.00019244125131921672,-0.0002633931715454982,0.01402144170878145,-0.0015541824724141905,0.0017433705882023802,0.00025513278402629965,-0.0003201574290103027,-0.0012564058203735251,-0.0055081592649847315,0.0012321935119663154,-0.00023366587043192717,0.0014758635877813655,0.0018997676511059432,0.0016252985449749305,-0.0024183905034611737,0.001038031610353687,-0.0010523667117628213,0.034139140466724574,-0.008670158603282775,-0.11956277867566707,10.773332,3.5919461,1
2.0411,24.0,4.186346863468635,1.0774907749077491,1239.0,2.2859778597785976,38.0,-121.85,1.0,38.0,-121.85,0.009411988289241283,-0.015200680380962419,-0.0026254876308347964,-0.0037624860401720035,-0.039706907726189816,0.031213750332970247,0.02581390141370997,0.001057622539902125,0.0004337715164902108,0.00022956454532419154,-0.004432788848268925,-0.0027532411382218303,0.002624462768736287,-0.0006077372680657718,-0.00029714843819829065,-0.0048305383687068295,0.005271823482112722,-0.0004977145376273352,0.0002169238635664595,8.65814004377178e-05,0.0026555399044744347,-0.00025503321282526804,0.0007089023650840641,0.0004053994389984813,0.0004970858688641485,-0.056541138846871716,-0.004751022918191762,-0.10986690698052227,2.9449341,11.610216,0
1.8007,37.0,4.93705035971223,1.0575539568345325,1607.0,2.8902877697841727,38.53,-121.46,0.654,38.53,-121.46,-0.019480293365774302,-0.028321746454695314,-0.0015272624428884461,-0.00232981941295358,0.02812603764679958,0.012517384072725325,0.003942094422874325,-0.00013791190682452191,0.0002392385387718085,0.000888916881940309,-0.0047935041591858395,-0.019197332063579993,0.0003588690969630934,-0.0007340478620937343,-0.000274440855651268,0.002999529827871063,0.004108001012479837,-0.000815302797791027,0.00014371259683441983,-0.0007519051450225149,0.0023894641177469155,0.0013881474843446375,-0.0003505590133244563,0.0006177682008168814,0.0004590770988020743,0.016719458509138422,-0.0014378218217360446,-0.13820317035886864,8.619106,6.4651146,1
3.625,31.0,5.443243243243243,0.9783783783783784,563.0,3.0432432432432432,38.7,-121.47,0.913,38.7,-121.47,-0.0018541222656901011,0.0066738611249795325,0.0013898645729882478,0.0002513612551209541,-0.02484376693011939,-0.008905359273896133,0.00033789622445335593,0.0011348645883282591,-0.0003825083490563821,0.0005140292415149291,-0.012706203928582996,-0.010156120137083679,0.0009922111228779366,-4.819407624051258e-05,-0.0030175941293138953,-0.0017902649994730418,0.0033479134739621253,-0.0012259894606329214,0.00189898440952907,0.002030362281934561,0.0010350188050873754,0.0009607844356410405,0.0013393329329992978,-0.0031999742568240485,0.0026923885065124865,0.04420564791125928,-0.009039720704847513,-0.1284127253181077,9.568459,4.371733,1
4.5882,8.0,26.366197183098592,3.95774647887324,203.0,2.859154929577465,39.35,-120.22,1.984,39.35,-120.22,-0.038734182013580885,0.028588797359009512,0.0020032956541829123,-0.0018349464872326332,0.00032312819568710183,-0.011785727848324762,0.010633542983104594,0.019365594690439886,0.002766029183340165,0.014355499907455205,0.02774456553447326,0.02681900242494683,-0.000649524372835217,-0.03193808704308364,0.0036049047929694895,-0.009950979250501946,0.011244192679411175,0.004720079239093871,-0.004943374598749681,-0.0017756936813587132,0.004935500388742427,0.0033018131873902372,-0.0019623505968687136,-0.008866992347588445,0.006997963293819425,0.015102057945928282,0.003267831571669382,-0.08599634390696885,11.931355,3.4636676,1
2.2101,16.0,10.385245901639344,2.2827868852459017,638.0,2.614754098360656,39.86,-121.14,0.888,39.86,-121.14,0.041468441380524856,-0.04604849629329718,0.00018867804903430793,-0.0020121186470720897,-0.018580319546762623,-0.007514585189178162,-0.0024406458898343173,0.0011903181808603158,0.003062561187156536,0.00013883512477594117,-5.17503784907976e-05,0.021735075500661363,0.001970091253703887,-0.036776484789275476,0.004695831155187538,-0.01341247259790025,-0.005525493444407624,-0.009167146334124321,-0.000834748830962831,-0.0007831304847666389,-0.008779862487914689,-0.0068466107232702305,0.0004105506655642173,-0.005128964987664254,0.0028405296860011834,-0.010647193102473928,0.0028595308664199665,-0.09280288821168085,10.450676,6.6459746,1
4.825,29.0,6.577464788732394,1.0246478873239435,764.0,2.6901408450704225,38.33,-122.37,1.951,38.33,-122.37,0.010696041927431746,0.019632144289503793,0.0008080122876004028,-0.0009813209370746153,0.008097670195591962,-0.044470571221834336,0.024364338768237775,-0.004289612809493789,-0.0003614951519491641,0.0011157254263370713,-0.007308817672058872,-0.00981827648347932,0.0036723505979337754,-0.00044566474785459706,0.004935053578443064,0.0021178404433378783,-0.019256396861784854,-0.008988959996952317,-0.0009857869083610732,0.001975505271367555,0.0018523503449094248,0.005897818500234318,0.0019970291802385897,-0.0019576974272757855,-0.0012311874638551868,0.008856404980166151,-0.003087091692897301,-0.15916107861230402,9.825425,3.481773,1
3.0,13.0,6.317596566523605,1.1974248927038629,1091.0,2.341201716738197,38.45,-120.59,1.19,38.45,-120.59,0.04844023518238892,-0.01614989047975513,-0.0018010206643636851,-0.0005064628381544399,-0.041379493885085175,0.01152230162812071,0.0028546463057791257,0.005121567496024792,-0.00029574401884217843,-0.0006678952906480002,-0.008857548237759005,0.032817259196363364,0.004094346085122406,0.001434186566009489,-0.00046188010697051504,0.0009725629800343681,-0.005715716724029678,-0.0002870990549166748,0.0006979922299687071,-0.0010538297837128115,-0.0004769666750918662,0.008057446751470352,0.0015619405587091598,0.001049143347635691,-3.0447906703701044e-05,-0.053421386439005895,0.009682796602053411,-0.12037849992213907,2.990668,12.456182,0
3.7449,6.0,5.237011592958352,1.123658222413053,5634.0,2.419063975955346,38.63,-121.49,1.293,38.63,-121.49,0.016017767984477797,0.019069789489300316,-0.00044466522127039124,0.0017681581114957936,-0.005518843214544765,-0.05636328266354135,0.002994432350471564,-0.006585247485541967,-0.0008507110284296871,-0.011147492439704433,0.01233652363010132,0.027043925105250447,0.0016535305304511212,-0.0011707253335717274,-7.189991516445973e-05,0.002365613177789697,0.002448829658375239,0.00048408657692422345,-5.7337324319997395e-05,-0.0011221651275553253,-0.003805442566156127,-0.0019270981658741468,-0.0018882513323922826,0.013312526250635049,-0.0050475130994097036,-0.09366191518780835,0.008169363727045827,-0.12350952950618749,0.65327644,9.256898,0
4.3288,23.0,6.065217391304348,0.9347826086956522,1407.0,3.0586956521739133,38.55,-121.38,1.337,38.55,-121.38,0.008194302338814956,0.017480285137785743,0.00178664077609544,-0.0015882295091919326,-0.015107021142434665,-0.0014244238252963375,-0.0012217469886163929,0.00022218319293199038,-0.00026966404404892474,0.0009335255973118214,0.012113797208025499,-0.0014011090883264267,0.0012958998077436932,0.0017337713934768963,-0.00036681921334636905,-8.763365862246759e-05,-0.005776828456475266,0.0009891530058324205,0.0015290046785076967,0.0030200611277689713,-0.00960253627490393,-0.010247023076308393,-0.0004381260367351426,-0.00026388156912199735,0.0013879218537402246,0.027113401562989886,-0.009051531594294863,-0.11551662739642829,10.560563,3.9373682,1
2.875,17.0,4.821276595744681,1.0382978723404257,716.0,3.046808510638298,37.95,-121.83,1.625,37.95,-121.83,0.026742713543732668,0.015631323770254033,0.00013821781802989672,2.7083785649140537e-05,0.008641773825118436,-0.004799966778562241,0.023837079405486558,-0.0021611048843814045,0.0003643515531250836,0.00046013498019427835,0.017695452504803356,0.019833207379172796,0.0010753212717371156,0.0008669270904049572,-0.002821120925099481,0.005272651830428006,0.006343310570455227,-0.002039183153968101,0.00019810252741594498,-0.00038234752600437434,0.003000909732374618,-0.0005171060535606207,0.0010200579088365598,-0.0008655249955183139,0.0026560733583894797,0.020652293322192036,-0.006531481022908959,-0.09973663797902527,11.187231,5.0265136,1
3.5353,34.0,6.314159292035399,1.168141592920354,1211.0,2.6792035398230087,37.97,-122.3,1.647,37.97,-122.3,-0.018259983194284672,0.002611763737000473,-0.001924199109624162,-0.0017084831733504412,-0.046021129407733403,-0.0093236097133538,0.012067985247368532,-0.0020759155932671995,0.00011047777054090225,0.0008051917457415831,-0.00870520677063249,-0.011457449489195646,0.0016282087315851056,0.0009861155921158356,-0.0006421805944008096,-0.0006474877100290744,-0.008080603949925286,-0.0005833540131319581,0.0010403367755024504,-0.001473504261123973,0.013195336039424034,-0.02371656822608462,0.0012248442631896024,0.0016329826637194343,0.0020893420590875453,0.022082271140089406,-0.001673681316594338,-0.136258434066474,9.764046,4.302586,1
2.2536,16.0,5.432,1.092,898.0,1.796,38.4,-122.36,2.012,38.4,-122.36,0.09216953608669651,-0.03155124374385096,-0.0027604552038381796,-0.002127745331952074,-0.03893852494689126,0.009424521796784394,0.03195889317340558,-0.0038298208828738923,-0.0007394978420208278,-0.0013036116034705351,-0.058471338834786384,0.028521006600534245,-0.0007269149717718231,-0.0014487179033870457,-0.0005441547796152973,-0.007047449501357714,0.005076634928690128,0.002384577494385909,0.0004887188915486295,0.017767714594593798,-0.0028912932124232427,-0.006635154683799812,0.0015650379149451943,0.0001399666391260154,-0.001335622455304623,-0.11372051803148588,0.01995646059753327,-0.22392764728966197,3.5512545,12.689991,0
1.7875,18.0,5.270440251572327,1.0440251572327044,733.0,2.3050314465408803,39.76,-121.58,1.038,39.76,-121.58,0.016464493886177663,-0.018430809046001088,-0.0012174381408052632,-0.0013440740392228342,-0.0484913681350994,0.015470946481978696,0.005870519210671284,-0.0005312607633654441,0.00011356820575346167,-5.0070149777814005e-05,-0.000502151201317576,0.027138103060187078,0.0023241751205781663,-0.00037217564917181345,-0.0026536866006716094,-0.0017709139732522776,0.0037287681994141223,0.0014563498784803837,-0.00024037522987501868,-0.0011130454111095652,0.0029347001974709313,0.0013426481982933176,0.001251642685698702,-0.0003264360432495133,0.0010147688242770749,-0.07309212863444933,0.008816507828859236,-0.10221916604415646,2.6976583,12.088559,0
1.7895,34.0,4.395904436860068,1.174061433447099,846.0,2.887372013651877,37.97,-121.25,0.631,37.97,-121.25,-0.02148912028568714,-0.03081458781196341,-0.003341277616549423,-0.0019141800028613914,0.028346307778942707,0.0026243739243028046,0.0032798588797935645,-0.0004098291111942963,0.0003470443541261673,0.0006214251005323726,-0.004647745422604813,-0.012802139994108836,-0.00020275763900297483,-0.0006111886851556151,-0.0016232701229362927,0.0034004215935618948,0.0019534747969819238,-0.003468012272474032,5.463272853650235e-05,-0.0004974807812705939,-0.0039263948671314575,-0.001634740761610134,0.0008628761355611604,0.00044476318533045295,0.0008865337052259098,0.016938371367997456,-0.0017977800203892605,-0.14670447168152229,8.625124,6.4445167,1
3.7477,8.0,5.227138643067847,1.019174041297935,2118.0,3.1238938053097347,38.69,-121.8,1.222,38.69,-121.8,-3.569982848083291e-05,0.01400143439230391,-0.0005427224376447103,-0.0016549468982664105,-0.017628299340418575,-0.02568746188267804,-0.013194330718160644,-0.005811874719554395,0.00042242080551230043,-0.0011320993977426191,0.028084402919533177,0.0201912338994931,0.0002344549641809002,0.000816781557929862,0.0002598315450254148,0.0003478393483090122,0.0038727319807623007,-0.00038784410090675526,-0.00026074786572568296,0.0011858009130057275,0.0019414553792657537,-0.0006803162049195349,-0.00133476581559559,-0.0003370438585213985,-0.00033622992941651614,0.042546963141349044,-0.006172605545084655,-0.09515017315830324,11.352863,3.3880296,1
2.3,16.0,4.498084291187739,0.9272030651340996,464.0,1.7777777777777777,38.14,-121.25,1.333,38.14,-121.25,0.09029506545333425,-0.0035423099567668042,0.002488160798545323,-0.0005304919334405022,-0.052507734993264055,0.011796202926501118,0.0029214307589178804,-0.0031073521735669246,0.0009104270052755783,-0.0004979844503710516,-0.05871847318757233,0.03276089391250886,0.00441690334983793,-0.0006362988793235697,-0.002680586716882115,-0.010759540971398522,0.00218320335921168,-0.0036730151831694913,0.007318641709959318,-0.0214380430941861,-0.002066185830351768,-0.006940320533342542,4.2054388113555563e-05,-0.002178008852444578,0.003328946385424251,-0.07381047789720882,0.02194690952073224,-0.14463317708964268,3.4124856,12.615488,0
2.1287,17.0,4.0633608815427,1.1101928374655647,943.0,2.597796143250689,38.95,-121.1,0.553,38.95,-121.1,0.04874353920164884,-0.04870745580401874,-0.0015747561113759602,-0.002099633462708391,-0.019882212815847414,0.019745308201758453,0.0013421162256792042,-0.0017116820157982318,-0.0007686629521865382,-0.001051394782425475,-0.004041509413607556,0.023158935979933997,0.002142687207655265,-0.0010121781023813773,-0.0003958332990110841,-0.0023332071795379287,0.0014470455884786379,0.0013121867470228174,0.00011779538504537866,-0.00038975313690163565,-0.005439337082545433,-0.0018340897240867093,0.0008331751495733583,0.00020110552622845784,0.0004899655234956508,-0.0013728301666067009,0.00046660763226376236,-0.11944769630119843,10.549175,6.4565926,1
2.3438,36.0,5.023952095808383,0.9461077844311376,446.0,2.6706586826347305,38.45,-121.83,1.227,38.45,-121.83,-0.026861003628061028,-0.020877158129446155,0.0021821379314709705,0.002896061873795198,0.0015420711796760628,0.015106613271580818,0.02980651058718944,-0.0008216521852886948,-0.0014610834425984281,0.0008400144385318,-0.002877911704222361,-0.01277314782550801,0.0009603766250670872,-0.0010820747773869072,-0.0031487869953280437,0.003653067774242049,0.00625158883502566,-0.0009687286720624438,0.0019177933391919717,0.0010433516300301466,0.002012581747713046,-0.000499428051441962,-0.0017767853613684466,-0.004901377924592614,0.0023017436975588767,0.007933273826213645,0.004610616875474428,-0.10118358624140164,9.535776,6.1890006,1
1.3904,30.0,3.919753086419753,1.126543209876543,840.0,2.592592592592593,40.44,-122.29,0.481,40.44,-122.29,-0.011685983342044556,-0.023013768241652167,-0.0026582756932334423,-0.0008683962213415303,-0.03065328336846068,0.028229682239073028,0.011044098122846329,0.001507113043658388,0.0005974518235857429,1.9369711611883213e-05,0.0009448317680230024,-0.010592377935762225,0.0017661405788050712,0.0052219346414622385,-0.0016827752979207953,-0.003105655026325535,0.003787802553164399,-0.003070588651041766,0.000422973643584393,-0.0008037599650433867,0.011066805220263704,-0.018096166943444594,0.001695011978345469,-0.0001952873759123177,-0.0008809532615406407,-0.007398154742594408,-0.0015956712497677131,-0.11490680728147572,9.533694,5.7719073,1
2.1903,52.0,4.27683615819209,0.9830508474576272,767.0,2.1666666666666665,38.62,-122.87,1.6,38.62,-122.87,-0.040355016481443226,0.00811234481464967,0.0007963598615121892,-0.003732748728927519,-0.013925145551823922,0.003367016170480578,-0.00623021949062098,0.005826314871763163,0.0014578166038252032,0.0008642828184666087,-0.005151785619931759,-0.017423368852666536,0.003630069080278269,0.0017133201874788627,-0.0016476833727404494,-0.00460048986610583,0.01115099808574972,0.011006384574871277,-0.00033346053314893016,-0.0021751426443896603,-0.00010417535704358152,0.011136194607079274,0.0022881002381552004,-0.0008409333835169067,-0.000931053809332875,-0.11746854102660077,-0.006761884498841309,-0.1231579799314373,2.3448522,9.033068,0
4.1163,5.0,5.96985446985447,1.1164241164241164,2651.0,2.755717255717256,38.69,-120.99,1.725,38.69,-120.99,-0.017054430781396113,0.010719652834835258,-0.00141210831223044,-0.0009386665694321698,-0.02214988811497145,-0.02268925291934219,-0.006095464314613469,-0.001873712537755988,-0.000504593719035294,-0.0011217011043222669,0.015218772914399915,0.03095322613183373,0.0017014866339479175,0.0001799028899916518,-0.00014956158092436958,-0.001602876651209169,-0.0036702496328465378,0.004225634013306954,0.00012226137645374448,-0.0010601953666920048,-0.0029399069797532906,0.003539735194658386,-0.0015218279410354535,0.0005470105403011581,-0.0015464953112056343,0.024293998674892552,0.0005521209087566861,-0.1188095594183091,11.453462,3.4728234,1
3.5189,17.0,5.498201438848921,1.037769784172662,1497.0,2.6924460431654675,40.55,-122.06,1.01,40.55,-122.06,0.02873484761227811,0.003904222415929466,-0.0005293443500684309,-0.000603119978710385,-0.033436395364012265,-0.016161865544647463,0.020569754690591743,7.77686898134548e-05,0.0001170028342078633,-0.0002715745246018441,0.012897465796154256,0.01452364306030227,0.000512747772665898,0.0011321316399564856,-0.00011594414477527894,-0.0015135996575837791,-0.0003525716729469215,0.0020975814443431706,-0.0002284907434682834,0.00041945896315433786,0.0030200839864614965,-0.0002701798845813812,-0.00031603434808653684,-0.0003817659872485687,0.0006301270071490479,0.008629602770332373,0.005002411963174335,-0.09266421169851222,11.206197,4.7709417,1
2.1719,42.0,3.823308270676692,0.9511278195488722,798.0,3.0,38.01,-121.82,0.991,38.01,-121.82,-0.037708427391277784,0.055364950801072274,0.002245943156865976,-0.003390116127795752,0.026281159721390147,0.017684561229366295,0.031994909432859285,6.921157798310925e-05,-0.0014602835054367492,0.0003926794898228171,-0.006221795225139889,-0.017875396056071656,0.00023388330036562503,-0.0017441198200209276,-0.0012655558294849447,0.0009456387049511455,0.005506460234413222,0.005938267743718133,-0.00021552752311276147,0.0015101535784110224,0.0012861750373198465,0.001324989575469128,0.0008105601032238486,0.00033779786753012774,0.001152891881460558,0.031250435512631694,-0.0029104403542571057,-0.104416853978286,8.455108,6.0330644,1
1.8942,45.0,4.861111111111111,0.9166666666666666,225.0,3.125,38.17,-122.23,2.167,38.17,-122.23,-0.03532863141067048,-0.026268686456570295,0.001116835970946494,0.027646599949622767,0.04268303048247143,0.017373120492193177,0.018570264266297102,0.0009238054239778422,0.0033919316949244374,-0.0008762270506894188,-0.00631700158095787,-0.015674408216695454,0.002947065169479312,0.0011200646232778222,0.004451358547131547,0.004382366343241213,0.009638598910537791,0.0014772860054494093,0.0207316721248125,0.004008191220099664,-0.009750821422105612,0.03315030490706583,0.0005939334062220586,-0.005796648329750436,0.010828927467628069,0.03427884740295278,-0.008633334272860678,-0.1431368067338889,8.552978,6.733622,1
3.0652,24.0,5.415322580645161,1.059475806451613,3002.0,3.026209677419355,39.1,-123.34,1.311,39.1,-123.34,0.00044224061701518265,-0.01734447671452387,-0.0017504381838423652,-0.0009217441785924258,0.012826050918040939,-0.006718560547982243,0.019507029005616548,0.0007637539939283867,0.00039558873356130094,-0.0003328974877768753,0.008265779675132989,-0.00789179745983445,0.006510416234193008,-0.001380951862275777,-0.0002415045687702307,-0.00030823888247162763,0.00669872818028782,-0.00011341299937115464,0.0002262713935889455,-0.0005686626899626184,0.0013677449873400317,4.561301234504527e-05,-0.0019463417958258298,0.0012728370575389681,0.00022333675456838906,0.025747284613867213,-0.009420809925048044,-0.2430104887824426,6.913762,2.7698636,1
1.9886,39.0,4.962174940898345,1.0236406619385343,929.0,2.1962174940898347,39.23,-121.07,1.138,39.23,-121.07,-0.04461417890944908,-0.019464158526101467,0.004253572821972049,-0.0037434780236549493,-0.048932931246580214,0.030344094620403647,0.0008856255861497647,-0.00035805598715875044,-0.0003387012208865299,0.0008794854453118277,0.002772466964598094,-0.026197020148068826,-0.001818292306636399,0.0005997095922314009,0.00015384953906652916,-0.006980760068957408,0.0012603520619308924,-0.002637103344350769,-0.00018523896147384293,0.002800560788122633,0.005399442780404331,0.0017209238383373224,0.0012195427475087618,9.478708861330811e-05,0.0006472902746605195,-0.0686112309347239,0.009567362795953958,-0.11605738150682539,4.021856,10.230874,0
2.6392,21.0,6.221631205673759,1.074468085106383,1576.0,2.794326241134752,38.76,-120.76,1.485,38.76,-120.76,0.006423053259870938,-0.02043745643391882,-0.0022175965985825608,-0.0008555463155879082,-0.0005945981237433485,0.0018623464404889892,-1.1875730771952842e-06,-0.0008297654858440952,0.0001422242704899417,-0.0001756075491394947,0.004926641726221,0.003465084734393892,0.0027739012956233397,0.0015166622788116866,-0.0007535380908102543,0.001689943959368116,-0.005520025314933918,-0.00017164723920252506,0.0007782791218943154,0.0001091357918762252,0.0010636268443246488,0.0013838334946775514,-0.00019220280100844058,0.0011909826253375603,-0.0002568045920565203,0.004305249443583085,0.001715365969653725,-0.11827350305963384,9.904064,6.5285435,1
2.4398,52.0,4.794336810730253,1.105812220566319,1670.0,2.488822652757079,38.29,-122.29,1.631,38.29,-122.29,-0.018388236331179447,-0.0008029905531997314,-0.0017406913508508013,-0.0023273026656789085,-0.009313450682077352,0.03608552646098124,0.014428241936841174,0.005820873658668024,0.002422239637334024,0.0008954324674415708,-0.005058659350004791,-0.016424664569967034,-0.0022310703727875586,-0.0016187185811925684,-0.00011813496813494089,-0.004579892560291819,0.005647132119066591,-0.0003531792218613213,0.00044845842040969755,-0.0014605224465123472,0.013875589189951118,-0.020840985370199905,-0.00041938116011189453,0.0006110633421232007,0.003176202435421141,-0.05864554761965249,-0.015606176522492932,-0.13567247650285943,4.167297,10.546368,0
2.0062,19.0,5.65,1.171875,758.0,2.36875,38.51,-121.39,0.92,38.51,-121.39,0.016696321455223966,-0.016210984587353316,-0.0028553969532474003,-0.002971776799739183,-0.0373549450225739,0.03039242278334668,0.0041917410889888065,-6.256464661668949e-05,0.0002978026141199872,-0.00019270312840236184,-0.0008536992840645285,0.02771517746736407,0.0026821406077746908,-0.0006823956321775099,0.0007095820144630037,-0.0016170036109537686,0.0001520200016629494,0.0005689614520857057,-0.00029417637426313513,-0.0010454030094858237,-0.003959686991925486,-0.0018637926290763999,0.0011973496999715925,-1.1366787464011776e-05,0.0011166200141719037,-0.05116014131584783,0.008417701689604165,-0.13835728977840953,2.978767,12.048357,0
3.319,32.0,5.265033407572383,0.977728285077951,1331.0,2.964365256124722,38.5,-121.49,0.845,38.5,-121.49,-0.003583230373091186,0.003936517070431754,0.0018866507122464282,-0.0014425989497645801,-0.019254386283549044,-0.009048796649052872,0.0003083021830884779,0.001069682015881769,-0.0003768927148468402,0.0006654740866888557,-0.01088420150214727,-0.011451258649193021,0.0010280127229940754,0.0007274580639861031,0.00010270705965665908,-0.0014902077837901494,0.0028012347292205087,-0.0007259442556675579,-0.000399457000504251,0.0012422555278285064,0.0016847390857663972,0.0006174527413572819,0.0006029731164842612,0.0006434693950571454,0.0006609931110601932,0.029420412682469095,-0.0025179616566829584,-0.13697233085091742,9.465557,4.301998,1
2.3352,28.0,4.544419134396355,1.111617312072893,1182.0,2.69248291571754,37.93,-122.35,0.843,37.93,-122.35,-0.012193476771570386,0.0003923797199505129,-0.0021327061597900395,0.001349067472541918,0.0013159899275076248,-0.05253176836076675,0.017241683760478074,0.0011429223306508025,0.00021793523690596576,0.0007484987122023766,-0.004180181422956688,-0.012530794185340362,0.0008726263450998197,-0.0014838803364754572,-0.00026227116224034167,0.005003356287837612,0.005826395821637776,-0.0007015265429211467,0.0004481935850523016,-0.0009019934029860014,0.013415296466624897,-0.02412951915542929,0.0019607524939054414,0.0006626173605586848,0.0019924910727783436,-0.005828755044471981,-0.016658067330024742,-0.1892701154818842,8.476747,3.2381923,1
4.03,15.0,6.053370786516854,1.1067415730337078,857.0,2.407303370786517,38.77,-120.58,1.412,38.77,-120.58,0.015395778222327312,0.01423985226104699,-0.0011473216229660372,-0.0009233346871727775,-0.0014159812538357857,-0.0664005733202642,7.843858766684068e-05,0.0018195730680631455,-0.00041847430799022735,-7.310619202217824e-05,0.012510588943544933,0.041563265506839024,0.003673365516719429,0.00020728702951286948,0.0016794907150560067,0.0024262543279639087,-0.005268597603231084,0.0022917738019898127,0.00041687434356471153,-0.0017162254570518248,-0.007219393666793247,0.001928626538582852,0.0018751474078731907,0.00016906392584901012,-8.861070444022469e-05,-0.09728012663169226,0.009466291810416545,-0.09496180551043532,0.6743114,9.361034,0
4.4882,15.0,6.573264781491003,1.070694087403599,2418.0,3.107969151670951,38.28,-122.03,1.44,38.28,-122.03,-0.03527512297305864,0.01826747956412497,-0.0011500735101741238,0.003080376483512263,-0.012980074896552595,-0.023162646810973235,-0.03131817380640863,0.0029787905584710657,-0.00047197097532619274,0.0020350911106697053,0.028855716013805655,0.028357538643304384,0.000730808420658574,0.001745066420832317,0.0006384033083500172,0.0029975769365779207,-0.021036202598066673,-0.01136080400977159,0.0006449151368500515,0.0003642657331104271,0.003762668664836868,-0.0003105087279292475,-0.0014690246434179148,0.0028766407336606858,-0.0019556965019963527,0.03111082203035739,-0.010228972426849154,-0.11038587605581451,11.724872,3.1418517,1
2.6266,23.0,4.76803118908382,1.0194931773879143,1132.0,2.206627680311891,38.65,-121.33,1.985,38.65,-121.33,0.005388427744306063,-0.004272977656121494,0.00023196376885380805,-0.0010480744642690472,-0.03464992858021737,0.021481831417651403,0.004290950356771959,0.0007419943153002471,-0.00018235973712843776,0.00026413446689261264,-0.008752824100534795,0.009518033248694862,0.0029492876958932437,0.0005997095922314009,7.942793730232287e-05,-0.008372815373285802,0.0032251714531966558,-0.0013014272709142177,-0.00018523896147384293,-3.584476671180861e-05,0.0025523376224257975,0.001482071762343118,0.001322777909064558,0.0005970064298199053,0.0006796133526567144,-0.052526960729675186,0.011323962300589815,-0.13733476872415057,3.00062,11.715162,0
2.0432,18.0,4.243506493506493,1.0129870129870129,1181.0,1.917207792207792,38.59,-121.4,1.568,38.59,-121.4,0.04541027711221098,-0.00974530350746114,0.006586888062833652,-0.0036175716426824094,-0.07031196381236823,0.016089724478222094,0.0030212312556233984,-0.0009980725453378526,-0.00040595828419859873,1.3142418080548971e-05,-0.03153242813064202,0.02789207936692564,0.0028165519426141057,0.00043478606516476605,0.00010198823915522019,-0.005410883638325615,0.002665278990414083,-0.0007010996037820042,-0.0004006933257300699,0.0017879790839032354,0.0025211727685087995,0.0006301991073148881,0.0013478650522578022,0.0005385078850767787,0.0006170892685233428,-0.07619882199856536,0.015586465936768086,-0.14855388685705445,3.0247338,12.362675,0
3.8958,33.0,5.419354838709677,0.9723502304147466,529.0,2.43778801843318,39.13,-123.23,1.44,39.13,-123.23,-0.013283994047781245,0.018744002714019006,0.0006889412802513933,-0.00031255964990556124,-0.016856928122579374,-0.11141678249377354,0.044435815818528054,0.0009097818997620795,-0.000382508349056382,0.0007299499470954556,-0.009188728632423671,-0.021996489375533237,-0.004546494708592032,0.0011367963688356994,-0.0025750877789566667,0.0009668079148247119,0.006735110014710553,0.0062913790640110115,0.0020375813364274984,0.0022741330631653764,0.0030182908928215327,0.013092418816204952,0.002266382528940794,-0.002411839946300242,0.0027143074084623573,-0.1262014594438845,0.02015926962121782,-0.2770694906546537,3.6883705,3.667559,1
3.7067,18.0,4.886486486486486,1.0810810810810811,968.0,2.616216216216216,38.41,-122.36,1.75,38.41,-122.36,-4.39697334481021e-05,0.016278000900185156,-0.0017936372048208218,-0.0007710614345915182,-0.048700366029462566,-0.009977778320564741,0.03873206878735283,-0.0004816557359649922,0.0003396161092307486,4.536235392631621e-05,0.015629250718194845,0.014917006829185148,-0.002710036860237733,-0.0015402176367522327,-0.00026953978345725725,0.0020192158694248828,0.004790193777309726,0.0017048005581252472,0.00044203337639930386,-0.0005406326355332133,0.00015213959519225898,-0.007701333997526584,0.00209526104156389,0.000307573218755698,-0.0014311097837635556,0.027291283861861502,-0.010287510026834725,-0.17319364123050762,9.4463625,3.9116309,1
3.9792,34.0,5.976645435244161,1.0169851380042465,1075.0,2.282377919320594,38.54,-121.51,1.648,38.54,-121.51,-0.006760389714279277,0.014834648110158732,0.00029544757736601644,-0.0018763770525691,0.009111419212729347,-0.0644584235791951,-0.005868528874273406,-0.0014601380347623524,-0.0003501956865787885,0.000981450543437234,0.008505036779522976,-0.01913636170293587,-0.0003024879250225797,0.00027557290290883046,-0.0004334598901900757,0.0029296324533099076,-0.006741699941454558,0.0014606317627192144,-0.000546222668487601,0.0005840740641401001,0.002456812784636671,0.0008092491714888155,0.0015987891934450655,0.0006939025921656834,0.0012137909968901474,-0.10239006232991556,0.006581317340422793,-0.12658701960401722,1.2590249,8.58586,0
3.5227,8.0,6.779245283018868,1.2433962264150944,1710.0,3.2264150943396226,38.48,-121.46,0.931,38.48,-121.46,0.030876352002424175,-0.0013820173303966897,0.0009975511782290831,-0.0020704761198725424,-0.008360821462670866,-0.0212286751901554,0.0013749843189855883,0.009542021890544214,0.0024091257346961106,-0.001851070967599978,0.02554837505106591,0.018836887256063552,0.0006448577682454344,0.0009521475395320656,0.002303704562787207,-0.012550883517381145,-0.0245313941951824,-0.003429770133751512,0.0007143241971466017,-0.002295618647631255,-0.0038263821847693714,-0.002194543432432915,0.0006907068580214032,0.0022540917082500174,0.00024454206652731284,0.04696392700893822,-0.005602957703535162,-0.12452016869740029,10.960725,3.9223762,1
4.5562,17.0,6.237218813905931,0.983640081799591,1490.0,3.047034764826176,38.69,-121.25,1.345,38.69,-121.25,-0.02421249735458065,0.021539034336956964,-0.001483795803392226,-0.002787272994457816,-0.004406814963616959,-0.024606654880966118,-0.0026822002833295335,0.007092844041934391,0.0001585001779384695,-0.001713531320009073,0.031540566287240175,0.029781062868130766,0.002270275142151683,-0.0010647786993738771,-0.0005621045939344046,0.0004685793430181917,-0.006432789848922336,0.0002607206153370527,-0.001196186596583427,0.001983578358022733,-0.0009162822891003153,0.0007843385733229923,-0.00032138793252127175,0.0014133158943310034,0.000446504353948582,0.029184899687292876,-0.007624098386316537,-0.11010211196566742,11.73807,3.2731068,1
5.0544,29.0,5.875555555555556,1.031111111111111,1372.0,3.048888888888889,38.24,-122.67,2.618,38.24,-122.67,0.003907684322892891,0.020063277013324544,0.0008285582987073907,-0.0008595602533039772,-0.017068416661827856,-0.0032897130377082012,0.025779205629959147,0.00021278142965500582,-0.0003632257719018401,0.0013281124782546978,-0.00827580123751515,-0.013760404674122954,0.00210242879573244,0.0020923328812029835,-0.0003525738225293672,-0.0006310440050659421,0.008162986580258439,0.012515963503329543,-0.00014909761550077003,0.0021760475795167327,-2.5772899863834512e-05,0.013708160584447116,-0.0011837427377907718,0.00038875698125536253,0.0026145928231748063,0.0077239277567065145,0.025769130795731697,-0.00020873653440996471,11.4671755,5.4694066,1
4.8182,19.0,16.78846153846154,2.9423076923076925,251.0,2.4134615384615383,39.23,-120.08,1.469,39.23,-120.08,-0.003438160922003431,0.03230723673728819,0.0004496773318631997,-0.0024042867301945236,-0.0015571559529229712,-0.044226569169625446,0.008241022381172084,-0.004816624740312419,0.0030639312503869523,-0.002399515202502884,0.021202301861926315,0.019880204452388143,-0.0015458997334700912,-0.036010988005783603,0.007502932731746173,-0.013456103138985086,0.009374403607115951,0.002634153057996001,-0.00532387217972734,-0.0017588626670823947,-0.0004800500673783413,0.003180892245189303,-0.006030493564255585,-0.008869580695647132,0.006918824842034917,-0.09310727571922407,0.007157300466297691,-0.08690325047886076,0.90290755,9.401117,0
2.5428,31.0,5.693208430913349,1.199063231850117,1026.0,2.4028103044496487,39.76,-121.61,0.85,39.76,-121.61,-0.012947851095948919,-0.02488732588282011,-0.0021923272359558386,-0.0014039732508340157,-0.021823203453911744,0.01611604861040322,0.0062177281942149346,6.4876540901559335e-06,0.0004189598412944045,0.000277303062982603,-0.0017610134038438532,-0.02269015619373215,0.00028301815711592726,-0.0010625506814220486,-0.0006002552408218142,-0.002433328914463309,-0.0018125209879721973,0.0017981792973307189,7.734461290059234e-05,-0.0014436392213715897,-0.008911128019945242,-0.0018119692913834888,0.0012665806901520865,-0.00012957674783862472,0.001099635408845,-0.0860509640323731,0.006532804172043983,-0.10215021834390803,3.7464392,10.506478,0
2.6923,41.0,5.116071428571429,1.1071428571428572,844.0,2.511904761904762,40.88,-123.98,0.842,40.88,-123.98,-0.04066023975016698,-0.03024830480328771,-0.0015763750754488792,-0.0016534752026492773,-0.02222275798403506,0.0114341890034903,-0.013884228041237042,-0.0005298125991742157,0.0005249097515509123,8.267231657779132e-05,-0.008432439348174604,-0.02078048155620778,-0.0033638586237787994,-0.0013928687656691785,-0.0014990271727586251,-0.003405803297119264,0.0048755151650411235,-0.0025918684562943875,0.0004279575526726109,-0.0012601030427012436,-0.004498508475386934,-0.01050464813924373,0.0019627345479900343,-0.00047079876757998734,-0.00017608245185773215,-0.058511070343436895,0.004953024611252599,-0.28503831703484617,3.6747043,2.924393,1
3.2833,38.0,5.560165975103734,1.2365145228215768,766.0,3.178423236514522,37.95,-122.34,1.117,37.95,-122.34,-0.022663754422355735,0.003592926022800063,0.0001155544703019549,-0.0003736718436371762,-0.004874795059626263,-0.015506008370058486,0.0169204233504829,-0.0004977831156858583,0.0030548150801875526,0.0007256686492237243,-0.016147656299176742,-0.015496337847896764,0.003287640354623462,-0.0006281012286557159,0.0014402177827546638,-0.007042024829637037,-0.0009305947094293495,0.004349230862490481,0.00035572354287406987,-0.0015891540922503492,0.013724941486458338,-0.023936331084573922,-0.0031283717054304515,-0.00023547583124965794,-0.0034033180874324964,0.07069539289571818,-0.020026502287754246,-0.18847636384385552,8.527622,4.1722016,1
2.5625,52.0,6.268817204301075,1.2258064516129032,310.0,3.333333333333333,37.96,-121.27,0.542,37.96,-121.27,-0.01633213577220827,-0.018503917855058716,-6.97174428674346e-05,0.0009927244332429632,0.03627861173867313,-0.006337170012366334,0.00347591690053679,-0.003626109285170623,-0.03515980017007536,-0.0011306828626235325,-0.007342927442664514,-0.01649093162214575,-0.006118534753560111,-0.0011902231734178907,-0.0031990319634653155,-0.002219998634324698,-0.008487832608602787,-0.00039373303741019387,-0.005780000560219229,-0.0016038794982323886,-0.001916602294196162,-0.001175327094793179,0.0031734967772259546,-0.006803204331031436,0.0019920382315223107,0.048541518188734686,-0.00684787768366533,-0.13402591883551304,8.156353,6.855953,1
2.5865,14.0,6.693363844393593,1.4302059496567503,1226.0,2.805491990846682,38.6,-120.76,1.338,38.6,-120.76,0.039837178220081905,-0.022335907160663727,0.00035730846936616304,-0.0005843952864019304,-0.0010411612556627523,-0.006934975618430738,0.004822031674300688,0.003109185916459205,0.002555612057407898,-0.0005708433172694582,0.006488198601197343,0.023129655429820848,0.0021838380147900308,-0.0346438723600526,0.0024760290118560147,0.00308955084603042,-0.024917908134905766,-0.009728009849458456,0.0005502301516046947,-0.0006825070440356259,0.006110447494827237,0.006090908491280237,0.000544724090735915,0.0017974891432982047,-0.0005013050292570309,0.0047717335831906176,0.0023568776239268805,-0.12151160769290792,10.525169,6.626973,1
2.1726,23.0,4.287179487179487,0.9871794871794872,1060.0,2.717948717948718,41.02,-124.16,0.755,41.02,-124.16,0.0028245722469888595,-0.0020310141348390924,0.001508004196113209,-0.0028868218342406023,-0.011559445746509503,0.007646484226535301,-0.010424075951563711,0.0006927887954081493,-0.00044172786260243826,0.0005361943395367577,0.003876970884214593,0.016854375280715404,-0.00041773540006774263,0.001932036091882816,-0.00010726699444705863,0.004373433969033404,0.0051410983132737995,0.006662048488663096,-0.0003253702125350236,0.0014866883148542751,0.0030501826938255294,0.01110984649493664,0.0015674103122769523,0.00026528268930627085,-0.0016844848129503568,0.007921763616289683,-0.010431039482861091,-0.27515541873590943,6.8701463,2.506944,1
2.4342,22.0,5.086666666666667,0.9966666666666668,790.0,2.6333333333333333,38.01,-121.24,1.25,38.01,-121.24,0.006061389400963226,-0.01997357258133903,0.0008958134393190971,-0.0003603831597718776,-0.021733220898508356,-0.0004949185982425995,0.003505848592107461,0.0005624857761603182,-0.0002197512939270691,-0.00035092080385768995,0.005175266097495264,0.002873056316648703,0.0032246633721592474,0.0005869126738686957,-0.0011773006494555024,0.0011959269473461836,0.0024297949732215124,-0.003228507336857226,-0.0004377721025258268,0.0013647589558864364,0.0026488021874682983,0.0008058913081286721,0.0011677301537749778,0.0004514740821498194,0.0010760091783666751,0.0013498234643661974,0.0008170134150768183,-0.14649377953461373,10.280299,5.9701676,1
5.0,32.0,5.80078125,0.984375,1117.0,2.181640625,38.46,-122.69,2.759,38.46,-122.69,0.020026676176618827,0.021055951699408566,-0.0005110116356441002,-0.0013224165621439025,0.008494304899056082,-0.008317253578049268,0.028319756314605263,-0.00010731166143008306,-0.0003501956865787884,0.0013260771100608863,0.03170927871657372,-0.015099471768330807,0.0010109961985389055,0.0021696742455026294,-0.00040144305483238296,-0.00011011274559790519,0.0022813387387799525,0.009844478163526058,-0.0003105063519616854,-0.0014561189840548272,-0.00012261545398590184,0.012098564131626757,0.00253000643840983,-3.539094433917916e-05,-0.002060194296386468,-0.11206272920924987,-0.022747149087923337,-0.07714269228615163,1.424217,9.196642,0
2.225,21.0,4.68561872909699,1.1070234113712374,651.0,2.177257525083612,40.17,-122.23,0.647,40.17,-122.23,0.01538643156172059,-0.013053108741771924,-0.0014433104083742623,-0.002740326562773712,-0.024562369777079464,0.014750503163564022,0.009668825442588192,0.001013698979779066,0.00019049164594899906,-9.723861539087805e-05,-0.014368277083376613,0.02043449787976783,0.000898249778658018,-0.001106857205888598,-0.002912472238536458,-0.008836868382094631,0.005649347738313166,-0.00011004515748183598,-2.1310476025842636e-05,0.0009550300666321899,0.010629083164773892,-0.01892378523617301,0.0011075898941328684,0.0010100895311125143,0.0017881785832372515,-0.10915454364296787,-0.013315967162047977,-0.1288960274463312,2.9063194,12.16519,0
1.9441,18.0,4.157051282051282,1.080128205128205,610.0,1.955128205128205,38.51,-122.45,1.844,38.51,-122.45,0.04155857089255623,-0.018930558839047353,-0.004409922175249696,-0.002704862387590538,-0.05186407299841184,-0.0008688091802913492,-0.0037119995760551846,-0.0008947739009383397,0.00021017296942004977,-0.00026546277294133794,-0.027847017788335232,0.022640488286194162,-0.003414001377919277,-0.0009324731500342353,-0.002337029601453513,-0.005198420819088852,0.011645842234099153,0.022793643307041728,-3.432803647801161e-05,0.00026207220078984023,-0.0014948359146286145,-0.014973143424737293,0.001886718028660531,-0.0025398185712448033,0.003167285283739162,-0.08930558184874303,-0.007736469058607399,-0.10900256552500874,2.6892748,12.327997,0
4.4437,16.0,5.9326599326599325,0.9865319865319864,810.0,2.727272727272727,38.37,-122.85,3.05,38.37,-122.85,-0.02138460384403381,0.02173065723878817,-0.00018570298227808297,-0.0029216363739338887,0.019255521604121667,-0.011721994403200962,0.037570187826236924,0.003548402412904223,0.0001567695579857933,-0.0012097168713949787,0.017753939470515637,0.025151379997909347,-0.006361111315968439,0.0008942702214009817,0.0020334284208203134,-0.0009717749265479534,0.004779818910160476,0.01044943874314247,-0.0006987254308140939,0.0020331382185218463,0.0011880250187688178,0.01518489370056519,0.0023296243614932275,-5.9890584739251374e-06,-0.001519799356350882,0.014572714389653588,-0.00786223696484032,-0.02710931945534816,11.557264,5.3858695,1
2.3711,20.0,5.397014925373134,0.9970149253731344,763.0,2.2776119402985078,39.74,-121.64,1.218,39.74,-121.64,0.012956373195147962,-0.025746181368407093,0.0007938145242206262,0.0004848622618931188,-0.04546538869509595,0.024114692000200257,0.017535361707522925,0.0005693568379571279,-0.0003872931598151464,2.0302712450714902e-05,0.00031008893025400184,0.027138103060187074,0.002648579204157763,0.0005951720570134369,-0.0019819925937251503,-0.0066395775685514635,0.003981156974533471,0.0010738906089606476,-0.00030991604339464,0.0015633965247576179,0.007730233211640112,-0.0006564960733576795,0.0017257268924029394,-0.0003340291985853422,0.0010027144673302362,-0.06522803849936645,0.005317395071070361,-0.08917961985555949,2.6651654,12.0821705,0
2.5707,38.0,5.511494252873563,1.0459770114942528,745.0,2.1408045977011496,38.35,-122.0,1.26,38.35,-122.0,-0.04251103887296566,-0.02529098200049572,-0.0020323317532438233,-0.001683462583095682,-0.03231656632605184,0.0249499156268112,0.019061116847809593,-0.0007829267218385955,0.00017900743993969607,0.0008115218307504359,0.018896900302967885,-0.024862031981534267,-0.00146841814854402,-0.0005900011527239066,-0.0011551650311324552,-0.0073132363306472326,0.0014096321864829062,0.0005566608778881385,-0.00017098974387857476,-0.002547646944115787,0.002608794009692793,-0.0010330665508298663,0.0017624892464741578,-0.000465178847238687,0.001085683948729132,-0.09731560599627981,-0.02056900832673904,-0.13440288415972487,3.8358123,10.160587,0
2.5536,31.0,4.071917808219178,1.0102739726027397,891.0,3.0513698630136985,37.97,-121.26,0.505,37.97,-121.26,-0.008928458684526693,0.038219597286024316,0.0009965792598756117,-0.0009794464893978097,0.02046010895226496,-0.004361494780723738,0.004896858612927136,0.0017247978877171011,-0.0003768927148468402,0.00042229034522922473,-0.00640769589611419,-0.010930218879871329,-0.0002827350038206843,0.0004909774218592287,-0.0013767943866798333,0.0026453971693303044,0.0015586800833521772,-8.024461688376357e-05,-0.00042472698060272624,0.0015398024106205472,0.0018712367179330365,0.0013679329358655765,0.0010547287435207742,0.000552953057457935,0.0010174468833271226,0.023413064636664094,-0.007715862744713432,-0.14111206558429068,8.376835,5.8219824,1
3.9727,17.0,5.745231030097499,1.0487494701144553,6544.0,2.774056803730394,38.61,-121.29,1.327,38.61,-121.29,0.0020080389667094115,0.0111966084855333,-0.00251492744290958,0.00244836633945175,-0.02534026101244952,-0.02980703532591583,-0.007605249760784421,0.003932405515768095,-0.0006616497407828628,-0.026582852958751124,0.0168018846701296,0.023886307208669966,0.0023229268941730697,-0.0011432843161022202,-0.003971363061999671,-0.0017124533235157208,0.0006820459874844823,0.004132965236133888,0.0002644150574717428,0.0009062816554337789,0.0025337878946543853,0.0017001552070382928,-0.002287653215601763,0.01332185792940569,-0.005081018438458999,0.02317119050434872,-5.693624782918637e-05,-0.11925406304578076,11.3745,3.9690802,1
1.8967,15.0,5.40877598152425,1.235565819861432,1064.0,2.4572748267898383,39.5,-123.34,0.966,39.5,-123.34,0.05080851795916014,-0.01508396095629552,0.0012898228522351639,-0.002457623684634741,-0.025336361124138444,0.010087049375439278,-0.013687854706387696,-0.0028002826127299534,0.00221180224128374,-0.0007629867702139661,0.000412971980932584,0.03076730853528473,-0.0015098432272848982,-0.001838937036779234,-0.0006476565297960426,-0.0035799643630855882,0.005511937144077937,0.0019388848609526515,0.00033580460315590205,-0.0008277905073978834,-0.005392130075860797,-0.014536191762558246,0.001955912515589603,-0.00016045879984231747,-0.002301646271514009,-0.08578560503996092,0.01441456156286038,-0.2753277905437616,3.2498522,3.2819722,1
1.1157,18.0,2.5637450199203187,0.9641434262948207,805.0,1.6035856573705178,40.86,-124.08,1.5,40.86,-124.08,0.045442588750676756,0.13887812662541596,0.00789033096151945,0.0011059981662028917,-0.06695340105761748,0.017172008629460025,0.0015583049735065583,0.0034739924460785907,-0.0017720906141828142,0.000967337626440866,-0.028770112100629037,0.02430582463248251,0.0019832689263727535,-0.0095709114233582,-0.0002733194956578762,-0.028539396690137206,0.02038989318618784,-0.01748732625430668,-0.00044203038178222275,-0.008365949354452618,0.006338386699505526,-0.008301979667255203,0.004037558594785127,-0.0002450079817768173,-0.00011198633879772475,-0.13380799216111655,0.04678370711813299,-0.30320042359105265,3.2892544,3.518997,1
1.7451,23.0,3.6473477406679766,1.0589390962671903,2194.0,2.1552062868369357,38.6,-121.42,0.896,38.6,-121.42,0.01657641622226736,0.06439099208830837,0.001486778744939058,-0.0019691422036434295,-0.012999888886357865,0.007646069196264936,0.0033374243472146475,0.0003306435787145128,0.0004329802903599323,5.402822592489166e-05,-0.012247666751649568,0.008333915914474375,0.0029647892631548783,0.0002572873478879425,0.0018626412202472876,0.014484569243428428,-0.0010142032223807015,0.0032016692762628913,-0.00016185298156400622,0.0002889867959498163,0.002521897401255386,9.004317811757283e-05,-0.0003211005690048441,0.00025010980851540083,1.4557633384667515e-05,-0.08910545428542022,0.015657322219391923,-0.14706362958483382,3.2150276,11.593773,0
3.3281,40.0,5.847908745247148,0.9695817490494296,669.0,2.543726235741445,38.26,-122.13,1.702,38.26,-122.13,-0.031467839262958326,0.004267353607324065,0.001139707850720452,-0.0012526022292235492,-0.05232777758803875,-0.00631594291935253,0.01928356818536049,-0.0007285258945292813,-0.0003568102005306193,0.0005488435052204199,-0.013913397304857546,-0.021569399800992036,-4.5490493037607214e-05,0.0018115344500808895,0.0003689596918561005,-0.0004043319851932399,0.0011677837714261124,0.0033101508942897924,0.00017476873778815002,0.0016647075829786407,-0.0006603718189532198,0.006938402726854935,0.0013908980148422683,-0.0007593093356492176,0.0026983641784679067,-0.034992570703122325,-0.009381866021598429,-0.174018871620049,3.333296,9.081845,0
4.4394,34.0,5.020527859237537,0.9296187683284456,956.0,2.803519061583578,38.0,-122.3,1.62,38.0,-122.3,-0.0018204519914778168,0.007698967680547944,0.0014780720836132736,-0.002255234339446968,-0.021579791278723188,-0.029651128735033727,-0.01657235481258931,-0.0004331025030147958,-0.001169935823832826,0.001926169734697817,-0.010156233757933224,-0.012963922233755082,0.0018457919789448304,0.0009141212292209611,5.5083188216672744e-05,0.0016154510164687768,0.0005190355962660254,0.0019299300001107346,-0.0018135393282889794,0.0011756963885885632,-0.013010919781415171,0.02295887179981587,0.002103269140958964,-0.0007334262684111821,-0.004791017564886172,0.014542858590941815,0.0008316518076219589,-0.15523918686435867,9.2657795,3.6544652,1
3.6995,13.0,4.94212962962963,0.9930555555555556,779.0,1.8032407407407407,38.69,-121.3,1.349,38.69,-121.3,-0.0033900552869617546,0.01598631847101987,-0.004887871590567137,-0.0009635447545402376,0.08006769078592799,-0.05398228222311635,0.003907157130027913,-0.004263927595939927,8.20078970303929e-05,-0.002093069149375047,-0.1301455823256289,0.03174744797433305,0.0027713506875175374,0.0004422116380249027,-0.0009487058281482547,-0.00677756069042663,0.0027663875417695675,-0.0011933059628349073,-0.0005547937174155843,-0.02221912174077885,0.008955792993545103,0.001758517661273551,0.0014214967293085254,0.00036956920127139727,0.0010849918146896777,-0.1089268174309375,0.020756976297397343,-0.14441040531304647,-0.11377299,9.571404,0
2.1759,35.0,5.852320675105485,1.1476793248945147,610.0,2.573839662447257,39.93,-122.18,0.595,39.93,-122.18,-0.026040977825078204,-0.037120201573885625,-0.0016387706799792495,-0.0027981263289792433,-0.027451442751291383,0.02221797808299684,0.023905341828307197,-0.0014369805147051392,0.00041895984129440485,0.00032929525230278545,-0.0007912400981483552,-0.008527955974476281,0.001540937657668961,-0.0010848936389470138,0.000745961546093629,-0.003997007404533482,-0.0005628859014703817,0.0034251807407463084,-8.621670598366106e-05,-0.0012426527699634208,0.0112649188354109,-0.022967991420862914,0.0010527686324398172,-2.1172595972984986e-05,0.0027025672241391433,-0.010809349071189831,0.0024391057010879455,-0.12628915459613296,9.34665,5.804531,1
3.6429,33.0,6.253731343283582,1.1492537313432836,190.0,2.8358208955223883,39.65,-122.14,0.875,39.65,-122.14,-0.016365529156287834,0.004804436067479589,-0.0004953679742602374,-0.0019575772529843005,-0.02491931353837468,-0.018318578950957166,0.014114398235091988,-0.0005998584055490183,-4.3109919550687626e-05,0.0014099674786314396,-0.010615326615933942,-0.0194157919219221,0.0015475655814289626,-0.0015873588958829365,-0.0029032840238159066,-0.00022337165271508658,-0.010835428116796391,-0.0013281010926346837,-0.005612455539554524,-0.001669217783649677,0.008288817812345828,-0.02286525949943794,0.0030781005505634965,-0.017061359627365887,0.000795038457862921,0.017576209425969044,0.002888970378883413,-0.12228714108722141,9.77597,4.4023886,1
2.5729,16.0,5.241258741258742,1.1398601398601398,733.0,2.562937062937063,38.04,-120.35,1.188,38.04,-120.35,0.04592146060017636,-0.01927461517892203,-0.0005571965310030262,-0.00026559213633191206,-0.022292773737034425,0.006489513700945172,0.0068739477256319,-0.002711612610653405,-0.000563814471942131,0.00042575447659842607,-0.00038476512548635467,0.02163750258882809,-0.0015156544083525624,-0.0008615971072620366,-0.002326136143536293,-0.003938433645528766,0.0025211165534903706,-0.003999027934089194,-0.00034969549510111377,-0.0008810220479775085,-0.0005352370555450705,0.008023355329425006,0.0015172137173667351,-0.0004628827975905473,7.996816295358347e-05,-0.014203732029437977,0.005416211227890782,-0.15740556632480068,10.5773325,6.2886896,1
3.675,22.0,5.098712446351931,1.044349070100143,1539.0,2.2017167381974247,38.0,-121.35,1.524,38.0,-121.35,-0.0128445263681037,0.011025634267927594,-0.0029244586042828768,-0.001031065097581499,0.028434472364243426,-0.0408668689096451,0.0017763076325807278,0.0011987918252261375,0.0004378428512921286,5.034106769617688e-05,-0.019105471287391207,0.009467257521786815,0.0029433851339478365,-0.0007257884789489931,-0.00026887293986929336,-0.00010896962090474547,0.0036485239842081667,-0.0008307368001763597,0.00012281605897893565,0.0008313921291141619,0.002571686263610827,0.0013907525523291979,-0.00018901866213939924,0.0005676724402850913,0.00047130275353154645,-0.0766037939198246,0.011307721585170339,-0.14244791680745408,0.6449455,9.136733,0
3.6335,8.0,5.059440559440559,1.0524475524475525,1566.0,2.737762237762238,38.26,-122.02,1.316,38.26,-122.02,0.02823303311103416,0.019404612370271367,-0.0008330897320835014,-0.0006989078748632713,-0.028045679570686478,-0.0054885137015067515,0.01671505142624132,-0.006596502234914481,-0.0006792921768326865,-0.00556187090041313,0.01746470717177089,0.02137854998626451,0.0002893689575921809,-0.0011609487021996244,-0.0005827527154274122,0.003362892033977708,0.005704804192821414,-0.002089080236123317,0.00018865810454754819,0.0006449492528859813,0.002575475622814196,-0.0006114767301548484,-0.0003746799201680028,0.000500303387278983,0.0003761740758215586,0.02763537450330922,0.004399502054204917,-0.1123283292158681,11.137608,4.7185397,1
3.0469,20.0,5.656,1.008,337.0,2.696,39.74,-122.16,0.85,39.74,-122.16,0.006243679744794963,-0.016186482503952618,0.0005860194827923001,-0.00037235407311071917,-0.011372254592747055,-0.00381522617256127,0.020541403571411637,0.0002468478386045334,-0.0003083494179858126,-0.000277016284220686,0.008327639125004312,0.019770952394940394,0.0007948155901944488,0.0011104678779782205,-0.002054807613219943,0.0006309198816668284,0.00017639075285961082,0.003850111748475856,0.0026865175758144554,0.001388787756730204,0.003229106802414035,0.005236623875940912,-0.0007285377238374759,-0.004914572282989443,0.0019277936013650711,-0.007020403428710333,0.0024138381705058783,-0.14726038426523158,10.256257,5.996576,1
4.7566,18.0,5.958695652173913,0.9760869565217392,1507.0,3.276086956521739,37.99,-121.83,1.425,37.99,-121.83,-0.0018552334403436027,0.0184029485110747,-0.0012771608632406724,-0.0012530754123038568,-0.016734012755477055,-0.03771234284429274,-0.03199942692173049,0.0014750103577760468,-0.00022721575554331445,-0.0006897122404187649,0.020351276672119077,0.015379422633766415,0.0007157937551230254,0.0004012386092001617,-0.0005856123494052263,0.0001506783474679898,-0.005571867277267854,0.0025657450586679476,-0.0005936640844255056,0.001964364277293715,-0.0008681643776240269,-0.0006205893674134853,0.0012629627655263334,0.0005149315833442239,0.0006255495997047182,0.050751591323602595,-0.002095515571555414,-0.11953577741291262,11.083285,3.3023617,1
3.0313,45.0,4.249329758713137,0.8820375335120644,981.0,2.6300268096514747,37.95,-122.33,1.358,37.95,-122.33,-0.035549844290859056,0.03477609523131129,0.001245455093817535,-0.0012960944918854217,-0.01770942485537191,0.0003152623588553665,0.018353184067659404,0.0008896037548745774,0.003305711756851433,0.0007532871956142487,-0.006731072554579617,-0.01686736026426286,0.0031415657865556564,0.002083628364887034,5.997407850929189e-05,0.0007716045825516243,0.006608478866134012,0.0003809662554640067,-0.0017757624669624192,0.0023704257408356626,-0.013003719067954052,0.023676067126422968,0.0018552244903121196,-0.0005513256147101171,-0.004776273693685756,0.018526458384278466,-0.007116932767128759,-0.20923357205958454,8.183503,3.780587,1
5.0509,19.0,6.362021857923497,1.0095628415300546,1914.0,2.614754098360656,37.99,-122.08,1.999,37.99,-122.08,-0.002617193341101391,0.019941242585190613,0.0010405753784418592,0.0024528430761992692,0.029703560442592817,-0.030255172636454955,-0.029611215105354256,-0.000731466299814174,-0.00016679083262885401,0.0013771254272467595,0.014831208507132923,0.01702083701217304,0.0006583460436965807,-0.0012186733720350677,-0.002047294916278742,7.797532175730614e-05,-0.009236253700909601,-0.00013933783958142333,-0.0010354063017401513,0.0012532203913946077,0.0008886234426972409,0.0025549062270371283,-0.000318996738699656,0.001339341508475414,0.0005663600186276084,0.011678163495789444,-0.0016491240628543028,-0.17804358966904918,9.119332,3.3838148,1
4.0619,17.0,5.979605263157895,1.0144736842105264,4758.0,3.1302631578947366,38.27,-122.01,1.266,38.27,-122.01,-0.006301809420937391,0.011411911929331683,-0.00025166495589952335,0.0015814760012503083,-0.019207107257641444,-0.02850393756417382,-0.022704147040252486,0.0021134302842089362,0.00016072568863718616,0.0009677864896425775,0.02783752427269488,0.02563741920827759,0.0010388987398270906,0.0002580705891803084,-0.00023146480200503293,-0.0006529407733840575,-0.005409641794473007,0.0023729813282035057,-0.0001421115297827824,0.0008953845926364116,0.0019534308548132847,-0.00031424069981522327,-0.0030261623089667114,0.006333464021342963,-0.0052775949158693726,0.044984137512052734,-0.007420912952625455,-0.10688307600938467,11.265146,3.2898982,1
2.8208,10.0,7.060755336617405,1.38752052545156,1480.0,2.4302134646962235,38.21,-120.36,1.399,38.21,-120.36,0.05550004554016455,-0.03183578184201872,0.0007060205834408451,-0.00026712978246152576,-0.02616690739635795,0.02002274487315308,0.007977805695153757,0.009864272584048607,0.002503537257105264,-0.0025226975834772617,8.261116758907802e-06,0.028852775920368987,0.0024977226161463895,-0.017010103572226865,0.0029237149600861646,-9.191355269222841e-05,-0.016496963872837566,0.003893234698790607,0.0005502301516046947,-0.0008756248057200593,-0.0032041742961589226,0.009382371911270858,0.00015365440426812053,0.0018051989526018768,-0.000822751296652857,-0.056185690377487024,0.009517602825420225,-0.1370703563900514,2.8404667,12.706566,0
2.9583,52.0,5.2727272727272725,1.1263858093126389,940.0,2.084257206208426,38.02,-122.13,1.66,38.02,-122.13,-0.03032997032709801,-0.016623605545667806,-0.001391630138094523,-0.001667949877555192,0.01214382266714707,0.01921740432718546,0.019978414728128883,0.004522546607631548,0.002459631194132655,0.0012355221777085004,0.011956550382744952,-0.022610179944546737,-0.004552514838295543,-0.0016755728921625827,-0.000211966947949127,-0.004456790336449351,0.005132198367748058,-0.0006017839061127734,0.0003515813294809596,0.002036118990306884,0.015795761406180994,-0.021311203298534743,0.001798178651119385,0.0002449769239591208,0.0008602124757651156,-0.09121592814263468,-0.009673169420114999,-0.16100298914824956,3.7839231,10.29943,0
1.6571,34.0,4.454976303317536,1.0876777251184837,1358.0,3.2180094786729856,37.94,-122.35,1.052,37.94,-122.35,-0.019297601643865944,-0.03438852659024967,-0.00298034034426901,-0.001842695093129558,0.046643094789809374,-0.012575164081559209,0.017762035636431365,-0.0005506446567743391,0.00018493237770378297,0.0008597687395132257,-0.008739296605762526,-0.010313835567508863,0.0014584486411033442,-0.0015506504546811755,-0.0003945841002294687,0.0034930647756054602,0.0060254920385136084,0.0008346031290995615,0.00043914680470920765,-0.0010376664644357956,-0.0011743933828840278,-0.0025681428810538694,-0.0021827509022274857,0.0006405963334368508,-1.1846905923531783e-05,0.04485784108444621,-0.020006864008489073,-0.2000716100652142,8.123216,6.4425926,1
3.6133,7.0,5.056213017751479,1.0946745562130178,1583.0,2.341715976331361,37.95,-121.96,1.961,37.95,-121.96,0.03952940731185714,0.018202316135036454,-0.00011351718342227042,9.683504388552648e-05,0.004625309652480115,-0.04459035022338579,0.014503317130393602,-0.005582947653461838,-0.0008182547019035774,-0.004561740761026681,-0.013769205961667468,0.031127031358434178,0.002025365936349256,-0.0011707253335717274,-0.0005319821378013908,-0.0037667739711233525,0.006977324187313804,-0.0024380420607288808,0.00021215365964845378,-0.0014860836382711187,-0.0011664785285897554,0.0004514326129355498,-1.8282179978397615e-05,0.0005090541791657943,0.0003854003526869562,-0.08091301912017569,-0.003057003928838689,-0.11210060833333768,0.5041928,9.406663,0
3.7352,32.0,6.475357710651828,1.1414944356120826,2053.0,3.263910969793322,38.68,-122.87,2.28,38.68,-122.87,-0.003223759412961346,0.01584134049716163,-0.00137296830329804,-0.0014742078482319824,-0.02005258480681466,-0.021339526490652475,0.07368936967157932,-0.0006015646362846784,8.618997694641198e-05,-7.08736537233744e-05,-0.011582611285893999,-0.006945229816848312,0.0021435062029849647,0.0008438491470915341,-0.00023572372129334977,-0.0038895205862874713,-0.0015866358972384355,0.004969451025805235,0.0009592754239441451,-0.0022660671029978863,-0.0022893003197010263,-0.01649079032913536,0.0022696502446987424,0.001285545234152145,0.004019190138608284,0.08302379250910759,0.001655315197352361,-0.07409102996797323,9.998908,4.9964643,1
2.6288,37.0,5.230061349693251,0.9969325153374232,827.0,2.53680981595092,38.52,-121.45,0.712,38.52,-121.45,-0.02289376472290869,-0.022114834694556048,0.0007822948780677201,-0.0015557493564791925,-0.017909363878167234,0.010444035460600964,0.0051683377350812704,-0.0005252754480189719,-0.0003768927148468402,0.0006280299991187028,-0.003995235320833074,-0.021869515223557515,2.5173314826658312e-05,0.0005869126738686957,-0.0012342492002966718,-0.0032975855351128724,0.004297561555175045,-0.0009252254660290229,-0.0004175691739441769,0.0014799031590310462,0.002508779005246403,0.0005243318563951613,0.001514542525659116,0.000495632687981084,0.0011041115127467104,-0.03702451904768764,0.007125483151680256,-0.1392413025918592,4.5083447,10.507515,0
3.3462,52.0,6.465116279069767,1.2151162790697674,544.0,3.1627906976744184,40.81,-124.23,0.508,40.81,-124.23,-0.021755604853087487,-0.0026513703271431386,-0.001267552513774563,0.0009046564212595765,-0.003068340590026234,-0.03943227073966828,0.06549077525068572,-0.005730917763073066,-0.03589984400882498,0.00048619570889799914,-0.009478017732084216,-0.02102329321970682,0.0008953428385182426,-0.0005943331490835576,0.002934108780771242,-0.005811846051996922,-0.03021983549261139,-0.022562436841827405,-0.0029187368606731876,-0.0020319235761305605,-0.004030715457117825,-0.012340732001289979,-0.0034129850720382216,-0.0049568030121584904,0.0010146121010336682,0.015571052784477318,-0.01770049574856287,-0.2976357606219143,7.181345,3.0087566,1
3.5625,41.0,5.16,0.96,356.0,2.373333333333333,38.62,-121.38,1.153,38.62,-121.38,-0.025186367494302836,0.010276371484931842,0.0008163373099039686,0.0016168390650749351,0.007987697771992819,-0.03814075599121743,0.004153823744087169,-0.0009265350689509152,-0.0013796792015732871,-0.0017028407444454705,0.0020326793509803896,-0.025118854567030235,-0.0005632291093762631,-0.0014317138517853751,-0.0004911869292759583,0.0016804198802262845,0.0035982071808328743,-0.0010833087845613589,0.002583913856355782,0.002472330593378933,0.001706274308212585,0.0004904493733191989,-0.0032429220866630215,-0.004596628682242484,0.001974386742527142,-0.10127331722131401,0.007099065201530111,-0.13334251488594118,1.5923764,8.587519,0
3.609,50.0,4.787878787878788,0.977961432506887,837.0,2.3057851239669422,38.01,-122.12,1.357,38.01,-122.12,-0.010658701495028679,0.010792374333016969,0.0006273032164318762,-0.0018175706638349002,0.004481374176913459,-0.03666791160401316,0.01346476217519032,0.0021681002540914636,-0.00016036229816038873,0.0008389723447837656,0.004573525611336554,-0.024175154607559812,-0.005223457270962334,0.0017187613387952684,-0.001159376058050456,-0.003952809377843876,0.005618258510530167,0.00017146107719677152,-0.00044222414419571013,0.0024967204094648748,-0.0017566158035330856,0.007945703454670825,0.0017120304583771978,0.00029199083033191477,0.0007239366171678096,-0.10169633060487014,-0.006538217151645514,-0.17042366954270907,1.6838123,8.54246,0
2.6161,30.0,6.833333333333333,1.597938144329897,1387.0,2.3831615120274914,38.49,-123.04,1.325,38.49,-123.04,-0.01618008591384327,-0.02907931784630656,0.00033730042569412493,-0.0017855129663903932,-0.03355969263428692,0.003121468902766506,-0.014076843834112824,-0.004009646874993098,0.0028915096807574517,0.0004970801546916073,0.005335533148766248,-0.01054003759707489,0.0004534712520669115,-0.015263060352149065,0.0019365194057327242,0.00025237286576916117,-0.050107475083624176,-0.0015991776375526951,0.0009349893807647331,-0.0017207001481139423,-0.004802949052263261,-0.03838259898600711,-0.00038889245639612576,0.002600843934169916,0.0026087632143846503,-0.08655150452520927,0.0019948401770087418,-0.14799932310108108,3.6497493,10.245414,0
2.2813,15.0,4.998011928429423,0.9582504970178928,1166.0,2.3180914512922466,38.72,-121.3,1.319,38.72,-121.3,0.055941750451949115,-0.02156536784851214,0.0011099227320861417,-0.0024484194479678437,-0.029003543687841346,0.024100315675167697,0.00011319245300248577,-0.002685118829471571,0.00012163507919250676,-0.0009867633907405943,-0.009011523845278225,0.0320789758991564,0.0024042784417679605,4.254733122205015e-05,-6.06313195366727e-05,-0.003525664343839269,0.0027501365706756897,0.00020153956296845498,-0.00038016001866239557,0.0014859214536067419,0.0047123728043438765,0.0008077268768170087,0.0013261682626944243,0.0006529719337522019,0.0006359530117836588,-0.056006873194940646,0.00842971487302298,-0.12316354128681423,2.9185405,12.580534,0
1.9954,30.0,4.751141552511416,1.0410958904109588,1005.0,2.294520547945205,38.24,-122.04,0.929,38.24,-122.04,-0.01890253650669347,-0.024943993719553713,-0.000944814266786081,-0.003636208621986062,-0.045521111404436335,0.03798471807266552,0.025438456845482803,0.0011456537674010992,0.00024514289368825296,0.0006687873334213254,0.004148586021253112,-0.01736174453077022,-0.0008726219174649645,-0.0007207334736178102,-0.00025546486141068064,-0.003601809404637094,0.00421282343348294,-0.0018059370927067666,0.0002169238635664595,-0.0008367738529758087,0.0026052150700944954,-0.0005625026694946742,0.001265831246859971,0.00035906761711315465,0.0009591507562787938,-0.0682194636431969,-0.006352606916847913,-0.12092007147211803,4.011697,10.483275,0
4.0337,23.0,6.094420600858369,1.053648068669528,1586.0,3.40343347639485,38.16,-122.26,1.304,38.16,-122.26,-0.0021371483976604304,0.010720067301525494,-0.0022040125811567507,-0.0007879069925378152,-0.015962772955868943,-0.03002930068332078,-0.010610132550297859,0.00035037289378607526,0.00014752004479351837,0.00037555994102086564,0.016102645958579517,0.0008035654338549227,-0.0001686270511875425,-0.0002515664971370862,-8.33448074087108e-06,-0.0011500180033671425,-0.006553830176276031,0.0020879871383215815,0.0008127960728011997,0.00042624151904941494,0.0005260961736828198,-0.0016055647078287666,0.00020484211396972575,0.0012669823693737096,0.002370872501093572,0.08227772298326437,0.01433218700217091,-0.16209463960541312,9.100845,4.3823423,1
3.0444,36.0,4.559748427672956,1.0817610062893082,1087.0,2.278825995807128,38.46,-122.71,1.672,38.46,-122.71,-0.028188521703996397,0.016311848837585297,-0.0018429600434338167,-0.0016773060116205335,-0.05545180663595306,-0.011347992121767164,0.02080987748764288,2.09605597090119e-05,0.00027663009557043984,0.0009482463275174128,0.003072281703019431,-0.015137567747035926,2.9291444344850602e-05,-0.0014192869034532507,-0.0004375205551121683,-0.005202642768477327,0.009923801887465205,0.009173061389346145,0.00043825047434232296,-0.0014099445897711152,0.0005848841767110815,-0.013088704031320442,0.0021425514825097283,7.433280442121804e-06,-0.002328565462608847,-0.09416417740192175,0.0032458361966920413,-0.1304129502492806,3.2317586,9.539596,0
4.8359,25.0,6.602316602316602,1.111969111969112,799.0,3.0849420849420848,38.0,-121.83,1.453,38.0,-121.83,0.015440559493726483,0.019460106455568137,-0.0013221044454958652,-0.0007891430555429716,-0.018504706203466073,-0.04529017565070299,-0.03185753551242641,-0.004579321699731212,0.00014258140904238945,0.0008622543182692411,-0.01123734767389824,-0.015136195114693263,0.000255402772591573,0.0015342743010879998,0.0037283291438308507,-0.001091043696623762,-0.018663805491381923,-0.0087850623273668,0.000896839676708541,-0.0014289855653155073,-0.00247488797258416,-0.0034932481681983025,0.0011704009650054898,0.0017251121425644544,0.0013632691273429095,0.030052817545087977,-0.012907919381840226,-0.10216131944626496,10.382692,3.452152,1
1.9423,21.0,4.900452488687783,1.004524886877828,2611.0,3.93815987933635,38.51,-121.42,0.878,38.51,-121.42,0.009537314945296346,-0.024483265438197954,0.0014110794796591403,-0.0033392090883642405,0.0330714069551578,0.004614215709085389,0.0027855576712396443,0.0009427615538818405,-0.0002983037650023287,-0.0005137457530500443,0.014179772176135596,0.0027733914902347725,0.0019083433064281713,0.0006199323650607982,0.00036038937389359775,0.008641277159268898,0.0033693869808566483,-0.00036750975033295833,0.002204858523213571,-0.0007560378439052213,0.0012176890689875315,0.0008915123329795704,0.005371564767979434,-0.004791747166196768,-0.002374786383516608,0.06125910511140461,-0.012267446042816429,-0.13312637703482616,8.441329,7.229305,1
2.6364,47.0,5.121457489878543,1.02834008097166,587.0,2.376518218623482,38.01,-121.82,0.935,38.01,-121.82,-0.0401245214696853,-0.022694696272572947,0.0007058140697607561,-0.0005350898649269986,-0.031229316129295626,0.027069082890634345,0.027176127804019366,7.021677808381472e-05,-0.0008327704316948158,0.00043854071440171233,-8.39417758477526e-05,-0.025182069971222725,-0.0007459557682447859,-3.3229595833002637e-06,-0.0031445565639780355,-0.0021313074161009144,0.006032386505923551,-0.0019918802921774902,0.0004929267124582311,0.0011243685855664553,0.0026025942993700823,-0.0013268528980959005,0.0012975972850816143,-0.0033491658738172263,0.002719654656663981,-0.06629318700679113,-0.0068541336109812214,-0.11116074033946134,4.073879,10.472866,0
2.3319,13.0,5.456121343445287,1.1202600216684724,2243.0,2.43011917659805,38.7,-120.79,1.385,38.7,-120.79,0.04803362935946754,-0.02203126420239019,-0.0006695867443730792,0.00016793782199051542,-0.015140486934986857,0.022045200893431455,0.0032105011617461683,-0.0028185236685023735,-0.0006937148152926112,0.00020841029449885729,-0.00030790055623754377,0.03262126204062618,0.004142633970218935,-0.0011635093491108898,-0.00011147282315850983,-0.0025971382087872186,0.0018070882468695353,-0.001047204151278942,-0.00019200193300300045,-0.0006140015160731727,-0.0025421935656104507,0.004074868155924526,-0.0006935154199608994,-0.0013068622049928016,-5.07268676979794e-07,-0.05665451575082208,0.009611719821382205,-0.13188988313092645,2.8699744,12.661955,0
2.6055,42.0,5.054744525547445,0.9963503649635036,740.0,2.7007299270072997,38.63,-121.42,0.78,38.63,-121.42,-0.036882704962482575,-0.02015172178082176,0.0009006440078661447,-0.001214895281634223,0.0010225819081624338,0.005608652535664233,0.003953676930058426,-0.0004915974077692441,-0.0003760927776851614,0.00043943297372022816,-0.007437823175371988,-0.01919021715234093,0.0003151676626172886,0.0001297774736553011,-0.0030827792722818493,0.002909249972828019,0.0049238792724519125,-0.0009329170952463428,3.86115631470614e-05,0.0013611540606517818,0.002508779005246403,0.0005248863509364779,0.0011736884508141466,-0.00011625852663830187,0.001163416994369207,0.004899250651764812,0.0018700883231212047,-0.14206220945382161,8.939872,6.0184717,1
2.0224,41.0,4.963470319634703,1.2420091324200913,462.0,2.1095890410958904,38.62,-121.42,0.649,38.62,-121.42,-0.05405476532544723,-0.02012269539226136,-0.0025529758824133645,-0.0022517928133568834,-0.0402967435159359,0.019991726956673395,0.005023454111969019,-0.0001114663108670519,0.003166267758303027,0.0006050586400263648,0.012623181326960579,-0.02507491367516665,-0.0012797906662037537,-0.00015698935918653632,-0.002054958059615028,-0.010400401623249676,0.0034776413177352587,-0.0006437724695514198,-0.0018224914584344257,-0.006882873129644992,-0.00399715407413421,-0.002617472302765124,-0.001730105807446392,-0.003294590971906955,0.002786399337482831,-0.09773050464780443,0.013448277106793721,-0.14837121349516783,3.8011005,9.922854,0
4.0365,18.0,5.9742489270386265,1.0014306151645207,2164.0,3.09585121602289,38.21,-121.15,1.742,38.21,-121.15,0.005295213473990094,0.011234149763090954,0.00045691843107639816,-0.000982925935491539,-0.01436289575788613,-0.03506437928591618,-0.007796732170925682,0.0016662975891048243,-0.00020458746550697333,0.00017438422538440437,0.01457365320514223,0.015676604442241966,0.0025269097376179866,0.0002836158321051697,-0.0004035656399918005,-0.0015548288961844412,-0.0033803251387092862,0.004253101807152341,-0.00023247905179157004,0.0014883542766315474,0.0018997676511059427,0.0015952842035932783,-0.002133459819764505,-0.0011745207634989614,-0.0003904140558618394,0.03300722997900284,-0.008459687163594649,-0.12465374896279205,11.043454,3.5965033,1
2.5,29.0,6.333333333333333,1.1056910569105691,364.0,2.959349593495935,41.12,-120.96,0.592,41.12,-120.96,-0.00808212273951128,-0.02067029509943502,-0.0012252397173429651,0.0006786114234233393,0.021723828007091394,-0.004121940433888294,-0.00029835439298213666,-0.0006422170058635671,0.00021531053794612585,-0.00229502399681801,-0.005678337958933822,-0.01354641650821085,-0.00016289317083618743,-0.001160433633564872,-0.0031112708230401393,0.00204647182211824,-0.007803126532586785,0.0019296396289782422,-0.005748041681325522,-0.0009961625872917418,-0.01001349806892004,0.003246903583950537,0.0002133850333400087,-0.008373237344087165,0.0013879843339055767,0.016646388494839716,0.0003268193665468168,-0.10387898009780369,9.332462,6.840946,1
4.0,47.0,6.18724279835391,1.0781893004115226,1152.0,2.3703703703703702,38.11,-122.23,1.415,38.11,-122.23,-0.0021334830213285976,0.014655465982336479,-0.0016616829492292979,-0.0019794716391112756,0.0038012365072340967,-0.07439625424197477,-0.012490321052703611,-0.0007848233469919928,-0.00017813031263361792,0.0007663965504168325,-0.004908995406214961,-0.03156306349142553,0.001135302514244985,0.0012249080362073666,0.00030075746981716284,0.003679364467667878,-0.008500154179574145,0.003790742569314616,0.0011098018095443756,-0.0013734034179507266,-0.0008999139438710301,-0.0024787639445538303,0.0016262014905191384,0.0007696218850866396,0.0027367736062976523,-0.10812816114983832,-0.0089145304528861,-0.16200950325874175,1.2579918,8.391513,0
1.4958,31.0,4.5,0.9505208333333334,1167.0,3.0390625,39.09,-121.55,0.534,39.09,-121.55,-0.008599906907158738,-0.03394808997965606,0.001980697746456185,-0.0006529797412841938,0.02039248309601942,0.020306361777259613,0.0008239564197991908,0.0007574784073839082,-0.001415084102775471,0.0006467794806713687,-0.005363135876166281,-0.010645210443383065,0.001184031996110267,-0.0003655435340594943,9.661268938655437e-05,0.0030309565693680918,0.0027024872199709576,-0.0003616166999999399,-0.00034363884755601794,0.0010216136148237043,0.003841669865524127,0.0012619078503597783,0.0010250845517309555,0.0006513983861888015,0.0006555922476271042,0.03301262960468952,-0.006361282048067259,-0.10876259839407089,8.965386,6.996015,1
2.625,8.0,23.88888888888889,5.944444444444445,36.0,2.0,38.95,-119.95,1.875,38.95,-119.95,0.06722110462577084,-0.03785876204371704,-0.0005044119349829697,0.057938144808745894,-0.03032609195934413,-0.0010005695888048293,-0.011098547536002085,-0.08408417282125984,0.0026759828630161923,0.14473474280593632,-0.046920649674082514,0.025369620476888722,-0.0001457989450968383,-0.025783386273063147,-0.023601596303869408,-0.02057957573429884,0.022246026513433406,0.005783250997571799,0.019933099957805255,0.0007613290313821907,0.00376746960604161,-0.0006446044659142677,-0.026437793113247454,0.12291417418354295,-0.04402690360552612,-0.058426393449190664,0.01649387066455771,-0.13957371124261264,3.2741354,12.716931,0
1.5923,52.0,5.537423312883435,1.2085889570552146,1926.0,2.36319018404908,41.2,-122.27,0.56,41.2,-122.27,-0.04619902708010315,-0.018863421567990264,0.0008780666340021714,-0.0023233735909759198,-0.04455164775698178,0.027921630383115,0.010967458140491423,0.004101525336630293,0.0001640199858643839,0.00012115422075023656,0.0006358963664335807,-0.019195084506927487,-0.0034198726271084945,-0.001463987456006313,-0.0007138592013894579,-0.001192631791215047,-0.00061359447113708,0.0032411598293126966,0.0003689979273354021,-0.0028440770906106613,0.011681575558002859,-0.023231140859113337,0.0003003199302588319,-0.002265701773693607,0.0014075160965924746,-0.09274452775137873,-0.011833775915992469,-0.11962687210324577,3.9415023,10.222236,0
4.65,43.0,7.126279863481229,1.293515358361775,721.0,2.460750853242321,38.56,-122.59,2.45,38.56,-122.59,0.03567999481701842,0.020869479447861713,-0.00018863862561227377,-0.00214602687624451,-0.016314466932218906,-0.02077080741038548,0.0466872055795764,0.003268026144424663,0.002907050657719178,0.001259245444696334,-0.02418172574687916,-0.022499084389068454,0.009906683590679078,-0.00011949438034472657,0.006298179169061672,0.0016702602557780671,-0.05871085791788863,-0.01074013468733424,-0.0005303150689210205,-0.0018536838196351617,-0.002552371681353453,-0.02156860357931343,0.002367053876157389,-0.0020896338398430896,0.0006273503537409505,-0.10316731507709802,0.012284476206825566,-0.09065201391375381,1.2969276,8.923904,0
1.6647,35.0,4.290106951871658,1.0327540106951871,3814.0,2.549465240641711,38.59,-121.52,0.691,38.59,-121.52,-0.025283542035189614,-0.026026693753838297,0.0007467894428649608,0.0004917251512533421,-0.016007728191945163,0.010067857394594343,0.004252110288768745,-0.0006328457423794326,-0.0003447341435368207,5.354415744284212e-05,-0.0025972862350868314,-0.014660436621020982,0.0006396718388416005,0.000953624316430072,0.00031178612884432024,-0.0018627623363419166,0.0033897774200312134,-0.000478576219428956,-0.0006768110498189476,-0.0009887999624657627,0.004116500387134814,0.0011133533940718403,0.00028449548557142634,0.0008804162541167927,-0.0013302469111483091,-0.03637804910676812,0.005948107396378331,-0.1344310959413198,4.62729,10.474572,0
3.1908,16.0,4.386792452830188,0.981132075471698,1386.0,2.179245283018868,38.54,-121.72,1.943,38.54,-121.72,0.019776731323288214,0.025011157746061562,0.0004184972775400734,-0.0006612138752197499,0.035671468996319414,-0.03349173022366606,0.019245535857950937,-0.0030055736171681825,0.00022502539636411748,-0.0009155156003835764,-0.049111814073576454,0.03178466275815935,0.0027678290489105265,0.0007318125940755759,-2.1632501644207116e-05,-0.009053608801839698,0.005130915336168353,-0.002186290491518149,-0.0002191581855437194,0.0008884723741766172,0.0018621304841972045,9.971131743270316e-05,0.00035329236771379415,0.0003704839742340434,0.0006088265106322482,-0.11124065484215252,-0.007672356723340227,-0.11976656686481554,0.17282209,9.418416,0
3.1284,8.0,4.3759873617693525,1.014218009478673,1611.0,2.5450236966824646,38.11,-121.26,1.151,38.11,-121.26,0.04987401691884184,0.02974296662407325,-3.8290600270855294e-05,-0.0011187833791834933,-0.043312989141101245,-0.008202137600878906,-0.001338972274951845,-0.004872656285562971,0.0004143933400589899,-0.0038203305893512477,0.009652042025792406,0.02659481136079645,0.002301653369835598,0.0007208463059203951,6.200221166940316e-05,0.0006732657614193177,0.002417275326677551,-0.004494765482560224,-0.00016420876631959415,-8.237063882262049e-05,0.002643636497679674,0.000910705099282406,1.4090355038922844e-05,0.0006538696208484584,0.0005393505490898639,-0.020397223330216784,0.005485806463209678,-0.14336740422898606,11.069581,5.02648,1
2.4423,21.0,5.779527559055119,1.2703412073490814,1000.0,2.6246719160104988,39.07,-122.91,1.023,39.07,-122.91,0.006006055647876753,-0.027787121828633892,-0.00013855672882136412,-0.00044507165421146127,-0.022787281591216537,0.013626376058319435,-0.01191787861553623,-8.93585492597392e-05,0.0031212827609809844,-9.771288505576564e-05,0.0049888521390895725,4.935402611185702e-05,-0.0028741461019221666,-0.016663444835611118,-0.0004921192161754551,-0.004748797744143283,0.000338204426851653,0.0027944451805159186,0.0002674927378437314,-0.0010067378919776711,-0.0018702095486185979,-0.03462820406654481,0.001802926761230251,0.00018303920649340242,-0.0019499798802348704,0.020517763482577157,-0.010779945762996023,-0.23627808524109672,6.5227404,2.4774573,1
2.5685,20.0,4.795073891625616,1.0,1725.0,1.6995073891625616,38.41,-122.4,2.676,38.41,-122.4,0.03273628398292138,-0.00791693789148774,0.0026457213118713722,-0.0021638498927689393,-0.051943088915520574,0.004488511561073059,0.01525771682507913,0.00044898679620851526,-0.00031240542527542005,-0.00016613434696178013,-0.0351247057554827,0.022650984541388412,-0.0033618130367981973,0.0014399625075591752,6.300750011441081e-05,-0.012584132108712225,0.014512787613888118,0.015236533326940105,-0.0004398813959069299,-0.020538989694496128,0.006779866906563624,0.0047448364327525375,0.0001629743041441539,0.0002591298954827124,0.0028626673071024157,-0.0951306480518343,-0.007151145397005355,-0.055209128537566904,2.344485,11.96485,0
1.375,26.0,3.675810473815461,1.0399002493765586,1065.0,2.655860349127182,39.13,-123.2,0.844,39.13,-123.2,-0.004854970491148769,0.047631908582271475,-0.0013663172287208933,-0.0005401193172121227,-0.014480790664605007,0.02590066032606151,-0.023720186718138934,0.0018415382957042749,0.00028523787859476593,0.0004855081324305037,-0.004471816759511305,-0.014645121191862525,-0.0023030776291899785,0.006760483381696661,0.0002633436141346591,-0.0016578049855834032,0.01676839655068161,-0.026995604575704095,4.4653086600149124e-05,-0.0011385805767769876,0.0015194357306943325,0.0048521422745895675,0.001726779854225554,4.709036676579681e-05,-0.0023552491627338505,0.028849755586750615,-0.008870570702492846,-0.22447363224535416,7.9021945,3.4743035,1
3.1768,31.0,5.010869565217392,1.0942028985507246,1441.0,2.6105072463768115,38.11,-122.21,1.31,38.11,-122.21,-0.008567843174535123,0.01034647767419591,-0.0021508103542900005,-0.0015361788008146425,-0.05964782242053908,0.007976923672060656,0.023554941503803297,0.0012707402009544525,0.0002496003373017971,0.0006826944455444924,-0.0070029671505326225,-0.011431972051599886,0.001267332979153261,-0.0014838803364754572,-0.00022113046223959693,0.0023164071283852646,0.004786617377246759,-0.00011812984167163275,0.0004481935850523016,-0.0009516132195660238,-0.0015983535350153116,-0.002648248865883715,-0.00014722239965364614,0.00046226458288797486,0.00022203094618790172,0.010556392284461995,0.001007306085975019,-0.16340263450679995,9.425494,4.0382953,1
1.8972,17.0,4.382830626450116,1.0893271461716938,2393.0,2.776102088167053,38.66,-121.38,1.005,38.66,-121.38,0.0385657478204155,-0.019213844499721352,-0.0015656111561717166,-0.004171321390448621,0.003892321833331207,0.003403511209223255,0.004069642726865067,-0.0027731889805215786,-0.000748150876450974,8.809018093341151e-05,0.005344226208649573,0.022055473452459232,0.0009720657559636616,-0.001048309479662031,-6.530697807110138e-05,0.003602937708914204,0.003125885770146153,-0.0007719243011954982,-0.00018777019335304747,0.00018230923999961252,-0.0012587617563408146,0.0023112818445767966,-0.0011446540181058796,0.0009174763266760627,-0.0013431790125537385,0.011968957249621553,0.0007623147594071548,-0.13876018120721514,10.545007,6.452735,1
3.0962,35.0,5.200980392156863,0.9803921568627452,1189.0,2.9142156862745097,38.11,-122.21,1.246,38.11,-122.21,-0.017908462721984007,-0.0026577980716245356,0.001365578129164185,-0.0014552950442374528,-0.008903138615770243,0.0004623053847346658,0.01935237132001157,-0.0006304595853167395,-0.00037689271484684007,0.000895427925628806,-0.01128378227594786,-0.011837322321449302,0.001307954434767168,0.001935505916734164,0.00012374672645868546,-0.0006115280632145213,0.005483621294599144,0.0015452254723612253,-0.0003271806452039422,0.001223215614352088,-0.0007407706563809489,0.007565683046542681,0.0007355355725473282,0.00046981727128032414,0.00019437515774139646,0.029884671958125334,-0.0027817813133641117,-0.16684983188251598,8.686733,5.1749377,1
4.665,11.0,15.272727272727272,2.43030303030303,397.0,2.4060606060606062,39.35,-120.27,1.456,39.35,-120.27,-0.0393461933557451,0.03404350255495334,-5.2621237802981066e-05,-0.00384780973914172,-0.003381636326411573,-0.03349375305512717,0.008241022381172082,0.020673251785097123,0.0024928500032502295,0.0006575702057164225,0.003298671041317126,0.03287057358721776,-0.0016255812145313136,-0.035907616345918145,0.003853940634677383,-0.01428340829356516,0.00761213341363609,0.001257517148150255,-0.0045650638822281675,-0.0015476628076441267,-0.0004800500673783413,0.003180892245189303,-0.0030292931678178774,-0.005925960614443362,0.0036085137413098232,-0.09133681082079131,0.007374593544731914,-0.08885594938790137,1.0080041,9.601801,0
4.175,47.0,5.344594594594595,1.0382882882882882,990.0,2.22972972972973,37.98,-121.3,0.983,37.98,-121.3,0.010570474067731534,0.01926687894254393,0.0003428285770656163,-0.0019062310094131256,0.017815924892933058,-0.06339919101048416,-0.006546197221399364,0.0005969620607212359,-0.0008614633666985288,0.0008571161320706101,0.0050417172588569795,-0.03374028562347987,-0.002142333375183175,0.0009705250267689578,4.675994849247882e-06,0.0004804005700983798,0.0014843265063718657,-0.00017833906766930437,-0.00034724781962818256,-7.738277238479818e-05,0.0025575649518942787,0.0016635946913931637,0.0016112178115070268,0.0005076799908101171,0.0010817274642694005,-0.09662489571507818,0.007656618543280513,-0.13458203038031405,1.3437049,8.457476,0
1.65,47.0,4.90187891440501,1.058455114822547,1455.0,3.037578288100209,37.97,-121.28,0.66,37.97,-121.28,-0.03824341613882542,-0.030929174338124116,-0.002169673244763021,-0.0013913084265936165,0.02287145983969299,0.01200567277260272,0.0030567567275238735,8.92035635169988e-05,-0.0002628599467625278,0.0006986603476424424,-0.0056776130064156,-0.018574011440391953,-0.0008345228260004072,-0.0009395835807074629,-0.0002377558939780724,0.002476346476512327,0.0027021483149798566,-0.0034826202024255087,0.00011539770204352037,-0.0014011912264615956,0.002923016190179945,0.0016088859307099531,-0.0004530898689230947,0.0005929761110879245,0.0004888126635172663,0.03142538072005774,-0.006679726789068105,-0.14140444888725673,8.570741,6.5362964,1
2.5062,50.0,5.945945945945946,1.0135135135135136,1148.0,7.756756756756757,38.66,-121.4,1.125,38.66,-121.4,-0.021115033748182147,-0.016581206539842096,0.0009001043168358899,-0.00021364828789322148,0.057156144388299586,-0.0005885894089427864,0.002252487510504166,0.00045980715900990936,0.0003016503412539044,0.00023490577042729232,-0.0040741133799986114,-0.012036403585205796,-0.00427336081824218,0.0002521291201810725,-0.00044264708523871583,0.009374028190796593,-0.00323356288911404,0.000534308528009578,-0.00011978862142018682,0.003433486405686016,0.0011810198679118341,0.0014234646638996192,-0.0031695600228577236,0.003385970253794281,0.0019182959908797539,0.07342775140229711,-0.010235251161430495,-0.13487220215110232,8.006127,7.04143,1
4.5321,14.0,5.643300798580301,1.0967169476486247,2876.0,2.551907719609583,38.07,-122.16,1.903,38.07,-122.16,-0.034886723365802744,0.018901071842611,-0.0005605433685237635,0.002734788743995216,0.015359046611935562,-0.028739513749563832,-0.026659513467329022,0.00022004213469856932,-0.00046333979674887993,0.002001184267165424,0.004049688398532459,0.03125483675884515,0.0010803383366387426,-0.0013391873628405113,-0.0021423568977892355,-0.0013553569005648038,-0.0014925638704121774,0.0033842381624640604,0.00022313054594050728,-0.0017533972702481093,-0.001381861210852742,-0.002562849150416715,-0.0010281851424471164,0.0014659403987651953,-0.0019479446836495535,-0.021635141059944393,-0.002964812112451115,-0.17276246096821765,9.334403,3.3094828,1
2.0089,44.0,4.461240310077519,1.0193798449612403,518.0,2.007751937984496,38.56,-121.48,1.136,38.56,-121.48,-0.06899576616282332,-0.030107787314399795,0.005339617497474546,-0.0027691734191194386,-0.11659159463377788,0.018109565022261742,0.0033226164120719534,-0.0003415052424185374,-0.00033870122088653,0.0006280821705842369,0.028335824399174606,-0.02498921661996036,-0.001214048871691827,-0.0001759425479952149,-0.0030031923917251254,-0.011160344140845838,0.0034755921312791256,-0.0011014369232962785,0.0021873230838612124,0.0012430854190997802,0.0024123144402039016,0.0010143676571220954,0.0017745344901394535,-0.003342199146012726,0.002703320202981957,-0.09102916359968717,0.013096598949124757,-0.1482893040167714,3.8567243,9.646917,0
2.2656,23.0,6.690789473684211,1.4342105263157894,387.0,2.546052631578948,39.9,-120.74,0.882,39.9,-120.74,0.0009418080702217278,-0.030780658341769122,0.0010485361119374728,0.030166249575283875,-0.01751801094900638,0.000915479234628944,0.0014110508324850376,-0.0033079747089744013,0.0036294310676257503,-0.0005090153770317487,0.005952700750161494,0.0224714637275661,0.003077658143988138,-0.03781339122687338,-0.0013341269145602346,-0.001577775015848078,-0.02380477323500931,-0.010305460409121097,-0.005428725799839478,-0.0009641912668044634,-0.0001996493714997289,0.005926770506955383,-0.0009919667056337935,-0.005244848157998833,0.0019336030968222905,-0.04471385161131191,0.008328744682606502,-0.10017455001833217,10.087804,6.7543945,1
4.4769,16.0,5.8655462184873945,1.0028011204481793,1092.0,3.0588235294117645,38.87,-121.27,1.914,38.87,-121.27,-0.024146576486433965,0.019815910765001544,0.0008631553645164405,-0.002914490249332869,-0.009897302373439784,-0.013234491997625792,0.0013568112653311514,0.002476089125689983,0.00015676955798579346,-0.0017033006588096054,0.03151396582386893,0.029732109897210833,0.0019881979245900618,0.001571485202844996,0.000896805899993149,-0.0005100694488210559,0.0008728636504751468,0.004339906030358622,-0.0003786315468061731,0.0020788732175126205,0.005418150375864979,0.0019706795424244633,0.0014387480339687797,0.000527888940307748,0.0009931492109978538,0.028901236199217552,-0.007876600417248568,-0.09072181171284918,11.815571,3.4212072,1
2.4722,23.0,5.430703624733476,1.0746268656716418,1235.0,2.633262260127932,38.61,-121.28,1.033,38.61,-121.28,-0.0008211479407692149,-0.018990680913607363,-0.0020641609330028263,-0.001246981476679394,-0.023281870967474784,0.0025688653429162926,0.0036534212075651547,0.0008257862447653249,0.0003963799596915794,0.00028135482574824955,0.006484463171786448,0.002865941405409639,0.0032246633721592474,-0.0007806422864159496,-0.0002871507147513304,0.0010755448903458434,0.0017899118868137133,-0.0024046307502835185,0.00012350966825276988,-2.5596964140024176e-06,0.0025555817958614188,0.0016651297628166853,0.00044352185389700887,0.000559788700135052,0.0005773250431350297,0.002751176194080781,0.0005053112763004324,-0.1360562898278487,10.064037,6.0386786,1
2.1284,27.0,4.420673076923077,1.0625,2010.0,4.831730769230769,37.96,-121.34,0.594,37.96,-121.34,-0.006881580186441635,-0.07066721944458731,-0.0014886051695568083,-0.004029950783045082,0.034979397645579495,0.0006244759081956865,0.0018894906915551725,0.0009984993732214443,0.00015672993704515613,-0.0008361106513055491,0.0024067549357218174,-0.011261254198978466,0.0008253266223598071,-0.0005409200709141596,1.2011559267412564e-06,0.005886655213574014,0.002933547021742051,-0.0010867208182668215,0.0005258574747651334,0.0009093128245640408,0.0032743181939985213,0.00188367834213965,-3.7615741024715424e-05,0.004519384459032692,0.0003708420019561604,0.07279240471228135,-0.013293290031150788,-0.14117835993070849,8.223432,7.2481384,1
4.2885,31.0,5.506238859180035,1.0427807486631016,1366.0,2.4349376114082,38.53,-121.52,1.603,38.53,-121.52,0.010639833439280794,0.019749854627687104,-0.0023963636472645274,-0.002379306292511159,-0.007639752230826297,-0.023188572525926987,-0.003312215737271907,0.0006034825066753295,0.00015956178324542364,0.001343297468916524,-0.0008350554886939663,-0.01800150258731122,-3.813656837443313e-05,-0.0009658906305726322,-0.0006897206733338857,-1.2719921091835411e-05,-0.0033624348154013503,0.002011249459842735,0.00014574188779806316,6.823490031931187e-05,0.0024011631749078794,0.001443413552441413,-0.0002288531051678182,0.0006091249973591043,0.0005223063342389638,-0.1022737630583332,0.00369055745130125,-0.12389569943157167,1.3137664,8.705417,0
3.0905,12.0,5.122489959839357,1.0562248995983936,3628.0,2.428380187416332,39.78,-121.86,1.178,39.78,-121.86,0.041876639778959855,0.002643147183200897,-0.0002880688980337879,-0.002890870451373137,-0.02476109759975371,-0.03551027883513429,0.018246854795598403,-0.002586307241242376,-0.0009701274451263428,0.0008838861725316169,0.008299480334153338,0.034109404053887064,0.0022957814854568967,-0.0011530463020693283,-0.000100965584800742,0.0025852229598622785,0.005067506696881663,-0.0005559585320540569,-0.00020496119252367894,0.00017653613733631079,0.00305786134000716,-0.0002919768325913537,-0.000542696696578252,0.0012684079546584342,-0.0018099159625099264,-0.09968392556910631,-0.006306244146775178,-0.08017940429052627,0.74561113,9.707239,0
1.2575,26.0,3.8875,1.1392857142857142,1971.0,3.5196428571428573,38.52,-121.47,0.668,38.52,-121.47,-0.0020935266527258678,-0.01926750429730598,-0.0032470387972319986,-0.001612162896283264,0.04091571998578509,0.01091157805617858,0.000599546706468231,0.0019694090770018347,0.00033787776159602446,-0.0009277677727021986,0.002637852985050237,-0.011760276431217164,0.0007226803553908686,0.00015438905965923388,-1.643476604814082e-05,0.004048546865094412,0.002928351658811054,0.0017481005876444449,0.0004952956370704417,0.0013000150425814283,-0.002716061207695198,-0.0021241655532659516,0.00018232662796308687,0.0045195615737648786,0.0003462270122386765,0.07185942684792447,-0.008606710491901938,-0.13569437258607642,8.146117,7.084836,1
3.7344,44.0,5.583732057416268,0.9617224880382776,452.0,2.1626794258373208,38.54,-121.5,1.798,38.54,-121.5,0.009334045905154137,0.0183598707856344,0.0007932450790207772,-0.0006534745854897176,0.017051685361286227,-0.03196386715367941,0.007203092675276036,-0.00018622869948930112,-0.0008814817632913803,0.0008662258846357917,0.01777201768627028,-0.024985065434292773,-0.0010844786864175498,-0.00015350617381187454,0.0005908661669157672,0.017156717382718747,-0.006273692733033158,0.0010376562107099392,0.0017645074518675625,0.004962811554400719,0.0015816331283012791,0.0010292194428208478,-0.0012967453100354838,-0.0031042261691161836,0.0027862420440926666,-0.11197147919853723,0.013344445981099023,-0.13390825407979087,1.5145913,8.57273,0
4.025,27.0,5.242009132420091,0.9406392694063926,521.0,2.3789954337899544,40.6,-124.14,1.281,40.6,-124.14,0.0029440736129497575,0.01880544583804375,0.0009597066907099583,-3.6908905834637e-05,0.008004889100214616,-0.11995281142999735,0.039794583404337835,0.00042462351314176243,-0.001108570343484367,6.4192344743455e-05,0.009722753437058078,-0.02772056213167002,-0.006452045134472347,0.00016822597401218288,-0.0025068916703463572,0.00141662783527521,0.005219217479499165,0.004858633800813775,0.0005507005615308742,0.0024951618423132292,-0.010166778009847112,0.026654024784777647,0.002175148876599113,-0.0037570942683525146,0.0002525637423189119,-0.1366397712797281,0.011121639587653477,-0.31173972547758305,3.756083,3.7182355,1
1.7875,17.0,6.103174603174603,1.626984126984127,301.0,2.388888888888889,40.61,-123.41,0.55,40.61,-123.41,0.05504667955019607,-0.020851689252320265,0.0006741176877145921,0.010931740537268822,-0.032230214249641925,0.004931113672121763,-0.009288223178619418,0.001996748169893989,0.003338047860516706,0.0010303860411770688,-0.012407936278614244,0.023615728618457118,0.0012819273026357663,-0.00875850883574051,7.407706085294947e-05,-0.0024042261479440387,-0.002807109848389594,0.004015686941282768,-0.003295645676286526,-0.0014507512964259013,-0.002453432515279088,-0.04703551295810073,-0.002379155410436299,-0.00524198976660393,0.0026526378286788155,-0.0922867033635315,0.012859310494462494,-0.2976566829764441,3.235238,3.300005,1
3.0221,38.0,4.497584541062802,0.8743961352657005,566.0,2.7342995169082127,38.1,-122.22,0.933,38.1,-122.22,-0.02929770502527511,0.02081852122169453,0.0013033500887102314,0.00033462439275160565,-0.003111041388370656,0.011087108589537795,0.01423841285730201,-0.00056601926868272,-0.0011773122724905512,0.0006386384943955407,-0.007067090937682734,-0.01890637924706584,8.603270225731344e-05,0.000447529162360482,-0.0032350527545560903,0.00686576349432623,0.006474949665691535,0.0001588605419878989,0.00026753657642484895,0.0007672329094763292,-0.013003719067954052,0.02350402133932963,0.0010050451629577428,-0.00426146778134543,-0.0008987744062794945,0.008149978920177643,0.003794204076970078,-0.1590146734379377,8.609372,5.5746903,1
3.4531,44.0,5.778801843317972,1.1612903225806452,498.0,2.294930875576037,37.98,-122.03,1.489,37.98,-122.03,-0.02580272784993087,0.005243525558133848,-0.0015129111355914227,-0.0003948147623824012,0.0070179605012731456,-0.03283147913109245,0.020423650814727624,-0.0008726136523200449,0.00011948955588926043,0.000566219766252333,0.00321573414154939,-0.025066971584496958,-0.0011844728490465115,-0.0004218057827765975,0.0018023505844985271,0.002727713523067438,-0.002293430394074448,0.002357782415252295,-0.0017330904742255565,-0.0018589294193675414,-0.003948439216973842,-0.003673320771086648,0.0012318303034960193,-0.00310957543155911,0.0030043648914103776,-0.0994313261418844,-0.0047636250922300435,-0.12692937768320642,1.5305389,8.861479,0
1.85,27.0,4.039755351681957,1.033639143730887,779.0,2.382262996941896,39.4,-123.35,0.718,39.4,-123.35,-0.01335845255361184,-0.021571518237919113,0.0014269043541978563,-0.003423168935008714,-0.0531814850287295,0.01357711690231117,-0.014909328993478084,0.0009020774903147179,-0.00037689271484684007,-9.794186397414726e-05,0.00196348830330241,-0.030082145366313717,-0.005721265866169229,0.0003777017452713162,-0.001013098225776991,-0.005291132624959777,0.004482120717057027,0.004092811369359747,-4.954396694300538e-05,-0.001970793278445931,0.004308942848193061,-0.000981901015496627,0.001789137100692708,-0.0006253205191427559,-0.000853623830345194,-0.09968558779482481,0.010392173106924849,-0.27657182260169,3.5661905,3.0434506,1
4.5815,21.0,6.165909090909091,0.9818181818181818,1287.0,2.925,38.55,-121.37,1.255,38.55,-121.37,-0.004694843332018343,0.017978681892489766,-0.0011261344915632263,-0.0024614587019278836,-0.002045779404866245,-0.02647835968342723,-0.004316042822077639,-0.0004933970375986591,-0.00019639738197060942,-0.0007600287551958802,0.010282650752540944,0.0007812290377235207,0.001345735130337109,-0.0012057889680049904,-0.0007219792602121626,-1.233730904487279e-05,-0.005570306774386544,0.0008201555337277132,-0.0012283119377565867,0.0017668957756548564,-0.00024311673559645537,0.0004982274600713613,0.0002829698245520847,0.0006310090109689876,0.0007633909376035105,0.01917676376132516,-0.0019622156926342657,-0.1316134018861147,10.515535,3.6801047,1
1.5026,38.0,3.1928166351606806,0.994328922495274,1071.0,2.0245746691871456,38.43,-122.71,1.24,38.43,-122.71,-0.06463579427891193,0.08967676900210161,0.005205139442990484,-0.0018133774025555713,-0.09353352783003482,-0.0028733247248839636,-0.010842666636188065,-0.0013903204653023995,-0.0002927018810635722,0.001643491025546569,0.03036743724681,-0.019626663486357065,0.003988325629368321,-0.009123557571834444,0.002677881127514317,0.003149803520418888,0.003507530838496918,-0.04321934901983505,-0.00032645078504480644,-0.00025599329405306904,-0.0008003132033898113,0.003170529038458097,0.002939725922844175,0.001140694547401498,-0.002446751030214229,-0.11199429295838505,-0.012384963068844793,-0.1286902598728719,3.732322,9.385179,0
2.7463,18.0,5.122015915119364,1.0079575596816976,1271.0,3.3713527851458887,38.95,-121.08,1.561,38.95,-121.08,0.007828135686447954,-0.024377648009282812,0.0007432059197587413,-0.0011698510667018664,0.03467489966307694,0.007812061353083661,-0.00022431985544381193,-0.0006018814061864131,-0.00036309508091646983,8.044631324241887e-06,0.009512116072811432,0.017530092324261448,0.002343885297248227,0.0005997264420646766,0.0001903510924063847,0.0007597725915248332,0.0016917135319973776,-0.0023483966424552214,-0.0004028166582539618,0.001960093243957174,0.00476125726065518,0.00141594782839,-0.0005532099367697707,0.00033479859996832055,0.0002767799538620243,0.048557283468457044,-0.0037368169264909656,-0.11086960146778686,8.891684,7.3740892,1
4.5179,15.0,6.862884160756501,1.0401891252955082,1325.0,3.132387706855792,38.04,-121.33,1.456,38.04,-121.33,-0.037494100564155884,0.01894800993718213,-0.001461328913974715,-0.0029382451232479916,-0.019593682907952836,-0.007144774848735351,-0.004574849517711294,0.005090629164409451,-0.0004711797491959142,-0.001700775801349014,0.032244222573911775,0.02584700547248836,0.0004981386171359838,-0.0025684572206929085,0.0019515864006785077,0.000518343229039074,-0.025441685819738987,-0.0022977654829115044,-0.0011231531494297938,-0.00019644743788291673,0.0034343660616501194,0.001932685056143035,0.00031884862079649005,0.0021300043600995756,0.0004265729564142033,0.03700857632900478,-0.007835300051431536,-0.11757911322961379,11.770153,3.179448,1
1.3571,26.0,4.492647058823529,1.0343137254901962,939.0,2.301470588235294,40.39,-122.27,0.59,40.39,-122.27,-0.00996764112306554,-0.033585716093167566,0.001223472269549508,-0.0007746188019519885,-0.0496707341244167,0.02401796374769482,0.010206681812677554,0.0007758790241681801,-4.86009087198522e-06,9.934183496805941e-05,0.0033772948060702573,-0.01933056046602518,0.000345435545688687,0.0003669618014448015,0.00013517369111231464,-0.0020395917906473222,0.003501034041860349,-0.00024830694660967563,-4.0188398733829885e-05,-0.0015964655234310056,0.004160542504376805,-0.000485157804310253,0.0013093201782543762,-0.0001381417872458701,-0.00012669189690179804,-0.09003691714021714,-0.010930296464860132,-0.13408751165319313,3.8045332,10.421201,0
3.815,37.0,5.783549783549783,1.0865800865800863,680.0,2.9437229437229435,38.25,-122.05,0.99,38.25,-122.05,-0.01573619132665395,0.01206546653545635,-0.0017389458549990607,-0.0013828753174676058,-0.028482299171225692,-0.02870556820235752,-0.013512370899665664,-0.0005707297632851548,-6.361857527639245e-07,0.000870863727884818,-0.012730995534106762,-0.023085869832634952,-0.0005149340679589293,-0.0006940997539096023,0.0008393135805278596,-0.0006663925293917168,0.00013490241157015155,0.0026315507883644547,-0.00023739882914686124,-0.0010491141236157625,-0.00128582393595638,0.00042768468408150456,0.0011114818609294056,-0.0007636964354400942,0.003181641014378778,0.029744496631089908,0.00010784760886027116,-0.1267261561994121,9.668068,3.9435153,1
4.0625,48.0,5.375,0.9460227272727272,804.0,2.284090909090909,38.13,-121.28,1.432,38.13,-121.28,-0.002609424099239322,0.016612319434514997,0.0012720720141820448,-0.0019053219023267803,0.005284930232465099,-0.06742021890718672,-0.005044388646413634,0.0021275495441115547,0.0034421042895090887,0.000559530592264536,-0.0009187273496160694,-0.033770683139904834,-0.004333022953296554,0.0009323796832246734,-0.0012413718554025017,0.003297291614322195,0.0006680306804347033,-0.002749923075135169,-0.00039505330612379854,0.004292164413667626,0.0020172085661874996,0.0008552204764561801,0.0017848997857276277,0.0004270299695292143,0.001139170662697411,-0.10300310944539903,0.00784033780349429,-0.13476625441234785,1.3407832,8.52352,0
5.0155,19.0,5.468208092485549,1.0520231213872833,474.0,2.739884393063584,38.68,-121.47,0.973,38.68,-121.47,-0.004830114008545411,0.013024591923143794,-0.002255754996927869,-0.011246619919404207,-0.008903417445515503,-0.027848343538610425,-0.0013377121661695224,0.0011704188269132901,0.00042832722388257664,-0.00045558971250887564,0.014311068957827808,0.01671540716281098,0.0006048127267904439,-0.0002330958996744048,-0.004125240059000357,2.008966992434989e-05,-0.0016609337242826994,-0.00030153779017126896,-0.0021276890255723015,0.0003178470173015496,0.0029308350853264028,0.0016747306210598547,-0.0019580184424959784,-0.0032789534026928125,0.0020746521750225027,0.01635249248521848,-0.0006280626347273117,-0.12496588669433915,11.095537,3.854891,1
2.8417,45.0,5.078726968174204,1.0569514237855946,1341.0,2.2462311557788945,38.55,-121.51,1.379,38.55,-121.51,-0.037210146416736437,-0.01594172960470623,-0.0018280538616179188,-0.002102380934678985,-0.04322468283456991,0.023121561073660177,0.0013361320757228792,0.0006030107930269635,-0.00024126696239835872,0.0007240512590859684,0.005927905937180302,-0.025064655251699843,-0.0009098445398179174,-0.0008722033006635184,-0.00031118324875116044,-0.003553077446973143,0.003139254497052073,-5.983428622141686e-06,0.00014371259683441983,-0.0007730153218244726,0.00243575902265259,0.0014383338860717164,0.0008126468352028147,0.0005836732618111585,0.0005444853606899639,-0.05946706255573918,0.0063000501939614924,-0.133074068646794,4.1408954,10.110042,0
4.0446,36.0,5.726224783861672,1.1152737752161384,1065.0,3.069164265129683,38.43,-122.87,1.722,38.43,-122.87,-0.013033998645964702,0.013483666137082817,-0.0017018796822948184,-0.0016480164305997687,-0.018931103201320867,-0.03958870203583693,0.06578277144322839,-0.000705947666282946,-2.193948761860651e-05,0.000997035097080528,-0.014088118817817028,-0.010179321510662044,0.0012707493619354975,-0.0015017299169852699,-0.0005319061880006639,-0.0019846199730654142,0.006061791124360068,0.009301351868732795,0.00042963556499384223,-0.0018955694376441882,-0.002063565340385453,-0.016644116763325154,0.001871828048267194,0.0002075834139884993,-0.001953387110720448,0.016777132639940566,0.024223584146838024,-0.1026011297902983,10.056286,4.986639,1
3.0216,37.0,5.539094650205762,1.0041152263374489,1263.0,2.598765432098765,40.79,-124.15,0.864,40.79,-124.15,-0.026534675182088446,-0.019886866648868632,0.0013518738102376521,-0.0017070532365105833,-0.03707643896421949,-0.014085236540892804,0.017298091457758725,-0.0011079887697832938,-0.00014477925868041532,0.000437565435389981,-0.003342414724342405,-0.02099936997412082,-0.002832644803723347,0.0016468063320380175,-0.0005838457780049246,-0.0056874501601185505,0.00037820534137171253,0.0015824237463666184,-0.000322647312297546,0.001515343936907028,0.003978612448662989,0.010818882080593461,0.001205702910911621,-0.0024930936622365764,6.539322233896068e-05,0.0013899799985330212,-0.006142948914380212,-0.2910692196496063,7.0811048,2.7443259,1
2.0375,41.0,4.150485436893204,0.9174757281553398,716.0,3.4757281553398056,37.97,-121.25,0.75,37.97,-121.25,-0.03545014730705273,-0.013107767358080882,0.0023574951356617017,-0.0018248892560687718,0.041446865686703166,0.0045826370417758645,0.002381339275458628,-0.0005920934660287422,-0.00046420221471019877,0.0010918819470368316,-0.002668023899570441,-0.012619342356577554,-0.0011707627188109137,-0.000950782336500713,-0.0030688344899083317,0.001985610601095676,0.003519940992604886,-0.0024529239956793364,0.0016597318638076942,-0.002993047310427329,-0.009841488354910333,-0.010222967856139237,-0.003737884404279412,0.00021851426429899106,0.003978404346499389,0.07085076109087259,-0.011073358282087931,-0.13473651251027946,8.024534,7.042819,1
4.75,20.0,6.1,1.0369565217391303,1369.0,2.976086956521739,38.47,-122.66,1.905,38.47,-122.66,-0.00517413642476465,0.0204041203234452,0.0006576346366963696,-0.0021007014390201782,-0.004403367013208404,-0.016724126291731454,0.039707648548669164,-0.0004490673383547568,-0.0001545671008293451,-0.0006423158487877817,0.013251573590712475,0.009176630127645758,-0.006095225111229833,-0.0014869683783080715,-0.000584060552225739,-0.0008766119466313363,-0.00023111496963117376,0.006382980553647936,-0.0004217945207092915,-0.0005914175595682995,0.002351978485753782,-0.00044961552720796565,-0.0012358281591533372,0.00040291893748665454,0.0027514024523026125,0.024959977791981582,-0.002129706672593693,-0.07394913002688895,11.418498,5.257559,1
3.8816,27.0,6.070796460176991,1.0265486725663715,1340.0,2.9646017699115044,38.65,-121.29,1.473,38.65,-121.29,1.2564687883201487e-05,0.0119791746962649,0.00044810589996059375,-0.001135794589256227,-0.022260011140295088,-0.027079843085200117,0.001873324146789503,0.0005313793769508296,-0.00036322577190184014,0.0006456519337335455,-0.011160287322154431,-0.014060440437739897,-0.0006134659171420784,0.00025513278402629965,-0.0005248816862887967,-0.0011066088755963986,-0.0035991698247607304,0.004179410514664903,-0.000566425597069251,0.001128314004045972,0.0025680768041453916,0.0013011182823131394,4.258499377712122e-05,0.0006462267152790073,0.00053907167584999,0.030190293073379,-0.0022384441919662567,-0.1278643069511955,9.699004,4.115379,1
2.7188,26.0,6.828,1.232,761.0,3.044,41.07,-121.11,0.481,41.07,-121.11,-0.005957604181963654,-0.02915841942481607,-0.0011339406898118044,-0.0008515719587417442,0.02673563248030368,-0.008433339915686166,0.0005301205709509268,-0.004298164719493882,0.002087801414863874,-0.00019038845363867997,-0.0037880604901079774,-0.01878783870993808,-0.00028316441617325057,0.0009824910027331536,0.0059096758972338225,0.0026062471178583085,-0.019134475207029062,-0.0016849946761723176,0.0007099333643233348,-0.0011306768804577466,-0.011091727711087006,-0.0024238509233502907,0.0007221534760505613,-0.003403249258508471,0.000697877527450875,0.02505480216828419,-0.005928681368240626,-0.09821988145017162,9.24626,6.843187,1
4.4602,14.0,5.836215666327568,1.0254323499491351,2731.0,2.77822990844354,38.57,-121.34,1.345,38.57,-121.34,-0.028064309655698564,0.017684939431517666,0.0008671114951678332,0.0030901230144930393,-0.0009626126309767952,-0.007488597705239023,-0.0036955772836754484,0.00020327302332125288,0.00016072568863718616,0.0020373136099907847,0.022874402623813416,0.03059460826654179,0.0005831365574828994,0.001571485202844996,-0.0017760430112610203,-0.0004839328559080562,-0.0009564510494860412,0.0009296577996370163,-0.0004723159930789839,0.0015657498693229864,0.0033001500104470434,0.001247176616034948,-0.0010971695313362925,0.0009625850878263664,-0.0011121011216213748,0.017581754705266885,0.000903618282043899,-0.1294937635957728,11.6224165,3.4056823,1
4.6944,26.0,6.157258064516129,0.9919354838709676,1495.0,3.0141129032258065,38.01,-122.32,1.711,38.01,-122.32,0.014973931811469497,0.0183597952472899,0.0008372599208461516,-0.0011951574959749524,-0.011392671818188451,-0.042405168868201774,-0.016803547214041807,-0.00018344253110692528,-0.0003632257719018401,0.0011171314052200545,-0.01074202719259511,-0.015904354927998535,0.001082946852944455,-0.0006106630568036449,-0.0010335121601297368,0.00015453202618758102,-0.006248367925451982,0.003828528782394587,-0.0011178461415624226,0.00202193232446699,-0.0007895375546843743,0.006889497525868456,-0.0011102808466820825,0.0006262875829694511,0.003198704488977091,0.032434450242935405,-0.011863446316676856,-0.22487083155435522,8.360516,3.4068642,1
4.0526,44.0,5.724919093851133,1.0744336569579287,828.0,2.679611650485437,37.94,-122.33,1.508,37.94,-122.33,-0.00743446924013072,0.011540838256574558,-0.0024008784225799428,-0.0016934878869207064,-0.04708091488173853,-0.04379805840610086,-0.002806745079146502,-0.0005369179137299416,1.6375140891502083e-07,0.0006822667024863431,-0.020719737729027646,-0.025529579030134187,0.002202177676021792,-0.0014407891817704082,0.0017810324469180986,-0.0010248873879606098,-0.0014334796013255743,0.004320177851232461,0.0004152463386570647,0.000491928177470228,0.00013512033264360309,-0.0008138404761857388,0.0019886808777597356,0.00041946213203242753,-0.0014373053784555246,-0.0011721325128193436,-0.010709785246374684,-0.21672554804149904,8.249136,3.3207161,1
2.2429,15.0,5.539156626506024,1.4728915662650603,887.0,2.671686746987952,39.66,-123.58,1.0,39.66,-123.58,0.04339960620885222,-0.030809373023291616,0.0015459587326982919,-0.0023548480796896144,-0.00982390330893674,0.009827824987875324,-0.011940569585485426,-0.0010093424759865081,0.002186430091041889,8.870760497765512e-05,0.0029468092952530797,0.026076173633226545,-0.0025825071800611634,-0.008014590743881805,0.0010389711099071633,-0.0055135398224455505,-0.00010390634462551213,0.0031360064833530115,0.0005889309806970278,-0.0008026287852621425,-0.0036791911640612976,-0.04896393760508072,0.0017454553964394634,1.2471793484553599e-05,-0.0016182951640346505,0.008645731836201757,-0.01282598091741572,-0.25380710991886324,6.421207,2.4111602,1
2.8438,38.0,4.779527559055119,0.9606299212598424,632.0,2.4881889763779528,38.25,-122.04,0.942,38.25,-122.04,-0.02906404578920995,0.01151295178868883,0.0018524434560891281,-0.0013039497247180857,-0.04429427319067558,0.02901567014948171,0.02094549590067552,-0.0005661530779882059,-0.0014602835054367495,0.0006328170385712401,-0.008661054359192089,-0.02161780095436946,-0.00011184015817427442,-0.0008356254050765654,-0.0033442463680513766,-0.00646135029781291,0.006294338039328941,-0.002347421851225152,0.0003866967542948186,0.001182684127069892,0.001946110926416248,-0.0005021009331329475,0.001375277841718942,-0.0033480933875578147,0.0028010937780872814,-0.061483821296231964,-0.006503640347936735,-0.12357490928152691,4.097673,10.283094,0
3.1406,20.0,5.48469387755102,1.0918367346938775,529.0,2.6989795918367347,40.95,-124.16,0.96,40.95,-124.16,0.00021199811998220497,-0.0056201810213266324,-0.002064496604214043,0.0011122998110027864,-0.023135163593980053,-0.02688879160869715,0.053133708918790164,0.0007734569655534921,0.00021264111893527814,5.030678378164354e-05,0.012167390522001244,0.011242960634771756,-0.001086285942598496,-0.0007713274196227109,-0.0016436711768448796,-0.00146001069915695,0.005825388884923106,-0.0014621399617579817,-0.001231602684302987,-0.0009949204447750031,-0.0014542312422617801,-0.00892288154931161,0.0014860326423600952,-0.0021834229242225995,0.003824149239143567,0.014757935215087227,-0.007109285970056001,-0.27251801418175425,7.107874,2.938361,1
2.2024,9.0,3.492227979274612,1.2538860103626943,575.0,2.979274611398964,37.95,-121.3,0.45,37.95,-121.3,0.04854232545696971,0.08272037434956767,0.0009286578003790759,0.0006506199215777504,0.005713826149977038,-0.0026391774490989164,0.004958314342434911,-2.4688504402181906e-05,0.0021264740563689518,-0.0008314964821398538,0.012991066366843617,0.02249957523014707,6.347476543753318e-05,0.00013609464479449114,-0.007688086371055785,-0.0005992671934387223,0.0023967378301620527,0.0053994645836193626,-0.0013799567140570488,-0.0014251531880489895,-0.0033965196658781705,-0.0026880808908072737,0.0005944688479730543,-0.003472798301899048,0.0028255915800936625,0.01886655033763923,-0.007283691786804226,-0.14357472542926444,11.021558,4.932555,1
3.3011,52.0,4.616702355460386,1.0042826552462527,1070.0,2.291220556745182,38.23,-122.64,2.523,38.23,-122.64,-0.012750860843371244,0.016947637351989307,0.0008863910969423517,-0.0015706128306470853,0.008736836122565348,-0.041785714954027,0.08015331187541,0.004232477130296048,0.0014578166038252032,0.001162457884231945,0.006683588841579197,-0.016195959192359978,0.00855788895381539,0.0017538080504230559,-1.5587454533856136e-05,-0.003031936331976731,0.01653696496614925,0.01610409384773704,-0.0003254187001065343,0.0020671333624229698,0.0005310720030277305,0.014469887856537592,0.002219391663125672,1.5204007054474706e-05,-0.0024157042970444366,-0.13061783375577507,-0.004997998519260082,-0.02366094580380373,1.474368,9.489907,0
4.061,52.0,5.8431372549019605,1.0529411764705885,1128.0,2.211764705882353,37.97,-121.3,1.136,37.97,-121.3,0.0011198388593697353,0.014813072880375849,-0.003016294021501339,-0.001982098522644647,0.029932595154799166,-0.06996666415190192,-0.006512078656517349,0.001702557330838639,0.002088095251410821,0.001192101720036851,0.005336031846170909,-0.03400328946026014,-0.005770909962476338,-0.0008008282823518108,-0.0005785135069158299,0.0020898689123471296,-0.00214425291811478,0.0006700562842414299,0.00011458544470682849,0.0008095113406488549,0.002092973979352225,0.0011821409550559232,0.0015639224116195125,0.0007542638231389015,0.0006393359647026371,-0.0923808208280603,0.009065696846521358,-0.13530352680679109,1.3255891,8.375198,0
1.9667,52.0,4.087628865979381,1.11340206185567,505.0,2.6030927835051547,38.11,-122.26,0.938,38.11,-122.26,-0.03892223426506608,-0.01875427035339135,-0.00261410111752003,-0.0018908136099107116,-0.02089668813455834,0.03276848530496319,0.017019397717902087,-0.0038178035736083525,0.002422239637334024,0.0008241247435395745,-0.003991102183091056,-0.013738251587511394,-0.0019211879321151884,-0.0008486457121560424,-0.0019107496085991422,-0.0024006334849116543,0.006163294375462409,0.00021929484800806755,-0.0014669808685828063,-0.0006982936989137412,0.01488350811697835,-0.023266566412478235,0.0006286538393398989,-0.0033528372985354377,0.0009460037649302763,-0.0009336188518512885,0.0009385424857600776,-0.13475668882706265,9.194429,5.787656,1
1.4034,52.0,3.567164179104477,1.1011608623548923,1146.0,1.900497512437811,38.58,-121.49,0.903,38.58,-121.49,-0.09080854573561142,0.062089715443065234,-0.008670376738214794,-0.0021105498597501927,-0.1420833395082479,0.011635238602694428,0.0009436757856675922,-0.005527744941600239,0.001458732745843785,0.0017246889870863754,0.034133723079061165,-0.026062111378182616,-0.004920149752344535,8.47458541021531e-05,0.0023783780637955283,0.013633959857155398,-0.0015957856220549962,0.0029253695238288693,0.00017178760063916602,0.0010968327741826716,-0.0013267595889431174,0.0006156522514858956,0.0014511851967190601,0.0017163273736413133,0.0005199424100442793,-0.09736666762923103,0.013538166070207074,-0.14767152439610934,3.8738356,9.50235,0
4.2031,13.0,6.811111111111111,1.0185185185185186,752.0,2.785185185185185,39.02,-121.08,2.096,39.02,-121.08,-0.023440007127719684,0.007884215763033798,6.605335535025653e-05,-0.0023934321054488363,-0.002964266530896964,-0.004412329303863835,0.003662132016314726,-0.0032265115818129525,0.0001585001779384695,-0.0008034207600191963,0.023455272839381997,0.03194580110347321,0.0020266493312285708,-8.320353754868667e-05,0.00799913274747859,0.003270268471677268,-0.023541489300356242,-0.0012700553503833432,0.0012609084715886362,0.000305244447750844,0.005360209988623838,0.0012846533786655648,0.0014495467772877681,-0.002039255945350707,0.0008285969729037722,0.017282474832346965,0.001796039248230941,-0.08438473474243319,11.816971,3.3478475,1
2.3333,27.0,4.766666666666667,1.1333333333333333,179.0,1.988888888888889,37.99,-121.26,0.875,37.99,-121.26,-0.01788546478403905,-0.00774263487911403,-0.0018126814972264558,-0.003197622646302587,-0.08137095719063116,0.007074621736506336,0.002379343214024187,0.0009907170450501272,0.00023646385504275073,-0.008317135470622863,0.013794795245036238,-0.019953917473229665,-0.0020762162901205162,7.494457721716532e-05,0.0028508775084794915,-0.014326186436793795,0.0028054578208571144,-0.0022545048652907753,-0.0029761346617659043,-1.083755872060947e-05,-0.004211426581299355,-0.0006591807184311552,-0.03166523460384662,-0.004084513132779472,-0.0023687832162880935,-0.08292535612267221,0.014818855743079826,-0.15665382575969974,3.9073381,9.711124,0
2.325,24.0,5.186131386861314,1.062043795620438,588.0,2.145985401459854,39.5,-123.79,1.573,39.5,-123.79,0.010297721889756252,-0.03053652333208912,-0.001996842842448675,0.002373358609780702,-0.011849759037918146,0.010165073350209448,0.0018325520124637894,0.0008450481942893632,0.0004337715164902109,0.0002808192754721147,-0.01441713845102779,0.012225610388212751,0.00828167243790126,-0.0010008450528227934,-0.002261018929091888,-0.008830278017542952,0.006725899474772727,-0.0011240831486198058,-4.180399913224486e-05,0.0008453400322723322,0.002733139645384174,0.0026387730491035624,0.0022858257487215513,-0.002749433165578744,0.0030893605313978183,-0.09489344861890578,0.012514021099807985,-0.27434831817661426,3.3832238,3.2260082,1
3.5521,35.0,6.277777777777778,1.1157407407407407,620.0,2.8703703703703702,38.44,-122.69,1.683,38.44,-122.69,-0.017583657795480406,6.134063531118686e-06,-0.0016840500436795232,-0.0002646480360990988,-0.025323654038102977,-0.03406983737473069,0.0579562006380419,-0.001675039564114827,-1.8631346679299314e-05,0.0007144625174025669,-0.011679476912405687,-0.008613966891875317,0.002043123353274128,-0.00018179012632362228,0.004926808001645904,-0.0015172462709058263,-0.007771215799359128,0.0027693082471158233,-0.0008192937331592846,-0.001464909460477323,-0.002504769841908756,-0.016561783067311285,0.0015169376523323091,-0.004446492779802442,0.002574450404308932,0.02543400777852792,-0.010307402648465813,-0.1068757193450567,9.902506,4.9053125,1
4.6761,31.0,5.649501661129568,1.0232558139534884,1750.0,2.9069767441860463,38.07,-122.14,1.431,38.07,-122.14,0.008315339445503061,0.018419207323595397,0.0008372599208461516,-0.0009989026978649762,-0.01158264610365423,-0.03716647389436338,-0.02846079190240289,0.0006498104027329354,-0.0003632257719018401,0.0007542143983899806,-0.010689379273993244,-0.012387984896189409,0.0019065303999971687,0.002163673308892333,-0.0007598540633390797,0.0007457314559305034,-0.0015106349211443792,0.0035234013328952515,-0.0002618496900991923,0.001189087376205644,-3.620242363644319e-05,0.005757252008033171,-0.0005534652695867823,0.0004904254334767778,0.00024697703268362247,0.022775294772617836,-0.0020008153747236236,-0.1791563806523466,8.7679615,3.4536297,1
2.8409,36.0,4.901694915254238,1.0372881355932204,678.0,2.298305084745763,38.29,-122.27,1.53,38.29,-122.27,-0.02735011593045735,0.011319925149144492,0.0007564611532194506,-0.0013061676821591822,-0.062062798439874924,0.025882395431093264,0.010515572108578756,-0.0003902275532856735,-0.00035703400817821033,0.0006279241013410075,0.002712082912431147,-0.0182724446570605,7.295414227074154e-06,-7.904730895685462e-05,-0.003002199414067054,-0.006288537883911087,0.005947994364552144,-0.0012955471676989086,0.0003050842954581587,-0.0007199009157239553,0.0007483701468144122,-0.0010285174965494587,0.0012896718576792315,-0.0010622235941812445,0.0011933110081586806,-0.0721345675687859,-0.011639808834778876,-0.15707027563634945,4.022318,9.77685,0
1.7422,21.0,5.011299435028248,1.0451977401129944,875.0,2.4717514124293785,40.69,-122.38,0.615,40.69,-122.38,0.005882075283358458,-0.023019390937459753,-0.0008223961869779873,-0.001401494885203455,-0.03535439290084394,0.010328717727085247,-0.014370842541315357,0.0010319194532896155,0.00017440339101621038,-6.942949458506347e-05,0.005181262949721633,0.0199227583371743,0.0019148866829049942,-0.0014663782476544457,-0.0017052276191165258,-0.0048896657640005265,0.004225163236076813,0.0029637465108309368,0.00041276572980861344,-0.0011355740995294987,0.0022512731407834862,-0.0010750081141553797,0.0019359127250323338,0.00038886318108900353,-0.0007843215760253975,-0.10762724442360792,0.01866090120876268,-0.2895011270125897,3.443454,3.219918,1
4.025,16.0,4.90748031496063,1.063976377952756,2805.0,2.7608267716535435,38.0,-122.29,1.732,38.0,-122.29,0.00261968181298822,0.013994586497806731,-0.0007813958708936902,-0.0017108831281609086,-0.021061366882021072,-0.038804089170318135,-0.006788353945662896,-0.002613481227694582,-0.0007440795416490558,3.016013528669612e-06,0.018589620130512744,0.02942935109674809,-0.0011021271753186158,-0.0019057301178854141,8.658431122692732e-06,0.0030618379649484033,0.0037214838399972357,0.00035982415735281715,0.00020525986569000198,0.00047841830360405795,0.0001008655161526036,-0.0010488416567445502,-0.0019662424143984964,0.0015989895874660223,0.0009085777985263393,0.022603659975736858,-0.00045081295226543576,-0.1569553905859282,11.022392,3.778395,1
4.5293,19.0,6.920661157024793,1.1305785123966945,1827.0,3.019834710743801,38.34,-122.31,2.104,38.34,-122.31,-0.005766153913797061,0.01769968273505182,-0.0014335889489505544,-0.0021340475073964994,-0.007053414506417783,-0.02801958272457563,-0.016370650948331095,-0.002626269043896151,0.0002995664556516703,-0.0011952257731006194,0.013786286736074568,0.013447260285943308,-0.0009576566215984007,0.0007409694443304849,0.001720963141425419,0.0006414896491751348,-0.02974749770990007,-0.004079259238476012,0.0010329691349117288,-0.0018430521997678747,0.013653383826741626,-0.024185862831569083,-0.0011656281157905568,0.0023501058301107157,0.0028595590756887016,0.02972032450547841,-0.016145154079242975,-0.1922874383538386,8.62581,3.3862844,1
1.745,39.0,5.448071216617211,1.0445103857566769,883.0,2.620178041543027,40.79,-124.18,0.705,40.79,-124.18,-0.03923835478257298,-0.01748048142994781,-0.0009047042972266026,-0.0019026538779258596,-0.009105418680605229,0.010303556279937655,-0.01957878688131353,-0.0004403038374038719,0.000546213053416755,0.00024728818235802264,-0.0037606156975927463,-0.01609659490688453,-0.0017620459078550035,-0.0013824057186276172,-0.0015317452556506627,-0.0035307299637625214,0.00492039798694003,0.0014784313830160372,0.00042010431814113825,-0.0009221878334054681,0.0014732670859905039,-0.002058908062447835,0.0016105707324163064,-0.000481389062804184,-0.00010732378058243462,0.011448525322521623,-0.010100576819746012,-0.2732418177929394,6.8855934,2.2714705,1
4.221,11.0,6.640410958904109,1.0022831050228311,2538.0,2.8972602739726026,38.36,-122.7,2.271,38.36,-122.7,-0.03905066498520409,0.022308075100260595,0.00024859627035968865,0.0033187187371564275,0.0006605174045961419,-0.004540703350685193,0.031183764233259203,0.014310913671118836,0.00020151240881683733,0.002528064775300501,0.027427233042790312,0.025386676102473776,-0.0059031495914114865,-0.0006479114757473288,0.00045799224488656887,0.0024628256030015286,-0.05922504776293187,-0.03020203781322913,-0.0007739932631470796,0.0017878675430656257,0.002163261695914417,0.013286638945016659,-0.0022880569773678257,0.003200723883469408,-5.0715996316266825e-05,0.02498719278060303,0.014533729667412044,-0.05081887489573364,11.976179,3.4059093,1
2.8167,35.0,6.459649122807018,1.0526315789473684,783.0,2.747368421052632,38.0,-121.22,1.621,38.0,-121.22,-0.02579440659300353,-0.026365657898139962,-0.0022554395884273617,-0.001301408770750871,0.008809574649915112,-0.0010060264419144863,0.003986374355084999,-0.003213831054565904,6.710068409453993e-06,0.0006643032334747117,-0.00393905809190949,-0.012224754829140282,-3.6089582092315605e-05,0.0015701104697183575,0.0017071275053172808,0.0008927785517554749,-0.004380444999744282,4.766309437167349e-05,0.0007757899899067625,-0.00022384540342807507,0.0025172324370290105,0.0016451917078574392,0.000965135667631699,0.0013429392048674904,0.0009420491801417043,0.005696440685282696,0.0016309564033708047,-0.14113461320142615,8.911319,6.2058015,1
3.0833,39.0,5.715277777777778,1.0138888888888888,329.0,2.2847222222222223,38.61,-121.37,1.141,38.61,-121.37,-0.026084473391747805,-0.0013842147557389176,0.0002122092164690064,0.0011563580314426312,0.005205455721068967,-0.026263613012709085,0.00022079177090436974,-0.0013566331080941108,-0.0002575601771345632,-0.0014342619131740074,0.003973651257520495,-0.025057540340460777,-0.0009098445398179174,0.0005208330730516679,-0.0022235163964122763,0.002847194715301392,6.934935493304306e-05,1.8401643697690123e-06,0.0028323071689786627,0.0001372084070299371,0.002438674852871214,0.0008766267521894879,-0.003308335326036133,-0.004478559418836245,0.0021912380823766557,-0.09426551879475925,0.00727635136354273,-0.13693025901364222,1.694394,8.596614,0
1.5739,16.0,5.914572864321608,1.2060301507537687,519.0,2.608040201005025,38.87,-122.64,0.735,38.87,-122.64,0.04805282815046484,-0.02182172487309603,0.0035880993087002407,-0.0024157808365845006,-0.027190148084802995,0.028847250329429357,-0.017382498894724707,0.0016719555846528187,-0.0002958338793996398,-0.0001343776624798127,-0.00480455497566576,0.02027644094981621,-0.003455597824319433,-0.0008950728814243706,-0.0007470712802692966,-0.0048642067630470685,-0.00184580132271403,0.0028740334406445077,-0.002517778672723542,-3.166581507714982e-05,-0.002640768587571004,-0.01569734968551664,0.0015683790964187072,-0.0022458324692070115,0.0024690854676053618,0.018413320319397766,-0.010092760822717182,-0.23454474106528736,6.426282,2.3594227,1
3.9196,25.0,7.214477211796247,1.6032171581769437,964.0,2.584450402144772,39.18,-120.87,1.427,39.18,-120.87,0.0044101911321585575,0.01159315798283994,0.0006386710953369434,-0.0014270385956017934,-0.04837894304962988,-0.04778300203168201,-0.001953432697040412,-0.004283315457474316,0.0031840273768799204,0.0003748249890297931,-0.006552265603527616,-0.013903669808276679,-0.0008739640494861042,-0.035234322442121026,0.0019621374529684888,0.0005927580196998964,-0.03144498285367301,-0.00737426357247962,0.0005806963565433468,-0.001596035750926971,-0.003231423757535037,-0.0009446690840106195,0.001695520940003595,0.001722137251316461,2.7412872856467505e-05,-0.0025560298500753795,0.001744091009855277,-0.08479575115718953,10.752991,3.969677,1
2.8102,17.0,5.560581583198708,1.138933764135703,1693.0,2.7350565428109856,39.31,-121.13,1.289,39.31,-121.13,0.03566680998995215,-0.023302423584941452,-0.0008753574880288976,-0.0009819351549759715,0.003799611217377407,0.006810282741193987,0.00045338091566488303,-0.0007578294637909377,-0.0006649259852081877,-0.00036552335866898305,0.006654626783860094,0.02307767193641635,0.002147295504965331,-0.0006871780427137597,-0.00031354712461989753,-0.00603264434667768,-0.0008798591853670875,0.0036152772614444794,3.4322468260264935e-05,-0.0007854934372639817,-0.005647551294082422,-0.0017748495027788069,-0.0001803990406530471,0.00035670500463049555,-0.00012172324082988139,0.009521005654672735,0.000453264792337511,-0.11764556467660342,10.401601,6.6243653,1
3.9345,41.0,5.663194444444445,0.9791666666666666,752.0,2.611111111111111,38.03,-122.26,1.502,38.03,-122.26,-0.007917496336749074,0.012758372499454437,0.0009169197616897178,-0.001538253893147125,-0.0458820778767394,-0.054453681325054314,-0.012033740031888217,-0.0005125389072424828,-0.0003624258347401612,0.0006650463436307061,-0.019881279693892036,-0.025529579030134187,0.002202177676021792,0.001864348742770576,0.00031920627793023074,-0.0019984549298234107,-0.00034858171421727255,0.004407249280908514,0.00012330601480534234,0.0018432839744982241,-0.0006369265461283833,0.007013951235138396,0.001382304120721709,-0.0002752847796620943,-0.0008716667639827303,-0.0013391575561543935,0.0015799746707931366,-0.1632479164105349,8.949769,3.6649244,1
4.0036,13.0,5.84393063583815,1.0404624277456649,1363.0,2.626204238921002,38.63,-121.34,1.617,38.63,-121.34,0.013626041774970931,0.012200430763098376,-0.0021999356566494007,-0.00045633097259198093,-0.020656725097370914,-0.03197185410446125,-0.0072850229855050816,0.0006076192471106546,-0.00047291036914859017,-0.0005647476326342865,0.012769742591801763,0.03068290283914165,0.0008593111182685488,-0.0009553361705982261,-0.00033131092589946964,-0.0030873504366447334,-0.001456503549893768,0.0009406674911823804,8.479848370016584e-05,0.00037865971424731683,0.0025337878946543853,0.001715714418597886,-0.0004480719890909847,0.0008179150679588332,0.0005321298087799421,0.01462658311749654,-0.00012265663931679898,-0.13172149837191782,11.101432,4.0034595,1
1.7446,16.0,7.284313725490196,1.588235294117647,943.0,1.8490196078431371,39.02,-122.66,1.094,39.02,-122.66,0.09608311785807529,-0.020855645011777987,-0.004400857109044171,-0.0007081004278749323,-0.04588936055433185,0.00265840218699145,0.010428274014473063,0.0029167799909921278,0.0024476872541910094,-0.0011203084669113353,-0.052009083096469955,0.02580748105074069,-0.0019277819337553716,-0.01511484492927813,0.00253245934621784,-0.007093136451015186,-0.03765013260477753,0.014095290533089269,0.0009114195570251308,0.0015673884884927526,-0.005752661267483749,-0.03492396628558756,0.0017673758733483893,0.0021239451326019107,-0.0021555497489701898,-0.08463902623789772,0.008335866203533535,-0.2691269598193275,3.0812573,3.2942548,1
3.724,15.0,5.15127582017011,1.06865127582017,5008.0,3.0425273390036454,38.14,-122.24,1.316,38.14,-122.24,0.007483104146121836,0.01693872317199498,-0.0009504955002541203,0.0011852439473209722,-0.02255347412975097,-0.016747739139915327,0.008567814705198875,-0.0026134812276945815,-0.0007440795416490558,0.0008901402023229296,0.02423628320031949,0.018721738464054286,-0.0011029591502005802,-0.0019523245422076291,-3.6298361918035455e-06,-0.0005881482134765066,0.004767795920368282,0.0006055701791063506,0.00016146070480344286,0.00033397890193993617,0.0005457604862589509,-0.0011092626935319053,-0.0026818379148504544,0.006311731191865954,-0.0033023938015587775,0.03827331367684533,-0.008620374669950354,-0.1476630745039549,10.84377,3.841493,1
3.125,52.0,6.13103448275862,1.1172413793103448,273.0,1.8827586206896552,38.56,-121.47,0.856,38.56,-121.47,-0.03495892090189222,-0.0023768524975594867,-0.0036309091934419663,0.0020026186338698735,0.0033405312695484264,-0.03362601596540108,0.0032488421618704477,-0.00012225227520218655,0.0024058453757721063,-0.0019564846674096515,0.06159961636048045,-0.022800899602006815,-0.00447723564264261,-0.00029436370492184574,-0.002253508672381922,-0.000674385314715373,-0.004069077130696258,-0.0004097699043111225,-0.004147513055400305,0.001856827579266931,-0.0025047613400284406,-0.00022838430827163322,-0.006218822014603278,-0.01050066422081276,0.0013852942998811906,-0.10753076565031223,0.01739933330166899,-0.1466315705618088,1.5424271,8.330347,0
1.125,31.0,3.700416088765604,1.1262135922330097,1398.0,1.938973647711512,37.96,-121.3,1.104,37.96,-121.3,-0.03181295066203249,0.06281947812038215,-0.007766934440076926,-0.0002049438451755777,-0.11344338795804458,0.005331648749545709,0.003201145586507004,0.0017821056084093602,0.0005915293978364248,0.0009177897185832117,0.022328414437031006,-0.01740913527155533,-0.0006976091935597949,0.00017762355869933697,7.306910378344436e-05,0.013834960474229926,0.00139817065150829,0.002967604875574678,0.0001409691281152332,0.00010384771489863507,-0.0022094359244607276,-0.0009830625898426357,0.000255096837857674,0.00047191397246651207,0.00046501508374930365,-0.09290937721018834,0.01503314366564625,-0.156653497766532,3.7303622,9.319147,0
3.9632,20.0,5.742857142857143,0.8642857142857143,448.0,3.2,39.33,-123.23,1.471,39.33,-123.23,0.002427094042962415,0.013504284512332236,0.0011279659527876334,0.00030795888830733567,-0.012318223763384631,-0.06587646478393466,0.04177814772984678,0.0004478663132495137,-0.0005627653039363806,0.0001414033949794084,0.016533403780404243,0.013101782611177863,-0.0032526405719608704,0.002987090658576671,0.00011869415593206145,-0.0003748349638365643,0.004068552737369756,0.008670173111364587,0.004392434152496995,0.003259902208174281,-0.00645762769705984,0.025753667354757565,-0.006953129543121549,-0.0010429173665332215,-0.0029196010552580746,0.061535922667672445,-0.019686963650305443,-0.2558057052565021,7.3118515,3.1703022,1
4.4853,23.0,7.060931899641577,1.060931899641577,935.0,3.3512544802867383,37.99,-121.83,1.459,37.99,-121.83,0.006258105856860797,0.01815309361608038,-0.0018299375557330245,-0.0018237643709828747,-0.02561639177739393,-0.026978086482637095,-0.03237543552990554,-0.003931796331351868,0.0001492506647461944,0.0009689640702446496,0.011662979684331788,-0.00027423668859335526,0.0012517426487041457,0.0012230104914564522,0.0017845830820991753,-0.013099579705617134,-0.03161038454826115,-0.004384993489252707,0.0008661846672410301,-0.00015284504046714564,0.0033962877208302336,-7.350828739411373e-05,-0.002717548695038979,0.0022114307485656586,0.0008206939105041028,0.056312196697124235,-0.005719620072734827,-0.10429791084398797,10.854126,3.283177,1
3.3542,52.0,5.725888324873097,1.0507614213197969,450.0,2.284263959390863,38.3,-122.3,1.546,38.3,-122.3,-0.013677516447992722,0.005320230960201542,-0.0017855971999277294,-0.0003939626762618088,0.00867137386603606,-0.026065375343044414,0.01088273064160517,0.003112498507634159,0.002093710885620363,0.0011287540569603113,0.0051575822378267565,-0.021545233621203193,-0.004079798544986581,-0.0005334715289070833,0.0016576820985085522,0.0029340366015397387,-0.001457204649431136,0.003194497320061999,-0.0014694661555235903,-0.0007880676185033733,0.00014053632901729073,-0.001195859648141076,-0.001120498344101563,-0.003420050320286594,0.0006856360346893884,-0.10196621772494903,-0.013986968029878723,-0.15497940556367415,1.7404218,8.494529,0
3.2935,35.0,4.289473684210527,1.1282894736842106,822.0,2.7039473684210527,38.44,-122.7,1.578,38.44,-122.7,-0.02105205517068082,0.026056177251523805,-0.0023284239224865932,-0.0013208961137595586,-0.04230259470337157,-0.031262930475719514,0.0609629257935196,-0.00042784989446221675,0.00021793523690596587,0.00064500060090023,-0.009107979550765196,-0.008938015041827412,0.0017511054733731774,-0.0012817602475810835,-0.0014107948248716661,0.00410959215462861,0.009632474075049297,0.00922119605771451,0.0004302086412999271,-0.0009298440537232458,-0.0025130939669434967,-0.016795672648832402,0.0017073101238327813,-3.951175349855113e-05,-0.0008417211306037134,0.026997857110844143,-0.013309397546454441,-0.10263692242332319,9.991748,4.9590564,1
3.3074,34.0,5.71578947368421,0.9842105263157894,663.0,3.4894736842105263,38.68,-121.37,0.842,38.68,-121.37,-0.012685682556097987,0.0016345580324965401,0.0018446816967410667,2.4094137277967697e-05,-0.0010908147299352848,-0.014229197114914577,-0.00203829359567146,-0.0013010984410379667,-0.0003762822970772467,0.0014308215320086085,-0.010163638527557512,-0.004570841221668374,0.0009680239898412666,0.0012508377537647788,1.2832922222351167e-05,-0.0006021224204295897,0.0006479756399986162,0.0002615876934784017,-0.0006196517743853713,-0.002902804415825798,0.00113379655931358,0.0009029621209202877,-0.004071677420800486,-0.0010061316161632794,0.003396870732247347,0.08693821087910145,-0.010094778803279253,-0.13134885126185997,9.112099,4.65402,1
2.875,20.0,4.767676767676767,1.0378787878787878,826.0,2.085858585858586,38.25,-122.62,1.891,38.25,-122.62,2.058543742173278e-05,0.007564404640388431,0.00023722147236110569,-0.0007066498581301073,0.0032845219788390457,0.011239286120724785,0.032677579600799235,0.00035700952409716826,-0.00015136223938759242,-0.0003522736657014914,-0.03025699270945037,0.022545259745023253,-0.003847808046619601,0.0004685819919496003,-0.0010636207017740008,-0.016633214479711392,0.01462222510358039,0.01364537331898987,-5.029580735723488e-05,0.0032292873831713757,0.0025473764084203336,0.0008987270021585996,0.0023280181134802485,-0.00017060677714319158,-0.0008704317163637838,-0.09731863103430584,-0.012732060885335803,-0.04417289515270311,1.4194648,10.05265,0
4.4,22.0,6.58252427184466,1.3300970873786409,336.0,3.262135922330097,38.53,-122.27,1.425,38.53,-122.27,-0.0030878289727603904,0.018563811617742,0.0020511889950619866,-0.0016845465124171498,-0.02560845214345696,-0.009748785706754932,-0.017986099601455145,-0.00384789941309938,0.002941643798588719,-0.002322526803369593,0.017760808440426525,-0.002096636554948888,-0.0004722962322681022,-0.02027239616893839,-0.00027706477048629026,-0.003913555178004138,-0.020618960412247967,-0.01587028699850828,-0.005072273157091823,-0.0022633532921749727,0.013861575588777745,-0.019415307372432775,0.0024790990148506704,-0.004945018648414413,0.0009669700612413757,0.04913567272565439,-0.0033490956623274844,-0.12464770352030981,10.769815,3.5885606,1
3.625,37.0,5.315217391304348,1.0978260869565215,462.0,2.510869565217391,38.0,-122.07,1.563,38.0,-122.07,-0.01594657442824303,0.010426777073501873,-0.0012656080090397447,-0.000412006345267488,-0.05210105549618414,-0.02422098394084776,0.015189592318241527,5.958297090238602e-05,0.0002439847030922552,0.0009046319408070034,-0.010431151558312497,-0.021679115180938926,-4.646930315701015e-05,-0.00012750709830679192,-0.0021453388592852472,0.00220201650645311,0.006422854732152793,-0.0016634097076050306,-0.0016757134795989728,-0.00158299777883824,-0.0013398615522988986,0.00020986524030807349,-0.0015875246855010963,-0.0034379747538265063,0.0030156186241683627,-0.05741968214971659,-0.005224383703719296,-0.12170509560417313,2.7944086,9.396326,0
2.5735,31.0,4.622425629290618,1.0892448512585813,1408.0,3.2219679633867275,38.43,-122.72,1.311,38.43,-122.72,-0.010984721519542662,0.004493472319442059,-0.0018681460880895261,-0.0018991773128472407,0.03202404905900627,-0.009022539322296685,-0.015437739281890954,0.0010031616922818558,0.00015672993704515613,0.0006537960601915187,-0.0068871567589499265,-0.007072117611578177,0.001557697553286534,-0.0013990641306238535,-0.0002601037347086762,0.00416877092860981,0.009455694849767198,0.010587100343481539,0.00042920369399922903,-0.0013947377072563683,0.0003340792704065803,-0.012719195796835999,0.0022009705454493892,0.00034628605645637865,0.004281137886674722,0.05469256814783871,-0.005064127425829622,-0.07465984273225376,8.906148,7.23553,1
3.35,18.0,5.7106382978723405,1.0184397163120569,1731.0,2.4553191489361703,40.49,-122.31,1.184,40.49,-122.31,0.0021974106831064966,0.0053959079498976555,0.0008843672360691244,-0.0012129306971181263,-0.024645600468099695,-0.056841153007179915,0.01844921266194362,-0.00023316021675983688,-0.0004345914996356531,-1.6735787754520938e-05,0.01661771432356373,0.014830831524098701,-0.0005134036296031846,0.002218681946576355,-0.00021781622708024102,9.363101819395399e-05,-0.0005296518904481854,0.0044732026133262265,-0.00017319153104169125,0.000941204694075449,0.003313561167207429,0.004817636324765892,-0.0006245449640088194,-0.001311392204964639,0.0019577910070382306,-0.13324748167692438,0.010419755011916788,-0.24758190485966208,3.5612705,3.5578585,1
4.4491,19.0,6.369668246445498,1.1113744075829384,1216.0,2.881516587677725,38.01,-121.78,1.339,38.01,-121.78,-0.005261793854160391,0.019630127981826652,-0.0012944379601330259,-0.0025679255776754574,-0.010509222477929311,-0.033075280144523565,-0.03248703632095308,-0.0011742605410509739,0.00017045733843146872,-0.0006676564683097382,0.011987055674896975,0.016913335685495058,0.000534375137616081,0.0013862896133243507,-0.0005255103651516835,0.001562256850435055,-0.009132806865201458,-0.0008922933237084547,0.0008993434533734113,-0.0010811099181883875,-0.0029769638148735202,-0.003470338179257391,5.862917719518575e-05,0.001379387757687347,0.0005605845533799005,0.02143328526401704,-0.004281508959363251,-0.11361427205328684,11.187341,3.2399042,1
3.8029,36.0,5.428057553956834,1.0017985611510791,1445.0,2.598920863309353,38.1,-122.21,1.299,38.1,-122.21,-0.017014775605425494,0.015590303567685976,0.000515316843291544,-0.0014403603169129123,-0.04646764739408943,-0.032521741779145075,-0.015770182713548374,-1.239079511371812e-05,-0.000382508349056382,0.0010116307640390925,-0.0077300194715350335,-0.012753761164674918,0.000960126756291759,0.0017994980618347201,8.875317427128323e-05,-0.002020113016240786,0.005035858792335707,0.0022478277461434565,-0.00032787425447777644,0.001856234122502926,-0.0002243930745097615,0.007137642968421682,-0.0003725290083209933,0.0004618693862346911,0.00016900239096389742,-0.0009824000581080937,0.0015634571121841132,-0.1735866011790986,8.94642,3.6355767,1
1.6833,27.0,6.756521739130434,1.608695652173913,318.0,2.765217391304348,40.98,-120.38,0.4,40.98,-120.38,-0.005785948398873785,-0.018293824546132438,0.0018080322425439539,0.006053835399129733,0.005433873070124093,0.005003292919619725,0.0001481456796978878,-0.0036494402318328436,0.0014233174681748653,-0.0014351918062883785,-0.0029599967994970618,-0.012582636985602736,-0.00029718305674175503,-0.03996270956326722,0.0022724774076358094,0.00401744616533593,-0.02620340881949407,-0.00023031493212779375,-0.0054237157483590336,0.00012367977230307877,-0.0068313396984627595,0.002830792799920488,-0.0010640342910415625,-0.005736211955373487,0.0037537641412334014,-0.0003364209440611368,0.003699840499300946,-0.10264883396344553,9.633332,6.6936536,1
1.6021,29.0,4.56,1.0745454545454545,1112.0,2.021818181818182,37.98,-120.37,0.914,37.98,-120.37,-0.03446149082646518,-0.03551875735041212,-0.0035202291019249257,-0.0017207750560427055,-0.1151369229973809,0.004216757660886375,0.00528110239802672,0.0013213824378193267,0.0003091126037039895,0.000899495541679718,0.020589256794690605,-0.019692770181885477,-0.0020807743118275027,-0.0007880465283009105,-0.0002077570187690113,-0.010173532097726564,-0.00015479482320131748,-0.004062980885631347,0.0001192779286028168,-0.0018957876846840125,0.0016853308498069556,-0.00028581647705022207,0.0021113095739717955,0.00010096878567870826,6.72802639389039e-05,-0.09217815849863441,0.01474138086202047,-0.17123715235567538,3.8427656,9.670794,0
2.9063,31.0,5.508710801393728,1.0418118466898956,776.0,2.7038327526132404,40.87,-121.67,0.778,40.87,-121.67,-0.01299587728700799,-0.013865097600963107,-0.0018423443886240072,-0.0011565067993156044,-0.008376150924144657,-0.010485130619203569,0.018691103812335165,0.0008306926345337776,0.00047135199493823337,0.00013425862914292748,-0.0033200397901388375,-0.015391296019048224,0.0014165319086275724,-0.0009837425542665204,-0.00016596414626684133,0.00044320950774029335,-0.0009407731662400414,0.0022283918949786434,0.00023536000349312668,-0.00018417878763061948,0.0035357510097966767,-7.562209401684432e-05,0.0008744808647219897,-0.0008224585817231141,0.0008203385095621618,-0.0018753127328732572,0.008150465423321675,-0.08634386199255982,9.749683,6.189406,1
1.8839,32.0,11.572519083969466,2.206106870229008,304.0,2.3206106870229006,39.66,-120.48,0.71,39.66,-120.48,-0.015147143392974696,-0.03188692592698164,0.0007740852298359673,0.029383974684458518,-0.04955198670836324,0.009557811570787535,0.00031954920984804196,-0.0015006188035492107,0.0028192769878996092,-0.0010304498994681546,0.005900513524203318,-0.021132082751175854,-0.00039083459301139954,-0.038258200654699176,0.002475983776155506,-0.015411991752277369,0.008929065874753743,-0.0009077139107807624,-0.005423790427162692,-0.0005484307405116053,-0.004958743673651107,0.002898251228864628,-0.001217650902918935,-0.008354158901455268,0.003815748484230205,-0.0831894630228377,0.009062558394965699,-0.1004128432746354,3.8120236,10.289018,0
3.8355,15.0,6.419753086419753,1.0397805212620028,2626.0,3.6021947873799727,38.71,-121.4,1.07,38.71,-121.4,0.0032224557197789955,0.011367449146969508,-0.0012430564272139877,-0.0008447850035825262,-0.016754513734646325,-0.02192811316225212,0.0003689819774895675,0.005970844422387695,-0.0004906431347111411,0.0011787303725841161,0.022835116200828724,0.013129468015000093,0.0006758151439846305,-0.002353498379213821,-0.0014291246173525297,-0.002494177984020617,-0.009849803298493899,-0.00016058128068066109,-0.002522617138159778,0.0005666943314880683,0.003187056283436865,0.0014089893966357985,0.004579750122102688,-0.002344718783096004,-0.0027478748065312346,0.07135951273706792,-0.0123298438216056,-0.10757005719282353,10.994203,3.400668,1
2.6094,34.0,6.367088607594937,1.3481012658227849,443.0,2.8037974683544302,40.45,-124.03,0.713,40.45,-124.03,-0.022931486032055085,-0.023819095839746625,-0.0008127565549339652,-6.212871094744206e-05,-0.0018259647238816632,-0.0023348674291661974,-0.01231596053069805,-0.002199732091369112,0.002087801414863874,0.00048431566215136545,-0.001558679565423703,-0.014882148000392845,-0.002980251427108167,-0.00993293352498734,0.002676019510685556,0.0014680629432336544,-0.012577869002445424,0.0031697255212577956,-0.0029267559370121823,-0.0009307337502794579,-0.0059812214499535,-0.017913888928967447,-0.0015025891586832576,-0.006429991844659267,0.002718733743051242,0.00965450774439773,-0.0097308083392808,-0.2696220909939976,6.84332,2.3502688,1
3.1382,21.0,4.907670454545454,1.0028409090909092,1605.0,2.2798295454545454,38.67,-121.32,0.916,38.67,-121.32,-0.013022746339090034,0.014586484791961372,0.0007204673195896392,-0.001128855136853008,-0.011767403529023975,-0.027070400569075833,0.0008279298784313503,0.0008703087841746398,-0.00018235973712843766,-8.308212956974629e-05,-0.012389134896496077,0.009321843602724013,0.003061902249169791,0.0005997095922314008,0.00010674063528892377,-0.00367956171465936,0.0032178146070486534,-0.001310171690662631,-0.00041965992908590095,0.0016016640136592324,0.0025679957443614475,0.0007800625242521079,0.00035844996902967155,0.000588195943132568,0.0006106946802464373,-0.08242130719553672,0.009399401047839514,-0.13282972393451736,0.9950529,9.260515,0
2.963,25.0,5.32013201320132,1.033003300330033,837.0,2.762376237623762,39.77,-121.61,0.895,39.77,-121.61,0.001962718400794485,-0.014078658082017524,0.001057519155402561,-0.0007254873956362135,-0.004637326283340814,-0.011145761969563673,0.0031979818498807148,0.0011197039197219838,-0.0004417278626024385,0.00043001513618178076,-0.008240451285097006,0.002910756628336075,0.0005952744463102518,0.0011041429301207777,-0.0012115075208203189,0.00037176166978345555,0.0030853741247894658,0.0008932420352666679,-0.0003406359752611229,-0.0009670133508370543,0.004703698113964705,0.0013702583231953083,0.0008339106102235119,0.0002743950842824239,0.0010041474895107227,-0.003657686730834331,0.0012262534012589513,-0.10220132276967402,9.880966,6.442044,1
1.9375,16.0,5.303664921465969,1.036649214659686,1031.0,2.698952879581152,39.75,-122.23,0.731,39.75,-122.23,0.03877311163315937,-0.012483225720898296,0.0006384077661465693,-0.002102876385678359,-0.0013404192260510113,0.006836735790250864,0.013934781753979403,-0.0023984510264070556,0.0001423749844497146,-0.000731616827050139,0.0028424486361994282,0.01934826429761766,-0.001317709756753158,0.0005892303984961543,-3.245906681298041e-05,0.002208726134052289,0.004387905166394953,0.0010049359708828739,-1.9158203579581177e-05,-0.0009910457067241144,0.0015342856409314863,-2.170908731006184e-05,0.0009012989719079276,0.00010761444174796673,-0.0009349639518656274,-0.004051762278472889,0.0004751308922116042,-0.13198999041468734,10.595476,6.274427,1
2.3683,17.0,4.439102564102564,1.0961538461538465,1471.0,2.3573717948717947,38.67,-121.36,0.825,38.67,-121.36,0.0551199484223729,0.0031985966761011227,-0.0006897903733340631,0.0018318655588978993,-0.02536563811398998,0.020413271904798653,0.002343362720618621,-0.0030160497189086056,-0.0007369978517907068,-0.0008835694357410327,-0.010557672974812046,0.03177893019453032,0.00273185557680415,-0.0011635093491108898,-0.00040044587986127556,-0.0019750957154099176,0.0029950197074695302,-0.0007326489173422044,0.00011779538504537863,-0.001255988053972209,-0.0012124668514351415,0.002371523071527863,0.00024505855122256275,0.0006548282733761517,0.00045086188316452707,-0.05625011642826188,0.00865979035611171,-0.13396816994923416,3.1183455,12.476531,0
2.0091,21.0,3.8029661016949152,1.021186440677966,1114.0,2.360169491525424,38.0,-121.32,1.015,38.0,-121.32,0.015438715223925797,0.05200122289092599,0.001436990504149116,-0.002872890494042514,-0.030636992148566664,0.024315019499616942,0.003302304050051081,0.0015746924929965558,-0.0002197512939270691,-0.0001350634006975351,-0.0054153917857398615,0.009417072143894919,0.0034144202415568527,-0.0008283950500800882,5.054399940596443e-05,0.013056752307507712,0.0030982248224512934,0.003927964620732161,-0.00018523896147384296,-0.0004951239992884448,0.002477858136465746,0.002276299944694617,0.0010897821734748149,0.0006030181698743447,0.0011446334302093958,-0.05423227627700934,0.008959196606425584,-0.14449849756487443,3.2506993,11.627835,0
4.2262,14.0,6.540913921360255,1.0988310308182785,2407.0,2.5579171094580238,38.67,-121.25,2.443,38.67,-121.25,-0.03545401908349487,0.019096182879313427,-0.001164046144637175,0.0026133398136448873,0.01729770045581793,-0.011723995734137687,-0.0012287040940092246,0.0028246532358227184,-0.0004656472900191146,0.0020350911106697053,0.0045513884496229074,0.03206279924879443,0.00217231403165681,0.0053791075865527675,0.0005094676315199127,0.0011713454616292627,-0.003989820145467807,-0.003246624635512881,0.0004702251033236473,-0.0014021508034181653,0.0010221812883812983,0.002338045676466308,-0.000724566961538538,0.0023444829950916386,-0.00176122134261665,-0.02010025205191289,0.002891258178063411,-0.10030215028926488,11.862849,3.562203,1
3.0769,52.0,5.119047619047619,1.1857142857142855,519.0,2.4714285714285715,38.23,-122.64,2.309,38.23,-122.64,-0.02005041041600254,-0.001694258410117006,-0.001966309678814377,-7.907713499775545e-05,-0.03130941222792578,-0.03299926931065802,0.06167760752258108,0.003918822420999626,0.0005199230241148545,0.0008733681765960361,-0.009946104493274589,-0.010958879464779345,0.010543861022747413,-0.0009329515403476137,-0.0014721824613085398,0.000894521667551128,0.017493628733313102,0.007804642491794201,-0.0013047788362904465,-0.0015379403838806283,-0.0011310940696716316,-0.015942007780948873,0.0018805040790624734,-0.002411662787866964,0.0030328879475519576,-0.11451492554667933,0.004366332193442247,-0.020315867514586215,1.4577188,9.613009,0
2.5162,21.0,4.429347826086956,1.0366847826086956,1735.0,2.3573369565217392,38.62,-121.41,0.975,38.62,-121.41,0.008050667510433356,0.0021579858833829604,0.0008809679431388043,-0.0013649043669069945,-0.030721602105233534,0.02256960418303067,0.004076450939824528,0.0005736997305799542,-0.0002057969421748842,-0.000331259501083337,-0.007817581350807202,0.009417072143894922,0.0034144202415568527,0.001121994853814666,0.0001684448881622688,-0.002301203538201085,0.003209631249359647,-0.000985313823192797,-0.0003262234068425522,-0.0003550961040035709,0.002459989361139921,0.0013192615626041989,7.56272233559036e-05,0.0005984016847145734,0.0004610596338022392,-0.05698490925035352,0.008725272790348793,-0.13500976484462593,3.0403588,11.66053,0
1.4125,22.0,4.771739130434782,1.0630434782608695,1021.0,2.2195652173913043,40.6,-122.39,0.665,40.6,-122.39,0.01711993573695384,-0.03453411548266791,-0.001226007399162682,-0.00046079901903314715,-0.04595820794514469,0.009550269352371066,-0.018287049135652374,0.001256254304974154,0.00025779428763779926,0.0002338162320321193,-0.005532485768693168,0.025535555882970188,0.0030669363816601884,-0.001467617795896967,-0.0003578397217787398,-0.006473535119330185,0.006963864708720398,0.0034288506999747147,0.0004308779032485393,0.0016882770442509113,0.0028817531582441616,0.0008630625766030285,0.001984237456102802,0.00015900553987621718,-0.0011221248681551254,-0.10355004597998804,0.015386703137104715,-0.2808437922522263,3.3849235,3.2105143,1
3.455,48.0,5.8830188679245285,1.058490566037736,1275.0,2.4056603773584904,38.45,-122.71,2.221,38.45,-122.71,-0.01629412723359553,0.003442625876063439,-0.0021335457081391325,-0.0020529861303584967,-0.02365300676279411,-0.06574682105590146,0.06292675879663197,-0.0010275652426632218,0.0004566804130480961,0.0006566134865517476,-0.010247838068751675,-0.016612910427025025,0.01295930735585053,-0.0012510575886628965,-0.0005338534039326139,-0.001415833377451017,-0.0005685670717467748,0.0028232657275779,0.0004246691971110083,-0.00013515215959562178,0.0017297024084402797,-0.0005364754365650145,0.0015209015145403607,0.0005057029814921996,0.0015782348431595812,-0.12776497885769492,0.011856552119377296,-0.1320755075547478,1.4293308,9.062578,0
1.585,52.0,4.376021798365122,1.1416893732970028,891.0,2.427792915531336,40.8,-124.17,0.755,40.8,-124.17,-0.04102573399812098,-0.02694300410011322,-0.003152112839466074,-0.0012864827601651392,-0.012276321075041818,0.016802878234561856,-0.017362743686881975,0.0035016331258142714,-0.00011472569213088232,0.0004998699431043006,-0.003696955361729894,-0.025277592216133418,-0.002221082177594741,-0.0014305243058493871,-0.0015767951920480103,-0.0031498030690167416,0.003909969486066539,0.0017014273442177371,0.0003531467627462165,-0.000785774753495541,-0.0017256546398230523,-0.012113341150461629,0.0019287347848119035,-0.00038868630837417565,-0.00018141554696066262,-0.10715130517711148,0.014270584818125728,-0.29726210701373645,3.605913,2.9792821,1
4.1483,25.0,5.678420310296191,1.1156558533145275,1850.0,2.609308885754584,37.95,-121.96,1.812,37.95,-121.96,0.015465730427184955,0.015810993129362273,-0.002062292336053462,-0.0011036040939900837,0.0041320260263961895,-0.04850380807344757,-0.02160577994655905,0.0005923066875635816,0.0001448889023126241,9.918249714808248e-05,-0.004314003919229152,-0.015552503191438135,0.0004202304894122739,-0.001038123425873487,-0.0006244144908849833,-0.0012271697895254521,-0.002380340901821937,0.002007925816815436,0.00023123035976402775,-0.0011800845400588068,-0.0036240110431666906,-0.003556178821598066,-0.0004215182053323322,0.00044568822776962485,0.0005342456135039946,-0.006423300393224812,0.003797334800849218,-0.11824985693852637,10.100838,3.3523586,1
3.6484,18.0,6.4983498349834985,1.0709570957095709,1861.0,3.070957095709571,38.7,-121.37,0.95,38.7,-121.37,0.003986302318680797,0.0048449453171387795,-0.0028137597999234962,-0.0006553553497260884,-0.016623743796041354,-0.01171837472777061,0.0003098418098932876,0.003923282146871671,0.00015577660994338613,-0.000295630458479902,0.01410495521584508,0.01627582900679186,0.0010503585002129045,0.0015451453268905567,-0.0003199161408410692,-0.0006080939323636396,-0.007168828278368135,-0.0033209027317862095,0.0007750199796316878,-4.378388180936169e-05,0.002977641619245461,0.0017020393221835062,-0.000728515731314503,0.001479217261531551,0.0006057142316998537,0.03971614087183242,-0.009858972099885139,-0.1256020962356905,10.932773,3.7205036,1
5.02,26.0,6.672727272727273,1.010909090909091,1616.0,2.938181818181818,38.66,-121.25,1.696,38.66,-121.25,0.013137433731140699,0.017714386165015982,0.0011882937905181895,-0.00029551440860242574,-0.005522663684389504,-0.019150007656302,-0.00401491168200306,-0.004249253336052635,-0.0003614951519491641,0.0007208193609846229,-0.011350697939577718,-0.012732771193336146,-0.0008386132040320607,-0.0010625934382481367,0.0002908333048964668,0.0022719351626908604,-0.011438174611423978,-0.004342486526676698,-0.001215494300816466,0.001715807132450662,0.003299440646029457,0.001316017930341217,-0.00039886586066354714,0.0019285415446490702,0.00021092296996781407,0.021804809912985283,-0.0004420592877128289,-0.11276935886577542,10.074965,3.712828,1
3.1711,41.0,6.0945558739255015,1.0257879656160458,911.0,2.6103151862464182,40.78,-124.15,1.042,40.78,-124.15,-0.03790548283560263,-0.0057532241019980735,0.0014104469600053737,-0.0012243333569620673,-0.05663032429215111,-0.024588360677009573,0.050988701098944225,-0.0012136438005981155,-5.063562304735156e-05,0.00028620225823681935,-0.00955063571172995,-0.02006229108222276,-0.0015334147859043033,0.0007531285691173444,-0.0003817999205910223,-0.0030072577034826065,-0.003312332254356418,-0.0012273309160074925,-0.0005632758692823507,0.001274686354183014,0.003975190358033858,0.010002086983692824,0.0016828283274971246,-0.0002674885482366522,-0.0014080939751770737,0.013384840371940978,-0.004045921599445732,-0.2880857198342949,7.1885767,2.7670436,1
5.0366,16.0,6.741116751269035,0.949238578680203,607.0,3.081218274111675,38.35,-122.7,2.578,38.35,-122.7,-0.026435409311291222,0.022552700971713777,-0.0001417674007711431,-0.0035523308994157587,-0.008292472351955913,-0.004870029694957575,0.021989740373031533,0.005353692413646607,0.00017439807594735543,-0.0011818059544760002,0.03363044191184068,0.023786976961847076,-0.0056004592230956595,0.0015238754207632912,0.01261314682584316,0.004088684017811948,-0.06954400968722117,-0.027175301004019242,0.0012329028863825742,0.002127281430508994,0.001658194022551747,0.0144869189444801,0.0023227384422575144,-0.0027731225625936533,0.0013742954811007064,0.006293303766795834,0.02848869473127024,-0.07237985925555103,11.987445,3.276084,1
1.3007,24.0,3.1424870466321244,1.023316062176166,699.0,1.810880829015544,38.1,-122.26,0.946,38.1,-122.26,0.035381332406432604,0.09343364676230613,0.006385416464357798,-0.005040296561158335,-0.07138276374539965,0.018493568860748596,0.01613768364801414,-0.001395852906751547,-0.0001677518104778503,-0.0004970432510997529,-0.03042616687843032,-0.00443213528810119,0.002811287831140383,-0.009677695734423921,-0.003888319662994849,0.0033297808393973633,-0.0037774109686672303,-0.012908839670770762,0.00014247271936967466,-0.01495239071751722,0.0032870062336534563,-0.004576880344735574,0.0014193947183336946,-0.002583108329051631,0.0005804211342596381,-0.0882953789091958,-0.01633477541801182,-0.1727878207145009,3.30401,11.555449,0
1.375,20.0,4.1,1.8,94.0,9.4,38.91,-122.71,0.55,38.91,-122.71,0.002424555955915886,-0.019551229865510018,0.005559277828955332,0.011841949548967806,0.046806256967651054,0.015639811176355076,-0.02433817540692542,-0.0008957003062627778,0.0021627833261767247,-0.015393319456595623,-0.002433554238871491,0.005505559181033509,-0.003844652466401358,0.007164374441854102,0.015138427798013847,-0.00849405781569538,0.008431056573129378,-0.007525199229939718,0.0009022869046889822,0.003418500352867525,1.7386351997485914e-05,-0.06046169586403834,0.00494226362524676,0.016537188360381247,-0.03840912832808596,0.06216309273858528,0.008703554577565746,-0.2533479937143945,6.567941,2.5716112,1
1.8672,18.0,5.329512893982808,1.171919770773639,741.0,2.123209169054441,39.43,-121.32,0.847,39.43,-121.32,0.027112240842529653,-0.021686376085007147,-0.004855579045881338,-0.0029378231190676793,-0.02926714540271902,0.004878375860829427,0.00038478115264354207,-0.0010939320917624042,0.00031797878477440855,-0.0001623824865244707,-0.012861734895326602,0.03526856859332075,0.00235164761776425,-0.0004742176976300893,-0.0026536866006716085,-0.008049204211503317,0.003435687119668017,0.0002707005230181865,-0.0003218625791895196,-0.0068492703189016995,-0.009573632316059405,-0.0023419290038947964,0.0013454764013965468,-0.000208956379300709,0.0010362813461062992,-0.09077802819289912,0.01522706650614365,-0.1325614634905495,2.876714,12.316552,0
2.8,34.0,4.585657370517929,0.9322709163346612,563.0,2.243027888446215,38.59,-121.39,1.136,38.59,-121.39,-0.030328957416693433,0.0031570090390486945,0.001626517423468074,3.7541414266357124e-05,-0.06362631492513256,0.025715016431504253,0.004806852470014401,-0.0011372031855438293,-0.0015329008968104068,0.000638638494395541,0.007518989301223156,-0.017857624343975555,-0.00038892730659103583,-0.001091681295826327,-0.002951558310558369,-0.008966595687869103,0.002733625753120229,-0.0017397928292085497,0.0039435881142114585,0.00168421251877183,-0.008652705490477884,-0.0029331337607260807,0.0014412808544855577,-0.004269644083613396,0.003041000878486309,-0.06457913076234513,0.008967595815859127,-0.12513678165646722,4.167334,9.91786,0
3.8681,29.0,5.818181818181818,1.0294117647058822,1117.0,2.986631016042781,38.64,-122.82,1.886,38.64,-122.82,-0.0024652957891630376,0.01403504333942738,0.0006266926843186333,-0.0013273187542585136,-0.01767709223246515,-0.039213064870889054,0.06712892535842135,0.0005942576613989556,-0.0003632257719018401,0.0007162982244457816,-0.010191638146863842,-0.012776565794993465,0.0016493565198423344,0.002088403975589011,-0.00013150021173405309,-0.0019378303223219861,0.004999694646712591,0.00985982865244243,-0.0001749603743639914,0.0023299668476879217,0.0013786370729023732,0.013646022024251369,0.001887744777541359,0.0002605729226868275,-0.0021833585027922204,0.04533222617150066,0.002836752783737731,-0.09113556421112062,10.107305,4.9737916,1
3.6389,4.0,4.237903225806452,1.060483870967742,455.0,1.8346774193548387,38.27,-122.3,1.302,38.27,-122.3,-0.008972047284455761,0.030646190286343286,-0.00483765948989672,0.0001707181644563273,0.06248732489060198,-0.04353035447656433,0.02086657056585255,-0.006777669255759177,-0.0008046639818414672,-0.007218262675254035,-0.12233315220895748,0.030324738074005632,-0.003542688847321969,-0.0011591916524221512,-0.0021582086459118674,-0.005519226405266814,0.0060901345453386446,-0.001770741103373423,-0.0015423218364218265,-0.013227954082122448,0.0008562419750055031,0.00044608962195441136,-0.00044140259693954914,-0.0036700279235478937,0.0002373696532023419,-0.10007510171781699,-0.019303870205633164,-0.1686705454708454,-0.102883056,9.549094,0
3.1042,14.0,5.437837837837838,1.0108108108108107,462.0,2.497297297297297,39.18,-121.16,1.52,39.18,-121.16,0.03930311612432613,0.0017163965350646265,-8.708672518189945e-05,0.0013349633594611837,-0.023038383169092538,-0.029092360643697985,-0.004226991375958808,-0.0021511028679458677,0.00035039720137289857,0.0006034196223943506,0.009965542984829094,0.027456369363632077,0.0026527561296863073,4.7294006355032086e-05,-0.002817719174275489,0.0016234023846966466,0.0020559263320729403,-0.0028623958495249658,0.0017165789549331548,0.0015751560483950602,0.005397905965595107,0.0008567970220081053,-0.001514344821757718,-0.0034461453196876777,0.002190155242802042,-0.07881337783047124,0.005899333405958312,-0.11321465320602347,0.6457484,9.586892,0
4.4536,23.0,5.7468671679198,1.0300751879699248,969.0,2.4285714285714284,37.98,-121.99,1.84,37.98,-121.99,0.01186044909375013,0.01783629628082499,0.0010681583537508633,-0.0019290506287503234,0.006194713010477138,-0.05118489974259022,-0.0250251571515448,-6.144939433204145e-05,-0.00019639738197060937,0.0009605265240013437,0.01841326571740654,0.008963339107226298,0.003145712951577491,0.0015818617861669115,-0.00014153805467940838,0.0008964405115424532,-0.002657287516081758,0.0027159951449613087,-8.292172505358504e-05,0.0018606781680409628,0.001773188066062391,-0.0005510568696012995,0.0016597201759608307,0.00041957515886225575,0.0011884989486715043,-0.09369482392043103,-0.0014791111787929025,-0.12876097230846795,0.8347462,8.864463,0
3.0352,41.0,5.400900900900901,1.009009009009009,1143.0,2.574324324324324,37.97,-121.26,0.698,37.97,-121.26,-0.0350955687242415,-0.01630729191428153,0.0007822948780677202,-0.0015677174913354467,-0.036560658293675954,0.006350316298708272,-0.00038344823674498407,-0.0003291451312719576,-0.0003760927776851614,0.0007068309002303314,-0.008939202864457865,-0.01970894884037575,-0.000627622768073479,0.0005914502090866598,6.293329296620451e-05,-0.00487790987619049,0.002656164977390125,-0.003526262377010422,-0.00041965992908590095,0.0014795031904502067,0.002624571848980967,0.0008060659905511261,0.0015523207502779561,0.0006120900831971351,0.0007064862941997354,-0.004977776655885569,0.0017363100938601124,-0.1491166840084298,9.0859375,5.7572007,1
3.1455,16.0,5.118566176470588,1.0165441176470589,3148.0,2.8933823529411766,39.28,-123.22,1.429,39.28,-123.22,0.020021813977845002,-0.005896876532844168,0.00016911717415222588,-0.0024034372430254444,-0.007561051194818826,-0.02106962805378992,0.051645069891042734,-0.002344748581146591,0.0003543533320242911,0.0006191706835501828,0.020381416750419473,0.02027388851587593,-0.0035480036400689493,0.0021118828494904136,0.00021594751698420672,-0.0013137815561411474,0.007026573825924929,0.001337758972856045,-0.0003593617827217878,0.000991802526743178,0.003450165431525427,0.012318237327628188,-0.002478596303510687,0.001350495244444916,-0.00010562731918376198,0.029944357705431128,-0.000904145711062939,-0.25533617024823574,7.0735803,3.116752,1
3.3844,52.0,5.6900452488687785,1.0407239819004526,836.0,1.8914027149321264,38.55,-121.49,1.511,38.55,-121.49,-0.03174803355163128,0.009319110270697602,-0.006669401651654417,-0.002000174144286716,0.05805688605813965,-0.04748894514165303,0.0027089303360378885,0.0023665857828351934,0.002093710885620363,0.0012051333036250907,0.06283483359141114,-0.024740558447578772,-0.005298093637016203,-0.0007939745157673543,0.0018527575902992865,0.0024951528967310176,-0.0007812449256074953,0.00017610478919390283,0.00010311499472594556,-0.00569797500386385,0.0020383638526103908,0.0004909118584488897,0.001873454824952832,0.00047816106645082906,0.001156265466874887,-0.11752274339986338,0.016031581851779855,-0.1451371758366395,1.5876385,8.136327,0
2.0221,20.0,4.721875,1.025,791.0,2.471875,39.9,-120.93,0.709,39.9,-120.93,0.00807712472885077,-0.02513287001022688,0.0014052863110095442,-0.002893271602623803,-0.023287121724444488,0.0252703936509531,0.0007117494007262778,0.0005480491790295357,-0.000435479152052642,-3.3429914775861534e-05,0.006955577894023964,0.015184632497754917,0.0025286933445871434,0.0005984892508661098,-0.0012275807480262586,-0.004717625114622109,0.0016749780261340777,-0.003330135111743272,-0.0002035545374468134,0.0003584698204831738,0.007794136495422451,-0.0007478912024001986,0.0011087476457698044,4.217741690204308e-05,0.0004513176923115177,-0.06840187388573876,0.007197773132200636,-0.1134013463730742,2.7907417,11.83873,0
3.18,28.0,4.27,1.0325,1694.0,2.1175,38.0,-122.54,2.77,38.0,-122.54,0.0072228017266401665,0.03870469214942188,0.00028336641204016095,-0.0019950458364922058,0.019276847715416146,-0.04833889898157098,0.06492904457182218,0.0008944711250670335,-0.00033950115804820866,0.00047599039897818743,0.028795212097187883,-0.015550670234653433,0.00045609122588543475,0.0003741005962919736,4.785063176839439e-05,-0.003260776870450421,0.01659771023495259,0.019459687092735975,-4.258270641039221e-05,0.0006254768302394797,0.0018778364198193055,-0.004666180704452452,-5.506563392738804e-05,0.00021105950404472527,0.0025478560909711003,-0.13828996336453372,-0.02285009844988337,-0.011259042229450976,1.4194242,9.4785795,0
3.7667,27.0,7.305555555555555,1.9259259259259256,295.0,2.7314814814814814,39.05,-122.91,0.95,39.05,-122.91,-0.0009293573191295788,0.011215283011941827,0.0017491251621569006,2.528513107732445e-05,-0.039058151814040924,-0.06410711363912176,0.04911980833926252,-0.0021167526491118437,0.0027582786646754513,-0.0012936364030791678,-0.008214343003343162,-0.012595116593308179,-0.0010380279169646014,-0.018051798223420432,-0.024953274096607178,0.0021337480047664507,-0.05873923623339655,0.015427284413207218,-0.00524692334989477,-0.0015713275487044584,-0.006459971971483251,-0.03736200071476666,-6.05800427091141e-05,-0.027604894661002008,0.0010471901374657267,0.03897289926248449,0.0009195190367026805,-0.2597567531785348,7.3657274,2.9408438,1
1.6607,20.0,4.625,0.9847560975609756,1287.0,3.923780487804878,38.64,-121.46,0.67,38.64,-121.46,0.010308226542559973,-0.03023811257701723,0.0017583669372236792,-0.0005007616741115171,0.03140651542435274,0.010154349323536541,0.002503381855582889,0.0008239953275795637,-0.0002461815256060152,0.0011028017424579795,0.000731699597518341,0.008804274789998696,0.0012485129891281672,0.0006968193230610387,9.49402703798332e-05,0.006852243290522542,0.0032676991120233266,-0.00033155662910523145,-0.001137663231896465,-0.0030816865224665407,0.00048556494271547135,0.00043335210724421527,-0.0002881707397044636,0.004636035290732944,0.0011428949560431214,0.060777658912458475,-0.011122303713626798,-0.1346535739176575,8.319159,7.178122,1
2.2019,15.0,10.813218390804598,2.2528735632183907,717.0,2.060344827586207,39.72,-120.66,1.305,39.72,-120.66,0.08723290175630402,-0.047402839098812176,-0.0001270875369003053,-0.0020832634768879667,-0.03785980352796171,-0.0021405292943136177,-0.0028113994663111373,0.0028290731237695203,0.0025234266172152143,-0.0003384014629520227,-0.04760623959496744,0.03575551818663274,0.00280209918732728,-0.03664121666631396,0.002963271560027611,-0.020719320185985955,-0.005279120011877163,-0.011449761111320204,-0.0007495965875819871,0.0013079800472070927,-0.007123683851392893,-0.0014524144508120617,0.0010688086438906032,-0.004154874468082717,0.0023256412301221785,-0.0815224884079857,0.016701608886195447,-0.10302127418927866,3.181644,12.568932,0
1.7448,23.0,5.384615384615385,1.1775147928994083,370.0,2.189349112426036,41.41,-122.39,0.801,41.41,-122.39,0.01622420307241754,-0.019637041169616,-0.003299182325523282,0.012228430919129556,-0.05771366187138484,0.005115156521698881,-0.010589870167707334,0.00144183363264408,0.0001716287072871526,-2.691272677917069e-06,-0.008405775037368364,0.02547936687631516,0.002871673891880424,-0.0006354256416082507,0.0015340891147163028,-0.005928611272301486,0.007804742440702636,0.001441312962497929,-0.0027635059295492725,-0.0013130909146502284,-0.004266514493657559,-0.007655469127886747,-0.0023808732382644224,-0.003980222166331645,0.0023703852637286813,-0.104195750975974,0.01126618181060474,-0.27627368723041573,3.3638542,3.2744844,1
2.5658,14.0,4.815483870967742,1.0916129032258064,1277.0,1.647741935483871,38.29,-122.47,2.08,38.29,-122.47,0.08889963540715982,-0.004938594575441956,-0.0027573492767555383,-0.00036465263798928643,-0.03342420527248668,-0.005445395246532583,0.009949482881209303,-0.00407100105877938,-0.0007414776864959828,-0.0011982642156385037,-0.05841751380491718,0.026567625130898134,-0.0033017367367014546,-0.001336943509266422,-0.0005814877503727907,-0.05074279933782018,0.01363471680971899,0.029058166039167062,0.0004859871394836243,0.011772965698239112,-0.0054168881870601485,-0.010152404872208158,0.0019213432000491166,0.0002556988611409718,0.0013760799626635685,-0.09989641882288929,0.02907454909571563,-0.03444409249033837,2.3998523,12.114629,0
3.4559,47.0,6.148550724637682,1.1521739130434785,775.0,2.807971014492753,38.69,-121.77,1.231,38.69,-121.77,-0.03130320412076502,0.0019164560247317206,-0.0019499048640851963,-0.0012745293152763243,-0.03542273691228488,-0.0013060109552079525,0.025030744401491993,-0.0010547627529959576,-6.470886306971714e-05,0.0005661960625652838,-0.012528223560805397,-0.01920230340404125,0.00042831238301796183,0.00027450329328348804,0.0022968723876048477,-0.0014241340833905547,-0.004615960104646465,0.002138630622915699,0.0004712918964334472,-0.0013325408486819254,-0.0038725024035404587,-0.003534288688836854,0.0010698314773950766,0.0004571723150474478,0.0011160393379311935,0.02847729030056567,0.005382715242797109,-0.10065934040765738,9.721055,4.8597307,1
1.5625,21.0,3.930909090909091,0.9236363636363636,715.0,2.6,39.4,-123.36,0.715,39.4,-123.36,0.006992914291250574,-0.026535258708770007,0.0011962029057546498,-3.6375050189772345e-05,-0.042716139409867446,0.026038855594201445,-0.023333675709051226,0.0013358819816931494,-0.0009611794288805554,-7.579160108975281e-05,0.005133854198450748,0.0065677011576717554,-0.0015497682968334244,-0.01048609021191322,-0.002857711234419786,-0.004216084897457785,0.0066728663058291055,-0.013723687707106035,-0.0013258131302446585,0.0001637838128521901,-0.009925750692617159,0.020279428675943366,0.0016622818012419465,-0.002110796915091282,-0.0024104251365077863,0.006698981949923523,-0.005001711430077503,-0.24005144412721183,6.6710634,2.2705212,1
2.3475,34.0,5.27437641723356,1.0680272108843538,1356.0,3.074829931972789,37.93,-122.33,0.903,37.93,-122.33,-0.023482563761225986,-0.021794857793840088,-0.0017480047077618245,0.0007062794640539674,0.023983419738253395,-0.05455008328398486,0.015702002072558893,-0.000529611393209019,0.0002392385387718086,0.0009764171829485159,-0.006517906264190577,-0.009852825151892248,0.0014036488695907648,-0.001520011713756111,-0.00027101220129031043,0.001408477103503379,0.006128652885337877,0.0006634572699234266,0.0004183516272355122,-0.000535047615545954,0.0005292050286335746,-0.0012205114167196203,0.0013049187834599982,0.0006543433598136749,0.0020464891911991983,-0.019501528416401775,-0.0017410845501066796,-0.22571903797477746,8.090356,2.9953797,1
3.9167,28.0,8.839142091152816,1.8123324396782845,923.0,2.474530831099196,38.38,-123.08,2.326,38.38,-123.08,-0.0027484401398821757,0.01794553410159608,0.0009207187552480321,-0.0017105819950041625,-0.017308051298405524,-0.08896370394010664,0.05539304306412428,-0.004429610725608884,0.002906250720557499,0.0005545085252127303,-0.007677511702001579,-0.013045858892578742,0.000249312006818121,-0.01529191109431085,-0.000489751481530469,-0.0011091831609851876,-0.04554280216928726,-0.028143379628094295,0.0009358587812504612,-0.0018546403874678478,-0.005539845968811557,-0.03807312775895124,0.0013994461436331038,0.0012353757010258879,-0.0016256686527929471,-0.12376096081377552,0.012349632647960886,-0.10692028786202548,1.2163063,8.823981,0
2.9048,32.0,5.809859154929577,1.102112676056338,802.0,2.823943661971831,38.9,-121.52,0.982,38.9,-121.52,-0.008611630999243077,-0.016148129343357492,-0.002623984788867634,-0.001086018556126651,-0.0006513405845705417,0.0002125072652436394,-0.003013022310852413,0.0005139414825711518,1.5341246986766645e-05,0.0005247070505345811,-0.00594227586476168,-0.011833787360987471,0.0014132260957205054,-0.001031269659289031,0.0018200750376088015,-4.930435361384295e-07,-0.00046545846921481975,0.0008836079361483114,0.00015035414210509663,-0.000918615482871022,-0.0027021835326011597,0.0024064821714471093,0.0009596191170821364,0.0006297374597951295,0.001147591588736032,0.008324816687277818,-7.405880760317468e-05,-0.12333430525317705,9.364793,6.3810625,1
4.635,33.0,6.052380952380952,1.1095238095238096,1099.0,2.6166666666666667,38.46,-122.4,2.485,38.46,-122.4,-0.0007947208479477277,0.021615480151947242,-0.0014913124457672999,-0.0018541291533695858,0.007065246341858895,-0.003949292053593468,0.0507505064795982,0.00016850673371664613,-2.193948761860651e-05,0.0015608539797093927,-0.006033988984689,-0.010148596955097967,0.002787472187046149,-0.00026033875616778175,-0.0004872435112147507,-0.0013385974792780408,0.0006510227986243188,0.01006475109949529,0.0007706019597417227,-0.0014461109578864238,-0.002017830162114741,-0.012338827556104366,0.001976620661058311,9.63944678251093e-05,-0.001683823543889987,0.006569287470072241,0.004866352368316088,-0.03382883212280272,11.517383,5.418127,1
2.2925,44.0,4.669329073482428,1.0527156549520766,1371.0,2.1900958466453675,39.73,-121.82,0.858,39.73,-121.82,-0.04591605881316866,-0.0007383087156049622,-0.002104894199935274,-0.004257792863210883,-0.05054563716899126,0.02484024948536952,0.02106877753420516,-0.00034161047641425684,0.0005836046102153866,0.00029852971973794623,0.0021166294822570395,-0.035097999237410096,-0.0006919737576795427,-0.0007257884789489931,-0.0002756505779927171,-0.0068473916824937685,0.004648873698575541,-0.0013006459486937401,0.00022033574999498614,0.0005949033576205206,0.0036116559921824387,-0.0007085312209596801,4.0968074215910786e-05,-0.0005207692384041699,0.0004331131514713067,-0.08373906387601955,-0.011920385655111254,-0.08624391184479524,3.9397607,10.507769,0
3.3941,22.0,5.4506079027355625,0.9984802431610942,3526.0,2.679331306990881,38.74,-121.26,1.359,38.74,-121.26,-0.0010751319507951384,0.004286412915164051,0.0003544225966252392,-0.0016839248591611266,-0.03822724029372949,-0.006550404633045814,-0.0040598727500251,0.0007150853125316703,-0.0002157951632756765,1.0710421099409151e-05,0.012993364156754287,0.003045808043270895,0.00288995262040488,0.0005914502090866598,0.0003331051073202971,-0.0018863121023675734,0.001598754740996013,-0.0027517276396560393,0.0004657617427747799,0.0009559803129438532,0.005508391468270291,0.0011120358322418322,-0.0014717610033570833,0.0008472564521195439,-0.0011109507126866095,0.02160232376130919,0.0008831510415879796,-0.1198424084662743,10.447833,4.2144365,1
3.0033,52.0,5.223796033994335,1.1104815864022664,667.0,1.8895184135977336,38.56,-121.49,1.035,38.56,-121.49,-0.058971048494674994,-0.01727819048337621,-0.004570929852433153,-0.002228230078298478,-0.07701970984061003,0.013103523959445421,0.002324622007807267,0.0037107598419379093,0.002459631194132655,0.0010954730150507892,0.044392513582897176,-0.02280089960200681,-0.004364495226580018,-0.0005139026002629612,-0.0028835430244705407,-0.006783310444256348,0.0031422013519509053,-0.0005076616283550353,-0.0003082328900741429,0.0017141378383809672,-0.0023893394074482894,-0.0003060209672032761,0.0013687921781854401,-0.0033675932736421024,0.002925456330140365,-0.08498040345596843,0.01679247112502418,-0.1456505648360786,3.9075,9.743826,0
5.0427,22.0,6.405405405405405,1.00982800982801,1216.0,2.987714987714988,38.55,-121.35,1.269,38.55,-121.35,-0.003712093645211746,0.018882866245604528,0.0012223978242283506,-0.0015610170662762222,-0.017584896633158983,-0.00959117269646374,-0.001990349180457181,-0.001000837958351155,-0.00019466676201793345,-0.0007960260997318581,0.009251350741248615,-0.0010112640892456632,0.0014776390643603744,-0.001218673372035068,-0.002039637276594641,0.0008868907254799607,-0.007103132348126853,-0.003516225854479282,-0.001215494300816466,0.002347561016813415,0.0025468148793991122,0.0013505547377000275,0.00028171484039149367,0.0015074764721262268,0.0007841616954688907,0.029488543849579874,-0.005473613385477747,-0.12336707002194904,10.499072,3.8749123,1
3.625,33.0,10.909090909090908,2.227272727272727,63.0,2.863636363636364,40.63,-120.35,2.0,40.63,-120.35,-0.0010896104868347678,-0.0023776241973336764,0.001360207823682501,0.0567248890629376,-0.025980169410971,-0.02606665604071363,-0.00418289239926202,0.005152691431936932,0.002672933641784952,-0.014979692056143896,-0.009633490156367087,0.0006218345233819892,0.004871973510447193,-0.03811217673583847,0.062320045597732854,-0.008470897594488862,0.019822080351372635,0.0010116669845318233,0.011987242229398442,-0.0010904344160491905,-0.005515885804866708,0.005391774064766627,0.013695308360057196,0.22553893268127365,-0.03999422031317607,0.021129542708511438,0.005102975773784604,-0.03275124764264032,11.546611,4.5744014,1
3.6154,5.0,4.193548387096774,0.9919354838709676,1037.0,2.7876344086021505,38.02,-121.9,1.818,38.02,-121.9,0.04053806581838751,0.03967374876375602,-0.0004507433162866363,0.0003854617902441401,-0.02659792088515053,-0.012202065031153151,0.019145928185202225,-0.0043607514689438555,0.0004184646748609078,-0.004582874699853412,0.01756706869367626,0.02137484208900478,0.0001108082258196502,0.0008568541608198386,-0.0002176844522194967,0.004560410886347396,0.005127472420419735,0.0018657170551622307,-0.00021985179481755354,0.0012735098618611366,0.0026947905103136853,-0.00037130921115397837,0.0016379266699169382,0.0004052091037093742,0.0011131216840361644,0.02806493359833683,0.003278580161144361,-0.11377598883861721,11.144106,4.754788,1
3.5508,27.0,5.785,1.0883333333333334,1793.0,2.9883333333333333,38.34,-120.98,0.991,38.34,-120.98,-0.00023641579464617202,0.0018581520226467437,-0.0020436953484797922,-0.0015918409369151966,-0.02424286112801639,-0.011778349225511669,-0.0003372999727171969,0.00041018424365828855,-1.6647770382505237e-05,0.0003556996905811515,-0.01065657216493362,-0.015891182723761513,-0.0005252844376516965,-0.0010742548031541408,-0.0007562824615447818,-0.0019165388452489678,0.001747605835107798,0.0027998291022562952,0.00013781616445033805,-0.0018079663104610126,-0.001013585801172912,0.0018466615698297143,-0.0003100986606427341,0.0003514209491711041,-0.00024864652131378683,0.0411590529224889,-0.00506829051312812,-0.13568396490647783,9.472137,4.2677417,1
3.1312,49.0,5.831858407079646,1.15929203539823,741.0,2.185840707964602,38.51,-122.48,2.476,38.51,-122.48,-0.011910391704217512,-0.004200114190808269,-0.0016630811199636292,-0.0016455295252807687,0.039646506132113055,-0.06218235985539424,0.040257470649228765,0.0013073586890539621,0.0005775163137255069,0.000564560257352941,0.005079918993123512,-0.017830157562136295,0.008067560917577002,-0.0009663076167249969,0.0003306953698441863,0.001574447326390321,0.0056764297697604466,-0.0012506386781816663,-1.2991249463570025e-05,0.0007786066953225541,-0.004243938579990707,-0.017800930901657935,0.002257481573614751,-0.0006415107965327285,-0.0011907953855853168,-0.13388289115279164,-0.009283627467388658,-0.11383978682836644,1.3734405,8.880838,0
3.5085,27.0,5.446153846153846,1.0853146853146851,1832.0,2.5622377622377623,38.48,-122.87,1.878,38.48,-122.87,-0.004873717247114684,0.0019044871504780706,-0.0012242349911220358,-0.0020600165468714045,-0.05702926385969339,-0.035938874183923754,0.05940425721599288,0.0012572143393202832,0.00023923853877180838,0.0003643174777074505,-0.010665527620706562,-0.010538099715169743,0.0009972657645305385,-0.0014275462865979919,-0.0003823748826187439,-0.0037074989561386024,0.009320728934700841,0.0018985164672547033,0.00043919455363170847,-0.0016048200429011389,-8.98808817247054e-05,-0.012793081711412423,-0.00039804335942281036,0.00014435444963663751,0.0025003903633363756,-0.009437654504368904,-0.007028603466704182,-0.10961835313325428,9.984011,4.9865966,1
1.0585,26.0,4.362279511533242,1.1221166892808685,2041.0,2.7693351424694708,39.5,-121.55,0.451,39.5,-121.55,9.818599427489929e-05,-0.025454674561903944,-0.0034671859682819358,0.0005755488952113094,0.006241909722344121,0.017209637855281634,0.00093604868829219,0.0011286316827229855,0.0005541378410377931,-0.0005015758177382871,-0.004585950385019528,-0.02132673361183026,0.0008666894816419685,-0.0006389861708290623,-5.7034293914224355e-05,0.0030034653236700824,0.0027104537247746754,-8.776672620017333e-05,4.669924137269333e-05,-0.0003822000298613292,-0.007947114748272407,-0.0014655521298247306,-0.00046655414937094817,-0.0005452422684269057,-3.985844945408642e-05,0.0035876467990607576,2.8978294665773802e-05,-0.11557235969921785,9.3834505,6.554417,1
1.6911,18.0,4.771653543307087,1.022965879265092,5022.0,3.295275590551181,39.72,-121.85,0.988,39.72,-121.85,0.010025543970612633,-0.030114519164933694,0.0004943128409217864,0.0004786124749740836,0.030175516931067365,0.017932264593326565,0.026473064427890988,-0.0004101576283340758,-0.0003309365096064503,0.00036591714170665623,0.00808085309350683,0.02131538914063111,0.0007632778469548163,0.0005406055451654736,0.0004456546346343314,0.002370443108779844,0.00459534094332812,-0.0009248937934385733,0.0002272049218999316,-0.00011037128755208954,0.006869270297462722,-0.00040754229961902436,0.0004166269004369719,0.006296471322482375,-0.005471057040597465,0.05958963452242027,0.004067291861062251,-0.07442698217612784,8.80301,7.463034,1
1.9559,36.0,5.626315789473685,1.2,567.0,2.9842105263157896,38.8,-121.72,0.784,38.8,-121.72,-0.022606767272363798,-0.014912529850119564,-0.0033424659563197653,-0.002261883684334949,0.02958805693626381,0.021266394500115117,0.02159602538524251,-0.0009228151011172522,0.0001127852638111369,0.0007032762683008593,-0.006070044379607071,-0.011984586234734524,0.0011985638410299273,-0.000677323798051333,0.000945839446770232,0.0021160104801113922,0.00017893950637362546,0.0023703389755309998,-0.001243724730810838,-0.0008153874312843437,-0.005200359200163946,-0.003462543760994292,0.0006092536147042958,-0.0032161335882625952,0.0029833879128251294,0.0332965652014963,-0.0021757662366156433,-0.08683458330725934,8.854097,7.2142525,1
1.7616,52.0,5.602150537634409,1.1612903225806452,1789.0,3.206093189964158,38.55,-121.46,0.841,38.55,-121.46,-0.03603035627459804,-0.014669422031884758,-0.002845152172828281,-0.0028182411319271085,0.047606382238846806,0.006523271312159665,0.0031242285980174417,0.0036882983259899846,0.0008829763308482209,0.000833330634778977,-0.007245246355218358,-0.014489261587761846,-0.00496091390493955,-0.0002798066080729107,-0.00018738439880698388,-0.0049333845307834336,-0.0004239799487147529,0.0002922218020615785,7.281258503572095e-05,-0.000998554968133281,-0.0020275549301585656,-0.0010070442485528527,0.0009677709878425057,0.000763130872916365,0.0005023390196279709,0.045807800403391344,-0.005576418032818926,-0.1357720778045913,8.136001,6.9167967,1
2.2532,46.0,5.085011185682327,1.1073825503355703,1088.0,2.4340044742729305,38.01,-121.8,1.094,38.01,-121.8,-0.03806012687069816,-0.031213297333452503,-0.002200223570491823,-0.003856941413993238,-0.015286545456486006,0.035352302557849644,0.027253539074696385,-8.063827640731851e-05,-0.0003123656892869973,0.0007064492698695979,-0.006571316704774496,-0.025303551988028458,-0.0008116975627567123,-0.000877611342373897,-0.0003032226494165703,-0.003049889008281272,0.005385018548212622,-0.0012984622946087194,0.00023865385517399942,-0.0011021912534192667,-0.004782692621705887,-0.001102840404160591,0.001233115769095152,0.000393832913814261,0.0009654885036097889,-0.06993236787966252,-0.006952578536668669,-0.11084949219059242,4.0683827,10.460605,0
4.0437,32.0,5.442583732057416,0.9497607655502392,1233.0,2.949760765550239,38.0,-122.32,1.628,38.0,-122.32,-0.0009935581425718103,0.013499852068357384,0.0010353780041569007,-0.0012394349775153776,-0.021266942879868234,-0.048839544580636274,-0.0022551217500701983,0.0009674384608096303,-0.0014666990768079705,0.0007867137216257887,-0.010471187784479275,-0.01251516349757282,0.0016075162425036012,0.0009016252155877694,7.563112040945244e-05,-0.0007900989695740182,0.00353498344171508,0.0023557789491165334,-0.00028510122345264393,0.0019370304895035767,0.0007165443476979737,0.0065395991002171255,0.0009104313054684051,0.0006099728270577701,0.0019463327922017001,0.038695645465261226,-0.009384544482770459,-0.22186777431649085,8.307608,3.5097926,1
3.8583,31.0,6.457142857142857,1.125,691.0,2.467857142857143,38.44,-122.69,1.932,38.44,-122.69,-0.005369750394276638,0.01896559808147109,-0.001407373982584378,-0.0015130130179154785,-0.020415415615133586,-0.07904617760230978,0.0663958603327616,-0.0010300500496518287,-2.4246980888841178e-05,0.0005499692911481758,-0.006565068297435871,-0.011453435938661261,0.001778869789245953,-0.00022375066644354943,0.004872882876941254,0.0023422890258698948,-0.0035564018218563155,0.004050079943474643,-0.0007299097501284875,-0.001772264299967767,-0.002481324569083919,-0.016649894487559495,0.002317869243949485,-0.003308173015546741,0.0002842343069591818,-0.11947450801591018,0.011035352627206806,-0.11640126808140604,1.2324352,9.115397,0
4.6379,29.0,7.074534161490683,1.2329192546583851,765.0,2.375776397515528,38.48,-122.48,3.482,38.48,-122.48,0.017037043980162033,0.02027040273582876,0.0010820747920174756,-0.0019231366778021293,0.01812957928924386,-0.011051761877900215,0.04595180144497886,-0.004412582803145771,0.002906250720557499,0.0011331016873689847,0.013019121768639326,-0.013303212326416198,0.0016574482510266749,0.00044483374107425844,0.0055510358930470904,-0.0005696609440245853,-0.05268976609691672,-0.03279092605471973,0.00104091931885967,-0.0022290286429802277,-0.004367570801317246,-0.02091869581191831,0.0023610365151324453,-0.0016523351867573266,-0.0009271152930316308,-0.10183463652057577,-0.002984710277034158,-0.06897623067732625,1.3055059,9.013312,0
2.9875,19.0,6.50880626223092,1.0978473581213308,1544.0,3.0215264187866926,38.14,-121.05,1.663,38.14,-121.05,0.005958121608180382,-0.016856944275322704,-0.002658062990660431,-0.000862859804886075,0.014064462461593728,-0.0013048713898338607,-0.0008336672964527569,-0.002740372066255505,0.0001980511040253824,-1.759789985491103e-05,0.009804700651617612,0.017174777054441807,0.0024069959962603853,0.005306783378319067,0.002083645580758711,0.0028870303469476165,-0.003369473212888099,-0.0018819742486984594,0.0007970010874912327,-0.0011627896201697164,0.0015279172062125713,0.0029346492455810487,-0.0005025558559291793,0.0017686640557886193,-0.00034427564862345996,0.02158390661277577,-0.006429173608978667,-0.1216479352388889,9.824497,6.8363886,1
3.4904,25.0,5.043478260869565,1.059782608695652,413.0,2.244565217391304,38.51,-122.47,1.969,38.51,-122.47,0.010368276406105862,0.012031239200148081,-0.0019988684413087517,0.00045993415555902243,0.029844093295017297,-0.06612590810172869,0.058441822852017426,0.0013361235724125874,0.0004337715164902107,0.0002898191647271104,0.016787006736524952,-0.01816597834761215,0.001032491492500834,-0.00048239301073336614,-0.0008433679101789694,-0.005832680222901074,0.011342240993819076,0.006957181029851948,-0.001728836130809937,-0.00045608787445550723,-7.420395751199559e-05,-0.008460859590706254,-0.0011563678180200473,-0.004017740771320852,0.002729266219268405,-0.10729928310329742,-0.00035609507734777436,-0.10935738302635087,1.205436,8.768089,0
3.4643,16.0,5.072423398328691,1.0027855153203342,969.0,2.6991643454039,40.31,-120.49,0.851,40.31,-120.49,0.029192706272267253,0.004777474109058655,-0.0005048150763986882,9.979351570014933e-05,-0.036935199329787366,-0.02629739253318385,-0.006811965172649572,-0.002390416668518164,0.00010679341385824633,-0.000669129040249722,0.013547493549465201,0.01549888289160068,0.0018323685724316804,0.0008113695695842339,9.911753575118858e-06,-0.0015823390886981013,0.0014041429592663468,-0.003342564740801392,-0.000400143196426913,0.002000556901544235,0.006848720794408162,-0.0023656021734603234,0.0012991347558066954,-0.00040164713708738705,6.954749802866287e-05,0.004432055804903831,0.0019457884425793674,-0.12838893208216634,11.132526,4.438081,1
1.9851,17.0,5.474949899799599,1.220440881763527,1005.0,2.0140280561122244,38.91,-120.01,0.867,38.91,-120.01,0.0934798436517987,-0.018197150511120367,-0.0022131395883967704,-0.0019254878912839445,-0.05104866003754199,0.01275290387658748,-0.006690258297271739,-0.003417546830107455,0.002162169799299164,-0.0015293526909029385,-0.05071132691937513,0.030340859544124344,-2.8201785998384105e-05,-0.0012550883505276042,-0.0004237916990667189,-0.009152285569283183,0.0007788036038987108,-0.002657649710878109,4.094101258139802e-05,-0.000934955694030492,-0.002213168918476601,0.007217224061074858,0.001433741751595288,2.897182523132787e-05,0.00010283929437016989,-0.07647174130227544,0.016396537023257277,-0.1543700404173984,3.3201284,12.622424,0
2.8542,52.0,5.457831325301205,0.993975903614458,257.0,1.5481927710843373,38.56,-121.44,1.394,38.56,-121.44,-0.058503613209324956,-0.018110212162276536,0.0018463726718225195,0.0007184676923334635,-0.07370860265011052,0.013150081103373078,0.0019225800539268542,0.003944279562940112,0.0014775491343837015,-0.001613979246875561,0.04461025733454773,-0.02486351872353142,-0.0063188721646825485,-0.0010147581790864242,0.004719104188758138,-0.040620655813393164,0.004954918053958179,0.0003508423718452324,0.0016781000395653528,-0.00892378846804681,0.008219086591231464,-0.007644255425267313,-0.003135006958677814,-0.007437022141572238,0.001927247156664367,-0.09853382934912466,0.04968196609783688,-0.15048621929756625,3.7363605,9.737492,0
2.5587,37.0,4.738853503184713,1.070063694267516,1455.0,3.089171974522293,38.12,-121.27,0.878,38.12,-121.27,-0.019965071062475807,-0.0008453851880414672,-0.002112536425012783,-0.0017390906451926586,0.021790301936026196,0.005552813327263013,0.0034707583333288385,-0.0002619749794139649,0.0002392385387718085,0.0009128980415585526,-0.0073855799693829825,-0.018574011440391953,-0.000838448074582732,-0.0007806422864159496,-0.00019472200248787407,0.002866399207907507,0.0032286674359625193,-0.004103769996717584,0.0001155255769736664,-0.0005097651932767631,0.0029491106860725542,0.0017061491350492623,-0.00038567271200473576,0.0005929761110879251,0.0004941457586201967,0.02416454062516509,-0.008376006296549386,-0.1396028764382971,8.473237,6.1038637,1
4.6,24.0,13.104166666666666,2.25,235.0,2.4479166666666665,38.92,-119.94,1.368,38.92,-119.94,0.011760903619857934,0.024652948158673763,0.0025262796825632245,0.002496088299144844,-0.0011079178345653356,-0.047727654960355956,-0.005873843514550747,-0.0020333179602096242,0.0030360553209978726,-0.0008020064997590321,0.019975250026689328,-0.005356065332726,0.0024339083761567935,-0.032491969166152074,0.0033857401856155402,-0.004547025484869124,0.0072246683800816685,0.0030150028519681103,-0.0052421859090107355,-0.0016647839657328433,-0.0010331480095843392,-0.004269153594740282,-0.00610208616317709,-0.008909752483014823,0.007123286791169546,-0.09188141803783867,0.004455475202548023,-0.10924912147353462,0.9873616,8.995866,0
3.4519,15.0,6.157303370786517,1.130337078651685,1188.0,2.6696629213483147,41.28,-122.45,1.288,41.28,-122.45,0.03433613706829713,-0.0010364520516020228,-0.0009471072670127483,-0.00014739663976154297,-0.03397346170223008,-0.03968940332064327,0.06515302437780285,0.0034378734351631496,-0.0005911524572715179,-0.0002771777844291607,0.011935354123466363,0.015033481597013468,-0.0008009147280856966,0.0009188755727272081,0.000696679059149142,-0.0021744133955312914,-0.004653298870979116,-0.01599351080128065,0.001000720452103337,-0.0014929298979188246,-0.007536935465678098,-0.01709794995698276,0.0016147183270759694,-0.0016732214941338954,0.00046918725851152635,0.01922893109749401,-0.007928127219158879,-0.2970600008929663,7.0677247,3.018481,1
3.911,4.0,4.508455467869222,1.2164599774520857,1591.0,1.7936865839909808,37.99,-122.33,1.125,37.99,-122.33,-0.0513573244717735,0.013274050260427927,0.0074200582077840384,-0.0012938946284493562,0.09216478718830047,-0.0743320270178571,-0.0028093158318787757,-0.009357527687909532,-0.00010980719051969639,-0.006916450206778924,-0.14901116627100722,0.03826742968471727,-0.0013990672983164839,-0.001840359972122716,-0.0005903179065813668,-0.005090047969306009,0.003986706056328883,-0.00036089092597594045,0.00045226252918502765,0.02087345525120181,0.009883065906900827,-0.021845456249545446,-0.001828796490131827,0.0005019438600942477,0.0029157611970789155,-0.13336533373532414,0.0010696262054538867,-0.2576773216040951,-0.14063819,9.566656,0
4.918,19.0,5.930555555555555,1.0104166666666667,906.0,3.145833333333333,38.03,-121.33,1.306,38.03,-121.33,-0.0030276734518079064,0.01879910683590468,0.0012223978242283506,-0.0012140107583751287,-0.011729904911116336,-0.026807994534793773,-0.0034037200271748182,-0.0003414826160552351,-0.0001685214525815301,-0.0006949756329546169,0.01907065762739905,0.0153466001807224,0.0007318205806054915,0.00025541986560679664,-0.0007254568271908133,-0.00015264970128982274,-0.00505398378714427,0.000427172550543587,-0.0007743673551297059,0.002349656651606404,0.0025412695871680586,0.0014481127098902654,-0.00022796121212458184,0.0005595905771565614,0.0013637955417146314,0.04380741309646555,-0.005770404054813692,-0.13474337323892593,10.862631,3.5038288,1
3.0729,23.0,4.866766467065868,1.031437125748503,1890.0,2.829341317365269,38.02,-121.32,1.048,38.02,-121.32,-0.004584097960087315,0.01584661494574444,0.0010132658309438256,-0.001786095149560133,-0.010678167685475986,-0.015953483601322573,-0.0037448019790818333,0.0006978225454010603,-0.042793486814772394,-0.0003511483229676808,0.011688373341730597,0.001791765135680594,0.0016270379387188462,0.0011086804653387418,0.00032725561565892503,0.003256707672614387,0.0038149863170207237,-0.0018469283359376705,-0.0006540676258802717,0.0006008386976906636,-0.03932066461685874,-0.000498377402576609,-0.0003199957557881995,0.00039476410778594155,0.0005150762790587865,0.01493941657071649,2.8113256760785868e-05,-0.14738025641840652,10.592324,3.7736638,1
3.2788,26.0,5.604838709677419,1.0161290322580645,319.0,2.5725806451612905,40.48,-122.33,1.016,40.48,-122.33,-0.0036885523356824813,0.0033358634077080597,0.0005554815623369972,0.0015556243051675143,-0.053399109885107564,-0.030500286769756066,0.016923022772027944,0.0004131893952104964,-5.855932060741082e-05,-0.0022588259090135844,-0.009872946765750365,-0.01812650086526659,0.0016650623429495294,0.002410498825148635,0.0035545570569058584,-0.008469932503102793,-0.0017242026306784608,0.004267314724529615,0.002838701135804169,0.000998577699582179,0.0036952502565396747,0.0046599342158019546,-0.0024953085342019543,-0.005293332933172962,0.00034799416521642807,-0.021980389603752037,-0.0013326841920655874,-0.22113661390947129,8.073914,3.1951149,1
3.4291,6.0,4.804157549234136,1.0656455142231946,1982.0,2.168490153172866,38.61,-121.49,1.053,38.61,-121.49,0.019667201014826743,0.015001469829743935,-0.0013905956601844949,-0.003953863342200659,0.032219802523402535,-0.04890216850412094,0.0018352603427031,-0.006349347004026581,-0.0008087353166433852,-0.002123316783396656,-0.059822959628844784,0.031212654204755552,0.0020056921385367753,-0.0012014716711159293,-0.0002579842832111013,-0.008956203268584062,0.003197760579778107,-0.0011334829169752428,0.00011544683781550842,0.0006492112523593662,0.002450780839559074,0.0012039276320267628,0.0003472758544458666,0.0009286066661704055,0.00024367242338578713,-0.10753632747731572,0.01644708731995158,-0.1435422989603838,0.120350756,9.418355,0
2.065,23.0,4.80349344978166,1.013646288209607,6330.0,3.455240174672489,38.55,-121.76,2.194,38.55,-121.76,0.007098312912130818,-0.023423522138535706,0.0012541034724584917,0.00029760492818762857,0.03621083011950224,0.014754588794167314,0.03231544506711893,0.002485453407305409,-8.118674336726506e-05,0.012844395806869828,0.012483503961746573,0.008866355655211114,0.0018639512425946956,0.001089637194192738,0.01262418975053305,0.004276375619430587,0.005039588201192045,-0.0008705856735186526,0.0015456723327456714,0.0005141470128367768,0.0019435849678966551,-0.0008937380938034355,0.004309154815337059,0.02589806135583807,-0.005410417492863616,0.06686287390978117,0.017255547501373324,-0.08475402417286432,8.762636,7.495386,1
3.1944,35.0,6.026315789473684,1.0847953216374269,1110.0,3.245614035087719,38.53,-121.41,0.79,38.53,-121.41,-0.01532450871521566,-0.004073941757599395,-0.002413029733439752,-0.0003234863379012067,0.00375769041765288,-0.01671580253859138,0.0018060875894627196,-0.0015518852048083175,-1.3692710928170436e-05,0.0008177218784225311,-0.01568857172390044,-0.010401033099103885,0.0009835096724003952,7.52272237414225e-05,-0.00015838263981392514,-0.0022551108284343297,-0.0039702600814726105,0.0005873297790183593,0.0004675611494506077,-0.0013599879303483478,-0.0009863417422116382,0.002270628353398258,-0.0019221917302014728,0.0007512526776839333,0.0012873911890049488,0.05045326867744456,-0.005705814897044771,-0.1321076021591742,9.180659,4.645469,1
4.9219,35.0,6.930232558139535,1.1686046511627908,535.0,3.11046511627907,37.98,-122.0,1.82,37.98,-122.0,-0.004414089332864098,0.02120790187044926,-0.0011576285956906248,-0.005252015611300333,-0.01851819435909294,-0.04527212407799585,-0.02971204991432398,0.004188226008002638,0.00010486213633136043,0.0014478424700948085,-0.015735046973495124,-0.012691280797427644,0.0016938624786516849,-0.000534410959681729,0.013401035112829278,-6.9347658023372e-05,-0.033678153116811826,0.00021541548309317592,-0.003204255830960554,-0.0014825580852222884,-0.0029484789637198886,-0.0037674332213933175,0.0012518566293749486,-0.0031088515405020725,0.002921523931908656,0.03170846445670143,-0.013057173839249904,-0.11735813588216866,10.3053255,3.4467583,1
3.5917,22.0,5.410526315789474,1.0210526315789474,821.0,2.880701754385965,39.21,-123.19,1.188,39.21,-123.19,0.0012254968219417143,0.006822706401699492,0.0005233615623527412,-0.0006275725282233344,-0.01469140778194604,-0.019350041536825756,0.07593333750073011,0.0006991804708528427,-0.00021567995912515154,-0.00032608812697929306,0.010321286359085193,0.00013195183567153888,-0.002814306869355644,0.0018905096326409996,-0.0010840624993734018,-0.00227612362778905,0.007107281247969312,0.004976332973162101,-0.0001868226128232217,0.0013563957781568925,0.003447656240452097,0.012278704260199221,0.0018575352415180016,-5.993692358981997e-05,-0.0009609928729952287,0.03385547876878271,0.0022497924615950235,-0.2580717349369614,7.2646227,3.1564784,1
1.4274,22.0,3.992248062015504,1.054263565891473,1367.0,2.1193798449612404,38.01,-121.31,0.905,38.01,-121.31,0.026018471662036663,-0.01884260158260122,0.0011144689954609578,-0.0008533798665478314,-0.011344356787926783,0.006620170688328,0.0017308160654022685,0.001949503655750165,0.00047977085631316835,-0.00017469303915320207,-0.017178943452336407,0.009452262269136116,0.002935959424890316,-0.0005768064687732594,-0.00029782960819913683,-0.0023667981475933384,0.0035722140240755066,0.00036463032164115486,0.00012350966825276985,0.0002412386006733466,0.002337673225968776,0.0011416494072487824,0.00023766857620249166,0.00044767557706666596,0.0004801318851693034,-0.08813284862015358,0.015910395563928675,-0.15508651142077953,3.010249,12.025334,0
2.1474,21.0,4.965156794425087,1.1254355400696865,727.0,2.533101045296167,38.73,-122.62,0.853,38.73,-122.62,0.0058884557649310915,-0.03940628148274632,-0.002269806058887048,-0.0030095469513592324,-0.02364067214726057,0.026358221977440217,-0.005913027034675372,0.0007939137068173022,0.00037507665782573666,-0.000385490725426111,0.004016370564735847,0.002568892937246419,-0.0017833386508875652,-0.0010731046001264373,-0.0023984525893999747,-0.003951504009929822,0.006739170860016025,-0.0010476497939893364,5.7684307057341114e-05,-0.0007931213481382255,-0.0032844864917074713,-0.016033147309870956,0.001845174349760944,-0.0006700741658081012,-0.0007999943015418468,-0.0440474587478761,-0.0027854680287942983,-0.22402262284726362,6.3490033,2.392688,1
2.6065,19.0,5.648175182481752,1.294890510948905,2086.0,3.045255474452554,38.74,-121.27,1.549,38.74,-121.27,0.0076603200501114445,-0.021173968902623463,-0.00044959762654269147,-0.001515575249049304,0.016967362209021706,0.0048751788287596815,-0.0004057702685901641,-0.0001927346202392349,0.0031483674642397846,0.00033607858508326826,0.006440858820798072,0.017102802461395682,0.0023399063084746205,-0.008907326133836609,-0.00041898497695876607,0.0009213789026139953,0.0014266878689748227,-0.0007133089431187851,-0.00039644584500623517,-0.0009767898458649335,-0.004951394432381791,0.002350325936431302,-0.0010856883957764132,-0.0008846339764344024,-4.35118253380885e-05,0.023488307150368395,-0.008444982388263739,-0.11548182246181973,9.725053,6.9204473,1
3.016,35.0,5.328712871287129,1.073267326732673,1409.0,2.79009900990099,38.02,-121.96,0.953,38.02,-121.96,-0.024127137287662227,-0.01381052403922832,-0.0019578899554358454,-0.0017510587800489128,-0.0019171399546476203,0.002223674292859135,0.024927105067459907,-0.00040143073364011137,0.0002392385387718086,0.0009126482844844431,-0.005697995876452518,-0.011885723474826724,0.001126863290176558,-0.0007806422864159496,-0.00024242984512954345,0.0010001211230423646,0.00564914279981566,-0.0019161684513735171,0.00021692386356645955,0.0003020883040097637,0.0025850146610814292,-0.0002103992443666728,-0.00014647976761753998,0.0004592380619537805,0.00044024609979786587,0.009314840688435194,0.004812341208467365,-0.11346880486016477,9.442002,6.1004343,1
2.7083,16.0,10.512820512820513,2.4153846153846152,588.0,3.0153846153846158,40.93,-122.81,0.889,40.93,-122.81,0.03199346556387605,-0.03470034360993992,0.0004989277206253563,0.00032658854552512003,0.00960841198243026,-0.005170314041398602,-0.005783770493751919,0.00153609480345577,0.003062561187156536,0.00019210041911134806,0.012378700559228604,0.012797066881977293,-0.0008418925282305227,-0.016491755860507367,0.0062485301331410325,-0.006912116572408444,-0.014016613162484379,0.007365495196253841,-0.0006327335688428218,-0.0011943530591485968,-0.0071518093069982145,-0.03457991859662549,0.00109243412343431,-0.003537259042633114,0.0026794841947200437,0.02025636311542548,-0.007978970111314501,-0.27571357955326675,6.573038,2.6338122,1
1.186,24.0,3.36426116838488,0.986254295532646,546.0,1.8762886597938144,38.55,-121.47,0.67,38.55,-121.47,0.03549608322494669,0.06267437515765785,0.007259964194054501,-0.0036972152217786746,-0.06654312399579004,0.009860286162201234,0.0008261590144803057,-0.0013666086943643582,-0.0001363603973054801,-0.0004970432510997529,-0.030568868485193725,-0.004643862450458162,0.0024526804675664964,-0.001601014479364934,-0.009283972987526286,0.013777647310567225,-0.0039331453903540545,0.006176645895978202,0.0019485289964787892,0.002297926573987391,0.0014521664667212042,0.001685295852828496,0.0013623436522101735,-0.004754182515365466,0.0026792131579699095,-0.08466944047662495,0.01409740819668021,-0.1486196139015318,3.2707999,11.656542,0
2.7917,34.0,4.4366925064599485,1.0155038759689925,1224.0,3.1627906976744184,38.55,-121.73,1.308,38.55,-121.73,-0.01946650395931838,0.010574548173694411,0.0007480364883057889,-0.002076945468059435,0.04754507058633325,0.01271346361260664,0.030064669206347053,-0.000888135705652997,-0.00037689271484684007,0.0008662797832017225,-0.009901454968712562,-0.010401033099103885,0.0009873498163563206,0.0006066863032748947,8.551846195306786e-05,0.00486497230000798,0.004842492341429364,-0.002263731416454267,-7.811828987276079e-05,0.000733352584758326,0.0019193546294093231,-0.0007915649281072475,-0.0006345009437757039,0.00047333625317018727,0.0007641784797814977,0.042774518296899156,0.001391360662529448,-0.095152814764648,8.742407,7.2384224,1
3.6786,27.0,5.929078014184397,1.0602836879432624,757.0,2.6843971631205674,38.64,-121.37,1.597,38.64,-121.37,-0.0005900951974005971,0.004195747568001608,-0.002818616200387908,-0.0013554250246197127,-0.048027361548518124,-0.014837315600871035,0.002139767637224381,0.0005261433716549482,-6.361857527638974e-07,0.0005722989664264423,-0.011228585986151977,-0.01310282355791894,0.0006006370864766196,-0.0001462356907413196,0.0019371582331926466,-0.0017365210133768157,-0.0038421830972537587,0.00035384798567703594,-0.0005970401337257695,0.0003629640987433197,0.0025289314941899736,0.0017461767942147663,0.0012086498100892834,-3.7595323530484285e-05,0.0011542094060522418,0.021673945061076734,0.0016529767073616222,-0.1383059289722479,9.702924,4.196135,1
4.5588,17.0,6.053691275167785,1.0201342281879195,750.0,2.5167785234899327,38.43,-122.67,1.964,38.43,-122.67,-0.03180400692719175,0.02233261415936765,0.000365262068772323,-0.003262490448778858,0.005835385268853144,-0.009510401410228768,0.043986896798307314,0.0035484024129042225,0.0001567695579857933,-0.0012097168713949787,-0.006596105473679205,0.02824457670712767,-0.0058006475949998635,0.0010966675368755206,0.002270285298387647,-0.0017215399649367661,0.0020968216573739977,0.00756393850200695,0.000701359291402336,0.0014968907814468515,0.0023130437797405055,0.01255729340940799,0.0025962966290692894,-0.000665008640870323,-0.0015818040497743054,-0.05329278523560796,0.007066694733538132,-0.08201743639276612,1.0501171,9.758602,0
2.3272,37.0,4.746958637469587,1.051094890510949,1089.0,2.6496350364963503,38.53,-121.44,0.806,38.53,-121.44,-0.023721619484804828,-0.0019661863644054992,-0.002112536425012783,0.0011877957637044859,-0.0049921088394634765,0.009200270950199377,0.003628949267598401,-0.00026197497941396464,0.0002392385387718085,0.001012015225981486,-0.002516860774354892,-0.019175083286684384,0.0003350557554990287,-0.0007340478620937343,-0.0002923977023973982,0.0030586749110942733,0.0040854699479720025,-0.001198297946302747,0.00014371259683441983,-0.00016041109264475643,0.0023894641177469155,0.0013819274140912177,0.0012158087500987137,0.0005513486345344837,0.0010019864390016372,0.0031046985108688545,0.0014802480338090126,-0.1402772152689807,8.97307,5.8846126,1
2.575,45.0,5.663793103448276,1.1939655172413792,649.0,2.7974137931034484,39.17,-122.9,0.736,39.17,-122.9,-0.04049460276414757,-0.024168357242968896,-0.0025414583681695967,-0.001039772938340446,0.0024089763453840523,0.008843854323515992,-0.015196573569286729,-0.0012374126938030018,-5.2304994845552705e-05,0.0005664695233264425,-0.006299255665815994,-0.01787386273968209,0.0010520050003561031,-0.00094662654050521,0.00019652276543448725,0.00037413138606576376,0.0029438871447914077,0.0002492647475110932,-0.00010224735756422115,-0.0010659429181225236,-0.0035205823922445792,-0.015692778478175514,0.0016834584539609698,-0.00225185777097851,0.0025401818429573375,0.02435603714245231,-0.008587952255864019,-0.23044364687935484,6.793357,2.2371924,1
4.0673,35.0,5.386885245901639,0.9770491803278688,831.0,2.724590163934426,38.68,-121.38,0.842,38.68,-121.38,-0.014155918557623801,0.013594205186083924,0.0013577345463737858,-0.0015652910696634858,-0.035147496170594775,-0.03565428116359238,-0.0048017159224018465,-0.00041250271778444606,-0.0003825083490563821,0.0007439830804548797,-0.008413317482989357,-0.01312512601854015,0.0010636083181015492,0.0007229205287681392,-0.0012962107919420288,-0.0010246554073329735,0.001982172389234623,-0.0003304446763607188,-0.00043846571179966107,0.0018530686719141292,0.0019041467798698703,0.0007192349569889859,0.0014215334215502424,0.00048713146952185306,0.001182068596663771,0.021087755256397483,0.0005057915046252458,-0.12647092331188617,9.771911,4.033315,1
2.8036,15.0,5.950282485875706,1.1649717514124294,2147.0,2.425988700564972,41.38,-122.28,1.101,41.38,-122.28,0.04847138702102197,-0.027321986558163733,-0.0013998166893168646,-0.0017984748717742188,-0.02901460975523929,0.016483415087465453,0.012151193523840658,0.0019631152335541106,-0.0005919436834017967,0.0004825891305385583,-0.0007267926495411,0.024106685698863442,0.0006577421854640773,-0.00021069652629679587,1.1360898777915509e-05,-0.0005421772818622267,-0.006460694421426703,0.004557905598545224,0.00046198898186021063,-0.001234393019671524,0.008663718505825065,-0.02299946535457027,-0.0014391082604504545,-0.0022044030212198975,0.0012836871375520266,-0.08087212598668402,-0.014799003835163289,-0.12468188346984296,2.7364178,12.5234995,0
3.0212,14.0,5.613680154142582,1.2003853564547209,2578.0,2.483622350674374,38.7,-121.28,1.129,38.7,-121.28,0.04381673759910408,-0.016262805961169947,-0.0020007999042301497,-0.0017985275446870661,-0.03436049758811728,0.010490039564445228,0.00013158599154039412,0.00017321356910147278,-0.0003699671147264279,0.0001801084935194213,0.004342199788787045,0.027030204031737986,0.002908942126385493,-0.0009810085166501652,-0.0006377471929776481,-0.001566850370492815,0.0020184609919679567,0.0034862407627032064,-0.00027083825170076757,-0.0009293275100889135,-0.003890189053096596,-0.001643177450443712,-0.00048093909363260536,0.0009248831294570237,-0.0014516626303195707,-0.05653601662144262,0.006398170765207921,-0.12823612470171383,2.8313498,12.555666,0
4.125,37.0,7.285714285714286,1.2142857142857142,29.0,2.071428571428572,39.12,-121.52,0.72,39.12,-121.52,0.004240960293655871,0.012299306241278006,0.001273664256655426,0.06299866965319945,-0.01757491399156167,-0.06671259221491366,-0.0012321311142087564,0.010487307574601293,0.0027338913757754585,-0.028723147864619353,0.0315111025641342,-0.03690186914659352,-0.002195865238536194,-0.0012991825448246423,-0.06839445493606158,-0.0008784427099361198,-0.04104705279153212,-0.008617256174472164,0.018627907231885406,-0.0007630606961424027,-0.006209025701390613,-0.0007321302538377333,-0.014342038203283038,0.0457425186628261,-0.057059189507405655,-0.09592677240156294,0.011611138457204455,-0.10923635979441029,0.9997699,8.531063,0
1.4668,40.0,5.010752688172043,1.114695340501792,788.0,2.824372759856631,40.79,-124.18,0.646,40.79,-124.18,-0.03984528710132729,-0.024897862816202876,-0.002788746395361497,-0.0009666262930348035,0.0029903616644164897,0.015356040203664087,-0.02168207350283132,-0.00040574952658477357,0.0005982517607474218,5.8691156959547855e-05,-0.002756276043182283,-0.0161787747589209,-0.0018374593735848391,-0.0014519896625683816,-0.0014340412562687242,0.0020813254907008556,0.005034152955914635,0.0014741903318599887,0.0004279575526726109,-0.0005830005128725562,-0.002512774363834398,-0.012596955091297563,0.0015542583768256564,-0.0004707987675799869,-0.00010707377923029136,0.014885837447712129,-0.00929375120673631,-0.2679203147191734,6.811657,2.1588283,1
2.3611,41.0,4.561001042752868,1.0834202294056308,2387.0,2.489051094890511,38.74,-121.3,0.879,38.74,-121.3,-0.0386121446052014,0.001378206015277489,-0.002180961068835524,0.0006216180887710973,-0.008926742297755632,0.0309564700433216,0.00014823007451701803,-0.000266987921363969,0.0002392472498032087,0.0001733768533211858,-0.007524602351372247,-0.02231617480901793,0.00048465135322193315,-0.0007690657094185354,-0.00016454003046640275,-0.00322868483818325,0.00385217458987105,-0.000850701486853352,-0.00016019804360797033,-0.0006221441128808447,-0.00304035433581397,0.0021966592447079363,-0.0002512515733997571,0.0008808773388460742,-0.0013033267716153723,-0.057993499552408914,0.006865279750596522,-0.12136796741583743,4.33561,10.428276,0
3.6788,5.0,5.04269801980198,1.1837871287128714,2933.0,1.8149752475247525,38.61,-121.53,1.788,38.61,-121.53,-0.0010322734074726535,0.019371500489369104,0.004748284778052803,-0.0021086850847599776,0.07669677799142169,-0.05456931118235975,0.007555959536519445,-0.007347072037745,-0.0008783651293906363,-0.003208586053594047,-0.12425184079920869,0.03104931979366124,0.001940614257726768,-0.0012623043349884418,-0.00022554052033310862,-0.009278892634984937,0.002918709739537387,-0.00013035932000438202,-0.00013592617089359412,0.017079100288880048,-0.008109174254758563,-0.0015490966061119558,-0.0015243061635909732,0.0008821420655090021,-0.0013779044529641127,-0.11742142411582776,0.01943501751776875,-0.13717533170590449,-0.030809255,9.487956,0
1.8792,41.0,4.254545454545455,0.9484848484848484,765.0,2.3181818181818183,38.61,-121.44,0.633,38.61,-121.44,-0.0418231289963227,-0.014434685337561261,0.002684964899433109,-0.0037250667500239023,-0.048253777980146774,0.02240907794481012,0.00481627431170256,-0.0010019835581193824,-0.0014602835054367495,0.0003926794898228171,-0.0014538212984078016,-0.025182069971222732,-0.0007221424267807215,-0.00047268764539412764,-0.0019376767859728243,-0.004830661845583781,0.0037267984627158495,-0.00110034940040799,-0.0003747961429190444,0.001308208169289963,0.0018897166652919704,0.000517097782448668,0.0013398235832031453,-0.00019855431968044914,0.0011102012163436785,-0.07492251092489677,0.006809478420561851,-0.137411744828481,4.0796404,10.003244,0
3.653,13.0,6.418196994991653,1.181135225375626,3264.0,2.7245409015025044,38.98,-120.91,1.468,38.98,-120.91,0.03185308471044188,0.0048730864852440615,-0.0016515200412029845,-0.0006171571542912876,-0.03749881688451116,-0.014354231340467913,-0.001826254958583531,0.006704094703341544,-0.00029246391017053895,0.0009999679069950499,0.014317331274520437,0.023404775613000316,0.0020959373827094995,0.0014318279455502589,-0.000383031497233257,-0.0005727292782903158,-0.006207759440870605,0.003681185510084938,0.0003933707308596666,-0.0009346891820586617,-0.004515444898995219,0.003974606539235062,-0.003466866192360155,0.0014197714385624817,-0.0015370496498071115,0.027517008557854987,-0.0001228871640376483,-0.10946604211509821,11.162539,4.5658956,1
3.4464,5.0,6.360097323600973,1.0535279805352795,1275.0,3.102189781021898,40.6,-122.42,1.229,40.6,-122.42,0.03867977092257105,-0.0006759306149489463,-0.00178300794533587,3.176355899462595e-05,-0.017303107699032497,-0.04041099560650063,0.06518275411567989,0.010001422945178837,-0.0006581715524462256,-0.0033635584015294104,0.02131036129109005,0.01205537792175267,-0.0018659645189848173,0.0012558684514752802,-5.8694667691887705e-05,-0.0012425267161766643,-0.013027087762553093,-0.0070025224448828785,0.001056499821021126,-0.00013309027259920576,0.0027514079944667,-0.0006579316796131854,0.0008913695612561213,-0.0008012822828238383,0.000672706018078074,0.010562326243969524,0.016299744099181154,-0.3382506017585317,6.991112,3.091437,1
1.8589,20.0,5.225,1.05,921.0,2.558333333333333,38.68,-121.29,1.44,38.68,-121.29,0.007825746204056364,-0.016953052059849046,-0.0012337883555052177,-0.0029981875632181317,-0.03187848322601589,0.015274926655858192,0.002556377797414215,0.0008039675837959473,0.00042425588908065877,-5.920969414583645e-05,0.008548234562036813,0.02039916335891891,0.0026147213904439202,-0.0007340478620937345,-0.00019906167929851975,-0.0034541658349852944,0.001770073515258821,-0.002525923183953125,0.00012412611894115167,-0.0010454829129947843,0.0025294872999688097,0.001639692594696496,0.0012097544950085723,0.0005080843026958974,0.0009371253975708199,-0.010438885265145812,0.003139018536435532,-0.1329224332803978,10.296259,6.051752,1
2.2411,20.0,3.835570469798658,1.1610738255033557,578.0,1.9395973154362416,37.96,-122.04,1.518,37.96,-122.04,0.034784110639167934,0.04522825716781156,-0.004566527037785441,-0.0027820809510775506,-0.06586505920759154,0.016269013393192932,0.01943012204346141,0.0020158029313455932,0.0005586204778332301,-0.00020169480929913962,-0.030634845613908133,0.02771585267348482,0.0028639411714472293,0.0005778464042640142,-0.0027487376645230176,0.002213708426015434,0.004860829442981141,0.0037048705168608175,-0.00030729264082514504,0.001969835205015066,-0.003947956976778917,-0.00393007401470034,0.0012574887037984338,-0.0035057449542842444,0.002840906492811141,-0.08147888446380201,-0.01773927724906908,-0.14060307442935893,3.3392174,11.867307,0
3.1625,24.0,6.572972972972973,1.5621621621621622,421.0,2.2756756756756755,38.94,-119.99,1.036,38.94,-119.99,-0.018540190749096196,-0.00398937053803137,5.7557583653806076e-05,8.756997240285283e-05,-0.01329132208921484,-0.03155979050674132,-0.013468802672263273,-0.0018177705639775745,0.0032077447160580065,0.00026885192252642446,-0.011595870198421412,-0.004026372833944273,0.0027204803724485234,-0.0370341663260186,0.006805686922711702,-0.0010059098351543315,-0.018202871636228416,-0.0018410716597062084,-0.0030933200783354203,-0.0011015241811901746,-0.0008209822163766892,0.0031113281750118145,-0.001730383396359397,-0.00428240981305171,0.004122412572175345,-0.07492735271663153,0.010393364742912959,-0.11753021784915216,1.319666,9.207227,0
2.1524,21.0,5.548109965635739,1.1460481099656357,1501.0,2.5790378006872854,40.29,-121.23,0.771,40.29,-121.23,0.0055340410331819,-0.034960557219821616,-0.0024922820872114552,-0.0033892684455251653,-0.035213025772840155,0.013553429785181318,-0.0004959899449795859,0.00045479879296696094,0.00020814808505372607,0.00010315090152243942,0.0066573065842003435,0.017726873115378104,0.0026371293419167378,-0.0003035541853372334,-0.00032051939195254855,-0.009783247600584953,-0.0006908733984092902,0.0040956342883895535,5.673682588154893e-05,-0.0005932265701973724,-0.009407776302917418,-0.0019205189328910205,-2.5446413594788016e-05,-0.00025927755400417823,0.0005093474998348188,-0.013592436235980016,0.000144652604248309,-0.11917270799642776,10.214294,6.135921,1
5.0622,7.0,16.42138364779874,2.4842767295597485,482.0,3.031446540880504,39.35,-120.19,1.741,39.35,-120.19,-0.05023372205651341,0.03464186802935943,-0.00039492726884029236,-0.006175413936766632,-0.013486411033589411,0.0027799002054172007,0.012661214788391651,0.021672177046155837,0.0024928500032502295,-0.004169818831522522,0.029690447298518656,0.024638258281185196,-0.0005334252879921234,-0.03511061995874655,0.012246236560378331,-0.009268279265865237,0.007182553220923516,0.00319311312848587,-0.003171700432485203,-0.0017175631169204064,-0.00031300297209042654,0.0027521541741426167,0.0009650649456830774,-0.005297412238823471,0.0016193142357448901,0.03120072278002773,-0.002906912466926251,-0.08345223490648235,11.899037,3.3928316,1
3.809,7.0,5.840938722294655,1.0117340286831813,2271.0,2.960886571056063,39.16,-121.62,1.107,39.16,-121.62,0.0001271711484043342,0.01177705253887014,9.925711924739819e-05,-0.000924531082486203,-0.02158328997944503,-0.03223764105936363,-0.005042318173947239,-0.003427547437084189,0.00022472182732327731,-0.001092218258460674,0.02246607200403846,0.02548269815360503,-0.00017406911743842845,0.001576897191190624,-0.00015140263649459268,-0.0017162575627851931,-0.0007390266888147741,0.0020455216562559686,0.0001826618321786576,0.0011416647606574608,0.00541673240935266,0.001475735675657685,-0.001887002872711828,-0.000704801447700682,0.0002479901988562185,0.030355864466522945,-0.002657627140444988,-0.09222886725861223,11.451156,3.6388247,1
1.7417,46.0,5.286885245901639,1.0737704918032789,410.0,3.360655737704918,38.85,-121.67,1.104,38.85,-121.67,-0.03655690095580664,-0.013663111349528405,-0.00209391404225836,0.0014249040031012639,0.04915971760755412,0.019406031992389283,0.022392592075933287,-0.00021212894849835713,8.147645067797276e-05,-0.0008191709636895935,-0.008428583534306937,-0.018124284955435895,0.0006429100145561209,0.0001154399458693382,-0.0012785950384123655,0.0003123629905156097,0.005944858208545347,-0.00033685713698205187,-0.0018865565219157298,6.0810899808703264e-05,0.0011176346382239589,-1.2968873872266265e-05,0.0014427783874136836,-0.004733344492966218,0.002148760930170707,0.05607573551111996,0.003907571243219404,-0.07955818001037612,8.664254,7.344907,1
2.8344,20.0,4.8730407523510975,1.115987460815047,1643.0,2.5752351097178683,38.79,-123.1,1.644,38.79,-123.1,0.0017903736476322244,0.014893084293608999,-0.0018360437538100251,-0.0014871595895141398,-0.04130272360868009,0.011361386365232554,0.0294398256693178,0.0007830992185167826,0.00040295258721481593,-0.00020284273825390084,0.011242248075420132,0.016646749630695207,-0.002958099179544771,-0.0013914149093173383,-0.0003070854860571847,-0.001543842355431356,0.0065334026853260075,0.007312252576397523,0.0004388669250307047,-0.0012253616919110576,-0.0032844864917074704,-0.01607188039222935,-0.0004880598307303993,0.0003971421610976589,0.002371427442838466,0.005704345243900621,-0.01382732172717149,-0.2142485408753702,7.70146,3.2074234,1
2.4482,11.0,4.150918635170604,1.041994750656168,2106.0,2.763779527559055,38.11,-121.27,1.03,38.11,-121.27,0.049348539557600685,0.028388137207093975,-0.0007570835804010002,-0.002772346244472104,-0.0006219080149954347,-2.3322735931494365e-05,0.005167347053829754,-0.004676285577319855,-0.0006841547377648828,-0.0010957173378681696,0.0050350692510843075,0.02292754771157062,0.0024040233014079727,-0.0009963030669941878,-0.00011877685493867066,0.002928741487356391,0.0023224343909964743,0.0004988035328950678,-0.00020962805989073328,0.00014608356128025296,0.0025294872999688097,0.0016179133128834825,-0.0009758169131027574,-0.0009193959443954637,-1.8806122421813263e-05,0.005971200695556694,0.000987499614563796,-0.14481745715469704,11.023572,5.1696644,1
1.8664,30.0,3.392857142857143,1.1321428571428571,1073.0,3.832142857142857,37.96,-122.36,1.078,37.96,-122.36,-0.009815087551682148,0.047490109518563646,-0.0024227765861562214,-0.0016671429523029445,0.03436271676795716,0.0028335681620897018,0.0219283262811874,-4.281638727275529e-05,0.00026453575239951497,0.0018437883557297103,0.0006553368963586063,-0.0031560084755320526,0.0007505982158005767,0.005280925325439085,0.002311324689855405,-0.019261805098454064,-0.002556314371424713,-0.024100359120285582,0.00048321941322677724,-0.00033379793863358095,-0.0009032801325024832,-0.007954863017103539,-0.004889917862938998,0.0018416202797304736,-0.003365761542415825,0.10466466929425386,-0.0056450595043377304,-0.1520626016179811,8.04438,6.586251,1
3.055,6.0,5.528,1.0346666666666666,826.0,2.2026666666666666,38.52,-122.76,2.241,38.52,-122.76,0.059897486669247185,-0.019572760904037756,-0.0006364269657303294,6.29901213133209e-05,-0.02487960716017973,-0.00874891189076903,0.017788510219630176,0.001565798873098147,0.0003707901013766407,-0.003642950965684603,-0.020728681954719882,0.025210845246673982,0.02327264787210551,0.0005783913748813939,-0.00019990456710047448,-0.004554228162136532,0.00514562473851863,0.008508618888172061,-2.910913855807988e-05,0.0019928615620898745,0.004274412677808232,0.0013757461537613547,0.0021839254597717005,-7.101998603803215e-05,-0.0007988771609687297,-0.06890365357204428,0.0028002196189520143,-0.1438752466755303,3.002047,12.677137,0
2.401,37.0,4.492581602373887,1.0,1121.0,3.3264094955489614,37.97,-121.22,0.584,37.97,-121.22,-0.017876307799188206,0.003036783090490495,0.0007480364883057891,-0.00023593351580081666,0.04135675203730437,-0.0019781981507264704,0.0035656589223270405,-0.0006362339765508411,-0.0004594013165734925,0.0008665295402758322,-0.009374969782824242,-0.018433256716722676,-0.0008384480745827319,0.0006199323650607982,0.00011751713378762087,0.002990356196722532,0.0029292005867241817,-0.004139706961312103,-0.00040595345279850856,0.0020427632773971343,0.0018656914257019828,0.001077064623271915,-0.001638385701286091,0.0006070861404376591,0.001224244006264973,0.040851262771658216,-0.005418364331339039,-0.1420117576624881,8.225723,6.748605,1
3.066,17.0,5.346303501945525,1.0817120622568093,1174.0,2.284046692607004,39.71,-121.71,1.026,39.71,-121.71,0.049714993870888576,-0.012205093218502366,-0.0006897903733340632,-0.00027980551703167674,-0.043256414520282914,0.010949454382837936,0.016021180643573562,-0.0033238649161801853,-0.0008727314553294769,-0.0006460527546204715,-0.013199787918283835,0.04000038770005383,0.0025527895028267613,-0.0012534780837837726,-0.0004609688813697754,-0.0007855998990972034,0.004922144183822485,-0.00013351147408516284,0.0002345153390316745,-0.0010867775939152348,-0.006880145279647049,0.00040728626065130195,0.001183463124125653,0.00045389700622030333,0.00043728544493261716,-0.07391883395314065,0.0008422864430466983,-0.08657648213593865,2.5469897,12.255469,0
2.32,25.0,4.517676767676767,1.3535353535353536,1134.0,2.863636363636364,38.95,-119.94,0.913,38.95,-119.94,-0.003427000966565459,0.00248518755818233,2.521160160038347e-07,0.001693878835821293,0.0235486022753726,0.004339180980157312,-0.004133540726425634,0.001160789977502531,0.0034312812143202196,0.00047470282994905124,-0.005892988256572006,-0.013155386900804339,0.0019521293468152494,0.007171076459694088,-0.00030770128865097494,0.004437794378994663,0.001355049083338634,-0.003273404995455901,-0.00032969298347131537,-0.0006153590650384508,-0.0021455927197438183,0.0024559599795551733,0.0012018456178140423,0.0002664197777375797,-0.0004146864239856949,0.010397330156946768,0.0020622245543918992,-0.16147517076645815,8.545181,5.838696,1
4.3897,14.0,7.451612903225806,1.1612903225806452,108.0,3.4838709677419355,38.93,-122.61,0.713,38.93,-122.61,-0.0416657099581159,0.02309819581116455,-0.0006751697117509199,-0.004794566998325237,-0.021447656973569394,-0.0251783906768703,0.00863557459925471,0.0012982343653886181,-0.00011290502635947911,0.002789146384751069,0.02342251009240527,0.010146088381324787,-0.004087867177893519,-0.002131157521049248,-0.08337173511670808,-0.023251715587393355,-0.05053955273705482,-0.03068099694674862,-0.0019180775188530228,0.002286236733067466,-0.0033782281393894896,-0.01874318422484626,0.00439709401786534,0.001998068595446433,-0.04166019598955109,0.0590188875314958,-0.022375631817341042,-0.290578922175176,7.1738567,2.6257055,1
2.2917,14.0,6.105590062111801,1.0124223602484472,399.0,2.4782608695652173,39.22,-121.24,1.451,39.22,-121.24,0.047740033228464096,-0.026414518127585294,0.000540479083149609,0.02847061432711469,-0.010494311511642537,0.023016586865001736,0.00042352678352368823,0.001597233519132536,0.00015269822318387554,0.0003959446509547723,0.0005343379191688689,0.02755159790480298,0.002700301309811315,0.0010646824873202306,0.0017985870561898522,-0.0041037220891231435,-0.0025646427151989433,0.0037381375617808847,0.00351997355515221,0.0015517775226240875,0.005409881441142639,0.0010280467285973447,-0.00013539560333401167,-0.0045867974551149875,0.0019071270605863706,-0.05278980102376295,0.005700156535391984,-0.11574128096150944,2.8115108,12.668786,0
1.9871,35.0,5.1248073959938365,1.072419106317411,2511.0,3.869029275808937,38.62,-121.46,0.609,38.62,-121.46,-0.0204797825621505,-0.010613091338467443,-0.0022015807186129134,-0.003390610054727505,0.04369211292480254,0.006688926390927697,0.00237082911650844,-0.0005534531508349275,0.00015593871091487758,-0.0005070045565311824,-0.005356234392390123,-0.005588324239097095,0.0007575110474799484,-0.000752160130441811,-2.2319392280324836e-05,0.0072156382611785535,0.003338336233739181,0.00028351291449805116,-0.001283938411756317,0.000887489657109662,0.0031846198461565655,0.001548854651059183,0.002798979126006837,-0.004798777162746864,-0.002791050909095001,0.07006781446690695,-0.011898462905182526,-0.13061618385081636,8.034923,7.0860305,1
2.8043,16.0,5.158227848101266,0.989451476793249,721.0,1.521097046413502,37.99,-122.06,0.875,37.99,-122.06,0.08509788427868133,-0.02827474599571106,0.0024173142045010093,9.556745290079544e-05,-0.06545354354041641,0.013391502389302687,0.017161511367992942,-0.0034844795670953234,7.595671775331943e-05,-0.0005645071289666809,-0.06222633254913244,0.0316738806042859,0.002970952126168956,-1.4923562188491987e-05,-0.0027241300853999098,-0.042683185849896964,0.00494384763837166,-0.0008325120106625198,0.00010213156449208264,-0.018624211139838028,0.0081350385551626,-0.00843031402414142,0.0024669305091737912,-0.001031666566989881,0.0028695672897644828,-0.08978606044535375,0.009940991704368646,-0.14805185771654178,3.3837442,12.623151,0
3.9659,33.0,5.322314049586777,1.0661157024793388,334.0,2.760330578512397,40.73,-124.1,1.118,40.73,-124.1,-0.01529932382387451,0.015429633124417318,-0.0014165822029320364,0.00042281701124856266,-0.034055350131489234,-0.08017161365493863,0.043103696166235286,0.0009097163591417978,0.00014701632902867733,-0.002049172553188515,-0.007937131910183198,-0.018930424735136935,-0.0031936095583498395,-0.0005131349630845924,0.001370710319020499,-0.001302613388067312,0.005849621246343566,0.003730059113890789,-0.0026920915522080273,0.00014323740954142868,0.0031086257137628096,-0.004071859632787863,-0.0001496609617187663,-0.004422110049755553,0.003323396189815291,0.023532612405457433,-0.001966139125528122,-0.2857007897218418,7.305879,2.9673173,1
2.5536,23.0,5.48,1.2114285714285715,425.0,2.4285714285714284,40.81,-124.11,0.961,40.81,-124.11,-0.002623543748273999,-0.02662915655515621,0.0005254383159109422,0.0004415364520158415,-0.02884960260510264,0.010937329960057592,-0.009523760468939284,0.0009662725093935762,0.0002822092063705689,0.00044554365587203253,0.005733018899368354,0.02537840577151522,0.0018537073538151224,-0.0007957546751712724,-0.0017927946088980638,-0.004110310104738059,0.006106601478449485,-0.0026718396299653564,-0.0015419921956939947,-0.0015001161117539983,-0.004214700043115526,-0.01329871521873667,-0.0012099222331494693,-0.003766116137643357,0.003407708826058411,-0.08995884262784669,0.015215505892457182,-0.2913698402706753,3.3959477,3.191683,1
1.625,25.0,6.338842975206612,1.7024793388429753,301.0,2.487603305785124,40.77,-123.28,0.792,40.77,-123.28,-0.004878205978240562,-0.020801234462934495,0.004732148486394418,0.008989404073862402,-0.018925911985907914,0.011854040470444806,-0.013528527318953069,-0.0003313313924677825,0.0029614404507703794,-0.0015526762718846329,-0.002089524755392169,0.006184778362786187,0.0005336377506515493,-0.009330717485669387,-0.0003337246550394052,-0.002253468623404717,-0.010655625520854882,0.004975264717848717,-0.005250118517811472,-0.0002474032410323733,-0.0031075645804157694,-0.04663386792046096,-0.0026766455117563617,-0.007461246596085869,0.0026805278032887396,-0.09032705526301786,0.015331942586746236,-0.29680679223952094,3.4596295,3.0871081,1
3.942,47.0,5.379069767441861,1.0069767441860464,947.0,2.202325581395349,37.94,-122.34,1.433,37.94,-122.34,0.0022370205626095208,0.017117829901813993,-0.00020351660875929844,-0.001956997812324887,0.04531115085160229,-0.05272017549318397,-0.00030885980608345577,0.0007242805084528166,-0.0008009945091057263,0.0008577395223550719,0.0057893165474252615,-0.03151918396970897,0.0008047848823333095,0.0016613426232649363,1.8494169033036005e-05,0.0011647069126013302,0.005122471446393999,0.0027691594728929607,-0.0003272348798270463,-0.0019020652073877058,-0.0015301771468000692,0.004011480897869785,0.0024666355051363494,0.0003013483607693118,-0.0015959736435372622,-0.07351189247373752,0.004588383232516359,-0.2579356994233993,3.987175,3.8792193,1
1.8816,33.0,7.871794871794871,1.824175824175824,631.0,2.311355311355311,41.06,-122.34,0.658,41.06,-122.34,-0.028671685113750824,-0.02901190920259219,-0.0006903963044735938,-0.0033857864586342313,-0.050773060739379726,-0.004225213035557097,0.020177953229007426,-0.001849744889254845,0.0020878014148638744,0.00017394715292287275,0.005141085023452429,-0.013991288707539877,0.0020334564795024854,-0.037162820234385614,0.006484166532666309,-0.008765578984857747,-0.007932442860461223,-0.015237768678702508,-0.0004975801043684262,-0.0012039941993454578,0.008657890181344318,-0.028272914382239604,0.0011152304833623229,-0.004699107200373599,0.0017482530364212906,-0.11731626449106584,0.012449554511571046,-0.20992015474221523,3.6947203,9.979688,0
4.6071,30.0,6.114180478821363,1.0847145488029466,1470.0,2.707182320441989,37.97,-121.99,1.841,37.97,-121.99,0.010232295900262447,0.018437593644744708,-0.0012815569611265855,-0.001505786861730578,-0.000382070767769263,-0.04290752996797348,-0.02954895881226145,9.640958293513416e-05,-6.361857527638432e-07,0.0013469686423226777,-0.005286137589440277,-0.01254310326285862,0.0009982612621243995,6.371427633039767e-05,-0.0003764710170806707,0.0006329171340098129,-0.006427783945178234,0.001491154813992639,0.0005635809127552476,-0.0009339343320299508,-0.0005586071301191387,0.0006300082599617644,-0.0004645893860698312,0.0004679240325505612,0.0005515320413112754,0.01731680269482009,-0.00037444139695892557,-0.1270978464843107,10.140893,3.409423,1
3.6094,42.0,4.900990099009901,0.9570957095709572,971.0,3.2046204620462047,37.95,-122.35,1.146,37.95,-122.35,-0.030016073852232233,0.010888754295163894,0.000882770484596545,-0.0017194700836826856,-0.008909454426228,-0.01822840908340805,0.029738211743365797,-0.0003805792432559349,-0.0007527890818659392,0.0007429592835375315,-0.01570071546891026,-0.015422304422432922,0.003398864911270911,0.0008023774900549807,-6.96028274362443e-05,0.0026165890905358873,0.006789633237540364,0.0024708888784584055,-0.00027139474716525143,0.0020489839986416146,-0.001407782444954899,0.007698806078323974,-0.00409118817006121,0.0003599722100735244,-0.0037101027325834287,0.06992043294809137,-0.0181844506789286,-0.20461817867696774,8.40821,4.0576143,1
1.8269,32.0,4.445544554455446,1.465346534653465,825.0,2.722772277227723,39.24,-120.02,2.25,39.24,-120.02,-0.011717853583043777,-0.030911843432341757,-0.00045381328372351784,-0.003296946367234431,0.006509894946064056,0.00790411958605999,-0.005721494397542446,0.0012497562685822234,0.0032038156273669215,0.00036286693165625734,-0.0016566493395060553,-0.010996128724206872,0.002793277265112514,0.014839765452513334,-0.0012668524018835156,0.003461449155195776,0.003224280045667311,-0.0003095534171199436,0.0011201433761722803,-0.00018615822302876943,0.013539855952736638,0.011463273838135106,0.0008443528699184891,0.00012597187443628074,8.754457981711137e-05,0.011991069510449377,0.0036072469725924898,-0.1325349271291594,9.054295,6.4541287,1
2.8472,27.0,12.32,2.993333333333333,396.0,2.64,40.16,-123.22,0.413,40.16,-123.22,-0.009352071594711063,-0.02645530161144928,-0.0006729312720571574,-0.0030756966025909686,-0.021446794443708776,-0.030039790601678266,0.02261308549761472,-0.0018606562090929808,0.002087801414863874,-0.00126102287915863,-0.004966141857433787,-0.01792737439111755,-0.002582577757258392,-0.018027838582774902,0.0024591093884946836,-0.006980603432483958,-0.015299531369197435,0.0056294133959965765,-0.004314055269634784,-0.0009252957584454868,-0.012160511657044718,-0.03441879320952879,-0.0006713081095827328,-0.015889467935838383,0.0032775001927526234,0.005082925665730838,-0.003580185271498235,-0.2854023066370098,6.9601307,2.732032,1
1.9224,36.0,3.902542372881356,0.847457627118644,585.0,2.4788135593220337,37.92,-122.35,0.94,37.92,-122.35,-0.026728571403465604,-0.01869380903177081,0.001791871772258782,-0.0028017851091292965,-0.03031934921586645,-0.05589904165041342,0.024150152674302396,-0.0001618281001031027,-0.0011643201896232838,0.0005870979710455923,-0.0030186942552598646,-0.014498931918161725,0.0006152553525595942,-0.010590048453523177,-0.003132526018685317,-0.00512140868155368,0.004681270342936179,-0.014668466726384461,-0.0012160502182286999,0.0004333598943329816,-0.014368618342976949,0.015319638824344808,0.0018602853299190503,-0.0043197064968511336,-0.0031620118979848954,-0.030783789899902825,0.026156896633283175,-0.22388893599963114,8.058682,3.1323159,1
3.9375,17.0,18.5,3.0125,202.0,2.525,39.19,-120.1,2.132,39.19,-120.1,0.011841249931831334,0.019056237314729753,0.001533745934192754,0.0020299089636564857,-0.010309792897588658,-0.04310911925923677,0.008255938256260874,3.0103045701770188e-05,0.002818103983642799,-0.000538800992311695,0.010831275037915287,0.03323171700191012,-0.0016504357582857955,-0.03196412444323496,0.002891267649531228,-0.004689997324655266,0.011930031769625584,0.004809124130499687,-0.004943374598749681,-0.002100035737440307,0.004288453160449258,0.003129620838028996,-0.004691299930168088,-0.0028443766221735597,0.0139672977367056,-0.04662641186072564,0.010237665026786809,-0.08213841661650345,0.74222434,9.476821,0
2.5478,15.0,5.394833948339484,1.1586715867158672,774.0,2.856088560885609,38.89,-121.94,0.917,38.89,-121.94,0.03527759311087829,-0.01703407083968199,-0.001215759900066045,7.526193851305697e-05,0.009915517564674185,0.008967449348589361,0.025901222352675928,-0.002730725150002155,-0.0006395538349663367,0.0004285740463267204,0.01248524159883538,0.022154341938050576,0.0007106698312553647,-0.0012081471488125694,-0.001446468709217285,0.001924778289038968,0.004869433258748973,-0.0012435114790382198,0.00012047477410511491,-0.0005701946205318826,-0.005605863565922613,-0.003790568672603967,0.0011086512597444458,0.00031688738115455764,0.0009906415882275546,0.010963794015976518,0.003225843854477818,-0.09059017900019796,10.738546,6.3786635,1
4.7283,30.0,7.295264623955432,1.0306406685236769,940.0,2.618384401114206,38.63,-121.36,1.645,38.63,-121.36,0.009407679046068554,0.019026152528944018,0.0011882937905181895,-0.0014770035555171836,-0.0020240874720043565,-0.0271348199148446,-0.003512358906835992,-0.00469491630979652,-0.0003614951519491641,0.0012418967955327817,-0.004586633917633985,-0.01021399027675238,0.000976950908449222,-0.0014370682787108687,0.000508103767865721,0.0017649303153419145,-0.022176493312747965,-0.004213021938805391,-0.000981073333204408,0.0013803164184066632,0.0015504401718947343,0.0013396882632831484,0.001243703463578203,0.002054985042490039,0.001025184189932822,0.007832083070155963,0.0020674439243875973,-0.12236905710208547,10.096307,3.4794166,1
2.2768,14.0,5.132553606237817,1.0331384015594542,1324.0,2.580896686159844,40.46,-122.27,0.786,40.46,-122.27,0.046121905956820995,-0.026860599864659135,-7.916969752837875e-05,-0.002880841404966247,-0.028960593872442524,0.010757602316041927,0.015029440948461873,-0.002522244575014058,0.00012842063269752945,-0.0006792447614761322,-0.0028128351144298775,0.010787393975884633,-0.0009682282916487073,0.0005892303984961543,-2.7120358106787125e-05,-0.003562438476113076,0.004499537159244461,0.0011425889199053153,-1.8870484986752578e-05,-0.0008239560312234842,0.003235290772437594,-0.00014756496126298293,0.0005543900042768849,-0.0014705005167104223,0.0015104507847931022,-0.015705830935369244,-0.0016782047385047176,-0.13570074907096819,10.537856,6.3184414,1
3.6398,27.0,5.952702702702703,1.0518018018018018,1455.0,3.277027027027027,38.21,-121.32,1.467,38.21,-121.32,0.0009577397125266514,0.004195413714201734,-0.0025734006988721216,-0.0009839549268161039,-0.0141650744838681,-0.014951063365227021,-0.00017238943884257733,0.00020619226453075427,-1.93083451377123e-05,0.0006337241501620989,-0.011526308526834943,-0.015085725022409995,0.0007314850842475902,0.00012182164806363751,-2.874171264032185e-05,-0.0023305058067426354,-0.004133726341463201,0.00012063796447979333,0.0004248067450574376,-0.00038126304042778364,0.0029411454306573865,0.0018650393436918742,0.0010710783772826483,0.000755890158246562,0.0005112323864389782,0.054420504190410834,-0.006310688781585219,-0.1424755500528879,9.198275,4.4767785,1
5.0164,13.0,6.58154859967051,0.9967051070840196,1969.0,3.243822075782537,37.98,-121.82,1.652,37.98,-121.82,-0.03576184762359527,0.01761970504384157,0.0006828813595932451,0.003392390708773872,-0.017799392563159246,-0.03192863552096265,-0.03198555127385987,0.0019234505894879445,0.00013982801855352107,0.0020533036169309822,0.03223841405099954,0.02584700547248836,0.0004981386171359836,-0.0010630916982908411,-0.0008464736441034225,-0.006160175448067014,-0.0194380597244946,-0.012773316196413791,-0.0010032360568910813,0.0019164805607433354,0.002679249404466297,0.00018557204756047471,0.0015225503137583066,0.0022583043260005044,0.00014345155520472378,0.04807902515606415,-0.001696593563728575,-0.10527918823505654,11.6753,3.1131425,1
2.4537,20.0,5.508219178082192,1.1835616438356165,1658.0,2.271232876712329,38.62,-121.34,1.53,38.62,-121.34,0.01085344167820749,-0.024713644450739577,-0.00226337755818112,-0.001435141221092145,-0.043934774450086235,0.02317176599280807,0.00410377448679135,4.267261114918817e-05,0.0004601978850408073,-0.00020955326710513601,-0.0057887725769818574,0.027725673722558332,0.002972374367613486,-0.0010069695912320721,-0.0008137490349195734,-0.006503166219650652,-0.0008275571691822931,0.0015538777879114964,7.608425290228752e-05,-0.0015160582686093696,-0.0038558696237384537,-0.0015919285148797355,6.739329103582537e-05,0.000605839953260451,0.000524482383722006,-0.04652521231618103,0.00948062798351947,-0.13874025880598032,2.9405122,12.000296,0
2.8068,24.0,4.391203703703703,0.9814814814814816,2225.0,2.5752314814814814,38.68,-121.79,0.953,38.68,-121.79,-3.636604786109929e-05,0.016027323656342102,0.0018976228426497179,-0.0012565674189888411,-0.029201513436451016,0.02818024314229837,0.028706270235612726,0.0001271420478641816,-0.00021579516327567628,-0.0003453704898508409,0.007390605705876552,-0.010415938187349292,0.0011264712201761672,0.0006315228119766362,0.0003229094499240351,0.0009112508880798405,0.004390810703264051,-0.0019149915664083302,0.00010761717558395353,0.0007196975910678685,0.001970341264903579,-0.0006939437127768359,-0.0010282280417120082,-0.0003965893908330332,-0.0004945354862431608,0.0016479617588342859,0.003902416001478363,-0.09934029323685757,9.740137,5.4758368,1
4.0435,9.0,6.922459893048129,1.288770053475936,1050.0,2.807486631016043,38.76,-122.51,1.326,38.76,-122.51,0.004988547461200713,0.01227212698978701,0.0012426034845410753,-0.001007024808193331,-0.023183621835670156,-0.08105164234316307,0.025255661557076738,0.012901588783408418,0.0024171106402260246,-0.0036092826190223855,0.017376604811631422,0.027360570666330564,-0.004557445183444444,0.002820372044875206,0.0030213942289232564,-0.001219295998984538,-0.042684395933357905,-0.01404506259884224,0.0009064113344048521,-0.0013672415624048889,-0.005864285134549771,-0.026354636362995155,0.002317700386894412,0.002270015890159415,-0.0020476963571266446,0.027020664372057447,-0.015540586785477229,-0.23729711676610135,7.5945706,3.0862489,1
3.2444,16.0,6.179166666666666,1.2041666666666666,1365.0,2.84375,38.7,-121.32,1.184,38.7,-121.32,0.01944131043774672,0.001326699198817785,5.5246772956820185e-05,-0.0005856716960339061,-0.01720856193631259,-0.015996516744273926,-0.0006245505591287405,0.0032366160634398943,-0.00036917588859614937,-0.0005780226162359547,0.022399333198351985,0.021823629028826053,0.000882076676915188,0.001460259524841144,0.0006256536690892024,-0.0022929044406413282,-0.004841811459424877,0.00024097972700887362,0.0007022239696186601,-0.000932999341607505,-0.003901935268760469,-0.001971302472433992,-0.00035333536807855194,0.0007993986382594644,0.0005626715192040701,0.02190828599790574,-4.738953299848868e-05,-0.13877527172732582,11.014399,4.143597,1
1.9925,18.0,4.277207392197125,1.0390143737166324,926.0,1.9014373716632444,38.58,-122.57,2.25,38.58,-122.57,0.045543214834002754,-0.012140717457800395,0.00658592569608753,-0.003616610523100385,-0.049788990639922696,0.001809458549263398,0.00267068062474447,-0.0011732869549651234,-0.00039200393244641374,-3.922964749345784e-05,-0.030795152841528044,0.022618162088344402,-0.0034140013779192777,0.00030511232123480554,-4.521516038906609e-05,-0.0058112492822676035,0.011079148568058875,0.012001286559506335,-4.410675022903959e-05,0.004089516214497097,0.002609495120187176,-0.0017728928100803859,0.0020589738371634293,-0.00012311620268761186,-0.002243060085616455,-0.09399851806906291,-0.007191440726243832,-0.11956619702206718,2.829976,12.361033,0
3.3929,39.0,6.656626506024097,1.0843373493975903,408.0,2.4578313253012047,39.48,-121.79,0.821,39.48,-121.79,-0.034265859992028705,0.004345048098916529,-0.0017604743252645364,-0.0014513698204383927,-0.0319683638319542,-0.04468505209339039,0.019788476727553732,0.004773040267003526,7.510005571132986e-06,-0.001005616340000945,-0.013825363350645917,-0.03864914561737618,0.0007384493757563773,-0.0008543896004715369,0.003608701733997201,-0.001049184392075606,-0.02079115851544173,-0.010261243874643194,-0.004680274418586946,-0.0012988138827365772,-0.006988356367904558,0.00021874604669711048,-0.003181021773953754,-0.005793162440966294,0.002996918465711679,-0.10756209695533472,-0.009146288920854454,-0.07782111640060613,1.7569401,9.104456,0
3.5833,32.0,5.829479768786127,1.03757225433526,855.0,2.4710982658959537,40.79,-124.13,0.928,40.79,-124.13,-0.009100630690537929,0.0091074886987819,7.256365537012399e-05,-0.0012421589095859653,-0.034261096666212396,-0.06797794182373612,0.07878828868227399,0.00011856329703151033,-0.00028790593980119615,0.00014182381575837102,-0.008704976600851668,-0.020858208599519267,-0.004544924672204768,-0.00014184930822277786,0.0016719458563708872,-9.669800987600289e-05,0.00023716393035766426,0.002455444492717347,-4.845034358640566e-05,5.2602742604747635e-05,0.0009822512779172942,-0.0014087679726599823,0.0018753008954568988,-0.00033863726613544477,-0.0007233659339199407,-0.12193349915894347,0.01956623154018543,-0.31416816907049694,3.6420026,3.5872958,1
3.4561,20.0,5.451171875,1.06640625,785.0,1.533203125,38.43,-122.59,2.167,38.43,-122.59,-0.021685532785047496,0.009064138668362105,-0.006219615559113815,-0.0011764533535643107,0.05048010008415843,-0.0765966769613108,0.05049360810680948,0.0008789079119515854,0.0003017459838680739,-4.063761501877653e-05,-0.07400964548225689,0.022545259745023253,-0.003699911372353857,-0.0017551450083250512,-0.0011970161158247638,-0.029681359432915534,0.0076744477107777275,0.004367767508862378,0.0004633505930975903,-0.009067764917620503,-0.0013965176478882646,0.005487068767487446,0.004801163809056649,-0.00018426635072162323,-0.0007224316583558813,-0.15476532833028037,0.06181611963753786,-0.1645409711094053,-0.0067779925,9.429,0
2.6726,33.0,5.032154340836013,1.2540192926045015,759.0,2.440514469453376,38.51,-123.0,1.531,38.51,-123.0,-0.02581153757384976,-0.02210310428158969,0.00035324161769204087,-0.0016696355853442425,-0.03598965812679907,0.00797178432612225,-0.01950996459846635,0.0010680719294964098,0.0031280762643427166,0.0006313731267911917,-0.003417383187303528,-0.014314753036078999,0.000370429011020813,-0.0014172960212177398,-0.0020266527876662416,-0.007583094196668714,0.009929435354889632,0.0017763191104087207,0.0003575860084858995,-0.0014893124942760804,-0.002604145927797246,-0.017207587207653183,0.002080242837113982,-0.0006978360174828038,-0.0008459422153861322,-0.09796032459102451,0.0028167441509469003,-0.1221124456739706,3.697796,10.292168,0
2.5568,18.0,6.114035087719298,1.3157894736842106,356.0,3.12280701754386,39.49,-121.21,0.771,39.49,-121.21,0.006470505470012226,-0.021671592057751782,0.0006741057062068958,0.0006904265876424495,0.02081203641237325,-0.0011439358513637618,0.0001775158076669677,0.0016371034701050508,0.0029611644909111794,-0.0005958220065347712,0.0086350899684893,0.021969553858102852,0.002263728859929849,-0.019218459417594043,-0.00274286097911105,0.0011200820337445747,-0.0025420661047129266,-0.000897296109591879,-0.0038229530452514107,-0.00139723179772807,-0.009037605541654272,0.0023872407127783837,0.0011780886768283764,-0.004790995922583507,0.0018527604760693352,0.021877189342930772,-0.007914381804641189,-0.11026971391520006,9.887013,6.948473,1
2.6033,22.0,4.055194805194805,1.0876623376623376,699.0,2.26948051948052,38.34,-122.71,1.216,38.34,-122.71,0.009527405352105127,0.03867321305321844,-0.002012436247186301,-0.0005314868305126845,-0.03937197548224026,0.015761891325936413,-0.0032844921148962283,0.0019949540073180244,0.0004337715164902109,-0.00033370044500205304,-0.009405756547337937,0.004183092229596763,-0.004162975645488529,-0.0008827938419395721,-0.0023990710396256196,-0.0003020912294261511,0.014116366284136333,0.015982807911990436,5.7684307057341114e-05,-0.0014067396631173002,0.0006091145151984113,-0.013079985290343706,0.0020593391441212365,-0.0013330546563714949,0.0008109413550694094,-0.0787800239462805,-0.0035189931658199617,-0.06153179525878749,2.3966076,11.723942,0
3.6154,52.0,5.616016427104722,1.1478439425051334,1076.0,2.209445585215606,38.06,-122.21,1.557,38.06,-122.21,-0.010253797958406856,0.008891721267824426,-0.0009063847279028921,-0.0018919332637792024,0.04303003983026624,-0.028727450673944378,0.012909264919469117,0.002970438228404951,0.0006458851842254427,0.0011338415205407138,0.009563524215699174,-0.022763386417578645,-0.0043893300389226415,-0.0012382165917114371,-0.0005493996320078028,0.0017558352247927008,-0.0023520040067834245,0.0028535495347836374,0.000370651975469082,0.00019590014304448543,0.015599246251804975,-0.020956368844555023,0.0017362737967967245,0.0005256602996216827,0.0008287928360459594,-0.09673728246843742,-0.014376537456972996,-0.15754504132049799,1.7082086,8.450145,0
2.7868,15.0,5.338129496402877,1.009592326139089,1004.0,2.407673860911271,38.7,-121.33,1.178,38.7,-121.33,0.04680229633510698,-0.024631023697553798,-0.00013944116490422295,-0.0002618113308587299,-0.027736416487674758,0.022088446912559057,0.0033879419777533893,-0.0025868726075660015,0.0003503972013728987,-0.0009680315252539975,0.0009670868186987631,0.0316508792003154,0.0026804702527232194,0.000824683958060158,-0.00010911254415746934,0.00011940251004912924,0.0029978999665640324,-0.0004179099813824477,-0.0003986297339316523,0.0015430802383128376,0.0026488021874683,0.0007810587984895319,0.0016699169809258549,0.0005457849859289759,0.001179091570242594,-0.061255785088338455,0.008453180528063873,-0.13554493350686833,2.7116084,12.778704,0
2.4632,35.0,5.56043956043956,0.9862637362637364,786.0,2.159340659340659,38.61,-121.39,1.569,38.61,-121.39,-0.03361957198061905,-0.025902921539195208,0.0012743562934526525,-0.0015248644515149963,-0.020248086056220894,0.014960609190067167,0.004265005308294119,-0.0013779296885630574,-0.0004379237508406314,0.0007943014718947989,0.017779975878810868,-0.017773023106184758,-0.0005978262524341317,-0.0006561636953862855,0.0021106887492210956,0.00775195359894718,-0.008474973041043218,0.00017461320607669602,-0.0003969860801987479,0.009369093498015475,0.0016921657894793719,0.001268669079747551,0.0015483256040896441,0.0005038742938109366,0.0012583727783484727,-0.09574361319077383,0.014340911913080909,-0.14967870060154378,3.6953444,10.1393795,0
4.3702,7.0,7.409893992932862,1.1890459363957595,1355.0,2.393992932862191,39.24,-121.21,2.261,39.24,-121.21,-0.048800206756629015,0.028387869862326144,-0.001190434270889322,-0.003692664745918455,0.013419350000379611,-0.014537482578461162,0.003002413969253777,0.018382035399833713,-0.0004194868473670997,-0.00563356732489455,-0.023266130758390235,0.03476718983568554,0.002441657488316327,0.0011333757528579995,0.0032223786259747036,0.0008060426628627325,-0.000799385921986963,-0.00022557844895187404,0.0007031680489080457,-0.0019113863909388758,-0.0057731595600346046,-0.0017163264515348152,0.0006239818883712928,0.001784635898455942,0.0001111401490947957,-0.08191395868473161,0.00549296485849736,-0.08318580506554632,1.0138726,9.693208,0
2.2754,23.0,5.129852744310576,1.036144578313253,2435.0,3.2597054886211514,39.0,-122.13,0.592,39.0,-122.13,0.004097890248762213,-0.024251594865485993,0.0007444840785389747,-0.0028630236020428346,0.032581538756151676,0.011773998449043262,0.02402845909436199,0.0008007040457443976,-0.00028909677003181487,-0.0003583657086704589,0.00593971536196066,0.00020558890022480313,0.0016505246096025533,0.00039779319397271866,0.0004090703718008024,0.002088329267318737,0.004593420712854193,0.0019711991474003075,-0.0003406102068116084,-7.91911444812382e-05,0.00027036840972356594,0.00016325460347905182,0.00036520305561893733,0.0013765583207659797,-0.0019704866921119828,0.03407207498047933,0.002378132968710393,-0.13649181800014185,8.609843,6.9876857,1
4.106,10.0,5.7818012999071495,1.0807799442896937,2909.0,2.701021355617456,38.55,-121.55,1.159,38.55,-121.55,-0.014986773654468682,0.010838192435862856,-0.0016880391683425425,-0.000939608240356021,-0.018914550882962615,-0.019808667053509706,-0.0050158968409593375,-0.0032279849983484947,-0.00040970545659277743,-0.00018624675950610508,0.014131812524856823,0.030576029369694897,-0.000143828261425115,-0.000996518606574813,-0.0005451810420962007,-0.0016681525957865247,-0.001266314950439185,0.0011981075125405743,-0.00018009833485766114,-0.00033935692428007177,-0.0013702540053898034,0.002105744216744676,-0.0011267302106505836,0.0010802150592368936,-0.00127920400537635,0.024966239332674382,-0.0005444353600946061,-0.1202881621681286,11.331407,3.6665037,1
0.957,52.0,2.709016393442623,1.2950819672131149,392.0,1.6065573770491803,40.8,-124.17,0.6,40.8,-124.17,-0.0866308337156866,0.08767879984386336,0.014718367517661866,0.00575970086869427,-0.15434508811553102,0.01011663794450465,-0.006165777671091078,-0.006945014029845769,-0.019122595255513394,-0.0023956346613767288,0.026041607466267613,-0.03559298985331815,-0.008160095448707612,0.006662018202871743,-0.0046796793845288644,-0.03486443334020512,0.01574941580882699,-0.02074262423202515,-0.000777245938455112,0.0071507636473436866,-0.0062599464189141115,-0.012955282854869644,-0.0010508246516388205,-0.006033453599304272,0.0028889044777501293,-0.16262786040736185,0.05607053946769117,-0.2969306518935574,3.8440952,9.126415,0
2.8056,26.0,4.673684210526316,0.95,992.0,2.610526315789474,40.76,-124.17,0.828,40.76,-124.17,-0.009269776940048075,0.008181045570806397,0.0018565810445283302,-0.0008274563532212234,-0.02616809953325745,0.006567904741418295,-0.010422421849911415,0.00021462878231718452,-0.0011549088651151608,0.00011149876934884613,-0.002710375616786507,-0.018997419815299853,-0.0032547779462490734,0.0009940906427458884,-4.3204103697115864e-05,0.00036859982073167717,0.004864275157070232,0.007402617495882877,-0.0002825971815098911,0.0016855181268207679,0.004999719448414797,0.01004163562729039,0.0017703535467970216,-0.0004111466941214702,-0.0016785856527992181,0.0033012269725364706,-0.010331697898721168,-0.27668031008273436,6.948775,2.370293,1
4.0625,19.0,6.729064039408867,1.083743842364532,596.0,2.935960591133005,39.11,-121.68,1.417,39.11,-121.68,0.004048197280868129,0.009139935339902034,-0.002075383717711268,-0.00022600137046874797,-0.016102776019304436,-0.045217187734836704,-0.010648229901768377,-0.0028414370743488583,0.0001957987535202219,-2.131873020565114e-05,0.013006787799189581,0.017287428460773406,0.000487339118975864,-0.0018058621364893473,0.014615628385030107,0.0015651398349355978,-0.019495541365750258,-0.011727809583210675,-0.0011013580119656294,-0.001422329243350931,-0.0029540131628868985,0.0007884353046379145,0.0011134273754228154,-0.00315646597082362,0.0033165934599133948,0.02852208078848336,0.0036943624826290674,-0.06815382185791255,11.50337,3.5305917,1
3.3661,31.0,5.58648111332008,1.0298210735586482,1640.0,3.2604373757455267,38.05,-121.98,0.985,38.05,-121.98,-0.003771923336182202,0.003303699289772273,0.00021998432054414808,-0.0018146319637198157,-0.008315896406309845,-0.006227503619969457,0.02456157892053239,0.00041627044591882237,-0.0004696259955486314,0.0004978476800422333,-0.012452346410930954,-0.01002479738503875,0.0010049574723109864,0.0028603010250870136,0.0002076646373903762,-0.006656640203520757,-0.0015049881452639073,0.0026311945972696837,-6.962010720358606e-05,0.0023555207274063034,0.0019195838892929816,-0.0005858129324483884,0.0009931710873809236,0.0006306781469749384,0.0005677662927829853,0.05613580289871162,0.0033205696296358285,-0.11518259503283194,9.482812,4.6743507,1
4.6111,36.0,5.457627118644068,0.8135593220338984,133.0,2.254237288135593,38.64,-121.37,1.393,38.64,-121.37,0.01549090668910019,0.013734048241074884,-0.0016928674215857503,0.006643605092807136,0.02803136196844536,-0.04711646123971874,-0.007068450189257564,-0.0016264284799332957,-0.0014522965929469442,-0.024251081470910027,0.020294914954104397,-0.01940922261041024,-0.00020989061260001595,-0.0012553931503011305,0.011827011968813222,-0.0010525416346803323,0.0007759503102946799,-0.0018887478522872003,-0.007948273313001911,0.002301733170642064,-0.0118442002508263,-0.01132144508213481,0.0012248685068395701,0.005662937570249716,-0.05004131311124864,-0.0936576886949656,0.006778852722940955,-0.14094943319615333,1.1290367,8.324924,0
3.0938,32.0,4.7176470588235295,1.1254901960784314,571.0,2.23921568627451,38.25,-122.04,1.104,38.25,-122.04,-0.0014548747515633086,0.01315839807102361,-0.0018929454977926266,0.00014127468243671574,0.0035199994470518424,-0.012400006751091763,0.019209333346587712,0.0012570626396171455,0.0002553267937045973,0.0004150467619602798,0.016747330475691734,-0.017601726995082324,-0.0003417560591174809,-0.00042594422709489734,-0.0027777334892818747,-0.007719398930661696,0.004783155732616451,-0.0025875893373104044,-0.0011863477361842543,-0.0010273712442563957,-0.003611933043087762,-0.0037743393680818764,0.0011875133201801743,-0.003411106030416183,0.0028297733564062264,-0.07981102296610172,-0.005894987718234922,-0.12236729595585417,1.5629762,8.902159,0
2.9688,22.0,5.987261146496815,1.1464968152866242,743.0,2.3662420382165603,41.68,-123.91,1.527,41.68,-123.91,0.007921546064329639,-0.0187643514342356,-0.0018813518066683466,-0.000793444100698856,-0.047381921771941116,-0.009835174480837967,0.027320786280968946,0.000328214661864178,4.795011605553886e-05,7.878737347139222e-05,-0.0034654762665381708,0.028422569920511228,0.0019417476760922752,-0.0006870465246973311,0.0015056822000771935,-0.00018942866221971955,-0.003996356806631415,-0.0017021803485000857,-0.00034723000035585014,-0.0016914165326576704,-0.0034211253569698128,-0.013079122983795715,0.0020168278734619526,-0.0003015493682708454,-0.0005706934376452797,-0.09060941326138097,0.01530954928348801,-0.3073435873322952,3.3596153,3.296637,1
5.0359,51.0,6.892109500805153,1.0177133655394526,1486.0,2.392914653784219,38.55,-121.49,2.241,38.55,-121.49,0.03309931760136185,0.016178888439710493,0.0010378678543614944,-0.0016524418249840409,0.026998614638453457,-0.038078532485263945,-0.0020116876207706587,0.00483457111147771,0.0017886294092363565,0.0017120956442728363,-0.00516704424147419,-0.03573130232505393,-0.004798288445021283,-0.0012281112619889696,0.00014761934433376667,0.0018914302992876185,-0.020030200062618325,-0.004375935846754363,-0.0009598383196844858,0.000511493794645751,0.002453800363592216,0.0006585876519372063,-0.00021914731816718617,0.002120541395479128,0.00047030359774166263,-0.09618071302901077,0.004705172927992073,-0.12154804086797989,1.2140121,8.482143,0
4.5568,11.0,4.934210526315789,1.049342105263158,899.0,2.9572368421052637,38.34,-121.97,1.272,38.34,-121.97,-0.04506910696602003,0.0010490420090806967,-0.0003772819860939367,-0.004830517783468393,-0.009941007863022145,-0.035744196079640245,-0.030207789160192032,-0.00794934053448125,-0.0006792921768326865,-0.007120939194299877,0.027159155814592172,0.030425797788266734,0.0005145889507030574,-0.0011609487021996244,-0.0013052546083636351,0.0021700194502773415,0.000717842931987349,-0.0017994167393878744,0.00018865810454754819,0.0005459162453315399,0.003142353273563294,5.196483423577461e-05,0.001471032278124055,0.00023443804497217768,0.0009310006010567213,0.02337752214306303,-0.003811884379029235,-0.12042032049820575,11.6193905,3.1033912,1
2.2734,47.0,6.002777777777778,1.2222222222222223,966.0,2.683333333333333,38.09,-122.22,0.887,38.09,-122.22,-0.03761893176590347,-0.027105172547735288,-0.00023988019778772575,-0.0034875597583697705,0.005694502696126185,0.016250634267749635,0.018837459793301096,-0.0011925227207208306,0.002716323047146832,0.0006408269084110455,-0.006575040629032541,-0.019085194550087156,0.00017230759188785688,-7.898737739214193e-05,-0.00013781754090112455,0.0010831279186168088,-0.004223267670704938,0.0035845010586751207,0.0006913010944130163,-0.0010242406612208336,0.013324473765654802,-0.024096859809676203,0.0009299048111242217,0.0005426875138688604,0.0008392268692348028,0.00650946714997625,0.0018294454021540293,-0.15231740865145793,8.95998,6.0675945,1
3.4107,26.0,5.815384615384615,1.1538461538461535,164.0,2.523076923076923,38.05,-121.27,0.828,38.05,-121.27,-0.002230721185567469,0.004032369719588181,-0.0005437653969656255,0.00938598229514801,-0.05044781614986998,-0.0231450734542158,-0.0015942531151790548,-0.0011314501550387362,-3.518679207091115e-05,-0.013975386708109157,-0.010350415001056495,-0.016907081779076273,-0.0010244619989856812,-0.00020802748942649435,0.006446784295085958,-0.0008750422393301219,0.0028472672067597266,0.0029842258573662592,-0.002964786198866749,-0.0021089925846470335,-0.004053412569056398,-0.0013567541796021838,-0.004175939261134909,-0.0028312753506144492,-0.00444787837815485,-0.04597581038864584,0.00591111558674265,-0.14479273822834424,2.9801269,9.376673,0
3.212,33.0,5.684073107049608,1.0548302872062665,891.0,2.3263707571801566,38.0,-120.39,1.052,38.0,-120.39,-0.01305016727262082,0.005269258859115272,-0.0020362370735462977,-0.0016424866610609185,0.00759688209644253,-0.04370439994217683,-0.004421905479914327,0.0003647076143652732,-1.6647770382505156e-05,0.0007628995943630611,0.007419730179294452,-0.01811236316426045,-0.0012937203737232116,-0.0010074922237715456,0.0015158884558433639,0.002050074231689707,-0.0010362498927258153,-0.0009975937081766906,0.00010406160733580767,-0.0004306248395692648,0.0018975745927037127,9.215371127527961e-05,0.0013948151822018608,0.00020467304403819653,-2.6261697673117904e-05,-0.09712762035986301,0.008478637154609642,-0.15874506916425965,1.5378028,8.451612,0
3.2759,18.0,5.340673575129534,1.1321243523316062,1895.0,2.454663212435233,38.01,-122.31,1.95,38.01,-122.31,-0.0017751294330835398,0.007629154060507316,-0.0017935955972335578,-0.00274565821846124,-0.020263115078821385,-0.048681336089161954,0.020685892521339698,-0.0005599287264238444,0.00044335058978318975,0.0002783024783096888,0.018253049446819537,0.020881063971276564,-0.000587437588910982,-0.0015460467995915062,-0.00010905132424076134,0.0009296654612215103,0.005071476083549599,9.792337006420175e-05,0.00037870774678282063,-0.0012755226359812916,0.013207590902363833,-0.024076982239771418,-0.00021348972432383672,0.0005599169275912487,0.003093165936244734,-0.11493913015100972,0.009582492161899745,-0.24344626272028036,3.5276573,3.5800765,1
0.4999,15.0,11.596491228070176,2.56140350877193,131.0,2.298245614035088,40.43,-123.32,0.567,40.43,-123.32,0.05781002614604462,-0.044068781730882516,0.003507022954138608,-0.006963606480905075,-0.036737508273000596,-0.08288418597964894,0.07397384611465106,0.00787683745685064,0.0021562490885188644,-0.005073526945952689,-0.009902772896932333,0.017939029973855138,0.0007477876956975081,-0.01827073875317606,-0.003774856729926584,-0.012144274249304074,-0.012337035478818007,0.009181839961323891,-0.0010961147603890519,-0.0017472286869731853,-0.005282224245950502,-0.0395160609406798,-0.004845434310232653,-0.008842264203784304,-0.03577405110979664,-0.09333901282654589,0.012495959134146674,-0.3977033070421731,3.7103364,3.5238671,1
1.6875,22.0,4.307332293291732,1.1809672386895476,2612.0,4.074882995319813,38.24,-122.04,0.875,38.24,-122.04,0.008903851932775953,-0.020666587957273806,0.0005331657395649161,-0.0026153707220843603,0.037261303069736476,0.018513027595539605,0.030515705647130888,0.0011436859296490391,0.0004490883878476343,-0.0004733077279939877,0.014169386616162507,0.002607661051988214,0.00190083062348482,-0.00026457119301991473,-1.2169859072738461e-05,0.002455278081140704,0.005073448536536051,-0.003562532762774698,-0.0003709327877661089,0.00022347161331913595,-0.003079440092419745,-0.004141704630916513,0.0028081440081693335,0.0004343493633945819,-0.0019930572281900445,0.07012763684217654,0.018781232350706733,-0.10849665947672546,8.63997,7.5286937,1
3.3571,14.0,5.227941176470588,1.1066176470588236,1613.0,2.9650735294117645,38.3,-122.49,1.936,38.3,-122.49,0.02554532888423829,0.002067600849728466,-0.0003873005700800286,-0.0014002775632492017,-0.017618785531567743,-0.028425760886206446,0.06831961748639773,-0.0029668279976584368,-0.000768662952186538,-0.0002892329839166883,0.021943508082150665,0.01672422188243221,-0.006031052322460858,-0.001804418770806352,-0.0003371658742757479,-0.0016330422379572233,0.013890073235312215,0.009572018937542903,0.00041162240388663133,-0.00116296565040581,-0.006014764999102801,-0.017248607306075206,-0.000926873038819268,0.0003970249221814578,0.002504919431113183,0.03764073655457057,0.0035822767834779974,-0.009297942094772305,11.49248,5.406354,1
4.6406,20.0,6.109979633401222,1.0692464358452138,1207.0,2.458248472505092,38.07,-122.19,2.175,38.07,-122.19,-0.0034787740605204324,0.018290013821405104,-0.0019434178094624827,-0.0025566561979949247,0.0001038340519521271,-0.05674262683282694,-0.02329947262430299,-0.0003951058349298826,0.00019406813356754603,-0.0006252393492285587,0.021831732666064658,0.020299553964207115,0.0016017176580874516,-0.0002980972918729117,-0.0003658327367189035,-0.0009072793108822533,-0.006117375112173643,0.002802795355878315,0.0007549342139741722,1.8906940910321243e-05,0.0003161919084338034,-0.0011084926937638161,0.00048818363422826333,0.0005053086180028328,0.0003681011650537731,-0.08686950379182103,-0.01014345093941598,-0.17882548107532598,0.97845775,8.639256,0
2.5238,22.0,4.6184,1.056,2607.0,2.0856,38.6,-121.39,1.188,38.6,-121.39,0.013673772467179495,-0.0022735441195195247,-0.0023653541044266987,-0.0019576362120199637,-0.009964506013253658,0.014909596319858692,0.004060042542134391,0.0009485108933335637,0.0004329802903599323,0.00014678973254717148,-0.023678717000160783,0.009446861905799964,0.0029409759216908137,-0.0007257884789489931,-0.00014427644129842864,-0.011884481730494747,0.003212103642732719,-0.0009964990858701275,-0.00016185298156400622,0.0019225465501413453,0.0024635683007382192,0.0010671438475749826,-0.0003263993068952405,0.0008207078390584561,-0.0013350340560386881,-0.07901668147769976,0.015538101067718108,-0.14506281502619345,2.9622133,11.917646,0
2.3611,31.0,6.151079136690647,1.5611510791366907,280.0,2.014388489208633,38.46,-123.07,1.125,38.46,-123.07,-0.032687703054656035,-0.03215418335647737,0.0006152272598009764,-0.029856436466664485,-0.08757427421518917,-0.0008805027711017056,0.003849645859813428,-4.542794198759563e-05,0.00275887520346869,-0.0032399074148976815,0.024834965975440108,-0.014121899684816626,0.0006396506612154528,-0.008823707313567603,-0.002791376159886858,-0.008471196097471238,-0.0005537459119436784,0.0043782811158666795,-0.0036850236979819274,0.002451577653248338,-0.00022341716347321032,-0.049255608805169895,-0.007436102550235676,-0.009845341571002707,0.001002334488233838,-0.10331134362686113,-0.00923012224234342,-0.13035002964119682,3.768638,9.809888,0
4.976,3.0,6.57201646090535,1.034567901234568,3664.0,3.0156378600823044,38.33,-121.96,1.583,38.33,-121.96,-0.04990085466642662,0.0188110220397179,0.0007970047670398059,0.007107174627433496,-0.009097667485302942,-0.03392622285038478,-0.027252434860755747,0.013451109476729443,0.00021071940378735118,0.0013448369995726689,0.028704338290549292,0.027623359545943388,0.002661764980252498,-0.0023397464672371975,-0.00023696103708170055,0.002828295659798149,-0.02252655422771553,-0.008852383544122207,-0.0012844676472931855,0.0008719634930629813,0.004292516078585759,-0.0003079282837871307,-0.0021173565411692612,0.002876115556906647,-0.0013752272711982485,0.032334716874120484,-0.010019351726326444,-0.10746051446746721,11.803014,3.1325448,1
3.8068,12.0,4.906194690265487,1.023008849557522,1335.0,2.3628318584070795,38.64,-121.34,1.61,38.64,-121.34,0.009547969503525664,0.01243014425027097,-0.0006993368908906803,-0.0005655376509990221,0.015642915699801304,-0.05525583477079042,0.0042288617698594665,-0.0022751500654385397,0.00035446853617481655,-0.0008763180312691216,-0.012500819821376161,0.03552809290014635,0.002523933183878982,0.0008246839580601578,-4.666083311649589e-05,-0.0038802513391268,0.0022974674846650456,-0.00012106232544905326,-0.00016490237559342843,0.0006536745888830025,0.0025654865532881163,0.0008706368676064105,0.0005790285969824508,0.0006852018821349328,0.0006324633804853428,-0.09063154993645217,0.009136589147055429,-0.1286324043586549,0.39374927,9.262411,0
3.6817,21.0,5.70911214953271,1.0379672897196262,4674.0,2.730140186915888,38.59,-121.32,1.361,38.59,-121.32,0.00041451916656904054,0.004259269957647359,0.0004144781883112103,0.001526413710244916,-0.03916025569797383,-0.012551746021455956,0.0018548528707215137,0.00017542749354793275,-0.00018323425634870314,-0.00026963247424309814,0.012911690232625155,0.001811193319844863,0.0016668713570292927,0.00030798461366140557,-0.00012305367662755875,-0.002005421678631788,2.555744550148767e-06,4.509682380116288e-05,-0.0006969960423334211,0.0006601601680402527,0.0025337878946543853,0.0016166016112880324,-0.000764720117983584,0.005737339221726379,-0.004898575656590903,0.026452846645348947,-0.00012210313118307445,-0.13274478400484716,10.357585,4.1193166,1
2.0556,52.0,8.316602316602317,1.9266409266409263,524.0,2.023166023166023,38.46,-123.02,1.2,38.46,-123.02,-0.06927139985466166,-0.021170045883526417,-0.004240976622945318,-0.0035260491369245688,-0.10285332507177145,-0.0021576400046064703,0.0013026661646315068,-0.005854654390219664,-0.03508310565760836,0.0010932907873598917,0.007153974325577889,-0.01753272410144947,0.004471444230059526,-0.01689857067095055,0.006731893766459279,-0.028299147604619237,-0.03417077308674214,-0.009786335188916587,-0.0026896172564122916,0.0004245834685959744,-0.003086090972426382,-0.03614411926470073,0.0017987027837717716,-0.003847846342065632,0.0021547897590810396,-0.10327883393245765,-0.009284545384813148,-0.14739002375368518,3.814708,9.591132,0
1.0398,25.0,5.465798045602606,1.1954397394136809,971.0,3.1628664495114007,38.64,-121.44,0.621,38.64,-121.44,-0.0002106925920800307,-0.016204649750799747,0.0009607098874185474,0.002740633511218196,0.04098748588562478,0.012115024650460372,0.003861701692079441,0.001138086127094494,0.0007754508718295519,0.00041814666567541284,-0.004617500483484257,-0.016050023181184467,0.0005558408692022044,-0.0004424628900112547,-0.00038083466485081566,4.8211222039812544e-05,0.002923045194271475,-0.0005002023998265663,0.00010313624527377946,-0.000688141063063813,-0.0020095185284829346,-0.0010291020360076728,-0.0018421689604717771,0.000528115852500855,0.0012133073697392222,0.04431958773634109,-0.0059053569108206624,-0.1349369919426646,8.435971,7.0003166,1
3.0313,17.0,5.870614035087719,1.1644736842105263,1244.0,2.7280701754385963,41.84,-124.3,1.036,41.84,-124.3,0.03614445049079098,-0.01915787774544288,-0.0018610368160192846,-0.0006089578150415677,-0.010796799064644085,-0.02392543270351954,0.020544480460621756,0.0004483149117203054,-0.0005911524572715181,-0.0003029444677656711,0.0056613869243052955,0.01503348159701346,-0.0012069296488868978,-0.001456191584759362,-0.00025501955756682197,-0.0010061536052229877,0.000979406785253239,6.190183548804133e-05,0.0003322797298929498,-0.0009390200368800194,-0.004084144199741725,-0.012832593570494523,0.0011298581619693098,-0.0016042547111864037,0.0004022645776852702,0.005250697648817333,-0.008927821085843644,-0.2812790724828555,6.8126097,2.8216865,1
3.4191,52.0,4.530612244897959,0.8163265306122449,1107.0,11.29591836734694,39.73,-121.85,1.375,39.73,-121.85,-0.020654904891740336,0.01567783726515502,0.0019109703158102771,-0.0002838823347106524,0.01798831052896415,-0.015939950267639776,0.018626144504955863,0.0032403067848208946,0.001855638238091153,-3.427439304703191e-05,-0.011466284339764083,-0.024451517334822436,-0.0048819933319082486,-0.00039052318497382157,0.00011777886442221731,-0.003174297173374586,0.005236917186212695,-0.005546897162662037,-0.00023264881063475164,-0.0016641782133259907,-0.005806244681005524,0.014706429228129767,-0.0036276687519615023,-0.00016171402211885707,0.0011278552000304567,0.11510166263727052,0.0195476329989142,-0.0696591000987213,8.592766,7.362512,1
2.7188,43.0,5.188755020080321,1.2329317269076303,647.0,2.5983935742971886,38.75,-121.27,0.853,38.75,-121.27,-0.03879181372652112,-0.02702857874079218,-0.00047722710796049676,-0.0010716516033393636,-0.018279665547944086,0.02497958239151325,0.000657438291287126,-0.00027313395116094585,0.0031288762015043953,0.00045655947767803183,-0.006660545814932196,-0.02027024458368152,-0.00020834908748331243,-0.00040253303770096887,-0.0028936203632439917,-0.0050843855169527725,0.0029626085459839246,-0.0024854110494978055,-0.0004072755887368809,-0.0009810718126630718,-0.005566365597550384,-0.0020727511316682786,0.0008683343286525224,-0.003241128069757489,0.002890635419420644,-0.0015766388830287161,0.0016854866258259541,-0.12554980852060935,9.176279,5.8952646,1
1.8355,34.0,5.103030303030304,1.1272727272727272,635.0,3.8484848484848486,39.36,-121.69,0.63,39.36,-121.69,-0.017605161227196513,-0.01261028297291535,-0.0027401374140877885,-0.001621911567361682,0.05188322539256677,0.014247515787265026,0.020665074061300543,-0.0006937762974554366,0.00013542663517931343,0.0008985671995434572,-0.003541175088645902,-0.012571147054001275,0.0011962944956473136,-0.00040080212283638014,-0.002964214079900668,0.007180637901731581,0.0048931511464543765,0.0005205600879128534,0.0002249739882736517,0.0013119816003832878,-0.008604822375741806,-0.003403785685329406,-0.003009415147078285,-0.0015061972005373612,0.00316065693974736,0.08371746581255589,-0.000434915135342332,-0.08105156499624624,8.6102705,7.4848747,1
2.3056,43.0,5.193370165745856,1.149171270718232,690.0,3.812154696132597,37.96,-121.26,0.623,37.96,-121.26,-0.03769032802219098,-0.01561034628468039,-0.0022164591612763526,-0.001642783726510125,0.040587240687319955,-0.0030420152173832454,0.0027475333621118127,-0.0004110590216729263,0.00026533568956119374,0.001084107092319332,-0.004286136280857678,-0.012501955963949027,-0.0009552733867577332,-0.00040080212283638024,-0.002614489380779138,0.008584053211452345,0.003488979547836719,-0.0023625056205334428,8.445620080627995e-05,0.0006789440018617358,-0.003157333634614417,-0.001421946272546968,-0.003112009670053254,0.0012317019775530903,0.0033227015386296027,0.07317449427516225,-0.010530366476548765,-0.14068143518885773,8.055621,6.9689765,1
1.6023,35.0,6.323529411764706,1.3235294117647058,100.0,2.9411764705882355,37.95,-122.37,0.813,37.95,-122.37,-0.014220899127096764,-0.019135947016439937,0.005266856211042886,0.019169364433544174,0.016334529345410336,0.007335749193797925,-0.01898946177979216,0.003972854487174462,0.0017533838279757347,-0.022074601806881977,-0.004602474459071406,-0.009448981563396283,0.0027012758974251853,-0.019884717407122193,0.010159284976031394,0.0024280598060385447,-0.01098864356967366,-0.004799177750179351,-0.0019849928927713765,-8.999924091290221e-05,-0.001344541024980615,-0.012261973862602924,0.007214437112131486,0.01565196851707722,-0.05578227769185226,0.020671511873131997,-0.010145709919076455,-0.16533066756926068,8.485535,6.2176304,1
4.6625,44.0,6.197333333333333,1.1013333333333333,823.0,2.1946666666666665,38.6,-121.45,1.589,38.6,-121.45,0.03937723823552373,0.01956075722922803,-0.0006379900486598672,-0.002187965782277023,0.0054319009866168515,-0.04549820035673368,-0.00537848977886711,-0.0017476429001620746,2.3555635261955284e-05,0.0012892969869624008,0.0007778990535581296,-0.033099776387165804,-0.0018029726124676676,0.001427066065474485,0.002385093203747556,-0.000595920610093272,-0.006063668690197641,0.0001853864318761839,0.0008316125012556046,-0.001953211905311115,-0.00023620116165722952,0.0024590907720383557,0.0016814780479312919,0.00032563750657209193,0.0011785908289455218,-0.09432808501969027,0.006136622726986823,-0.1308358438483508,1.2118459,8.555127,0
1.9932,29.0,4.32994923857868,1.0532994923857868,990.0,2.512690355329949,38.47,-122.72,1.648,38.47,-122.72,-0.013930562114166302,-0.022476196067914154,-0.0010258833863158608,-0.0036225811682428664,-0.022109123399456976,0.007538702269349982,-0.027203994898380837,0.0012728176995968044,0.0002392385387718086,0.0006687873334213254,-0.0038845715193391926,-0.012533249692116931,0.0007392617245657844,-0.0012163062270703407,-0.0004618785304421372,-0.0022386944900951986,0.009555762091534066,0.007057440729204287,0.0004270655786737514,-0.0012095084973255917,0.0017331244990694118,-0.0007923112325624854,0.0019253579976053021,4.391619090343563e-05,-0.002340704162719106,-0.05367963088914868,-0.0037572529812661456,-0.11337137266906556,4.328871,10.497415,0
2.3062,16.0,5.2631578947368425,1.0368421052631578,508.0,2.673684210526316,39.09,-121.11,1.388,39.09,-121.11,0.03732325619271666,-0.019304618618416175,0.00017034784464435874,-0.0005098477176809471,-0.004063822312964772,0.005321333073270484,-0.0002857883297466729,-0.0022791478128378205,0.0003643515531250836,0.0004081537090664896,0.004477129101427865,0.023299020104855274,0.0022644226235581867,0.0005529476856096999,-0.002703379987090862,0.0014487160219992883,0.0017897146603360926,-0.0022418323192051255,-0.0008499108897469908,-0.0003810351372083731,0.0006498933406439274,0.0014831910833367225,0.0006019037864320028,-0.003408597992210085,0.00233881180350252,0.0054215325130713135,0.0010099245364015169,-0.11690306379533355,10.61941,6.417097,1
2.9605,12.0,4.915341440598691,1.0224508886810102,5633.0,2.6347053320860616,38.55,-121.78,2.043,38.55,-121.78,0.041268962925300925,0.016495324523651288,-7.378542502502441e-05,0.0007645561711596518,-0.01476100009340563,0.0039491328789218365,0.027199802212614903,-0.002597714647513424,0.00035435333202429143,-0.01024721720438053,0.0038792239854294206,0.014184701552258497,0.0009388239301410669,0.0008113695695842339,0.0005169009423866904,0.005320148279514564,0.004658259160047579,-0.001835252507583598,0.00014343296076268477,-6.0182020502390056e-05,0.00270246539117564,-0.0009949816605957197,-0.0014254412619998885,0.01386012311816143,-0.005361611156349601,0.00948015792955168,0.003862523548559562,-0.09386155772126535,11.2148285,4.972133,1
2.125,18.0,4.5,1.0185185185185186,115.0,2.1296296296296298,39.23,-123.18,1.75,39.23,-123.18,0.025787077609179806,-0.07716266793688674,0.003793231727672678,0.03521508798820457,-0.0065602488382404895,0.020305401006483578,0.0047382462619663035,-0.0006864309724572931,-0.0003197383461255945,0.006434671721177751,-0.012720555049565626,0.02683799074445624,-0.0003041613947356945,0.0008176980312901526,0.013153229768211741,-0.012131703001380964,0.009705038282748013,0.010429726735325927,-0.005244409344364376,0.00266019254432813,0.0017475105947011372,0.012906359900172186,-0.001163864795881137,0.005584398034995548,-0.02212849560778887,-0.0898447419506017,0.006174505617424956,-0.2834871893268894,3.3925843,3.1504138,1
3.363,17.0,5.644539614561028,1.046680942184154,7235.0,3.0985010706638114,38.49,-121.42,1.03,38.49,-121.42,0.018912886432967645,0.00209696905107105,-0.0021834771930918807,0.00110371133291793,-0.01851915008538247,-0.015134388973266159,5.8858775784862814e-05,0.003722243696055613,-0.0006657210755847806,-0.02688995182034923,0.023832681881230822,0.01206816027533722,0.0009926969382821659,-0.0011432843161022204,-0.0038680009540187224,-0.0021576163663244944,2.0329450891636027e-05,0.00035371391155743795,0.00027663389477428925,0.00023361997458790814,0.0028316829448163704,0.0013581747185174267,-0.0007933330902680513,0.01346596901632973,-0.0047978254703762374,0.03731278610929444,-0.008851487896426887,-0.1265162479909428,11.088005,4.0374036,1
1.75,50.0,4.096385542168675,0.891566265060241,235.0,2.8313253012048194,40.81,-124.15,0.675,40.81,-124.15,-0.0386460846116356,-0.018875199425823292,0.001430396915535205,0.00810524344814793,0.011276260365849508,0.00841920263808748,-0.02104040312314053,-0.0005644241264143974,0.003586486423043482,0.0028052852193405065,0.0014610838896640178,-0.010988251582379805,0.005945317738940979,0.0011196784772925987,0.004899369204774793,0.0024740068002620007,0.009136125623397946,0.006034498082076681,0.005301515850690193,0.0020406238317882365,-0.006377880489299546,0.027648341722172554,-0.0018465445650441698,-0.009867857203883666,-0.00015358031211579464,0.01364211247135256,-0.0060826707237277775,-0.26562057341758977,6.917037,2.2445295,1
2.7325,25.0,4.93687374749499,1.0070140280561122,2756.0,2.761523046092184,38.31,-122.29,1.629,38.31,-122.29,-0.0021318584013837985,0.005313026830981172,0.0010776190173564346,-0.0009374019887088647,0.010361090786883262,0.016528099031163607,0.015383194249168553,0.0008859668012504999,-0.00021579516327567644,-0.00021287795948798463,-0.005926437543493834,-0.013945639259661087,0.0007857270526108677,0.0017994980618347201,0.00039469814227106187,0.004358127620962543,0.004843855079524346,0.0010373700460982018,2.0624911077979347e-05,0.0011678601336176648,-0.0002118617931833945,0.006915717268093093,-0.0019683675991534863,0.0015467906665234351,0.0005886278385480205,0.012081412071250658,-0.0013729801270094342,-0.15357035446197312,8.616096,5.725682,1
2.8036,30.0,5.234413965087282,1.0124688279301746,1156.0,2.882793017456359,38.42,-122.72,1.523,38.42,-122.72,-0.010164453241830204,-0.02872923972322077,0.0010816817738488753,-0.001014131906626971,0.02106504973122001,0.001163717156447432,-0.020541564615793182,0.0009195919660252484,-0.00037689271484684007,0.000667509454882667,-0.0053226736132052565,-0.008190401453799548,0.001090940039702712,0.0018919634889928395,-5.206366681092694e-05,-0.0006237703513909481,0.011602754503250727,0.005270583537302718,-0.00032645078504480644,0.0015162727756949886,0.002111949021754601,0.014221095471279501,0.001727561985312084,0.00037715029644997604,0.0011257379963811802,0.021719379124965545,-0.0001248259750172314,-0.07364948098539183,9.236588,7.012099,1
5.0159,6.0,6.558232931726908,1.038152610441767,4583.0,3.06760374832664,38.68,-121.15,1.896,38.68,-121.15,-0.038252520398099114,0.018987081172944606,0.000797004767039806,0.007107174627433496,-0.00668297577662283,-0.02185820433850372,-0.0005859060573038767,0.013037101737814251,0.00021071940378735118,0.0024684846248295743,0.027489157572223706,0.02838622280230773,0.00362955319508662,-0.0038455119997203116,-0.00036589671391180483,0.002550100319432105,-0.005228456253753217,-0.0035568396196745348,-0.0014906373271995985,0.00023367962552934524,0.0028059806306586594,0.0016295536459753851,-0.002472699521370628,0.00660470790072384,-0.005797080230464468,0.031408138918176835,-0.006867586350581776,-0.08864041473922914,11.780721,3.2469678,1
3.3348,52.0,4.929133858267717,1.031496062992126,722.0,1.89501312335958,38.56,-121.46,1.228,38.56,-121.46,-0.03165492665307596,0.012853219918727099,-0.000442570541188859,-0.0019259593525316487,0.04184859402025417,-0.03685797890977719,0.002470278242311587,0.003514416666488571,0.0014578166038252027,0.0010790199057760283,0.0630889841320401,-0.024740558447578772,-0.005298093637016203,0.0005088522913375992,-0.0029948656932252183,-0.009392112721570726,0.0033978052394483325,-0.001453381784530924,8.751884414099973e-05,-0.003441273675056026,0.0037534246464507566,0.00019401458418292353,0.0018393239249548284,-0.00029283984664486737,0.0010661970162522236,-0.10986208512006249,0.01694012299008094,-0.14358143226331851,1.6370865,8.197776,0
2.7222,25.0,5.528301886792453,1.2547169811320755,1117.0,2.634433962264151,41.86,-123.26,0.646,41.86,-123.26,-0.0023554610650207302,-0.029058244450667254,-0.00019763787980625302,-0.000854073817691718,-0.019191917377161735,0.004078524510865139,-0.012294792867695643,0.0004880150484651229,0.0038641692227520154,0.0006476250119507352,-0.004330103184508954,0.010524119856369068,-5.062591648831807e-05,-0.001663357942279952,-0.0009551063447671247,-0.00045411843836955956,-0.0007233711371729234,-0.00037559762980334704,0.0003660996531384568,-0.0009847926994334467,-0.004707158551511442,-0.013417571907514792,0.0016872064509294489,0.0002787515903154174,-0.001512433332791008,0.008961561891666994,-0.010951569249311687,-0.2695555493731369,6.765244,2.3745766,1
2.4353,36.0,5.717213114754099,1.0819672131147542,700.0,2.8688524590163933,38.19,-121.57,1.625,38.19,-121.57,-0.02429708449834261,-0.022127657972745386,-0.002623984788867634,-0.001034117218001563,0.02530158393093895,0.004458688514794299,0.009204456139376486,-0.0010361789693328796,4.9794484567779665e-06,0.0007549106465486408,-0.0050450175123274545,-0.012773147825508008,0.0009603766250670854,-0.0006940997539096023,0.0008215797409906675,0.0009992014899670243,0.0019910296651980386,0.001305440545644846,-0.00022217019213748935,-0.0006177006613927862,-0.0013868094630151765,0.0021063411347852392,0.0008629598492406274,-0.0006110393063819262,0.0028078831185663704,0.00600628547310513,0.002014737775507721,-0.1342996882029371,8.854243,6.361048,1
