feat_MedInc,feat_HouseAge,feat_AveRooms,feat_AveBedrms,feat_Population,feat_AveOccup,feat_Latitude,feat_Longitude,price,Latitude,Longitude,shap2_0,shap2_1,shap2_2,shap2_3,shap2_4,shap2_5,shap2_6,shap2_7,shap2_8,shap2_9,shap2_10,shap2_11,shap2_12,shap2_13,shap2_14,shap2_15,shap2_16,shap2_17,shap2_18,shap2_19,shap2_20,shap2_21,shap2_22,shap2_23,shap2_24,shap2_25,shap2_26,shap2_27,umap_1,umap_2,cluster
3.5781,4.0,19.178571428571427,2.845238095238096,275.0,3.273809523809524,33.89,-117.13,2.444,33.89,-117.13,0.048595484047104,-0.014344032411229085,-4.111668267911599e-05,0.0019639199909264196,-0.017353416416421758,0.016156133362257963,-0.03196910263983153,-0.009101143169308547,0.003092986328289072,0.016937037626593182,0.030899268030594108,0.006768347504908698,0.015303886887169023,-0.01676575936196837,0.001756219005360265,0.03406836904082217,0.005727521546993095,0.00875192101457269,-0.005011892405144486,-0.001511945222299278,0.01100427345117283,0.0037503219556807373,0.0053342227341378464,-0.0019123898583741255,-0.012482742304127957,-0.005091138162103467,0.03233627573753585,-0.06341814342870801,1.0879545,6.2612834,-1
3.6343,28.0,6.861003861003861,1.1853281853281854,721.0,2.783783783783784,34.96,-117.08,0.798,34.96,-117.08,-0.0013627881289395075,0.0012496969929168544,-0.002391634211348345,-0.0013788696726959862,-0.05849447412383415,-0.008787511417940336,-0.036746412502767466,-0.006370034219324879,0.00013223565214183424,0.0003257318958655743,-0.013752159762587025,0.0015894810021772675,-0.0049827232147033555,6.744342188082887e-05,0.0033700360081571827,-0.0008483597448937309,0.005815168502509521,-0.0209017420186481,-0.0009674292011927604,-0.001494228821795688,0.001737555544558403,0.004539151168484433,0.0014380545150365009,-0.0031501320974712515,-0.01571913410165773,-0.014275854945951964,-0.0007210790588448628,-0.1371769234587093,2.54782,7.3453507,-1
1.2275,38.0,4.04679802955665,1.2044334975369455,1196.0,2.9458128078817736,34.53,-117.3,0.641,34.53,-117.3,-0.033117177560629596,-0.019276047354570745,-0.0008317600000238763,-0.0015006710153948877,0.020342907284185405,-0.020384048870922367,-0.012492899139513663,-0.0009203330650893948,0.0005728828190322301,0.0009043783267404622,-0.007615250084313138,0.00044276301228038574,0.00292287414061984,-0.00021321430883477758,0.00032468694465831574,0.0010410233692385372,-0.0033078698537661157,-0.0032893438759248167,-2.9574673032365508e-05,0.0004215542742570116,0.004163400430437714,0.006119212079260216,0.0003550002275828644,0.0006744117479817099,-0.0029555345738257474,-0.002720910843255847,0.0035700161337663284,-0.21325004330094102,4.7812457,6.5055666,-1
3.4419,15.0,5.389399293286219,1.1095406360424027,3823.0,2.701766784452297,33.87,-117.6,1.381,33.87,-117.6,0.036261926605008994,0.006069345985136182,-0.0006145324617402045,-0.00020067569300998218,-0.04439429392766944,0.01657027979211774,-0.021692841119783583,-0.0027429484854166334,-0.0005298399054615357,0.0005518989975510611,0.016882890674977,-0.0015763015969127618,-0.0033239824596460322,-0.0010893790643283258,0.0001352315226367323,-0.0013300291140203031,-0.002347101962491779,-0.003013078808443584,-0.000324960758679911,-0.0005083612486176987,0.002233326813623006,0.005065530296202121,-0.0025877533771680055,-0.0012070017954975035,-0.0004776104851953738,0.002432728710410813,0.0009342959341765515,-0.09141124066309803,1.0296259,5.8761225,-1
1.6993,28.0,4.721153846153846,1.0673076923076923,1196.0,3.8333333333333335,34.15,-117.33,0.678,34.15,-117.33,-0.007066892993189322,-0.029949986382352536,-0.0017848818832692567,-0.0013545259572887503,0.04912553475109298,0.020743185698045265,-0.009963759207164724,0.0017151838350376659,0.00010806613829977482,0.0005655119734372527,-0.005348645074476135,0.002343594194122339,-0.0017717296982053914,-0.0007317952887074784,0.0003211978047097722,0.007430243739132509,-0.0004313240628805444,-0.005315553621721635,0.0004235378997563397,0.0008541117817810961,0.0007042580420925012,0.0004983510895355379,-0.00419695620307449,-0.0013267713152991644,-0.0025373840672531516,-0.014605849803700267,0.052661840094951576,-0.1363874785568,7.308915,5.609108,-1
3.4906,40.0,5.682692307692308,1.0528846153846154,968.0,2.326923076923077,34.14,-117.28,0.933,34.14,-117.28,-0.0284306360472754,0.006811706953298034,-0.002441358077351717,-0.0017722481133915374,0.02844552545029543,0.010597022662510948,-0.03459422735522778,-0.001602582634229582,-6.880339679675898e-05,0.0006808422436209161,0.011943961178986025,0.002241170622627556,0.006102494484526214,-0.0010977871856862643,-0.0006062777978426071,0.0031821596208654393,0.0007274201070798186,-0.005034135101898553,1.200103434063872e-05,-4.378936118402236e-05,0.0007916563973062604,-0.0007086535099319493,0.0019420617629407968,-0.0009025624027665145,-0.002104783014693369,0.025306906756219546,-0.03630214742127087,-0.15822622171639392,5.0345397,6.9419923,-1
1.9432,39.0,5.565625,1.046875,841.0,2.628125,34.14,-117.3,0.89,34.14,-117.3,-0.041240309759188444,-0.01659952948833852,-0.0012956463537170451,-0.003610808400930363,-0.0012501621720872535,0.02195414599154917,-0.012632310321275951,-0.0016999481036056167,9.139457220142864e-05,0.0007098880152615866,-0.007777150573038111,0.000721819828923549,0.0028627521596001123,-0.0003161414499241371,0.0020517887535081054,-0.008925303189305383,-0.0009392982033402293,-0.006116527608936517,5.568913539573634e-06,-0.0003432662522487983,0.0009942660373428267,-0.001157096475478682,0.0015398517970902962,-0.0008568755604396643,-0.002115415960096575,0.004260202798980521,-0.0177194876692289,-0.15558783342616328,5.0727262,6.6306562,-1
3.9231,34.0,5.209718670076726,0.9846547314578004,1195.0,3.0562659846547318,34.15,-117.31,0.96,34.15,-117.31,-0.008972769875312007,0.009913651599850243,0.000969489072642867,-0.0014327457027399893,-0.031053357378775705,-0.005243225727200723,-0.0073796098204980025,-0.0004127220154395185,-0.0004593745884603904,0.0010269363066629695,-0.016411871208818877,-0.001123605111216313,0.005097618117160289,0.0006915156949717986,0.0007293299185798615,-0.0013876907810687644,-0.0007485833935645703,-0.007867657290569355,-0.0005096279914454283,0.001850002333171228,0.0015471565945147023,-0.005815869461927852,0.000938097609327952,-0.0008516176266652511,-0.0017312010949175327,-0.004606496704908516,0.010674542758649564,-0.14846338000509454,2.4318748,7.7007666,-1
4.2333,16.0,7.207619047619048,1.099047619047619,1615.0,3.0761904761904764,34.07,-117.03,2.203,34.07,-117.03,-0.0288484246592946,0.021236347354266792,-0.0017280042292731612,-0.0015010348286198082,-0.018794191682744342,-0.016834883281256482,0.01396358360756409,0.0034802791147323458,-0.00035996790879006506,-0.00016326451269756158,0.03310169714349515,-0.0038676119010528647,0.00034620114293787034,0.0013844221163660097,0.0014694855313399217,0.0021429260341291356,0.008296707737713724,-0.008976776325413556,0.0007799034897893414,3.552895092377835e-05,0.000319424658814912,0.0006688636814171409,-0.00011187378749274722,-0.0013539955077031519,0.0018596902573202773,-0.002066707532058327,0.01625142561665953,-0.11106315869020937,-0.020652005,7.6817656,-1
4.0473,9.0,5.479078514339445,0.9873060648801129,7596.0,3.571227080394922,33.91,-117.23,1.272,33.91,-117.23,-0.0052464944001025535,0.009543862557570826,-0.00011496317750469226,0.00268699713003293,-0.034748285549371254,-0.0033912733840378334,-0.005032178273109552,-0.010710302951080965,-0.0005674599435291721,-0.026147472999145716,0.04647721319873761,0.001264481244299402,-0.011598400116060028,0.0010686396963449567,0.005581792358975428,0.0005850939818485,-0.0029315911458432584,-0.008701027715500768,0.0031471279564977053,0.00011454822859527524,0.0028308870536435586,-0.00268226688909392,0.01061843832032811,-0.004284942607829966,0.0047295673276143,-0.014106318341514148,0.0568639923459184,-0.09884660988936143,0.40771848,7.720462,-1
4.125,35.0,5.571428571428571,0.989547038327526,721.0,2.5121951219512195,33.95,-117.39,1.207,33.95,-117.39,-0.0048158384638786805,0.011818374378661213,0.0009127796539562775,-0.0018786366076434958,-0.005856208327231866,-0.004094151842139797,-0.0038562893803730488,-0.0007961820484509497,-0.0005334357097772334,0.0008604110181661848,-0.006426053827638498,0.00012937234695325708,0.0021272655075602878,-0.004804149384846167,-0.0001979324352799886,-0.009080931073521724,0.0013741534635719733,-0.00888322645142064,-6.402145597178759e-05,0.0005141430308127572,0.001415507423382712,-0.004872088122665164,0.0025723441833657512,-0.004716780216172282,-0.00942034606693342,0.01194273222428453,-0.032380072539815986,-0.15603427574155682,4.2263975,7.2037997,-1
3.4398,35.0,5.505119453924915,1.0170648464163825,911.0,3.1092150170648463,34.08,-117.74,1.343,34.08,-117.74,-0.017271243144000917,0.004051603832526926,0.0009135212856004643,-0.00128092988805599,-0.03669515136875191,0.013933428800428204,-0.018693473109690488,-0.001118650498655133,-0.0005278200755676917,0.000852218910163754,-0.015078086319287065,-0.0010400156422635995,0.004936221625416762,0.00031035068311753317,-0.00016909240136819478,-0.0018715963980118198,-0.0005924419351062832,-0.00575729118909038,-0.0002634688115608129,9.029626645378778e-05,0.0008774880705001202,-0.006952188848365135,0.0014755676558943212,-0.0005636094904755079,-0.00149454936054183,-0.006417683445341157,-0.0006039815293562055,-0.13940386364899937,2.6851773,7.304704,-1
2.4464,33.0,4.183157894736842,0.9578947368421052,1369.0,2.8821052631578947,34.08,-117.64,1.226,34.08,-117.64,-0.021802828554520374,0.02131293317042828,0.001976585945436077,-0.0016426277057367661,0.031124267344492498,0.028903608767929724,-0.0036280140771235876,0.0016226367518521571,-0.001537949682002437,0.000901986888494015,-0.00696978195849996,-0.0007943242928483377,0.002570471634133758,-0.00043830025818406275,0.0007543830282036175,0.002560663794673547,-0.001657479749858755,-0.00952467225132298,-0.0004792064730695622,0.0008308088273816715,0.0005882103242847968,-0.0063392901904621175,0.0005700368841091569,-0.0007278731073487337,-0.0017610137682143824,0.003916779448570189,0.001277822557582927,-0.11530815979013247,6.4337606,6.8708353,-1
2.7305,16.0,5.298657718120805,1.0973154362416109,934.0,3.134228187919463,34.9,-117.16,0.738,34.9,-117.16,0.03055621052193289,-0.022770295952156953,-0.0010356193642162238,0.0004420785221527229,0.02541168266044881,-0.02449757208929471,-0.016897952891092808,-0.002969667293928022,-0.0008085062701977711,-0.0009981219493725747,0.02245055546852519,-0.006016642724456197,-0.002824050343610798,-0.0010969846974275385,0.00016109290690221828,0.0007976831129080405,-0.0016994688205872793,-0.003945371035975354,4.987657133362002e-05,-0.0012029948131799207,-0.0023032610566282585,-0.0002314515059551214,9.938103981331171e-05,0.0009089786506017375,-0.002439197634011265,-0.014316519243000547,0.01679510779133483,-0.14183652785513187,5.715134,5.4805665,-1
3.8869,10.0,7.104854368932039,1.2621359223300972,1476.0,2.8660194174757283,33.68,-117.23,1.259,33.68,-117.23,-0.0025396201881050353,0.016542065568027176,0.00030193477364528186,-0.0006330259045926184,-0.03327343410808602,0.013529974244057446,-0.020421034038199268,0.013432641806058708,0.0026567249130813055,-0.0035948620758796688,0.0236129444841775,-0.0031152780031051476,-0.005258795028993419,0.0012013088290198195,0.0007492100726984324,0.00024604175812667744,0.013670330843638624,0.022072569252452618,0.0008318602271029936,-0.0014674707038231035,0.004005993533229516,-0.0042432628506560216,0.00015571288788507911,-0.003466699074423444,0.00015420528954529988,-0.004794120495915432,-0.0007948725428871094,-0.15113493321492466,3.1931381,7.44806,-1
3.2656,29.0,5.621621621621622,1.0926640926640927,2188.0,4.223938223938224,34.11,-117.34,0.906,34.11,-117.34,-0.0024200310045859297,0.004123488749491599,-0.0027169511054024324,-0.0016941408643242127,-0.010195548246311322,0.005335501613644467,-0.030258614849219545,0.0008048758622704886,-8.098837793246846e-05,7.156823379666034e-05,-0.012051144834344382,0.0024302312244221485,-0.00208755776872575,-0.0011019898611482745,-0.00041011689071572815,0.002609733434482385,0.0011400095158027729,-0.004725611599995786,-0.0013930984984385786,-0.0004378213182995819,0.002036162005035586,0.0013811585540764435,0.00905978116485612,-0.00021570795705766645,0.0002442437482065503,-0.018442107830595165,0.05075706695175005,-0.14516889454574838,2.5693629,8.327183,-1
1.625,8.0,7.6,0.95,1275.0,63.75,33.97,-117.33,1.625,33.97,-117.33,0.04326082680789414,-0.005454782193162256,0.0016100149548373994,0.000525271290287563,0.06984381821101535,0.025278667161803537,-9.622950407273009e-05,0.012065904960165904,0.00032209984873980034,-0.003010531332250038,0.024264219012993703,-0.00036280954976247184,-0.010614300720354707,0.00021913043458531717,0.00024318269998295473,0.003861568173315638,0.0032998311465777964,0.02316993186813985,-0.0020386638499809615,-0.0034777905702660762,0.0010642002504036127,-0.005943203715486001,-0.005567090709706948,-0.002309644829599395,-0.003545658480748673,0.0052914002966938595,0.06179047118443847,-0.11475103580597669,6.5173197,4.6029367,-1
3.1458,42.0,4.645320197044335,0.8423645320197044,466.0,2.2955665024630543,33.94,-117.4,1.16,33.94,-117.4,-0.02906189556708894,0.019277461861847502,0.0021235813957086814,-0.00031447826235644373,0.015035451630929751,0.014311930019736295,-0.02966540478562628,-0.0012755374987284494,-0.0012736081177562053,0.0006002376196305564,0.011256235310195933,0.0022879485573157644,0.003510112028553684,-0.00094587213499618,-0.0031772021179540433,-0.0012014985878499287,-0.0012921451324889178,-0.005132917167493941,0.006911556702608441,0.0020842802690559836,0.0002696230077611092,-0.005514520827478612,-0.0009334121022169576,-0.0045494332111669315,-0.008242268565751436,0.025450814690956707,-0.03534402840112242,-0.1678905572545985,4.766091,7.171929,-1
5.4138,2.0,8.930715935334874,1.3233256351039262,1275.0,2.9445727482678983,34.12,-117.17,1.644,34.12,-117.17,-0.1036971217096654,0.03640964637330519,-0.002634960317240646,-0.00022918153591292055,-0.017225632584937527,-0.02559877426985741,0.02572023494144139,0.018052777712551694,0.002656724913081306,-0.004166127978789049,0.0425567822934898,-0.0018520512139135166,0.0020916765469306156,-0.008454163998383151,0.0006567577148799515,-0.008871794777493452,-0.009214137031077483,0.0285115215070145,0.0006491267416430774,-0.0014543967255618653,-0.0005130359271838396,0.0017729909656456612,-0.00037028737365494066,-0.0012012551056004418,-0.0018574720488864634,0.003227250533045841,0.0009883389912978297,-0.11128205127634434,-0.521608,8.393557,-1
3.5104,29.0,26.465968586387437,5.424083769633508,410.0,2.1465968586387434,34.3,-116.99,1.571,34.3,-116.99,0.007563203202142881,-0.0001702974110159367,-0.0006054622622806231,-0.0034263696357208127,0.06825758312270852,0.016192089734827206,-0.05201695087080605,-0.008105975037518087,0.003076926257255597,-0.0015611524118062706,0.04050277478900972,0.004122372987142063,-0.0003123282536479147,-0.01623545116982584,-0.000369853944883355,-0.022680575590261803,-0.0021652970464435296,-0.01860228388967084,-0.005056174320418499,-0.0060477301242724945,-0.019823221001940138,0.0011464904055402839,-0.003816743228192962,-0.0022408887124031785,-0.01968028267597887,0.013088721954400851,-0.06626927875633258,-0.1760679444587731,5.1127214,6.972754,-1
4.4435,35.0,6.191836734693878,1.0489795918367346,658.0,2.685714285714285,34.14,-117.27,0.976,34.14,-117.27,-0.004668199334877115,0.014382407430145223,-0.002731264263491943,-0.001953358516724473,-0.004734135003907358,-0.01669875761106759,0.0010161373125702241,-0.0017719347686367569,-7.750242515677206e-05,0.001484661661497879,-0.008280618468978497,-0.0031829680485745233,-3.899322607502601e-05,0.0002637883629515945,0.00225068363377194,-1.9527060255398704e-05,-0.002772704616634521,-0.004796555184128978,-0.0012472412422687266,0.0005797381436680887,0.0010202357055105248,-0.0011568293511820696,0.001745524994718352,-0.004084048431696575,-0.009144566351517317,-0.0013887820137822762,-0.024326804937894277,-0.15709277617163148,4.0394807,7.33536,-1
2.182,15.0,6.047482014388489,1.3899280575539568,1756.0,2.5266187050359714,34.18,-116.29,0.608,34.18,-116.29,0.049620408115766124,-0.03781455371274416,-0.0005446727595047764,-0.003752944667480317,-0.02106575359624265,0.022852192695119938,-0.01580228078721776,0.0017596403732131225,0.0028474703472776536,-0.00027047921379845963,-0.003762320268266701,-0.004499674682699556,0.0009826625338417206,-0.012383396810371835,-0.0007566459077199306,-0.003386570457247539,0.0010081007982591624,0.006779660206318842,0.00030050772751880734,-0.001182152705276247,-0.0019659426062218727,0.00020122615566030226,0.0008663337738441955,-0.0010677081218557743,-0.0004824023330131718,0.009712360944583682,-0.036293061517077695,-0.08187292569284993,1.1363204,4.999729,-1
2.2618,17.0,5.351282051282051,1.091025641025641,1845.0,2.3653846153846154,33.75,-117.11,0.961,33.75,-117.11,0.0582042385118875,-0.031307575721574575,-0.0008156198208369297,-0.004215470749503251,-0.04485091353483536,0.017621844694189474,-0.020712262638704345,-0.004206198704191667,-0.0006321096966919358,-0.0003135822760615512,-0.02464243334203177,-0.005717815753808369,-0.0019833514243207053,-0.0010684862747416045,-0.00065472267968814,-0.002459284826831938,-0.002708166369488756,-0.0010043980916957175,0.0003185191850193534,-0.0015407258193173281,-0.0022960904346094628,-0.0009152034547670161,0.0007812516115829097,-0.0009679022381119262,-0.001332724060747055,0.017013502163869862,-0.03887658536822826,-0.0839363017047533,0.7964924,4.816757,-1
2.0133,33.0,4.5974576271186445,1.0593220338983051,1425.0,3.0190677966101696,34.11,-117.23,0.783,34.11,-117.23,-0.021108667377308092,-0.0281125737468681,-0.0012988651865325264,-0.004044926040875255,0.03163485941663341,0.021134456107688087,-0.012339990934897205,0.0018603686865316077,0.0001623722993678002,0.0008623801703989472,-0.008836608754465528,-0.0014997523488478387,0.004894460061310478,-0.0006873022901695549,0.00038026876835077315,0.0031462008848030295,-0.0007947271809353927,-0.005585077627796543,5.559085454101124e-05,0.0006201871754253672,0.00029805920822245847,-0.0012302260794332324,-0.00021360703925156645,-0.0009374448172732198,-0.0017410422206684008,-0.0024375941933848138,0.023016510938754287,-0.14766048749981883,6.4794116,6.0219326,-1
3.9227,33.0,5.949593495934959,0.959349593495935,1773.0,2.8829268292682926,34.08,-117.66,1.572,34.08,-117.66,-0.009633578089601047,0.008805519934942474,0.0011611686026784963,-0.0015005281830630629,-0.033699495059411236,-0.008716684776646406,-0.011084371372268389,0.001542110556850795,-0.0008101219263593089,0.000584620145745652,-0.013675923739935624,-0.0006492412222160371,0.002574237910607195,0.001555146243574957,-0.0004186755504734616,-0.0013491819710714009,0.0015306080851537477,-0.006986577540417284,-0.000886649646669218,0.001261080452585273,0.0006126464371938647,-0.006380080975499087,0.00025657372667699653,-0.0009072093467319816,-0.0021229781615433115,-0.0003000164232881351,0.0010731526120763121,-0.12006595700749277,2.1846914,7.3730597,-1
3.1985,29.0,5.078125,1.05,1046.0,3.26875,33.94,-117.48,1.173,33.94,-117.48,-0.004340403293514543,-0.0007677221851055382,-0.0017618034427699053,-0.00028208654479660764,-0.006200087692102291,0.009624082615488416,-0.030708413006876642,0.0017202838111409257,7.98636976411479e-05,0.0006955687656584618,-0.013597468159097454,0.0027617979441544108,-0.0012755504714294238,-0.0006688403733390146,0.0003261774502750363,-0.0034821735280459692,-0.000730326497881081,-0.004216742652661772,1.2143312900882273e-05,-0.0007106134627402863,0.001008223906945348,-0.0002865602974749011,-0.0012373830846177003,-0.0006724454500063879,-0.0016632529170729326,-0.008203057375614182,0.01636079469367561,-0.1460958387964643,3.1484354,8.159437,-1
3.7333,29.0,5.590361445783133,1.016867469879518,1358.0,3.272289156626506,33.91,-117.45,1.214,33.91,-117.45,-0.004748307469058644,0.01228783165063422,0.0007880238443832133,-0.0010177887569987744,-0.028277472004606983,0.0018686984599356924,-0.018528567342469954,0.0011922415524300446,-0.0005521078691621817,0.0007182376656076973,-0.012901060652860574,0.0029567487446628187,-0.001196614928945422,0.002651142023676044,0.00022072648688931026,-0.010663179288865867,-3.701019542213453e-05,-0.008912588290294796,-0.0002653538775260694,0.0009828613382489686,0.0016052756139873915,-0.005790556733954135,0.0003692004890830592,-0.0010073986316801666,-0.0020133361410730544,-0.008159708638754159,0.019007295952248055,-0.1292913098255712,2.2507052,7.959863,-1
2.3859,36.0,4.075371549893843,1.0658174097664543,4711.0,5.001061571125265,34.05,-117.76,1.162,34.05,-117.76,-0.02065405466102494,0.034976318097096275,-0.0020343227262587284,0.00030520337454180695,0.04646006835809954,0.0280995101555458,-0.004368403755833115,-0.0007736843507672948,7.907247151086932e-05,8.217344278092171e-05,-0.014505746654673449,-0.0019872949064457467,0.004507144490382027,-0.0004948799222467206,0.0006175790490010414,0.0028137666877801047,-0.002294324865091752,-0.007354146908344345,-0.0014332606729191369,3.7546691266011076e-05,0.0009532026820656672,0.0011348327437142947,0.009725380425890443,-0.0021722874382295587,0.0048281465163212064,-0.02051338670178547,0.03314493820264213,-0.1181317633710419,7.2790966,6.4622836,-1
4.4063,15.0,6.104430379746836,1.0031645569620251,1237.0,3.914556962025317,34.0,-117.5,1.285,34.0,-117.5,-0.03828926782648548,0.014043737502541065,0.0006072060786146786,-0.0026325401552430593,-0.033669117216504875,-0.014455904019328239,0.009501871973185924,0.004498763374603161,6.12311591968366e-05,-0.001654541708852833,0.0468958290819873,0.0007526897324640414,-0.008754802348603727,4.5475522572625696e-05,0.0008180028124681715,0.0028416332328692327,-0.0025108202944403284,-0.004362379710448617,-0.0016229086025206388,-0.0018636788633554205,0.0018077036118522034,-0.0070589887149379894,-0.0047079173695851765,-0.0016789920446146325,-0.0030041216970037228,-0.01601613487566213,0.047194206428102195,-0.13859470695048753,-0.033067796,8.181958,-1
3.375,9.0,5.654468085106383,1.1608510638297873,7235.0,3.078723404255319,33.67,-117.38,1.318,33.67,-117.38,0.03719029497551687,0.004182683214841935,-0.0010630834036478725,-0.00022187333739429613,-0.031844202219338875,0.02107908647308486,-0.04397923512386343,0.0014620229560840376,-0.0004036291722899288,-0.018830228782308025,0.02721213919742007,-0.0002836145435322183,-0.009018765271378496,-0.0012635009436069889,-0.004117656574199707,-0.0019435833797924072,5.4528362936749505e-05,-0.0057699133943506405,0.00015277335750674815,-0.0011175489152711676,0.003739441023871442,-0.0024616380120075863,-0.00214440213186885,-0.0006990060932041959,-0.001591006614511859,-0.006705567747443024,0.01275301842242564,-0.16559182977810646,3.9002683,6.1641164,-1
2.9688,42.0,4.162544169611308,0.92226148409894,804.0,2.8409893992932864,33.99,-117.36,0.929,33.99,-117.36,-0.03728198098732645,0.04150348052533093,0.0014961830587568788,-0.0013904377775771442,0.02377370892268511,0.015099593675126614,-0.028780495899838585,-0.0014758504112772665,-0.0011771667982651258,0.00045680911813406977,-0.01181597466323559,0.0008522080207802589,0.002188581511280813,-0.0002049005609905905,-0.0007549208511146748,0.004174021563540188,-0.0012497543927509852,-0.00931373924767715,0.0036207465740266532,0.0008662370504993342,0.002091922010771275,-0.004539046149753617,0.0017156321553323613,-0.00022133397401560525,-0.0008103621504656355,0.00237193981846407,-0.014834933760733908,-0.16396989515280894,4.7529273,7.370891,-1
5.253,5.0,7.093508500772797,1.0517774343122102,4573.0,3.534003091190108,33.96,-117.23,1.633,33.96,-117.23,-0.07163703781821212,0.02071238338044214,-0.001970026469404787,0.007407248741286922,-0.04580584971078333,-0.01696228407311287,0.020549428826883476,0.012099343302165062,-0.000528453273888174,0.002546089836759604,0.05930379198611398,0.0001885190229245139,-0.008474332104281954,0.0014451238582791383,-0.0015575134370027892,-0.006706955271397576,0.008923910529248924,0.01865487013180463,-0.0007582880370695596,0.0013999443810001804,0.00048126129901812214,-0.0028397241895824726,0.008175080610216793,-0.0034264241153498147,0.003897363569464746,-0.012829544470049112,0.05086439410404729,-0.10937589689306661,-0.44508117,8.547447,-1
1.9821,23.0,4.805763073639274,1.2337246531483457,3264.0,3.4834578441835644,34.06,-117.25,0.93,34.06,-117.25,0.0062929676614343405,-0.027120799562833055,-0.0020580957313327194,-0.0032067315354429014,0.04549669468479707,0.020993299728844617,-0.01466565725433127,0.0011040801327249815,0.003511856296294365,-0.0005002159152910093,0.01300622737678782,-0.002367329286739954,-0.004001543643160085,-0.0006599093976364621,0.0006366659096796846,0.0037677974454817516,-0.0009376443532157004,-0.005494025858126694,-0.001457225681623103,0.0004094732996991925,0.0014799691717198294,0.005402835639245224,0.009722074028627525,-0.0006315250869503233,0.0015183641463455864,-0.011544106239082065,0.053348906692701654,-0.142741136151477,6.965862,5.4144917,-1
2.4861,36.0,4.655555555555556,1.1666666666666667,722.0,4.011111111111111,33.88,-117.56,0.962,33.88,-117.56,-0.021479255153731,0.005059012669517005,-0.0025950452856872974,-0.00048218523101933397,0.04899145126156696,0.01776926569503742,-0.01690652844494446,-0.001673067857179616,0.0005041500252547964,0.0006379562112645148,-0.014462963602548246,-0.001539264368327184,0.005491689600612123,-0.00030046046608120126,-0.003025308066681841,0.005543305290251732,-0.003472274173977775,-0.006570545463917664,-1.7863374202513697e-05,0.0008051950138588043,0.0013322668791999157,0.005454948540583823,-0.005904064769306653,-0.0004296758907201245,-0.0021620096480743905,-0.014821499975124696,0.04992094622281481,-0.11075776421198895,7.562767,6.1960144,-1
2.7437,18.0,5.535776614310646,1.1029668411867364,1621.0,2.8289703315881325,34.09,-117.43,1.202,34.09,-117.43,0.006993073957935068,-0.024552050183357474,-0.0026066674877246758,-0.0010447200319526795,0.015302100081660228,0.01456134773154488,-0.01812141651282622,3.8103760979521704e-05,0.0002436681833129603,-0.00022212822622286679,0.008921832591773954,-0.0012820891958806571,-0.003977429678314894,-0.0008775743632220203,-0.0006212969551660762,-0.00031518613416484375,0.0009767080041809097,-0.005398447431233067,4.695767865949682e-05,-0.0006699990384108865,0.00219607210602759,0.0012631390552793897,0.00029727528146693266,-0.0011132262113524728,-0.002357730630913897,0.0026719422903783447,-0.010660024453274065,-0.16101064251791578,5.053725,5.995074,-1
3.2077,9.0,5.896551724137931,1.0501567398119125,3166.0,3.308254963427377,34.42,-117.27,0.933,34.42,-117.27,0.03487181931859586,0.0038539194393514688,-0.00134084916311594,-0.003297717789635571,-0.015076459237439865,0.0029853013129336908,-0.035186068382818673,-0.002907778183986563,-0.0005093151901836518,-0.0005985923073868625,0.030788288543548963,-0.0010546562853129939,-0.008989191901862497,-0.001002595118397344,-0.00048528613440227477,-0.006082554179245239,0.003867087260707258,-0.005479228516720964,-0.0003314398407763135,-0.0005265699470062237,-0.0005799081963084406,-0.0012896105001689612,-0.0023677574494359224,-0.004550592327903863,0.002060046135906281,-0.0070106568397843285,0.02016470702282183,-0.18605345814736404,4.0390444,6.1385117,-1
4.2143,36.0,5.677064220183486,1.0201834862385322,1672.0,3.067889908256881,34.09,-117.75,1.469,34.09,-117.75,-0.0043174180535360766,0.013540312415713329,0.000990976224465485,-0.0020373839235932074,-0.025942337939089392,-0.019517802095163683,0.004240392243185555,-0.0008292039438573107,-0.00044009201130584856,0.0011327333591160719,-0.016804830708970302,-0.0006865620872112826,0.004844455479343322,0.00140241826142224,-0.00022539027216023565,-0.00029118735217434425,-0.0009811881113070823,-0.008726475070887625,-0.000256595061417888,9.029626645378778e-05,0.0009034403302617312,-0.006890376603955952,-1.688457267913063e-05,-0.0008884973255746261,-0.0017477818609613178,-0.0028729294859175273,0.0010521579339629842,-0.14371331712025884,2.2069182,7.7814565,-1
2.8594,14.0,7.672881355932203,1.4830508474576272,1640.0,2.7796610169491527,34.89,-116.72,0.817,34.89,-116.72,0.04122388496823959,-0.02179297786202905,-0.0010185544095608228,-0.0009525019910041875,0.00030228631283637933,-0.019555803301011594,-0.029663610582327738,0.0031742591359553095,0.0029065991827386967,-7.205974075814617e-05,0.012591797679989122,-0.005241333781224665,0.004864315551869058,-0.014065184144623667,0.003085329517743726,-0.0069124355776169575,0.0003637856646491492,-0.007299103945454079,0.000707396647192598,-0.0008889302965759288,-0.01962265273257341,0.003522628228302743,0.00023321144557602731,0.00030144653445929613,0.0012926753824907644,-0.013238684326938612,-0.0032874181705922607,-0.13060227103550767,5.123966,5.428443,-1
3.9766,8.0,5.6284329563812605,1.0452342487883683,2169.0,3.504038772213247,34.53,-117.9,1.358,34.53,-117.9,-0.004686982855547778,0.009008863268462855,-0.0018178025635214243,-0.0006259964929064061,-0.03627484071412482,0.032032848979639476,0.004858111578876758,-0.0029574077248619725,-0.0005050155096828549,-0.0009682387071882007,0.044890835866009206,0.0005429478873353207,-0.0009396558410467958,-0.0010415681628141032,-0.00032365668056123147,-0.0007717108587928403,0.003821745124744978,-0.007297894189058122,-0.0014361567878642847,0.000768463499701051,-0.0013134354500036422,0.0020500085253676104,0.0034850085379915232,-0.013286897418893433,0.005284976312632967,-0.04597318599047988,0.00395296618597337,-0.02099973889069012,0.582763,7.09025,-1
3.5,24.0,5.986440677966102,1.047457627118644,1681.0,2.8491525423728814,34.12,-117.2,1.139,34.12,-117.2,-0.0051155356850725205,0.0033535638078998134,-0.0027216312812686073,-0.001531468827062852,-0.028854638351856848,0.002624284093026808,-0.03698321828454741,-0.00016926182791167317,8.525462997254084e-05,5.743916422532364e-05,0.016727935523871373,0.0008411417359815564,1.5210021995254578e-05,4.1816517930088216e-05,-0.00011558762340012157,-0.001663377706468443,0.0024954197767471636,-0.004165991283319293,0.0005147566595594549,0.0003639462911116886,0.0004844184617478562,-0.003875154150198112,0.00047050482694778727,-0.0011305950176704839,-0.0016369070345738576,-0.0013817911036531835,-0.00880525932394791,-0.159203084324023,3.329165,7.1575537,-1
4.9643,11.0,12.1,2.2,230.0,2.555555555555556,34.25,-116.88,1.76,34.25,-116.88,-0.04437990957067157,0.036210243440286366,-0.0020949580140840083,-0.0029792023306057886,0.022413922496107352,-0.012350025146872157,0.01006865328806224,0.02162267235307661,0.0031116584876740203,0.001489004730244469,0.004222220350432702,-0.004405651818652574,0.004681290337443491,-0.015037789838996294,0.0026223718250328364,-0.00934807529494237,-0.0020200729411217503,-0.012451682225782421,-0.005602395993557951,-0.0020276321389540285,-0.018283325963379737,0.0014365184926951738,-0.005110883166566301,-0.0009575434933086427,-0.019237185021085866,0.0042782242091804245,-0.023767435083090822,-0.1593769141258609,4.452725,7.339005,-1
3.2073,20.0,4.76332899869961,1.0110533159947983,5718.0,3.717815344603381,34.01,-117.68,1.235,34.01,-117.68,-0.00044965834985094934,0.013533024154246566,0.0012928615835718592,0.0012324933037562652,-0.003395736592356669,0.013961843045085236,-0.02218950533284897,0.0008323324809307806,-0.00034729407501725787,-0.0012633094163166754,0.02394410014091402,0.003649313145178444,-0.00608066471560967,0.0005739697569028955,0.0010526394479942343,0.0071280130265257745,-0.0020236335777100243,-0.0035322993812105814,0.0024994848094491416,0.00030614192990625303,0.0016586243725250026,-0.007186840619949336,0.011894492784045849,-0.004104191587527093,0.004942127820633211,-0.017822918313931735,0.040914881974654545,-0.10565064590338082,1.0274357,7.09786,-1
3.7083,26.0,8.525423728813559,1.1694915254237288,293.0,4.966101694915254,33.92,-116.99,1.475,33.92,-116.99,0.005254119919927314,0.0017589072969659138,-0.0009234333223312323,0.0010113802728353829,-0.01890733622582889,0.011850310036091915,-0.034034102700818726,-0.0059454146158132385,-3.9766384122106e-05,-0.0015270785842638596,-0.010161747388874159,0.004194783870295975,-0.01171260109850097,-0.0012610485687674924,0.001778588437401848,0.012351413824770476,-0.0027595726858952114,-0.011868755608084064,-0.0054047000107770565,0.0007068400508674576,-0.00034652508679823584,0.0030379911148203757,0.0033697532623403297,-0.00247749178150743,-0.017181997101518815,-0.017297988032637983,0.05256650774654481,-0.0691246415527175,1.567408,7.595296,-1
2.3036,39.0,3.793296089385475,0.9162011173184358,769.0,4.29608938547486,33.88,-117.57,1.106,33.88,-117.57,-0.03936628675507761,0.04143531798399184,0.0014222189863211917,-0.0019490203204538187,0.039424895503597644,0.01982973367262407,-0.017811858118803252,-0.0010868380399648937,-0.0004640567404847739,0.0005796479221594913,-0.013009755135904211,-0.0003456150870014743,0.005132391384624007,-0.0011459499427688238,-0.0023777323021057744,-0.019316005497433238,-0.002626207351759109,-0.008797165352162394,0.002881923891946058,-0.0026739529235977376,0.002503028328959274,-0.010539446588615707,-0.006396121639683483,5.246278903017098e-05,-0.0013152470634795268,-0.0148987839822771,0.04684992218536195,-0.11975503404559654,7.3627753,6.5750885,-1
1.8438,32.0,5.139817629179332,1.0729483282674772,1457.0,4.428571428571429,34.14,-117.32,0.666,34.14,-117.32,-0.009032808155989391,-0.01393857488423581,-0.0019864682088948436,-0.0035604575694043066,0.053467221749770096,0.022375636382056197,-0.012981187133340464,0.0017105986170939992,7.986369764114787e-05,0.0005198854434725049,-0.010619689947345716,-0.0022154950581204104,0.005662329523228682,-0.0006824037332654428,0.0004097947045221988,0.007441511467089744,-0.00041888882793851144,-0.005552038357612324,0.0004235378997563397,0.0021404961920220523,0.0006945287006353331,0.0004983510895355379,-0.002533413310581732,-0.0013357508828469463,-0.0028495954675120555,-0.0164007658155634,0.05285306201387603,-0.13306496645200636,7.5804296,5.628216,-1
4.7195,6.0,6.745067497403946,1.326583592938733,4571.0,2.37331256490135,33.74,-116.29,1.993,33.74,-116.29,-0.047305122036098705,0.02635047627231667,-0.0020407834635930546,0.005381801127630826,0.02683908896132158,-0.0032743956049584716,-0.004814874503723203,0.013867896845399161,0.0027816095737194725,0.0026739119190284264,-0.03330738662611799,-0.005937798313689356,0.022299831631969337,-0.005943239178037355,0.0022797182664841638,-0.00890459454305324,0.00892418592415841,-0.028684107181731654,0.0001356821422766324,-0.0017644873401449592,-0.0023814213378111865,0.007068761687219623,-0.0033993206775063426,-0.0030458290339856987,0.007847323281059061,0.01620110209072023,-0.04058127393219757,-0.057301215815603754,5.844562,7.1829314,-1
2.3654,14.0,4.931623931623932,1.150997150997151,1269.0,3.615384615384616,33.89,-117.58,1.079,33.89,-117.58,0.03597652898754025,0.002429451482722176,-0.0007029153100541306,0.0009653291771662516,0.02960574889675926,0.02451019406008188,-0.008694351782412511,-0.0027204768891622923,-0.0004824481638377074,-0.0008362903888203271,0.026161672672094138,0.0018955160395946113,-0.0060411959382104105,-0.0011282882830843876,0.00014977155291179202,0.010969560138115127,-0.0024535211657442284,-0.004979447327531502,0.00034520098373492093,0.0002466804900247243,0.0014701609449146015,0.005825568557939339,-0.004711199509149102,-0.0012788676482708115,-0.002263716661642626,-0.014834983222305673,0.038992501583953974,-0.08760276811596616,6.5980706,4.5719357,-1
1.7981,34.0,4.108695652173913,1.036231884057971,387.0,2.8043478260869565,34.07,-117.3,0.733,34.07,-117.3,-0.022294979511554427,-0.016944085443978678,0.0013097456085672365,0.005470408459489729,0.011276837683885465,0.022160547291262774,-0.014807344350319142,-0.0008920461143987675,-0.00035358466442565885,-0.0011876123716181982,-0.004922009907682371,-0.0008410037529877898,0.0028472280486739644,-9.40460567110609e-06,-0.0006693859995455418,0.0014830610307307525,-0.0012183239914108147,-0.006776827140202928,7.526131969137289e-05,-0.0015171624423966387,0.00021676323785176378,0.0015660102844349156,4.684202484253193e-05,-0.0034241501277967375,-0.008419538948722658,0.0020787375866356075,-0.013770009118845147,-0.15986037496547154,5.2274446,6.4828773,-1
2.9072,8.0,5.389845094664372,1.073580034423408,6133.0,2.6389845094664373,34.54,-117.22,1.192,34.54,-117.22,0.0561441584773929,-0.011531809044792975,-0.0005298148496460265,-0.00036618488085125454,-0.012961537095020717,-0.019200131912869033,-0.021704020380848222,-0.010455039061202482,-0.0015915268850797022,-0.02878088209515561,0.007476281821919967,-0.0006399497637705354,-0.0057937153433860935,-0.0009943733506631493,0.005112480413721596,0.0007675575503506143,0.0016681248147006145,-0.004665283717686698,0.0006777361076416025,0.0004021276676114836,-0.0012461067671668063,-0.004517061208831902,-0.0006796229071120763,-0.007163532317427634,0.0034025957365902597,0.003924338946235782,-0.011398249846825947,-0.21716608544290925,3.9315376,5.9179482,-1
3.3445,31.0,5.281739130434783,0.982608695652174,1834.0,3.1895652173913045,34.13,-117.21,0.929,34.13,-117.21,-0.003108622722343937,0.0051105155659660435,0.0011465715996759516,-0.002181654998562494,-0.01941890554811747,0.005490651600962063,-0.034315619688053266,0.0014705063291182104,-0.0005362675559775008,0.0004035012467793751,-0.0156021623479924,-0.0014324392721365208,0.005050650258274552,0.0007061435933330786,0.0008604008409993707,-0.0036126993386561648,-0.000889201012097556,-0.003955467351190016,-0.0005782187974360038,0.0021056558951554065,0.002405551686516245,-0.0019236863608187754,0.0016321643745177683,-0.001032710512428891,-0.0019943965606406817,-0.009126843620602669,0.0194752269043559,-0.1538188961378298,3.0460415,8.139488,-1
3.016,32.0,4.2,0.8987012987012987,1153.0,2.994805194805195,34.0,-117.42,0.966,34.0,-117.42,-0.006788618792672134,0.04150348052533093,0.0014961830587568788,-0.0011745170719966182,0.023159224627669697,0.015414817831739583,-0.025747829140230723,0.00175095122072655,-0.0011270882243040233,0.0006916378816636802,-0.010792082291006744,-0.0013693641569911276,0.004252763351059337,-0.0002003630257726264,0.0007270703302170164,0.004203587228251724,-0.0007173012643474816,-0.009075485712672448,0.0036388587474665795,0.001996853953923043,0.0019181632251662616,-0.00554540819053012,0.00178026197773994,-0.000465788248128878,-0.0010183054856808475,-0.0034527162805833437,0.01502464021346785,-0.1605320837183006,5.794257,7.2888827,-1
2.0243,18.0,4.5293132328308205,1.169179229480737,1611.0,2.698492462311558,34.51,-117.31,0.823,34.51,-117.31,0.009238819340022433,-0.02816128424146075,-0.0031812593721981565,-0.0032710966737707343,0.001213819165359119,0.023096510845647525,-0.012893834976911057,-0.00048245285486839924,0.0006829648626384713,-0.00024004813418852447,0.00966042586514128,-0.0011333393012472738,-0.004680550619950591,-0.0007116636679799335,0.00041106535211068816,0.003788121816011325,-0.002543361924485085,-0.0026047001691748657,-2.6437878487818824e-05,-3.36017300989539e-05,0.004682061534768016,0.005295805582630169,-0.0003882570963098383,0.0006561591915418452,-0.00304111896104928,0.007397789333901198,-0.009776086913080639,-0.20224155956829404,4.6798406,6.1182337,-1
2.2115,19.0,5.242816091954023,1.0847701149425288,1717.0,2.4669540229885056,33.74,-116.96,0.876,33.74,-116.96,0.004442864093704968,-0.037553158915460565,-0.002310829858755159,-0.00380298624616152,-0.04276016309303217,0.01663986129807581,-0.020410714954082462,0.0005545039362598941,0.0005291440441794295,-0.00011086461418824813,0.005733134575165892,-0.004120867862371194,0.000899342725090202,-0.0006740426350492503,-0.00020170953717985897,-0.0032091046033995508,-0.00277862567698613,-0.000871712810428768,0.0003467077854528123,-0.000977073865815996,-0.0020949969414254385,-0.0014562751558520883,0.000732242325802974,-0.0007214092041920261,-0.0009451923458492125,0.015888547968543797,-0.03293418470667157,-0.08380343922435729,1.3144442,5.4266033,-1
4.0139,26.0,5.779151943462898,1.0512367491166077,2259.0,3.991166077738516,34.09,-117.62,1.32,34.09,-117.62,0.004679496768238756,0.006571099704565714,-0.0025268915669477607,-0.0004136691921929272,-0.04122019984444438,-0.00962136594045614,-0.008814041057705937,0.0010019530233551502,-9.6965810671999e-05,-0.00019467903914182304,-0.009283069596371962,0.004535591335767742,-0.0006751481471024322,-0.0011283918969717608,-0.00039601610278341417,0.0014046248478970318,-0.0001488478795747424,-0.006798275653509436,-0.0014156499742500987,0.00032633626718003936,0.0008234020838103146,0.0007276143673065667,0.009374135466974336,-0.00010939447769844519,0.0004717617349324338,-0.019883097110422417,0.04437899204743841,-0.10280857542076222,1.7078168,7.960207,-1
2.2596,33.0,3.8104089219330857,0.9702602230483272,854.0,3.174721189591078,34.07,-117.73,1.194,34.07,-117.73,-0.018181396401742236,0.039373891889123845,0.001596227746932299,-0.0018064574156312263,0.04339547947067845,0.02752073004683605,-0.006101848804182998,0.0021355271928428588,-0.0004537589542508484,0.000539826092045141,-0.011350602875426788,-0.0013090963299065487,0.004710774208343514,-0.0002751881126464101,-0.0008378916166809962,-0.0017080615875622058,-0.0009317182607425219,-0.007300724627005405,-0.0005150736156169444,0.0015333422464184048,0.0014377275906965934,-0.0068581866795294506,-0.0005979041975492233,-0.00044911758548109055,-0.0011550846381729197,-0.0048670600884634955,0.008050229523388807,-0.1428818555421068,6.7467937,6.8269677,-1
4.8167,24.0,5.514734774066798,0.9842829076620824,1653.0,3.2475442043222005,33.92,-117.55,1.633,33.92,-117.55,0.00675441198030717,0.014147119912177278,0.0006703686261843036,0.00040300689496020303,-0.025529550252913705,-0.005296296328275046,0.007569927452813497,0.0005904610416917322,-0.00038527947923095097,0.000425718542081951,0.017012035237978878,0.0013035356262857444,-0.0026654009053539026,0.0004427992254031177,-6.81360843806577e-05,-0.000653816304236749,-0.000877971853305105,-0.011692241395245296,-0.0004508189965014743,0.0023408322188785604,0.001996196338612915,-0.005743285946324462,0.002069004372232505,-0.0009974209479070748,-0.0025614775363903036,-0.00544595994050734,0.01651147651114613,-0.1173517377642701,1.1734211,7.6088567,-1
2.25,41.0,3.505988023952096,1.0,1479.0,4.42814371257485,34.06,-117.65,0.905,34.06,-117.65,-0.03837603599709341,0.055393676572739886,0.0015830277066670793,-0.0035826746123754304,0.033823921614489515,0.026301986046612286,-0.005071348131150718,-0.0013091308532731944,-0.0005331841618270293,0.0006887796129057242,-0.014480828531272038,-0.0005323095404782908,0.004475495209073575,-0.0003405980778522994,0.002186897193196644,-0.0194684443448027,0.004979905181359251,0.005258968559687074,-0.0012608021861752903,-0.0015719956946085457,0.001903292201409969,-0.007035734695043318,-0.0034153082798757065,-0.00139611519905229,-0.0026748522263545012,-0.019100148349932844,0.038604003732305374,-0.10592326671769103,7.424002,6.6466928,-1
1.8015,15.0,4.359635811836116,1.370257966616085,1094.0,1.660091047040971,33.75,-117.01,1.051,33.75,-117.01,0.10331835728331756,-0.026141344401677653,-0.0049924846043635585,-0.0006322367509984058,-0.07652887760670381,0.017455985282973208,-0.026816179796361958,-0.005086007676248412,0.0025051547991346724,-0.0010781300778870298,-0.07005128034745077,-0.005815306675120064,-0.005073668485236729,0.0071108759631852946,-0.0003336833525098238,-0.04772472756807456,-0.0022346109736500076,-0.004647521126362134,-7.700077870608613e-05,0.01499149446531551,-0.000380338821439198,-0.004308735690560064,0.0022769084288325825,-0.00039615175413034484,-0.00117676211030469,0.01707259475261374,-0.08688995757464534,-0.09344513767810397,1.3104327,4.184534,-1
2.5868,16.0,5.617414248021108,1.108179419525066,932.0,2.45910290237467,34.11,-117.64,1.469,34.11,-117.64,0.04745372219765846,-0.02374102647276508,-0.0017148077039169194,-0.0005456857665306794,-0.027436582522954042,0.02450440811246232,-0.0007041317111246002,0.00027467883423728644,-0.00025867073296106924,-0.0006553605553977817,-0.0037617554029153685,-0.0026759833791367175,-0.002780833935406665,-0.0010007987531075885,-0.0003493725710134465,-0.004106024409624163,-0.00012678317130973736,-0.0037091158751868035,5.030384502892295e-06,-0.000832336148155797,0.005022227125508949,0.003446268761015347,0.0019877167184763614,-0.0007794576937170118,-0.0018436436619203673,0.019577533389302206,-0.014850161358970236,-0.10426658535058335,1.2546873,5.1421285,-1
1.1917,29.0,5.149532710280374,1.5514018691588785,224.0,2.093457943925233,33.94,-116.57,0.5,33.94,-116.57,-0.022593237093441135,-0.02340620414980004,-0.0018179119083063119,0.009400264543051234,-0.0545314395440677,0.016581186314961697,-0.019182353612917643,0.002200846773451842,0.002109527248238525,-0.002439558439451639,0.022994601169890893,0.005210636843041391,-0.007988730011332426,0.008742523954579608,0.0027698416439723775,-0.005207356661920314,-0.00182185830833924,0.002155877811698401,-0.0023841804043908616,-0.004836029829719809,-0.0031126757846412,-0.026466313255550215,-0.008350130696772273,-0.002382162476425232,-0.011692653297171531,0.007818769146360083,-0.05980684567710645,-0.12907414461419162,2.4375298,6.10972,-1
2.6074,17.0,4.43801652892562,1.2219598583234947,1722.0,2.0330578512396693,34.1,-117.69,1.375,34.1,-117.69,0.08391241223143628,-0.0010196711535978371,-0.0006918624504811269,-0.0013675754661855522,-0.05706996408185166,0.019445061127462044,-0.009597705723301885,-0.004592901757691561,0.00232604470913024,-0.0009189851113078082,-0.07063506731944696,-0.003925762703317526,-0.005574561050904974,-0.0011714776957383768,0.0004031715022684684,-0.014000302008083415,-0.0016444816029358227,-0.004237626880883638,-5.7146822777442645e-05,0.0008319375991972706,0.0016506088801159112,0.0064726031472324445,0.0011078670647599943,-0.000755846333557887,-0.0018160409443415417,0.004893373384343577,-0.037869406615781205,-0.12406282341134994,1.1966251,4.271551,-1
4.0156,9.0,4.677631578947368,0.9144736842105264,316.0,2.0789473684210527,34.16,-117.32,1.31,34.16,-117.32,-0.01462573759348312,0.0076387427852913125,0.0009594146604143225,0.0032432967972207327,0.021797290323942516,0.00033332092257630047,-0.011183313209472995,-0.00719925017343224,0.001003640007929865,0.004749982671265757,-0.07083525012299452,-0.005364206533581249,-0.010436283572949352,-0.000510537959189969,-8.693338188905665e-05,-0.0064692725102919475,-0.0007740219430993422,-0.008847323508159656,0.007522199606885454,0.0032115080552425953,0.002218612297608075,-0.0030002652430338476,-0.0023647342575770056,-0.003814810101850063,-0.007413697962128014,0.01703406077470324,-0.05065317180724471,-0.15971848470671007,4.916577,7.3897433,-1
4.1953,5.0,6.161695447409733,1.0627943485086342,6686.0,3.4986917844060703,33.89,-117.23,1.366,33.89,-117.23,-0.03935725261716721,0.01396237651090624,-0.002141381186814517,0.006033124954813699,-0.03908702045337909,-0.012974724861687093,0.014918314168356416,0.009817319313161026,-0.0006931920008857281,-0.010392286756954054,0.046106955777785424,0.0010940256772927032,-0.01004400801577921,0.0011850651650629324,-0.009558443393822499,0.0014443241632455415,0.0016737451427677869,-0.0007002324361886997,-0.00025010845223222234,0.0014289131196218996,0.000495186028610355,-0.0027946451050102727,0.008558232106941602,-0.004059066360819526,0.004553145696517045,-0.012198571276724267,0.05301320167422506,-0.0885863722304921,-0.061874468,8.285771,-1
3.6806,15.0,5.744648318042813,1.018348623853211,1693.0,2.58868501529052,33.74,-116.93,1.128,33.74,-116.93,0.04024580004669488,0.007064343675840015,0.0005513738490162224,-0.0008053775673088517,-0.05025694740941569,0.010501436333890196,-0.03197335652499613,0.00015536669699374746,0.0002616577130845642,-0.0003273933181406594,0.014795672664470209,-0.0035129253351975074,0.0027806600910782616,0.001383758860157683,-0.0008367794854117312,-0.0029715830191186553,-0.0011447729934752128,-0.00024963541338445276,-0.0007641208079983701,0.0005591678790962879,0.005112194865363815,0.0007768916158703635,0.0004682721027922198,-0.0009052138390047975,-0.0016956150596741685,-0.0002533400566228476,-0.012233929704617905,-0.08452830930150661,0.979593,5.7306676,-1
1.9531,27.0,4.075675675675676,1.0810810810810811,746.0,4.032432432432432,34.09,-117.58,1.008,34.09,-117.58,-0.006110905070074019,-0.0111278897572813,-0.002836305060728259,-0.0016191087564869074,0.05001269799555105,0.0243826069473716,-0.006530030131350664,0.002053167314703632,7.986369764114776e-05,0.0003015915029585843,-0.004115813653939882,0.0028043872980641304,-0.0007557367941217352,-0.00014899435061788784,-0.00312046338386046,0.003939244588355522,-0.001903258868516909,-0.004238193505197869,5.3367223332777137e-05,0.0011918538004128257,0.0021288378482448283,0.0024234663936423795,-0.005501764813794314,-0.0005626229841861391,-0.00205753772629753,-0.01906765115525181,0.03547045800296517,-0.11142920256275839,7.360422,5.622122,-1
2.4028,19.0,4.3478260869565215,0.917391304347826,572.0,2.4869565217391303,34.1,-117.39,1.125,34.1,-117.39,0.004228353151045324,0.008293734554551534,0.0005495489083189891,0.0006060273977101887,-0.03859096985735235,0.01804170328454134,-0.017476941026073493,0.00012698809408867636,-0.0014244288693844765,-0.00029327170827357597,0.00657351909783382,-0.0023645677236078817,-0.0031642083590776577,-0.0009007868625441017,-0.0033778329056655164,-0.003148271490246105,-0.0010215028496663996,-0.006744017657500823,0.005672093553996819,0.0011322772600078845,0.002931167967550287,-0.0037354112865708327,0.0020441344587093565,-0.0035329834234916887,-0.007993724313942541,0.015087868718055095,-0.027915887489360865,-0.1725621552536965,3.2463686,6.524418,-1
2.2679,12.0,4.730769230769231,1.0653846153846154,1334.0,5.130769230769231,33.68,-116.16,0.614,33.68,-116.16,0.03359630046491091,-0.001861497671461248,6.627579366696556e-05,-0.002347684197801749,0.0329958616265875,0.030561914344692916,-0.02404198349272639,-0.0028220159684994575,-0.0007810586046829106,-0.0007682707202969515,0.025379286491269217,-0.00128357152068244,-0.0026987876022738816,-0.0017885723196549705,-0.0006563426396144395,0.01021517529930219,-0.0015231003592000773,0.005670246000578531,0.0004992460755985646,0.0016369046471807257,-0.004321678977084682,0.0027078450027730044,-0.005496606314763643,-0.0033634373735885316,0.0006845318713319565,-0.013633161094990891,0.04471114859345788,-0.09475784071226155,6.518789,4.570644,-1
4.1779,10.0,5.817850637522769,1.0546448087431697,2088.0,3.80327868852459,34.03,-117.64,1.591,34.03,-117.64,-0.03964759024105997,0.011968791765043714,-0.0018638661176810295,0.002348032276440764,-0.035486754437452805,-0.01852359824117973,0.012472229311047413,-0.002927628327300324,-0.0005052438553817341,0.0014175907113123506,0.0523401476263957,0.0012260267102186142,-0.0073617767349805985,-0.0010798313079217964,-0.00048288725467589776,0.002813376159786067,-0.0003788051193030623,-0.006905018975634013,-0.001445172099899365,0.0002726237556523164,0.0009947109547137662,0.0007989037954928448,0.009894921824638806,-0.0003957187416468005,0.0003253286000102414,-0.015620366370587321,0.04311290454799538,-0.08947200189342822,-0.009142005,8.095598,-1
2.7596,32.0,4.969418960244648,1.0244648318042813,1212.0,3.706422018348624,33.97,-117.36,0.822,33.97,-117.36,-0.009112768687225823,-0.009282597665843726,0.0014376308292607463,-0.0019843411742819206,0.052354761587250186,0.014573458606284291,-0.015794745978019407,0.0013573728835224433,-0.0005362675559775008,0.0005542056079668165,-0.011270750911811631,-0.0021288580278206,0.005274538784010814,0.0005739697569028955,0.0007062399615419452,0.011229396823582117,-0.0007637962786136947,-0.0038856391134396815,0.00013754252666021334,0.004282677850085654,0.0017176141935522542,-0.006402310006086286,-0.004481345957076206,-0.001287857640391037,-0.0025637283939920845,-0.01596933023932589,0.05330709058865664,-0.13863172269745166,7.2717276,5.9206834,-1
3.05,33.0,6.868596881959911,1.269487750556793,1753.0,3.904231625835189,34.02,-117.43,0.978,34.02,-117.43,-0.015620826692376293,-0.016971968392429936,-0.001556716575999637,-0.002398695453436136,0.04379777024373127,0.015859688473216633,-0.027205661346827566,-0.006454858617205734,0.0031124517942277847,0.00044932108595326906,-0.01449211029709329,-0.0028248613080061047,0.004907404139323225,-0.023996625547638623,-0.0002708655126969964,0.004559877246775819,0.012482463769061307,0.016386242830024347,0.0008840122484074845,0.0008225074192214084,-0.0044476864283415785,0.0050711899628633145,-0.002962606313059092,-0.00214699118821808,-0.0035742589677997586,-0.015326036791013131,0.05198443484959657,-0.14511799924392865,7.44033,5.844904,-1
3.474,24.0,5.25095785440613,1.1053639846743295,1551.0,2.971264367816092,34.89,-116.99,0.705,34.89,-116.99,-0.005720206201141293,0.004631781007686131,-0.002130014997093911,-0.0013552592167264425,-0.02877272238866437,-0.010553469592211763,-0.03942271353090497,0.0006645809502405032,0.00040245017363621055,9.250381164641511e-05,0.016590097055920978,0.0007792967488472449,-0.007815690228901915,-0.0006570934678652234,-0.0002596572028344175,-0.0017889761916949402,-0.0013611857069047962,0.0016043240360781247,0.0002835471748293388,-0.0018441620693268506,-5.6864527869328255e-05,0.0006478386772061016,-0.00015708411675815416,0.0006744025641091979,-0.0023499811470295492,-0.02085054620221412,0.017469288263906334,-0.13274981241706507,2.779164,7.8726125,-1
4.0256,28.0,5.967880085653105,1.0492505353319057,1684.0,3.605995717344754,33.94,-117.49,1.271,33.94,-117.49,-0.00031338601511976945,0.006564794395741344,-0.002433622772057125,-0.001088923287595291,-0.04291438625508512,-0.00523071321333522,-0.004841840630234157,0.0009228444022701377,-9.617458454172045e-05,0.00027602333152697565,-0.012459971026954737,0.0023305994825186666,-0.0023746465771249748,-4.649412408847323e-06,-4.44667004584663e-05,0.0017449837403837251,0.002472462155483318,-0.008046457573199797,0.0007338817569041013,0.0019979473637286283,0.0008744630162885124,0.00032402983399353963,-0.002665799118016592,-0.0014031471192839145,-0.00311259768226217,-0.019656748881878582,0.05353764584608969,-0.1288908015867934,2.0163372,8.193542,-1
4.3636,28.0,6.138020833333333,1.0625,1162.0,3.0260416666666665,34.67,-118.22,1.797,34.67,-118.22,0.009548684582614382,0.01679942578620111,-0.002926089644139648,-0.002175628233714747,-0.02501861440265049,0.012340121138535838,0.002787008053270547,0.0006518856433113288,-7.191625846094901e-05,0.0013733055094987063,-0.011390331258672023,-0.000406753749349064,0.0012374822318693716,5.0904055508418445e-05,0.00017115348560650727,-0.00020938351366042046,0.0026145789550961196,-0.0016400060190596524,0.00033256517114771416,0.00014101319317237163,-0.0034361256294332424,0.0016599425050493344,0.001098174777636659,0.0014290261418842256,-0.0009456113151630623,-0.012853293816701382,0.001589806187790413,-0.11541493963089867,1.8136547,7.373576,-1
3.7454,33.0,5.139689578713969,1.0288248337028825,1904.0,4.221729490022173,34.02,-117.74,1.164,34.02,-117.74,-0.01032857679043124,0.008466385166866309,0.0008507185535030278,-0.0017318378906106473,-0.028088217211989123,-0.0017459310199116759,-0.01012046420182222,0.0016759944155478462,-0.0005418831901870427,9.46023637466193e-05,-0.022857707370952815,-0.0025594762345107764,0.004370493474045456,0.0005739697569028955,0.001031533176486203,0.0010531103359116129,-0.0023701179349577394,-0.008290675053269981,0.0001458642294214589,0.005597953189194206,0.0017602468459010719,-0.006682036278931191,-0.003441707078453245,-0.0022274090304168458,-0.0005282671310778002,-0.02350916905408483,0.03614240742742331,-0.12715319938741074,2.2631652,8.184402,-1
3.069,20.0,5.23783185840708,1.0763274336283186,2306.0,2.5508849557522124,33.73,-116.96,0.87,33.73,-116.96,-0.004834980336624804,-0.0009203198548112148,-0.0019443624463842363,-0.0020799094495483547,-0.0694493327472996,0.008471339486334025,-0.02944201041139278,0.0006825488811518466,0.0005283528180491512,0.0004937015476818877,0.02124882078525284,-0.003487049846605139,0.0028715192306392394,-0.0006856192120466645,-3.354295844273227e-05,-0.0016779794651295445,-0.0026645678636675217,0.000709591037122914,1.92843405167003e-05,3.186017677176649e-05,-0.003435639405741462,-0.0024200706525779082,-0.0023819860178934844,-0.0005577762837551372,-0.0004126394671712331,0.002256349224785176,-0.018224523357577273,-0.08525426233726686,1.4369868,5.7876005,-1
1.7805,32.0,4.199831365935919,1.118043844856661,3779.0,3.186340640809444,33.72,-116.23,0.769,33.72,-116.23,-0.006587630067674264,-0.01584456513167448,-0.0033651280679210687,0.00026990065728838594,0.04732265901359447,0.021791157631457312,-0.003790205769678186,0.0013883193682158066,0.00022368748092429738,-0.0004158578149713197,-0.009204538304217164,0.0007871370006224387,-0.01029440072725194,-0.0011652118201745296,-0.00018665128985861844,-0.0008477471566423259,-0.001445331761181625,0.005711972296721242,-0.00021979833816846426,-0.00041510748475442633,-0.002131097061767337,0.0042111556794910895,-0.0014339070922727213,-0.001145605131373442,0.0011059411015598307,-0.004660182538490548,0.009532774082119739,-0.06067218905031057,7.56996,5.6023145,-1
2.5187,18.0,5.467261904761905,1.1547619047619049,727.0,2.1636904761904763,34.04,-117.33,1.167,34.04,-117.33,0.012125800254584262,-0.025125797467611028,-0.0018238780905603734,-0.0008677796441126013,-0.03235033065028035,0.010223598018968947,-0.024767835308187644,-0.0024059361034900156,0.0005575930576296901,-0.0004243441916302403,-0.034309660957542475,-0.003484460492907426,-0.009466614732657499,-0.000402568497464457,-0.0034080662950185425,-0.008596972373951593,-0.001024566195279977,-0.004663376230984565,-0.00041707438617033076,-0.0016319047302620108,0.0013374653553325385,0.004116396196374952,0.002375909765978165,-0.0004830038213534301,-0.0021032369451719412,0.005046227787221968,-0.05464849880052559,-0.15184454394695757,3.0966604,5.947034,-1
2.8173,32.0,5.327067669172933,1.06265664160401,2494.0,3.12531328320802,33.95,-117.42,1.108,33.95,-117.42,-0.01000790151224221,-0.02459026801617979,-0.0019484679929521378,-0.0016178514111750142,0.04427399227733531,0.014166200215102585,-0.016198329059540915,0.0017091901066856206,0.00016158107323752165,9.050972249345681e-05,-0.008606500074742104,-0.001432439272136521,0.004531786358285539,-0.000683468271700294,0.0006122201467907611,0.00023827735701414623,-0.000750944425742525,-0.004233361053787199,-0.0002923595764335533,-0.0002121921450754533,0.0009145516862974221,-0.00026723143221023737,-0.002870756185346499,-0.0013709941272526697,-0.0005111112224118787,-0.0028531972258559342,0.012228994621451146,-0.1452188764523235,6.303611,5.883113,-1
5.1695,2.0,7.299228583028826,1.3061307348761673,7305.0,2.9658952496954933,33.89,-117.52,2.208,33.89,-117.52,-0.09591985375044536,0.022378928691530502,-0.002830534147624925,0.007808187485347273,-0.03742443007524464,-0.01589544767534162,0.01370318873324283,0.023551589868604606,0.0024679855414470333,-0.011044194037865713,0.044345092807151626,0.000540002013447302,-5.7280807082576085e-05,-0.008739401962745695,-0.011424463482782343,0.0014154315581582778,0.01049690674679783,0.026105469771504883,0.0006455206062469371,-0.0006916312211338179,0.0015245309758868757,0.0033983427417872795,-0.002648255596333133,-0.005160875391231334,0.0016803181209055268,0.0026663391927190467,0.000597804630533695,-0.10162323605117961,-0.556405,8.244089,-1
2.0156,44.0,4.076923076923077,1.1538461538461535,502.0,4.2905982905982905,34.06,-117.75,1.125,34.06,-117.75,-0.039349756126866274,-0.0069871261674961304,-0.0027874078999261353,-0.00048282441283751306,0.05189809326673336,0.02599755718009647,-0.0010198125576506682,-0.0011068841794758778,0.0005072334194052676,0.0003975689054419821,-0.013949582172641237,-0.0008985363197033152,0.004507119996425136,9.498880728792826e-05,-0.002143070743063161,0.003889156715964328,-0.0025112916368486915,-0.003984539033063703,-0.0013134005866657522,0.0006660004919365919,0.001553012352369162,0.005968098216663341,-0.005422645530474563,-0.00405323001039184,-0.009237239214033854,-0.021521202321141124,0.030613280109553453,-0.13496432363172578,7.2075424,6.1269846,-1
2.4735,43.0,5.185792349726776,1.1420765027322404,971.0,2.6530054644808745,34.1,-117.43,0.899,34.1,-117.43,-0.04122406574729418,-0.02074827531083605,-0.002419558892120548,-0.0014345376979656497,0.0057548774038003216,0.02209090395801144,-0.012747028614294723,-0.0014191606622936787,0.0005897420211319199,0.0007486619717184736,-0.00940219533155811,0.0008012911037257693,0.0023742093522338,-0.0007144373714634098,0.00031455413359875314,0.0009565448690386354,-0.001027508281979407,-0.005800562742729371,-2.9574673032365508e-05,-0.0007299804625526934,0.0015113432657521343,0.003690285913267632,0.0016764518634227227,-0.0007018602625508637,-0.0017562197652960325,0.0031032102351158954,-0.018011785207970088,-0.168126301534361,5.1360145,6.577924,-1
3.1672,8.0,5.524832214765101,1.0281879194630872,1785.0,2.3959731543624163,34.04,-117.61,1.502,34.04,-117.61,0.049685303987686204,0.002072981244009713,0.00042111539499954166,-0.0022231276160200133,-0.0028792633725620745,0.024672123303270965,-0.018749823918019753,-0.0038772761071896927,0.00031215495041313034,-0.0025500912975348422,-0.012027454533809996,-0.003943902032150331,-0.006684994687869603,0.0006015194099809125,-0.00032226248042022744,0.0018316913362890414,-0.00042819238791551523,-0.00509751584198682,-0.0002657554169950998,0.0006286911566208889,0.0010484537147721646,-0.007127888781583817,0.0007284691775651433,-0.000986704624469615,-0.002115734838162089,0.025773872797299407,-0.02295793309687457,-0.10812160842369764,1.0884486,4.9511456,-1
5.2174,5.0,7.306956521739131,1.0782608695652174,3962.0,3.445217391304348,33.95,-117.21,1.555,33.95,-117.21,-0.07163703781821212,0.021279395256172774,-0.0018077692588546908,0.007407248741286922,-0.04698698970997104,-0.01696228407311287,0.020300438732016365,0.012099343302165062,-0.0005284532738881738,0.002546089836759604,0.05930379198611398,0.0001885190229245139,-0.008474332104281954,0.001435394516821971,-0.0015575134370027892,-0.0072739671471282125,0.008933639870706092,0.01865487013180463,-0.0007378222058106105,0.00042862862728593486,0.0018111331763617042,-0.0014981769914277714,0.008175080610216793,-0.001671663673322222,0.0011041259222246847,-0.01283266039456983,0.050856769279265884,-0.1110541164413394,-0.3255643,8.408562,-1
3.9375,21.0,36.715384615384615,8.053846153846154,337.0,2.5923076923076924,34.24,-117.07,1.15,34.24,-117.07,0.002675151120550041,0.016456280186318603,0.0001961058948770214,0.00259263892052395,-0.04384695555753113,-0.009043045734060763,-0.010861137900945329,-0.0035941677170639066,0.0029823316527871975,-0.001877343731715576,0.01953089141948484,-0.0005593188469118864,-0.007276762275287365,-0.015868584776952466,-0.0014637242647964031,-0.014930320929633933,-0.0011243358818388584,-0.015463899495494253,-0.006025351568904048,-0.0019805788234313563,-0.020004908633638487,0.001022683396140296,-0.002694459564598762,-0.002276592753786557,-0.019542812269571882,-0.0006472128622945681,-0.020179376033838216,-0.1544241227578551,3.364581,6.942883,-1
4.5066,7.0,4.659574468085107,0.9527186761229316,1336.0,3.15839243498818,34.06,-117.29,1.115,34.06,-117.29,-0.04852726075949718,-0.0022807475755736747,-7.566297627963687e-05,-0.004513998434849637,-0.023210446094290668,-0.007865644875208157,0.013750136786833593,-0.0073495771700329525,0.00011283631327650776,-0.0079929144763292,0.03881909962039982,-0.0009325829287340224,-0.008256908136094736,9.233984249127324e-05,-0.00033683334846990325,0.0005296635586511044,-0.0006616698554597238,-0.008601769946595875,-0.00046946672665763097,0.0020090736637602643,0.001049925047207014,-0.004966086173963518,0.0006994027789372651,-0.0008609368452230248,-0.0018611801377726401,-0.0036918819098084926,0.024019383792497677,-0.14431591187859288,-0.36339372,8.009648,-1
3.0181,10.0,5.758620689655173,1.088669950738916,2845.0,3.5036945812807883,34.51,-117.28,1.004,34.51,-117.28,0.039875201471845464,-0.014437796994634267,-0.001906676159054331,-0.0026986085527053866,0.02983880002387212,0.01653532737019516,-0.022267720265327796,-0.00206305786023551,-0.000509315190183652,-0.0008907855973716901,0.027415597978439465,-4.807192410158758e-05,-0.010028535315980431,-0.0010546881678687946,-0.0005152170813707193,0.0011981125045219601,0.004528265207758516,-0.005234276580790019,-0.0014226206240878444,0.00014707196530699168,0.0004793167015480475,-2.591618213634364e-05,0.003154192412129231,-0.013851616024512643,0.0033308960250295135,-0.025711805934013333,0.05203585462180577,-0.18892157765849776,5.3727937,5.47936,-1
2.6576,5.0,5.939205955334987,1.1290322580645162,1944.0,2.411910669975186,34.44,-117.22,0.985,34.44,-117.22,0.05816777102151507,-0.02286934032411474,-0.0016855765422999856,-0.0035332836356984938,-0.0320236387328198,0.018158976030968756,-0.015354738416405098,-0.002261657062985005,-0.00034399891787585755,-0.0020354270932166846,-0.014318806662617835,-0.003974246383151925,-0.010381099862639815,9.880092286582533e-05,-0.0001449714923320473,-0.002817059795558611,0.004125015698097631,-0.006502930990430511,0.0005077860097217084,-0.0009560500197401216,0.00452247821781085,0.0028250097371715745,0.0012229669423446039,-0.0005059016623312127,-0.002545001021566342,0.010132944676807622,-0.04604767138621586,-0.2010670423233763,3.4681842,5.6109147,-1
4.0333,16.0,14.671328671328672,3.13986013986014,342.0,2.391608391608392,34.13,-116.98,1.339,34.13,-116.98,-0.005026846326789958,0.018199527483949908,-6.397563810311833e-05,0.0025946265286161847,0.035492449716585224,-0.0022634182882926165,-0.014512114889775727,0.009020535825201174,0.0031637332879766544,-0.0003004747413886179,-0.024690051320614945,-0.005703232722221255,0.0009659202652332707,-0.01573688366039448,-0.0018149405634302037,-0.012092297636097567,-0.007497226120510963,-0.010508620979309533,-0.0056180232633928785,-0.00271726086233718,0.009289183716619728,0.002255135480702953,-0.003874372384592186,-0.0032898144150169998,-0.018168627189020587,0.019469244847944617,-0.046627008197372026,-0.12487900291965756,5.294307,7.277552,-1
2.8031,34.0,4.678988326848249,1.0525291828793777,1342.0,2.6108949416342413,34.07,-117.13,0.869,34.07,-117.13,-0.025894982248490517,0.00782457112477296,-0.0018903592389102844,-0.0018782482379652587,-0.022248466838997352,0.018869911168047235,-0.01638259834582567,-0.00011628033040951127,-5.5226278673951065e-05,0.0007098485993116997,-0.005070294576740838,0.0010766868367379128,-0.006338967758350396,-0.0006665750547026395,0.00010126663749766208,0.0010381423499998166,-0.0003331202489399044,0.001354183788145332,0.00026074522900226734,-0.00019067673867012051,-0.000884425445434475,-0.0032203144424978714,0.0013046320631271984,-0.0009156299797992897,-0.0017440250518155663,0.0028470265356689067,-0.019032571656742322,-0.12002898105983495,2.3606281,7.023166,-1
3.7361,5.0,6.202150537634409,1.219354838709677,1396.0,3.0021505376344084,34.41,-117.51,1.196,34.41,-117.51,0.000133068838630562,0.008017595040145733,-0.0008983084635662189,-0.0009276616634847448,-0.032388401136069875,-0.003630063606269717,-0.01765070188287234,-0.0006093502596852369,0.002625779021739386,-0.005231091311949524,0.027595095825245625,-0.0015167798089595875,-0.008320341761093733,0.0014121643018958976,0.00044802939383861576,-0.0013619471251461084,-0.0006568366719978155,-0.005915716269064784,0.0006008484738992519,-0.0017058935072380144,0.0048024181506102145,0.007362282571088105,0.0001956056401339057,-4.8034200090260354e-05,-0.003243800020374214,-0.004105509212353528,0.017059326078815797,-0.1952194860225837,3.8429008,6.5748754,-1
3.6853,32.0,4.946902654867257,1.0442477876106195,1021.0,3.0117994100294987,34.12,-117.21,0.909,34.12,-117.21,-0.0025248642489563602,0.011680481299520025,-0.0025917271879222765,-0.0014364554325229492,-0.034762171359963075,0.005167799733771961,-0.02911578804683953,0.0019639404628859418,0.0001567566651582583,0.0008231023373368983,-0.015512110005557446,-0.0014443625693261436,0.005096133020410075,-0.0006873022901695549,0.00035739060186058087,0.0022420477039072338,-0.000750182782625916,-0.0043558268702331236,0.00020371919313785905,-0.0002947741516103485,0.00031998833419475396,-0.002986605786726699,0.001983920977784572,-0.0006427486843260383,-0.0009022785485662783,-0.00621280386727412,0.018134154528463377,-0.1470999714057701,2.6629708,8.04074,-1
3.7065,36.0,5.235807860262009,1.1353711790393013,665.0,2.903930131004367,34.89,-117.05,0.62,34.89,-117.05,-0.015897717491800602,0.010253980719103875,-0.0020807630613055073,-0.0013919490743863436,-0.04130344819201104,-0.010174813452530747,-0.03359272107789439,-0.0008769555171995586,0.0003688022357270992,0.0005500217628271759,-0.0162032023667706,0.002373713533901734,-0.006733352761133958,-0.0003418668375404463,-0.002167555227329062,-0.0016828555923286523,-0.0017309314737495778,0.0031723303502670256,-0.0011998673112699999,-0.0019390849906746963,0.001686746654526091,0.0038585010069396475,0.00022851044739156763,-0.002353725294337688,-0.014226771567663148,-0.02117609445277242,0.01503857640521194,-0.13607308729237336,2.5717454,7.914077,-1
4.6437,21.0,7.507645259938838,1.165137614678899,1094.0,3.345565749235474,34.14,-117.51,1.917,34.14,-117.51,-0.002229358701573152,0.02477161824051263,-0.001963496909834229,-0.002534777659651678,-0.024379190873627193,-0.008193149515792688,0.010790784922414273,-0.004883843376778596,0.0004926326397329241,-0.0007211297326373589,0.020355408000192126,-0.0013580928862679472,-0.0011121417146861144,0.0010891438302439345,-0.00046980681959920786,-0.008499282348770728,0.003093547819766851,0.02088284835074265,0.0006341414561455456,-0.0019465783338278107,0.0013686826218884112,0.00441733167159942,-0.002152186316600314,-0.0013527263732031462,-0.002181389716331667,-0.010486006714203678,0.030593213013421782,-0.14464947194103714,1.1444074,7.8530116,-1
4.7872,16.0,5.845505617977528,0.9775280898876404,1332.0,3.741573033707865,34.04,-117.66,1.476,34.04,-117.66,-0.022310630574711984,0.015948674247538958,0.00046178933462609733,-0.0018788955075438253,-0.019823518277424082,-0.015419340251955203,-0.006159764857845896,0.0027339333718831944,6.12311591968366e-05,-0.0016561775140651763,0.05739642347733258,0.0013782451550067624,-0.006537700246402675,0.0014799489785290187,0.0007847639649049483,0.002669539672342802,-0.0006191566516990829,-0.006376600249402609,-0.0012200012888785418,-0.0010820815903941168,0.0019860269426308437,-0.0074713169904073035,-0.004709035526074447,-0.0016658200838495464,-0.0029802333649383427,-0.01673763319074137,0.04189150947849665,-0.0981795124781991,0.27203402,7.9089584,-1
2.9667,42.0,5.144886363636363,0.9801136363636364,856.0,2.4318181818181817,34.15,-117.29,0.97,34.15,-117.29,-0.03809306039971603,-0.014086071602659447,0.001505301707347226,-0.0017086721292731018,-0.04840559856820677,0.015586143098616756,-0.02449761791310151,-0.0009055003014727378,-0.00045067556010037736,0.00044595086578312225,-0.0004600722228853268,0.0022441973957588648,0.006057011722390692,0.0006211859387474294,-0.0008087809366759448,0.000871228525905644,-0.0009725344779544621,-0.003786413530392405,-0.0005400916775346206,0.001072562717011011,0.001246343694701973,-0.004947873634295146,0.002140165172840089,-0.0006785023336425041,-0.0017459707930690962,0.021564396393007383,-0.03509845215936181,-0.1623896985034248,2.9752135,6.471846,-1
4.0433,13.0,6.996116504854369,1.112621359223301,1644.0,3.1922330097087377,33.73,-116.93,1.323,33.73,-116.93,-0.0037073473655808375,0.016214857062817774,-0.001303062874454043,-0.0003763770591028647,-0.028349566740464138,-0.0021559398333101318,0.001909323574447503,0.0027877635016000987,-9.382465631155528e-05,-0.0003370074641273102,0.03251949974463597,-0.0035504931604729184,0.00031147473778378096,0.0013470773151666583,0.003162866917451809,-0.010096849207327542,0.012878473969840251,-0.005927296091270732,0.0008266298447613756,-0.0018608968492370413,-0.0028283043194453636,0.0029335912439877997,0.0016165467964123267,-0.0011262763999634385,0.0018998580240146335,-0.0056459891780352945,0.029021293396719425,-0.0673153185255913,0.5493008,7.3603024,-1
2.4375,29.0,6.74496644295302,1.0201342281879195,513.0,3.442953020134228,33.99,-117.64,1.813,33.99,-117.64,-0.009687084024820542,-0.01048729614301092,0.0014478087075307305,0.0007695140634920543,0.05180460703968438,0.029030726504135344,0.004631349794699151,-0.006475323857181664,-0.00045141791652857907,0.0004490208642284186,-0.002276047610063295,0.002256281499542911,-0.0010330018116010723,0.0006515905511419812,0.011185136255760357,-0.002712998336216298,0.011072407973716628,0.026480684767140387,0.004485309006749065,0.0024250089914121566,0.000913444180830822,-0.006932764505766429,-0.00555923300986363,-0.00405209492955937,-0.008937306538347753,-0.013847430711242104,0.03815219924664358,-0.0913142145521694,7.590747,5.820322,-1
4.0658,25.0,5.788643533123029,1.0157728706624605,1815.0,2.862776025236593,34.06,-117.15,1.274,34.06,-117.15,0.0074993498018895025,0.008898437840283649,0.0009830393851154226,-0.0009171302227350641,-0.03327999063727923,-0.007325589222599315,-0.007975211850581662,0.0012106993852186315,-0.0004908621994163693,-0.00010707986651311954,-0.01435839349581695,0.0037876068890176184,-0.006642946614395853,0.0013901358708905318,-0.00021129664014228069,-0.0015256823130768717,0.0006123681444385909,-0.00775047629199115,-0.0005972915419538826,0.0003895670888290396,0.0006889649619059338,0.000284285158845317,5.4963635272764734e-05,-0.0010102530243294755,-0.0025448883223922534,-0.0022386679342323154,-0.0058419744078780115,-0.12419988427282425,1.9156935,7.404047,-1
3.175,27.0,4.791044776119403,0.9552238805970148,214.0,3.194029850746269,34.0,-117.34,1.016,34.0,-117.34,-0.0007347344209636313,0.017013114962604506,0.0010012815180196442,7.576272884957558e-05,-0.0021090686708659053,0.009936584304150576,-0.03207634951679783,0.0013344854591713158,-0.0007386196861490801,-0.00135701594404902,-0.011702272949476766,0.0026808671221867954,-0.0015416277113945028,-0.001511131964469661,0.0002054013082008333,0.0013552417093542469,-0.0018123590445221634,-0.005513420064134723,0.002500712674827512,0.0014145044402948037,0.001794194486475129,-0.005980766274208933,0.001768482115756752,-0.002420745072834498,-0.009000999454582033,-0.008058878401419984,0.015870005053456537,-0.16122812167568956,3.321248,8.125556,-1
2.8281,33.0,4.204761904761905,1.0047619047619047,1007.0,4.795238095238095,34.05,-117.62,1.036,34.05,-117.62,-0.01832718214169682,0.03212218979211778,0.0015830277066670793,-0.00026724622214180827,0.05138641900726906,0.020224670585040558,-0.008433481723261244,0.0017692434196842726,-0.0005362675559775008,0.0008913821476283966,-0.015076468522715526,-0.0026263941692656347,0.0045230907335382575,0.0004873493207802862,0.0006804435045298453,0.0039806662459633034,-0.0016522428563624538,-0.006215229465440999,-0.0012608021861752903,-0.0015670288120501214,0.001489318502093676,-0.0074515918827675635,-0.006775362697261013,-0.0008157746374955133,-0.0022143437805012176,-0.020068295896777742,0.03838866600030349,-0.10309569403966479,7.4556074,6.5116167,-1
2.0674,14.0,5.2253668763102725,1.29769392033543,2517.0,2.638364779874214,34.2,-116.38,0.65,34.2,-116.38,0.05034731235570223,-0.00959945706011698,-0.00033586711072453544,-0.004105729463122922,-0.006125247719372149,0.02558832274685912,-0.011865410640214045,-0.0028091549124308317,0.002632379682511522,0.0002514801639439467,0.0038697453952042642,-0.0033149520105448423,0.00508025356015947,0.0006939510319850907,-0.00010549482205955888,0.0024791043050593265,-0.001329224443472153,-0.0011905437032602914,-0.000532129727944905,-0.000122425058230261,0.0011627342916142407,0.0002354794578419979,-0.0027931255825265574,-0.0005517019608866954,0.0011656139694065217,0.0030796694152348085,-0.0200725309847156,-0.11134030235844908,1.3363656,5.098721,-1
4.7965,5.0,5.84015984015984,1.033966033966034,3258.0,3.254745254745255,33.76,-117.54,1.608,33.76,-117.54,-0.043454157882500656,0.015537581948281646,0.0002666371068390412,0.004923395176009765,-0.0259382091916105,-0.005424231531744867,0.012540995416152735,-0.0033432964250246716,0.00012918342853432033,0.001765640251308061,0.03701296027821806,-0.0020562799198806654,-0.008461300231782772,0.00017147826888410614,-0.002042366498008232,-0.0005405996624542256,-0.001322246968540404,-0.010030423038404923,-0.0007003433793938802,0.0009523263257102501,-0.0021292493130458646,0.0005535816005701925,-0.003416109316871257,-0.0012886319414816578,-0.0008053922439612135,-0.0050156146200048,0.0183388207353722,-0.10373459242809266,-0.24854277,7.8081846,-1
3.4044,48.0,5.093085106382978,0.925531914893617,1060.0,2.8191489361702127,33.97,-117.39,1.179,33.97,-117.39,-0.02133229449841611,0.005215613645138828,0.0017019783100853724,-0.00138144573170307,-0.05160059369294797,0.0048061461062719295,-0.033383892215792355,0.0016975670926059345,0.003997071663669852,0.0007410019466448826,-0.010758049648551317,-0.0010378854981919526,-0.0010549612775180063,0.0011610146139123807,0.0006988406288670146,-0.0014507539984292765,-0.0012300202968853707,-0.004245205756938929,0.003638804512843476,0.0030150182984082508,0.0005744963935784324,-0.0039644577002886745,0.0018546622527580601,-0.00023775646585676667,-0.0007991732141669792,-0.0020280034921454234,-0.015235525118427006,-0.16273373429030688,2.9032261,6.682078,-1
2.0154,23.0,5.606185567010309,1.109278350515464,930.0,1.9175257731958764,33.75,-116.89,0.817,33.75,-116.89,0.03339576498998387,-0.01984927668913307,-0.00757405982993255,-0.0042830491230291135,-0.10046936347280941,0.01393319662995536,-0.025926827536289117,-0.0011055726404070082,0.0004864321130070384,8.267659010722074e-05,-0.038189562429119785,-0.0027271627430163477,-0.009754975341877943,-0.001406252563871112,-0.001211984096274696,-0.007685179459512293,-0.00099587349068885,-0.002568527951854463,0.0003278489918561388,-0.0010510645984041556,-0.0012616405645194551,0.0013529391155945967,0.0022435566891168576,-0.0005478342009234507,-0.001349822211339501,0.008745744321874638,-0.04989073821727656,-0.08493092774058586,1.381185,4.638895,-1
2.933,13.0,6.244604316546763,1.0623501199040768,978.0,2.3453237410071943,33.73,-116.86,1.707,33.73,-116.86,0.051077714185143716,-0.014665797018067086,-0.0011514434111446457,-0.0006525369663693098,-0.05307275314874246,0.018087573003012256,-0.028587513746220226,0.0033510169730605085,-0.00037036292889906113,-0.00048276250717550057,-0.02310204659153889,-0.005912883225879406,-0.0020509812479621607,0.0015438568980946964,-0.0022022393679764192,0.0012658472252435257,0.005038369703163426,0.011010415398340242,0.0009537125358689766,-0.0008738004784671833,-0.003656464951014897,-0.002395995853251015,0.002198613015475254,-0.0010176158884212011,-0.000999829713582404,0.019365949096414935,-0.03982408180008807,-0.08406360741580506,0.91844004,4.695527,-1
3.0122,16.0,4.7981330221703615,1.02683780630105,2821.0,3.29171528588098,33.93,-117.46,1.147,33.93,-117.46,0.025626487548659153,0.01745804447775561,0.0004691105795743086,-0.0025043859346846518,0.026942936445283287,0.014763888175547295,-0.02732667680938798,-0.0020452549926517397,0.0001949784908936305,0.00018864800150622654,0.026061353891113644,-0.000947782815866241,-0.0074214911030456385,0.0007938891174004697,0.0009989643483241362,0.0037513219868375285,-0.0008960203313332816,-0.005368360671320916,-0.0005678821570027639,0.0015866962580091803,0.001544272934639187,-0.0058842644320758275,-0.0017783695249899115,-0.0013881757069679466,-0.0005503714861620679,-0.003996399242732068,0.015997010063870387,-0.14920771971977898,5.449157,5.7072754,-1
5.4872,7.0,6.774685222001326,0.9880715705765408,5205.0,3.4493041749502984,33.91,-117.59,2.034,33.91,-117.59,-0.0807640576067744,0.0214356896770508,-0.0004309153129233149,0.010559340530360005,-0.03278895644344861,-0.022618360958942253,0.024812094164365292,0.012054335905572831,0.0001059740100278806,0.002409211855122206,0.06307304715483493,0.00013401780078448262,-0.0068531442593242975,-0.0013379236934008244,-0.0029033794729670546,-0.007331128435155419,0.01012897535873068,0.017464153818320952,0.0018066612053112847,-0.0009830202074958092,0.0008639014728553815,-0.006250883956168977,0.01125144452641768,-0.0033866664171505875,0.004139823623519713,-0.011752775054094864,0.04437171571512953,-0.08370632456619036,-0.2952644,8.490036,-1
3.2705,12.0,5.330082520630158,1.0855213803450865,4520.0,3.390847711927982,33.93,-117.24,1.132,33.93,-117.24,0.02412573372196662,0.006376044693523134,-0.0011297802966404294,-0.0006320809836905966,-0.010663402008245003,0.005551741859539668,-0.029887549035660738,-0.0024683245206187183,-0.0009075257175816343,0.0005954885473444888,0.03362396279059086,-0.0008598505098049425,-0.007992763828345384,-0.0011108825432477,0.0006232780427324338,-0.0005024024241563837,-0.001200313889120649,-0.0036679168791219946,-0.0010296047595365113,0.00023041715407564326,0.001847574271926099,0.0005986385083613413,0.005314125916744149,-0.002291038429385291,0.0028474057684555166,-0.013188335734229482,0.04210235003677285,-0.12197056123665209,1.0160958,6.719895,-1
3.5227,35.0,5.612903225806452,1.053763440860215,1056.0,3.78494623655914,33.94,-117.46,1.054,33.94,-117.46,-0.01416191541999496,0.004131805182281153,-0.002463925796673962,-0.0004647817215302888,-0.011610188567289684,0.0047614644310772615,-0.03080749668055898,-0.0015114051926938216,-9.055895033217864e-05,0.0008552215709962863,-0.020162382795117947,-0.0021918739529593915,0.005389278766255516,-0.001157567504501124,-0.0006296209792441681,0.0017679644642771132,0.0007142265405964074,-0.004203436801153402,0.0004143488408530022,0.0020435443875853154,0.0008510177434636747,0.0003252075957693103,-0.00591272553186447,-0.0011244273236967566,-0.002742631043155796,-0.02023062059682919,0.05629523864082343,-0.13190066614617088,2.487004,8.44505,-1
2.3169,13.0,5.568286445012788,1.0879795396419438,4266.0,2.1820971867007675,33.75,-116.91,1.234,33.75,-116.91,0.06482075155063598,-0.02483510713794681,-0.0005886444214114342,0.0023968812282695994,-0.03690732081660512,0.01941964977275296,-0.026064182093827517,-0.001317550797992227,-0.0008263364310637442,0.0008371630644403847,-0.04134418823357668,-0.005813229545157764,-0.0050954689356151805,-0.0012580335448273776,-0.004959397479231601,0.018368045743997616,0.0036931952240162273,-0.0026242825341340685,-3.3711746957614186e-05,-0.001731426667198561,-0.0024509882495741594,-0.001461568069021912,0.0019404291983971507,-0.001216988385422387,0.00033861552212894816,0.01911176181528946,-0.06798569608280429,-0.08529976351276584,0.84142876,4.532559,-1
2.587,33.0,5.549333333333333,1.090666666666667,1008.0,2.688,34.07,-117.66,1.381,34.07,-117.66,-0.025260106990353276,-0.01894637455042492,-0.002599896040168697,-0.0013466663138290327,0.008870106099446752,0.029338214785974568,0.0010731487309894813,0.0012602704092063845,9.867297658094592e-05,0.0008556558927340762,-0.004429406579133135,-0.0007987740482274578,0.0025704716341337598,-0.0003164539723276123,-0.00016388172698770614,-0.0069256029646136835,0.0011842335807404109,-0.003679623289524743,3.414765171476547e-05,-0.00035990646144070184,0.002733241263074538,0.0015347236270051294,0.0017623913273335286,-0.0007785507752416031,-0.0019052978244391621,0.006775368132060208,-0.002982246878410837,-0.11087304824168899,5.9888744,6.8021936,-1
4.0556,16.0,4.979779411764706,0.9237132352941176,2690.0,2.4724264705882355,33.89,-117.51,1.58,33.89,-117.51,0.004970119404029967,0.014373909709541237,0.0009094109531904376,-0.0020350323663036935,0.020625360847262745,0.002142690097136565,-0.01034596957909807,-0.002212127316685095,-1.8700232449080892e-05,-1.6122737770070993e-05,0.007332919838502867,-0.004227580374094054,-0.0034135820100679704,0.0002428043831406723,0.0008530112358793045,-0.005177057439067447,-0.003001686006926179,-0.00972217554864869,0.00417834690237199,0.0006418538395763591,0.0005747360373686263,-0.007994095692579537,-0.0032748364799870177,-0.0005984917060448423,0.000880831801791607,0.020827292477540064,-0.031448393627563465,-0.12826537274948158,5.2211585,7.3354445,-1
2.5147,11.0,22.133587786259543,5.82824427480916,713.0,2.7213740458015265,34.24,-116.82,0.847,34.24,-116.82,0.04988548454887645,-0.031887304810326235,-0.0010852918376100906,3.951110636429329e-05,0.0032020460892157533,0.027800906964880145,-0.02638251470095345,0.015118530301806547,0.0028491665614391194,-0.0015249487757999353,0.006697288205506265,-0.0038105501907909887,0.003926882980723407,-0.014301454603053165,0.0022434825499263846,-0.011713930744614806,-0.0006378335579767188,-0.01722138962605885,-0.0005853223239661011,-0.0006944896645969722,-0.020050164587705685,0.0023509549630772652,0.0015879941684884965,-0.00328114960418629,-0.015510640863754251,0.004083750717114654,-0.011838868094293745,-0.14881940165991397,4.801074,5.547051,-1
2.3851,25.0,5.001733102253033,1.0103986135181977,2327.0,4.032928942807626,33.92,-117.39,1.137,33.92,-117.39,-0.0013967524635384618,-0.018602154824107504,0.0014367563913650911,-0.0008457662181960918,0.05023404627281725,0.021517672659755977,-0.01539358530122831,0.0013350415036172923,-0.0003751700044063371,-0.00020713614617866684,-0.004289356270974568,0.0025265273860705676,-0.004160793144260295,0.0005739697569028955,0.0010174462728156823,0.010740930211008502,-0.002520333073655974,-0.007215139967989552,0.0020823360196231253,-0.00016914282983176315,0.0017418445320395858,-0.006759833677063156,0.011096411573267875,5.015342060619635e-06,0.0008890828655402337,-0.01205368091469046,0.04798296026442546,-0.12145157631497476,7.3041854,5.338389,-1
5.3368,28.0,7.241558441558442,0.961038961038961,1140.0,2.961038961038961,34.11,-117.65,2.335,34.11,-117.65,-0.017098117508002,0.019481194641846156,0.0009074645303691079,-0.0005075328712792766,-0.03764459563193216,-0.023528453855947682,0.008803379442735645,-0.00706232396522156,-0.0008083913064066328,0.0010655188669328568,-0.010672714554186087,0.0012766772151271638,0.0026426963679360028,6.600688531847225e-05,-0.0016882038594449042,0.004351197315355997,0.00872507050729853,0.017681884478524583,-0.001301297382804375,0.0011705638311722897,0.0009314110661936573,-0.006488042243854743,0.002734006398963104,-0.0016073849973143807,-0.00238987809191173,0.0036275323612131897,0.0005621025845761463,-0.10892932144986225,1.980079,7.5051084,-1
5.3526,15.0,6.214765100671141,1.0604026845637584,906.0,3.040268456375839,34.07,-117.15,1.298,34.07,-117.15,-0.08101145554927137,0.018052586571730457,-0.00204173489415,-0.0012285857960897455,-0.020136733093494553,-0.02420060240576098,0.028754271007860856,0.006728997251628415,-0.0003662915940971432,-0.0017870902165396836,0.046120547313875375,-0.0030467796583615934,0.00035714672737411284,0.0015249083128978918,-0.0008446572177249859,0.0008186992877113584,-0.0008330837839850186,-0.001772081806045671,0.000693622736529634,0.0017655131644275933,-0.0011328748488774792,-0.0005861776146770542,0.002336092112928656,-0.0011766346472655584,-0.00210005902255881,-0.0009382652861627671,0.01659212668420723,-0.11006008267410593,-0.50363374,8.219736,-1
3.6875,38.0,6.753387533875339,1.032520325203252,1003.0,2.7181571815718155,34.04,-117.18,1.528,34.04,-117.18,-0.025738591453342518,0.004488466581792291,0.0006646414129188504,-0.001495524136670171,-0.062242879266919106,0.006443815744708319,-0.03357801420769235,0.009510851584542466,-0.0004352779972027012,0.0009334303347988394,-0.01368400205292186,0.0028804538208305327,0.003548760322704903,-0.002592237148511655,-0.0014222143109695984,0.0026452470003235137,0.010627631810712405,0.016196982669801553,-0.0010919795913530417,-0.0006702442789860536,-0.00019640630396100374,-0.001314339950895627,0.0020728412254905934,-0.0014351661135734292,-0.0016207000236908374,-0.001099479643448244,-0.009421943686857538,-0.14735240715853715,2.791524,6.8108406,-1
5.0285,8.0,6.66371158392435,1.0768321513002364,5731.0,3.387115839243499,34.67,-118.19,1.679,34.67,-118.19,-0.04622539916962457,0.020078708003909065,-0.002295338556550322,0.008139263622651794,-0.03191966386774063,0.006527523365311923,-0.009445928641252476,0.011903554429879667,-0.0005228671071923509,0.0008531908593605892,0.03952159360829681,-0.0071611753998708635,-0.0006830932837664398,0.0015483921235215172,-0.0009223733253888223,-0.004119753866120875,0.014860827089127632,0.010611095669018872,-0.0002705559907921896,0.0011461301873413184,-0.003528259596894334,0.0016984425476533963,0.0008385839760063678,-0.011418945270478919,0.004351723261960202,-0.016176298711577202,-0.012551283514756763,-0.11605015815144068,-0.07920262,7.7016497,-1
1.7579,10.0,3.744800693240901,1.072790294627383,9851.0,2.1340987868284227,33.98,-117.34,1.034,33.98,-117.34,0.08565903720470891,0.06755456182639737,-0.0030582240277170847,-0.001010018378770633,-0.012516625726064578,0.015666121500964917,-0.020594150813633326,-0.011429321973089325,-0.0017168986900884834,-0.027669098399138517,-0.04150611280850137,-0.0027022036447662302,-0.007267301846490701,-0.0003559109905319167,0.005518011245314565,0.013501971739593086,0.004840935197067293,0.004775032222997849,0.0004945133984738853,-0.005502004562018016,0.0005320186679752043,-0.0008668844759773146,-0.001775547726459561,-0.0045109162965420255,0.002350058588772182,0.007608964316041725,-0.05161174401568637,-0.14644275509174776,0.9679336,4.676583,-1
2.1875,28.0,4.160714285714286,1.0714285714285714,432.0,2.571428571428572,34.06,-117.18,0.819,34.06,-117.18,-0.011863763634074397,0.006394000589539618,-0.0017245701915709827,-0.0023028287479752957,-0.02638778474964031,0.021523016710398114,-0.01517198265551804,0.0020787466533669623,0.0001623722993678002,0.0005315197984027549,-0.005657239779958213,0.0022423038812569938,0.002488183620730201,9.776664876333636e-05,-0.002159512597247426,-0.00275941945093671,-0.001023991141988688,-0.010336413950635297,-0.002462106776038985,-0.0008245596264314083,0.000558756468619753,-0.004393849100229878,-0.002282156412316237,-0.003388414924728335,-0.011429796129075584,0.0052616269630025945,-0.022516238778494638,-0.16876660719479997,3.5286973,6.5717063,-1
1.9912,16.0,5.758842443729904,1.1564844587352625,1573.0,1.6859592711682745,33.72,-117.2,0.986,33.72,-117.2,0.09841082767403689,-0.02076061792528487,-0.007064485111567556,-0.00291693221733155,-0.07403382076988205,0.010707619109996585,-0.02243486522960243,0.0004090498218661459,-3.887524115489077e-05,-0.0011188110465272588,-0.06801404009846368,-0.004167415992932892,-0.009532754157022287,-0.0004978842211823096,-0.0002765979279756425,-0.00649642364960854,-0.0013666636961604988,-0.00932107574938919,0.00023872831977898477,0.01555916883971543,0.0014670892668932724,-0.0023017448231661608,0.0011294295195836887,-0.0008207101315540029,-0.0020022217586133273,0.01594787049350121,-0.07948478535031268,-0.1297399086422447,1.3519855,4.1230845,-1
1.7204,5.0,11.29896907216495,2.8268041237113404,1050.0,2.1649484536082477,33.84,-116.48,1.375,33.84,-116.48,0.07888774495405082,-0.021199877683686755,-0.003284049776614453,-0.000638966708152216,-0.02410326108002616,0.019484794756334443,-0.012213080026530867,0.022365786732671082,0.002691465001969429,-0.002893350209037621,-0.035950889413705306,-0.005593754791218919,0.011609837754382362,-0.014050462427912847,0.002660718418297546,-0.024362865598034876,0.004916025149103175,0.011417436068127796,0.00044789703209922383,-0.004232783943729295,0.0014443883658255983,-0.02398359124166183,0.0024451191695434877,-0.0002527021089458515,0.003742293850505965,0.005587247280502504,-0.06568639314817071,-0.08815413222734078,0.8698048,4.6327524,-1
3.3958,37.0,6.018691588785047,1.0934579439252337,1284.0,3.0,34.08,-117.64,1.304,34.08,-117.64,-0.017128695128220402,0.0033133245930172394,-0.0022881603289149044,-0.001785189368434821,-0.03630495078032897,0.013131867652692229,-0.020261290309879967,-0.0023329817825299684,-6.152499241724157e-05,0.0008621755634734914,-0.015105234642902064,0.0005272576950268598,0.004878064096462491,6.821855375357467e-05,-5.690091906508237e-05,-0.0020609250806953635,0.0012357776347908529,-0.003448863107979574,0.0003550295054926434,-0.001800883152316966,0.002550726249625655,0.0022391190039396792,0.000974015459715577,-0.0009391597694585907,-0.002141185380772246,-0.00627664818471029,0.015966718814416893,-0.10154522037616526,2.0340576,7.126793,-1
3.6219,29.0,4.698234349919743,1.0176565008025682,1710.0,2.744783306581059,34.11,-117.65,1.766,34.11,-117.65,-0.0033362919143821485,0.01573022684385231,0.0008789916528317346,-0.0013574697781762535,-0.054481530049264315,0.008994510448176314,-0.024302583143001846,0.0017027310008575832,-0.0004593745884603904,0.0003904166291286925,-0.015226850764873,0.0022894678447843665,0.002956732960900885,0.0005555078400723552,0.0008224603492639356,0.003707557584835024,-0.0016034546097202808,-0.003786061518875414,-0.0002882521457564708,-0.00038330162020233936,0.0005196420304459585,-0.0063113362745817565,0.00011586689637047675,-0.0008145781338375511,-0.0016965303514358213,0.0012796882948234365,0.0039700701441614476,-0.11469290976547201,1.9982582,6.956575,-1
4.2775,5.0,6.007339449541284,1.0128440366972478,6780.0,3.110091743119266,33.95,-117.25,1.387,33.95,-117.25,-0.04527803396788662,0.014323800565855034,0.0006005736513723583,0.007021816694675635,-0.019284182973724223,-0.015606044347372765,0.0110153827259895,0.001711321091406063,-4.009255758472517e-05,-0.016458535762793214,0.030127487842414473,-0.0006372939320210946,-0.009231429102108822,-0.00011977031177616765,-0.005612130659988761,-6.790748964369458e-05,0.002076531594531435,-0.007904678708809388,0.00047552340395496057,0.0009056517206607679,0.0016304750325437964,-0.00562936384637865,-0.00558286895740625,-0.0047621431243791675,0.002236673867655977,-0.002648847326844483,0.006283586207300392,-0.1285654773427236,-0.35945466,7.895692,-1
2.189,40.0,5.217582417582418,1.098901098901099,1772.0,3.8945054945054944,34.07,-117.19,0.725,34.07,-117.19,-0.039579248790637414,-0.029910023927542575,-0.0024122521049539437,-0.004035602185585581,0.05258568782851914,0.021077349272475558,-0.012829799285047924,-0.0015957767150053899,9.330889032160773e-05,0.00031311201690770635,-0.013796091743322945,-0.0004865249993231183,0.005747110854264006,-0.0006331235216286706,0.00041626793102939817,0.008162521656320582,-0.0013323288305687913,-0.00472140870434511,0.00048778061887016437,0.0007742283272248194,0.0015554798153627244,-0.0005869854269503326,-0.0028265889000412417,-0.0013417631750927451,-0.0026757576177868915,-0.015485291805628933,0.056258912414069474,-0.1370926293087216,7.402984,5.9130783,-1
4.4367,5.0,6.1020408163265305,1.0566161948650428,4916.0,3.2363396971691905,34.2,-117.35,1.332,34.2,-117.35,-0.041792702657346914,0.013476350782405729,-0.00203725907372836,0.006433226148606955,-0.030878043659284996,-0.013812413159160743,0.01078147608294255,-0.0017677078070238396,-0.0005052438553817341,0.0017311467136950438,0.03702440217450825,-0.0010213382206567907,-0.007433663315833435,0.00010226239169984345,-0.0016826646016438916,-0.00038660840365531987,-0.0031290015763297176,-0.004840359254822176,-4.8415603606504273e-05,0.0002528130669201358,0.0001574974582304323,-0.0008413729050035932,-0.0025473502137498077,-0.00017743462789274677,-0.0011734932912327524,-0.005863815739469037,0.02001095982428846,-0.14557852246503694,-0.30910742,7.946806,-1
1.7062,10.0,5.201663201663202,1.1912681912681913,1152.0,2.395010395010395,34.83,-114.64,0.868,34.83,-114.64,0.06939229956590447,-0.01676859482643953,-0.001062780295434688,0.00011709050814396596,-0.043985433611040015,-0.016337795664541042,0.007717515698187598,-0.00539738714431046,-0.0003542340392604544,-0.00286400181622853,-0.019042785406521642,-0.0076677636623792835,0.012033723872597981,-0.0009592808337815846,-0.000747683776615054,-0.000651734626464708,-0.0011581492451384662,0.017778317793643306,0.0001391823153654134,-0.0012163837484922707,0.0009459435741743293,0.004412530523222242,0.001589556484457767,0.0007166051129675985,-0.0010729888034509256,0.007560095224684437,-0.028921390251319654,-0.08658622713167004,0.89168817,4.828872,-1
2.0734,28.0,3.974063400576369,1.1109510086455332,2877.0,4.145533141210374,34.05,-117.73,1.133,34.05,-117.73,-0.0068792076311421785,-0.0073424531536316765,-0.0028825801585275266,-0.0031846042920544303,0.04759436060494604,0.026418120254061046,-0.0006743047376812307,0.002097387163215061,0.00037424968190431605,2.6703150770492362e-05,-0.0041508146880399706,0.003113020974891094,-0.0007099429035327798,3.825617431965411e-05,0.0006128621450658284,0.0040022288936883395,-0.0014816240123129865,-0.0024400700134497746,-0.0013755877367739955,-0.0004259660005033335,0.0013310258156083732,0.005616059130411416,0.009516790806297233,-0.0004085474286541843,0.0020479343135576945,-0.019235995793914627,0.030413133253056456,-0.12338390942484094,7.0964637,5.7689657,-1
1.6784,16.0,4.904397705544933,1.1204588910133844,3126.0,2.988527724665392,34.43,-117.31,0.719,34.43,-117.31,0.03670479044405545,-0.03088358181490091,-0.0020707173557426776,-0.002534669846462581,0.012375624941983958,0.020494978011322853,-0.010097466833563088,-0.0027217386309183363,-0.0005016374648029085,0.0005277268472290869,0.017318205332590823,-0.0008718014093175315,-0.00814275554293967,-0.0011561055943267412,0.000552626378524654,0.002803034309261239,-0.005021513156934666,-0.0030229568462906155,-0.00029008976836184094,-0.0004087042968856774,0.004881926434539245,0.00633327271958944,-0.0033397984571256383,-0.0043495911805676735,0.002449419691270321,-0.0015918048876832776,0.018484895593472564,-0.1768565730782808,4.9779544,5.75871,-1
1.5758,11.0,4.789346246973365,1.1138014527845037,2756.0,2.2243744955609364,34.41,-117.29,1.083,34.41,-117.29,0.07463314656233477,-0.030785088239295315,-0.003242326358589003,-0.0028722283768292996,-0.03708443679132752,0.01977136900751177,-0.014315965337571531,-0.007121420218700679,-0.0007573990974847945,-0.0008723267179839135,-0.031186281992271258,-0.004064850486837734,-0.009444405249878895,-0.0011603872758343835,0.0003374820523035695,-0.006820642966576302,-0.005115502698900498,-0.0030852422220752455,-0.00029008976836184094,0.00013062559439486229,0.004197193567821698,0.005765506769210412,-0.0023334078573566896,-0.004328425554540545,0.002463448571195938,0.010316208491623829,-0.043195028050286494,-0.1904158260940676,3.2664433,5.412085,-1
1.972,13.0,4.838235294117647,1.0441176470588236,1276.0,3.127450980392157,33.71,-117.09,0.905,33.71,-117.09,0.0406039034529237,-0.025828950678810463,-8.507114791772306e-05,-0.002616598575239221,0.027404360685774887,0.02149941328626908,-0.02087369437663295,-0.002995609162614328,-0.0006424714952219244,-0.0008549194623616126,0.019849517723872622,-0.002591980695333947,-0.0005580852538060846,-0.0011082026990410151,-0.00046471185921980476,0.003857259138411657,-0.002864492170430245,-0.0018081758093682946,0.00014783937061098546,-0.0010670809949185735,-0.004653558329265456,-0.0003479763239080335,0.0003992225941476411,-0.00258960054588224,0.0005904749326201209,-0.002004283892012953,0.018282532181290896,-0.09448499469536345,6.377323,4.83668,-1
1.7847,23.0,4.423841059602649,1.036896877956481,2770.0,2.620624408703879,33.75,-116.95,1.095,33.75,-116.95,0.0034693338896433336,-0.03452677067355846,0.0018803537514051703,-0.0016473188818012852,-0.014426864422583056,0.02311947453242422,-0.018217033205171616,0.0004729911148436151,-0.0005010529857509224,-0.0005562351039096946,0.009459437242097203,-0.0011461505425795061,-0.008245898494072139,0.001070903204833512,0.0003367420170765879,-0.0007807849104676558,-0.00273998238643231,-0.001235143047403862,-0.00046696730903710633,-0.0006898894207188316,-0.0034248688187690224,-0.0032488305514982744,-0.002729629921677976,-0.0011655812429192502,0.00026106950413827497,0.0027221140757878156,-0.012168191707971782,-0.08400887074168109,1.2336106,5.515481,-1
2.5677,16.0,4.326133909287257,1.1511879049676026,5110.0,3.678905687544997,34.07,-117.62,1.289,34.07,-117.62,0.027263553349960536,0.014693538969810713,-0.00098799017535341,-0.00048505890128548864,0.0254236495760064,0.025935959961797855,-0.006294837912744683,-0.0025966112987420493,-0.0004832393899679862,0.0007335729993097075,0.028902565193465523,0.001917598707084826,-0.006038068168718126,-0.0009543278319920935,0.0005924169909446361,0.0064477311935592085,-0.0016610768039251233,-0.003040751893964655,-0.0015206129009756354,-0.0007501308054934872,0.0014173757970431563,0.005630770002980713,0.009685983605130254,-0.0003270362882115866,0.0022928307112228827,-0.013974299518872524,0.04201274235834358,-0.09885982954351445,6.6714554,4.680559,-1
2.444,17.0,3.921158487530169,1.0852775543041029,5032.0,4.04827031375704,33.71,-116.23,0.9,33.71,-116.23,0.026144907887798816,0.034731928025910165,-0.0011446347817300215,-0.0010829690492647963,0.030099200748227476,0.022072076864483463,-0.01677402458662971,-0.0014001320853159727,-0.0007818498308131891,0.000916902089647105,0.027031335554080726,-0.0012835715206824395,-0.0026846184990364894,-0.001126921965163813,-0.00021378215079202896,0.0023933295667351736,-0.0012318058812000857,0.004611306248812934,-0.0013447099425743056,0.00017053510798640297,-0.00393668222591953,0.00438293546091462,0.00998551196322665,0.0013418356220814799,0.0018965966200374677,-0.01203610259539803,0.04767998543717921,-0.07045261183836017,6.661007,4.7464643,-1
4.0294,18.0,5.865269461077844,1.0409181636726548,3114.0,3.1077844311377247,34.13,-117.37,1.332,34.13,-117.37,0.005251910937034702,0.008880916225565003,-0.0027191180047670027,-0.0008700109855515157,-0.020644550264021976,-0.006072901755932757,-0.00742721525467642,-7.233734106873107e-05,7.638852445642343e-05,-0.00026339112741915105,0.0195941634160276,-0.0003172398668314918,-0.007523916759460238,-0.0010826185260833182,-0.0004835709158958275,-0.0014469866329560898,0.0009541835765927227,-0.008460121595827349,-0.0003003618166965336,0.0005052524047166369,0.0008381886341583293,-0.0006947191975744813,-0.003788829645698776,-0.0006916643114078292,-0.0014642047153852976,-0.003485243784784195,0.009375108879574367,-0.15123742691207714,3.2318518,7.5532036,-1
3.0139,18.0,6.46875,1.376953125,1251.0,2.443359375,34.14,-116.15,0.826,34.14,-116.15,0.0034316003816820626,-0.018024874521885503,-0.0011040042802827948,-0.0020279237414310065,-0.05229572066775977,0.018106413090159906,-0.04220366672888327,0.0030335248334152133,0.0034721192131467195,9.683905724282554e-05,0.010607101040854966,-0.004071436788901384,0.004588509573514723,-0.007907909597679189,-0.0014532126698010993,0.0009744678542472011,0.003954494224761889,-0.015352645762072927,0.00044622097430660696,-0.0011493356221128827,0.00031828599993277245,0.006644485761237372,0.0017148396464053428,-0.001208151997803211,-0.0001676045196309313,0.015633379236838035,-0.0420300022454516,-0.0971742266081799,1.4624772,5.553852,-1
3.8056,7.0,6.599340478153339,1.1236603462489696,7139.0,2.9427040395713107,33.63,-117.29,1.622,33.63,-117.29,0.0019477205559708514,0.019484585696373704,-0.0019458385813031695,0.0023580605515341165,-0.03498885411516823,0.02092079295012253,-0.018000409457441913,0.023462999423636225,-0.0004977210633662928,-0.011191858720014816,0.022697392582983145,-0.001854909473066783,-0.00571354576434987,0.0012696129531046094,-0.009179215216683094,-0.00011024560957527098,-0.010139755396971144,0.04252913920731326,0.0009008767245208807,-0.0006209196317553989,-0.0015300798628087391,0.003808916182807001,-0.003736140119677499,-0.000627930360999547,-0.0015277081847808048,-0.0018861716707553153,0.01022001920996249,-0.14674734700430664,3.058447,7.7568054,-1
4.0114,5.0,6.053072625698324,1.0726256983240223,1174.0,3.2793296089385477,34.1,-117.19,0.977,34.1,-117.19,-0.007892403750911676,0.007837902059323443,-0.0017160878365056246,-0.0012402430953858726,-0.02853014865490547,-0.0074171240410609894,-0.00515105175178756,-0.0014988446306770731,-0.0005044526292514556,-0.00521178854245654,0.034910222758437214,-0.001858306717439664,-0.009155757807207813,9.253305024267602e-05,-7.635877958502637e-05,-0.0017572266572506226,0.00013922463786113676,-0.006110759356815373,0.00033534989697551587,-8.65888879057638e-05,0.00031796297119887623,-0.002756836815704315,-0.002249581082914732,-0.0010468714394929225,-0.0017763227364669268,-0.007383753309493813,0.02761354750034397,-0.14295108649441318,0.74534667,7.807288,-1
4.0132,5.0,26.51141552511416,4.703196347031963,569.0,2.598173515981735,34.25,-116.85,1.631,34.25,-116.85,0.00753593155203073,0.017753946145715814,-0.000603856269813062,6.546932266215634e-05,-0.032328542699281,-0.009919276422473061,-0.010942264821751174,0.02151661100598526,0.002838479307584085,-0.0028405093481486676,0.012517800914591927,-0.004982371326372674,0.0033202741646510756,-0.014735408036893678,0.0058611376530915745,-0.015455840890586896,-0.0013153846933840546,-0.014184461287300373,-0.0025372927798400793,-0.0016049851068809398,-0.01962948358001232,0.0014109498657961497,0.0005638372643410752,-0.0029218411831225186,-0.018681163308189877,-0.0002274025692156563,-0.018924544178566458,-0.16479841333699616,3.550384,7.0159044,-1
3.235,12.0,6.094650205761317,1.0905349794238683,757.0,3.11522633744856,33.64,-117.19,2.107,33.64,-117.19,0.02878108272662943,0.002728842731274776,-0.0023653670008451353,-2.5027392149251307e-05,-0.023477623210403382,0.020610661417468777,-0.03946482608309586,0.0016464762039003883,-0.0005434861448245275,-0.00014020604240018732,0.028040925434449724,-0.0018122485427861078,-0.008781688272220109,-0.0001601262495437597,0.000525930947341626,-0.0072293880877331235,0.002607596975643312,0.003322755340680748,-0.00062414055323925,0.00047568025184121875,-0.0015309778642888649,0.0002206181131545511,0.0009378624619382216,-0.0014388645481645812,0.0008705442382429357,-0.004415260895831128,0.022496612668851224,-0.09975125916800491,0.9346962,6.3397813,-1
3.3672,18.0,10.386666666666668,1.8373333333333333,1086.0,2.896,34.26,-117.28,1.336,34.26,-117.28,0.0016361760868168341,-0.004316116048753766,-0.0012350382031469133,-0.0006267282386939441,-0.030654844844234634,0.004430900500791082,-0.03813286736368342,-0.00025417963358728907,0.0033464433263782744,-0.00016094020521709293,0.014890234695209356,-0.0012531346666139,-0.004669239870840435,-0.014260254739261293,-0.0014828614916291025,-0.010436028609431476,0.0028216846629386446,0.01980834118651937,0.00048372066102120585,-0.0010703368035020267,-0.06186787502218132,0.049184549861185894,0.0012875538923787912,2.7321499272938698e-05,-0.0034196131222712276,-0.00042416411085679714,0.0075817284351111965,-0.24033317391443013,3.9557273,6.3915253,-1
2.8347,34.0,5.835365853658536,1.1097560975609757,1564.0,4.7682926829268295,34.04,-117.76,1.158,34.04,-117.76,-0.01651767366751527,-0.013439452002391692,-0.0024757457809262335,-0.0021484848638555197,0.03919472177434859,0.02183942789115205,-0.007934102655934262,-0.0015046258428903735,0.00020461826006126834,0.000733965736915232,-0.016988947098661115,-0.0021485872424214093,0.004623972740998997,-0.0011311654686776377,-0.0005158741081737211,0.006684658845540406,-0.0006823288218185636,-0.005218855821756963,0.0004459156286996022,0.00031973465237624245,0.0016066753547894091,0.0059813168810511005,-0.003000513155716377,-0.0012781151082169838,-0.0027440688565401254,-0.02244097510429223,0.029053009338236718,-0.12288208318333245,7.1022687,6.2021337,-1
1.2548,22.0,4.410041841004184,1.0,428.0,1.790794979079498,34.57,-117.29,0.683,34.57,-117.29,0.04197521496674469,-0.037600794293545035,0.007470282885086195,-0.003640911680416778,-0.06909467414352166,-0.00756204718932029,-0.02087492934639776,-0.0003866163602430938,-0.0003348351479236351,-1.846500291620457e-06,-0.043724997941866135,-0.004734500102217658,-0.004697121043533298,-0.0007082540815208157,-0.002870517553289761,-0.007877666969239071,-0.0029381535785325394,-0.0033610152498515402,0.0008934764324129506,-0.017897438302356926,-0.0013122114272010287,0.001265667132422398,0.0009821386968808924,-0.001688052707468701,-0.009852411731725493,0.050694114586376335,-0.07082108488286133,-0.22608152285459823,3.273734,5.611926,-1
2.7986,29.0,4.409090909090909,1.1414141414141414,649.0,3.2777777777777777,34.06,-117.69,1.144,34.06,-117.69,-0.011163911652183731,0.01113351159773907,-0.002338989025810199,9.101475909216493e-05,0.050570240788744426,0.021242744768993963,-0.005179316355560361,0.0015223865276373016,0.0005041500252547964,0.00041063958000540945,-0.008086152833241876,0.0031732763713207207,-0.0005024901333426841,-0.00015325125609845695,-0.003057894650315435,0.003650104060335724,-0.0018237485143431183,-0.004026182659416922,-0.00047808276039092276,-0.0013309058188554718,0.0018154248564277997,0.0058245132283198785,-0.0011299795843181858,-0.0038402032335181635,-0.008821750975874836,-0.0041017581867687555,0.01590563267249672,-0.13127060828640102,6.884895,6.379595,-1
2.5335,8.0,6.021786492374727,1.1688453159041394,1674.0,1.8235294117647056,33.72,-117.2,1.101,33.72,-117.2,0.0993828934465766,-0.02617220592722137,-0.004238744172415516,-0.0019188734768204668,-0.06987050800472365,0.009098838319711809,-0.024062652944087857,-0.0015121990203225272,-0.000278466654020709,-0.0030547829788493755,-0.07344753169042473,-0.004216794396377539,-0.010208967155683674,0.00015561512908575078,-0.00022682397111346446,-0.010708303388591429,4.9564241542138004e-05,-0.006842745884932963,0.0005582612358300838,0.013480266342116132,0.0014670892668932724,-0.0023139398605787577,0.0009580496853950414,-0.0008202852785414019,-0.0016046952584156868,0.014648374937063606,-0.06111642601751059,-0.13029092428469263,1.2872939,4.213043,-1
4.1933,6.0,6.674351585014409,1.085014409221902,1851.0,2.6671469740634004,34.48,-117.26,1.631,34.48,-117.26,-0.04159225246199759,0.025316837750057438,-0.0017165570570374425,-0.002344889164916256,0.002031529063829127,-0.020936386976574857,0.008524184895264035,0.013131259777473682,-0.0005089898883729469,-0.0017880896967108707,0.014643945495896173,-0.0032992434223128634,-0.005286905178041179,0.0015772407953413038,0.0007129820735176861,0.0007012272035508274,0.009271031720262536,0.02088713945301688,0.0006734711067132794,-0.0011454761238037718,0.000618526404573661,-0.0009170113021858441,-0.0003259870425847004,-0.00017646291269747522,-0.003763160722071226,0.0005138694287640941,-0.017972144965456793,-0.20639051528406674,4.3049088,6.8973203,-1
2.2917,44.0,3.514018691588785,0.8130841121495327,273.0,2.5514018691588785,34.09,-117.28,0.908,34.09,-117.28,-0.03994608140211216,0.056556504113960356,-5.310793321070606e-05,0.03000062869704527,-0.006677117471661476,0.022767586952682828,-0.01687733067218424,-0.0017530912328290833,-0.0010909468601921217,-0.0009294456980525284,-0.009395526293904834,0.0014922084199464926,0.0025647440494409477,-0.0022541111554499724,-0.004046871033094353,0.015278732923144729,0.0052075337929580025,0.0025704168090706775,0.007757842377434018,0.0010499006282996166,0.002023331029641994,-0.003412458446514681,-5.9614891685933114e-05,-0.0027660276230940333,-0.007274380251150728,0.006345324453854251,-0.02372277888964829,-0.16664507354932934,4.600747,7.504959,-1
1.3571,36.0,3.982689747003995,1.0945406125166446,2378.0,3.166444740346205,34.12,-117.28,0.706,34.12,-117.28,-0.019601221579227262,-0.01882576650938279,-0.003161805399154614,-0.0018582932666378212,0.040875898123440835,0.019523915425559892,-0.011864786751365729,-0.001105790970286606,0.0002434225345119637,0.00026758401646219003,-0.011950502098201808,-0.0010257870158910352,0.005062349723400123,-4.72596187215709e-05,0.0006101153624415765,-0.000577441013907228,-0.000839682597734912,-0.006396781533370633,-0.00027156439895985774,-0.000899730018442772,0.0020555068861446346,0.0008324274621259691,-0.0016714917329343018,-0.0005745892737454403,-0.001353294291439174,-0.006042703847706592,0.019172423374834286,-0.14647544889785732,6.6061454,6.0944295,-1
3.6691,35.0,6.175438596491228,1.087719298245614,184.0,3.2280701754385963,33.97,-117.51,1.375,33.97,-117.51,-0.012926627386461548,0.005373701634714547,-0.0008936396464553748,-0.0026009441553369534,-0.020977124901872778,0.006815624732556257,-0.03115694535112604,-0.0017365262743584493,-0.0002441466404237686,-0.001859802983854287,-0.01735092416814797,-0.0013784708679962997,0.004620183874904033,-0.001261175474358791,-0.005570665530949188,-0.0028183386170612364,-0.0030877426076781267,-0.0013836716138604722,-0.005735577738723596,-0.0017922742628310312,0.002402405460557626,0.0013165930536100398,0.006483223016772661,-0.003743640646297338,-0.00786960668410287,-0.008606632026987113,0.021201949019103473,-0.15035389236117705,2.8183048,8.212433,-1
1.3125,10.0,4.438356164383562,0.9680365296803652,773.0,3.529680365296804,33.94,-117.28,1.357,33.94,-117.28,0.04794073051069664,-0.03227741117732519,0.0009565150326064521,0.00254812015770202,0.032438430277150904,0.019132571049785687,-0.011951975022910835,-0.0043411835752898646,0.0003264981616727825,-0.001997787529942431,0.02303954207549278,0.00034850134483199307,-0.009978276470833434,0.0008188362358386879,-0.0006416297296609017,0.006299060278484876,-0.0011500539068210846,-0.0059944817874090965,-0.0012555878908657638,-0.0037312124390082423,0.0018034944362625913,-0.00616755079158268,-0.006253167268930263,-0.0006383299899109443,-0.0025168653479040676,-0.010385949599051638,0.050645332310941,-0.12826925504815773,6.307597,4.7451243,-1
2.817,19.0,6.108695652173913,1.1603260869565215,1207.0,3.279891304347826,33.72,-117.29,1.1,33.72,-117.29,0.005666421558875874,-0.025704612924064733,-0.002694646354416792,-0.0014489552502817847,0.041096042386825654,0.011699668386714783,-0.020460508903951267,-5.3078845403945005e-05,0.00051874472759032,-1.4840691540455827e-05,0.014071538373065186,-0.0005231303762364626,-0.008245953921705764,-5.033252593152548e-06,-7.212375051937804e-05,-0.0005721976775066479,0.0017097267187610548,0.0025534952247168305,0.0003208215077705427,-0.0014769818850366085,-0.0011447637127142236,0.00442603553099598,-5.6066909381207505e-06,-0.0009284253561206069,-0.0020885838970676426,-0.00305514939620665,0.0210122665619474,-0.11148238870443647,6.742337,5.2220783,-1
4.8906,16.0,6.404210526315789,1.103157894736842,1516.0,3.191578947368421,34.02,-117.67,1.785,34.02,-117.67,-0.024765053552003834,0.024842574011327355,-0.0013349918280354087,-0.0018135952747227074,-0.019705353959032286,-0.013724957445580468,-0.004984326957299961,0.006943956172388063,-0.0005603944626777926,-0.0017394191379870383,0.04571346179887438,-0.0017207708335487224,-0.007203038063035312,0.0013506227661461618,-0.0007398722782291151,-0.0028670337792923006,0.0038669382212979378,-0.0009342157905341332,0.0006772419633103065,-0.001858855835257934,0.002544560455304458,0.0032478983767249073,0.001979454409159842,-0.0013906650576612524,-0.002513386349511653,-0.004941704881284705,0.01969267717127101,-0.11171732574566708,0.015198076,7.798452,-1
2.2482,19.0,4.524978089395267,1.077125328659071,2680.0,2.3488168273444345,34.14,-117.25,1.145,34.14,-117.25,0.011858535683875189,-0.007825715905436195,-0.00193065983326086,-0.004353092116475898,-0.055182454948571234,0.01674681029283041,-0.01699225167683985,-0.000507905246993681,0.000346598423546372,0.0002596654996329531,-0.01455571532773111,-0.0034736440005304113,-0.009565476177065053,-0.000683717243150798,0.0004905163008991477,-0.0029056335935920543,-0.0006997864285978633,-0.006597483520095589,-0.0002837590344660681,-7.371098722278121e-05,0.00080412530873692,-0.0002299805747406825,-0.0026096673923530146,-0.0005574040010273126,-0.0012989787145700298,0.015155599670841447,-0.03813455785744545,-0.1512269537548831,2.9362628,6.1327415,-1
3.1795,32.0,4.889830508474576,1.0084745762711864,1509.0,2.557627118644068,33.93,-117.42,1.256,33.93,-117.42,-0.007676221377374019,0.01731803670173993,0.0013339035944341772,-0.0019144768541163877,-0.07624172337504923,0.0101561808413293,-0.0291519151405211,0.0016354574218344444,-0.0004537589542508485,0.0006807796293127327,-0.008885278775701107,-0.0005790380576033945,0.0024023652297532503,0.000559341858541616,0.000765310925182946,0.0016359960814301435,-0.0007397763999559141,-0.005316261689110475,-0.0005219795040946947,0.001012586683824224,0.001332067369808594,-0.004911146977147495,0.001003719067494859,-0.0009097660369311994,-0.002058899640919812,0.001646708625162396,-0.02413021731717195,-0.16057176254130173,2.8760927,6.6773186,-1
4.3229,7.0,5.623569794050344,1.0125858123569793,2833.0,3.2414187643020598,34.7,-118.12,1.3,34.7,-118.12,-0.043494528639993514,0.01712115954169048,0.00028526739157466664,0.0033580982802829617,-0.031011164484271273,0.020614252744359348,0.005432359207097358,-0.0032779051795852176,0.00013476959523014352,0.0008737653461008306,0.03673360804859995,-0.009007489260108019,-0.0012506094672023239,0.0014025652696906346,-0.0016595239389667507,-0.0016155577695520992,0.001210919185889669,-0.0015657899559576292,8.286111691068626e-05,0.0015680929197206394,0.0005791676991094984,-0.006977287418278009,-0.00025960593183070704,-0.005358367114342184,0.004478652458599249,-0.021010026481427486,-0.004788298382945611,-0.12477067044683306,-0.10535961,7.6431837,-1
3.4695,6.0,6.402402402402402,1.1246246246246243,2005.0,3.0105105105105103,34.42,-117.56,1.388,34.42,-117.56,0.036245969818083555,0.0035968923167855895,-0.0015437858064127504,-0.0032088565375383155,-0.03303138914804014,0.004160434240703066,-0.03280145412883137,0.009317457228271733,-0.00031305302653393747,-0.001534850347834511,0.02735250961397564,-0.0011228117754420184,-0.007957824013654767,0.001390234866107617,-0.0012959227884198755,-0.00110304208589485,0.004421157791798783,0.0018686728570469072,0.0006734711067132795,-0.0015871335365620427,0.004872388719300352,0.006385955024878762,0.000475783465839159,-0.005493882956930171,0.0016568264352091347,-0.005716482052044562,0.010675532297898995,-0.19643703057037554,3.9740205,6.0680976,-1
1.4531,42.0,4.281376518218623,1.1275303643724697,1532.0,3.1012145748987856,34.13,-117.3,0.715,34.13,-117.3,-0.04169196130974038,-0.02694889955138392,-0.005578955184699439,-0.0014853502042718153,0.024587344131457318,0.0182179192306646,-0.010348743949243906,-0.0012950975897042356,0.00044377370181202875,0.0007156253991657112,-0.008916642649904534,0.000278606720199282,0.005063176714829596,-0.0006089126331571763,0.00031298289368899564,0.002590342635436658,-0.0012536438216647382,-0.005564899793437075,3.5063868502558594e-05,-0.0007266146377280725,0.0009403876212665839,0.004152157352540392,0.00020808381859270932,-0.000937125717542487,-0.0019957376004435205,-0.002425523467776818,0.011338510940025822,-0.14817327784778944,6.216617,6.229372,-1
2.6307,36.0,4.803571428571429,1.2633928571428572,773.0,3.450892857142857,34.13,-117.31,0.664,34.13,-117.31,-0.020846320482897283,-0.00022546549033587796,-0.0016300023723079993,-0.00046914062949946736,0.05483943881288682,0.021614758087684784,-0.016113685828759362,-0.001670336846321842,0.003285181935471346,0.0006522490746629795,-0.014438513952809722,-0.0017272324865450605,0.005413415390050141,-0.0054211013092288225,-0.0011221356908069275,0.0026949911902533403,-0.0009017816326649869,-0.0050973426409649724,0.0003546609600400723,0.0011742320624544523,0.0014907033926079435,0.004686793670274183,-0.00559863049647179,-0.0009476858576645488,-0.0023363540324430067,-0.013519250515111804,0.052338669964846166,-0.13645029032766287,7.6674705,6.055676,-1
3.2321,20.0,5.3755458515283845,1.0829694323144106,1117.0,2.438864628820961,34.09,-117.66,1.625,34.09,-117.66,-0.004287081468229496,0.00785022905433398,-0.0025111746595541536,-0.0008814629433806956,0.0018188822521420635,0.021730199796677233,-0.019212154015579273,-0.0002790843348591947,0.00034738964967665045,7.192120124668942e-06,0.0029261947795593156,-0.0033608016015952862,-0.005690097806226647,-0.000683717243150798,-7.886048197972447e-05,0.0012426601996528568,-0.0016226773675298383,-0.0031471845494162004,4.3664410470043853e-05,-0.0005277390265889273,0.002733587676130047,0.0015010755600819924,0.0019457081842638052,-0.0008063151599479611,-0.001837851648573287,0.027306079457712712,-0.02102802267864748,-0.10271764940156128,5.682838,7.329426,-1
3.9414,18.0,5.366754617414248,1.0448548812664908,4976.0,3.282321899736148,33.87,-117.55,1.371,33.87,-117.55,0.0023169472561961127,0.010946421721828695,-0.002455754063668844,0.0016662730036968749,-0.02803703016368339,-0.0021237200324765865,3.693674358749954e-05,-1.3525150580563091e-05,0.00017945004196980962,-0.0001858961166398684,0.021558378558246955,-0.0005224352299068413,-0.007590267951965889,-0.0006890462963351361,0.00024124956264749283,-0.001989857462688542,-0.0029244790227351903,-0.009326835518182123,-0.0003267941498342866,0.0003819841537155089,0.0010382533909680835,-6.767409239052129e-05,-0.0010624487928606347,-0.0029881787312583323,0.0021741954155102368,-0.007958875767444355,0.01895692601540834,-0.10751287350623898,0.951691,7.470994,-1
2.9542,15.0,6.074581430745814,1.143074581430746,2317.0,3.5266362252663623,33.85,-117.3,1.279,33.85,-117.3,0.03041444404605862,-0.015686406601429517,-0.0017585058308194391,-0.0019021307675546628,0.031162923673801936,0.015220012211956102,-0.023222687987671027,0.002208620845307962,-0.0001490250012560949,0.0003466039092425682,0.027739140810584574,4.182439953771545e-05,-0.009069611829221856,4.053971453099722e-05,0.00013788556367162026,0.0020325080457764878,0.0009229732077145707,-0.001681678105145536,-0.0011757103408507733,-5.141029215026572e-05,0.0014726951469790992,0.004318828403276138,0.009643761843178207,-0.00023615452266375882,0.0002784900344243562,-0.009724876369461018,0.05444606440094676,-0.10027108736988426,6.4792647,4.576292,-1
4.5122,36.0,6.379679144385027,1.0588235294117647,1176.0,3.144385026737968,33.93,-117.43,1.133,33.93,-117.43,-0.006058150398750866,0.021137656196061012,-0.002617662232743547,-0.001758879771401481,-0.03602494226823555,-0.008421032745341955,0.01222459012949585,-0.004466393970080139,-7.577180520409606e-05,0.0015477755366115143,-0.021128146083222703,-0.0028853790431516355,0.0016219994507904358,0.0014520217368496516,-0.001808730100333391,-0.0030515153811876716,0.0010793818043764896,0.0013209697602478527,0.000671513585982537,-8.737736448137739e-05,0.0009269290716254772,-0.0004127440695507082,6.44530342137717e-05,-0.0013845033733719942,-0.002248642420271224,-0.00509046680948371,0.019917435295428495,-0.13876228509796026,2.0860558,7.7579107,-1
3.4634,37.0,5.505586592178771,0.9636871508379888,939.0,2.622905027932961,34.1,-117.66,1.453,34.1,-117.66,-0.02076822262327264,0.005512260867998271,0.0010026726378328408,-0.00128092988805599,-0.06381225727552108,0.015574197288008398,-0.01751863224146631,-0.002037377719759727,-0.0005278200755676917,0.000852218910163754,-0.009605935623614474,0.0010168330408696447,0.002787084428344181,0.00039354424532729007,-0.0001713886749633985,-0.0031197452104656425,-0.0006484114495239452,-0.004533857640620789,-0.0005176539395358474,0.0011521492801494391,0.0005866941774322538,-0.006443251097507946,0.0018409822016093977,-0.0007522041842724985,-0.0017049144051497136,0.00219796711080604,-0.0044481786136473505,-0.1132018267462757,2.1773767,6.7151713,-1
5.246,11.0,7.290148448043185,1.0074224021592442,5221.0,3.5229419703103915,34.14,-117.38,1.614,34.14,-117.38,-0.06521634303456446,0.02086867780132017,0.0003453280138930073,0.00742394237005235,-0.046778000791145115,-0.017852826426407533,0.01948945439833924,0.012588273328088088,0.0001059740100278807,0.0035243200213648943,0.05843043113611248,3.6147610384275396e-05,-0.007398164045455967,-0.0014447559407709046,-0.002648786724099437,-0.00681394149163673,0.006838641224307729,0.020845140449787393,0.0018066612053112847,-0.0007194966124469156,0.0014297548144205294,-0.006018867743165574,0.010437304374265969,-0.0003145742173012053,0.0010648451058390689,-0.012459170313565828,0.04628100448177603,-0.14324797891969793,-0.5348337,8.518471,-1
4.1167,18.0,5.466666666666667,1.1333333333333333,391.0,6.516666666666667,33.73,-117.74,0.875,33.73,-117.74,0.005222907578439999,0.008634702517899401,-0.0016856946120143552,-0.002622392422578323,-0.02630302277498413,-0.009668452227628143,-0.0031996054127632952,-8.540443672499967e-06,0.0006045275957137365,-0.0009811319660091504,0.02602005057920431,0.002369902128145691,-0.006335789681252737,0.00015356189417651444,0.0003660045895179781,0.0016828578146856575,-0.0030096432915805273,-0.007995014420468403,-0.0015132062696471401,-0.00033368598955860293,-0.0008910693020909189,0.005994639419361503,-0.0015231162503837644,-0.0031461652477158242,-0.009076716307034082,-0.019357712279393688,0.0324657431977419,-0.11763037202714019,0.94242746,7.6105676,-1
2.4432,21.0,4.464337700145561,1.027656477438137,2140.0,3.1149927219796214,34.07,-117.25,0.788,34.07,-117.25,0.007775750526011737,0.0005631401656300628,0.001560182089197645,-0.001596109043349669,0.028500758092589302,0.0227185608438732,-0.014819197975821664,0.0004980567129605491,-0.00029266140267968473,0.0002549921101353221,0.010201267651057203,-0.002141978190397332,-0.002837057008849977,0.0005686566744284739,0.0009604122535445481,-0.0007491808012870694,-0.0009934095755826065,-0.006359144182472033,-0.0005895737065213045,0.0010268176503418279,0.0015118308048597357,-0.005616762921110948,-0.0030297712542001077,-0.00076902217594443,-0.0014504234878306833,0.00015997024357332996,0.010323458154970796,-0.15716201495076831,5.496422,5.975414,-1
3.5223,8.0,8.591549295774648,1.7195902688860436,2069.0,2.649167733674776,33.81,-116.43,1.151,33.81,-116.43,0.04544739168251331,-0.01002351118933064,-0.0005883163265803128,-0.0030555677463045615,-0.04029817446497143,0.013430624232323517,-0.054020016829064266,0.013621745758069743,0.0028491665614391194,-0.0011773871974795408,0.01693189757165377,-0.004062540960163356,0.013475149878024261,-0.01418573055087437,0.0014658771585337764,-0.012681297443298158,0.0043914858086038224,0.002051844500276374,0.0001894821247656507,-0.001061234608277916,-0.000755291440708304,-0.024022384628164063,-0.0024438951953537178,-0.0005396767503775765,0.00342655255605422,-0.0009852458217173238,-0.021499296578881617,-0.080084117366814,0.9361631,5.404404,-1
1.4418,24.0,4.17831541218638,1.0869175627240144,1851.0,1.6586021505376345,34.02,-117.04,1.035,34.02,-117.04,0.03312390809506399,-0.019699419765960992,-0.007700611333599916,-0.0024024914679521073,-0.09067193135290157,0.017670161180572908,-0.02113248029630316,-6.167445867087086e-05,0.00021406832401482534,-0.00012488003710761557,-0.03737930377344733,0.0011356112457394463,-0.010266030784003668,-0.0009093764915683649,-6.482344946052567e-05,-0.04020212268779472,-6.16281261216293e-05,-0.0034604005137617976,0.0003579119104263318,0.010679286769744206,0.0009951880282422778,-0.004383834266293004,0.001218440220194132,-0.0008544366090661156,-0.002032053461962056,0.0206522314990521,-0.07670889845351556,-0.11758188306068179,1.4324654,4.518075,-1
3.2917,52.0,5.564245810055866,0.9636871508379888,948.0,2.64804469273743,33.96,-117.39,1.293,33.96,-117.39,-0.023195332497701157,0.004011339947948773,0.0015635967511280777,-0.001360480418360482,-0.044521245978416085,0.00661170813853039,-0.03126274130586621,0.0016981077139498937,0.0028586033836801674,0.001083650825733923,-0.012950191938961493,0.0009449590182607824,0.00028942062389004827,-0.004200290266309332,0.0002545228321059964,-0.010803155163645587,0.0014682786213527266,-0.005113008218360312,-0.0005094593536182096,-0.00016106493168506787,0.0017363067957512648,-0.004761157867721954,0.002011193148583948,-0.0008456192719388059,-0.002088742544386298,-0.0035133771015243313,-0.018403722677482436,-0.15908659075690232,2.9271832,6.8837037,-1
1.3993,28.0,4.806709265175719,1.1150159744408945,1200.0,1.9169329073482428,34.03,-117.05,1.046,34.03,-117.05,-0.022619007036314264,-0.03451906658318073,-0.009703778248492608,-0.0024594416587770543,-0.1267135264390908,0.017739798449793825,-0.021398474894893462,0.00251894709575869,0.00041085408278000057,0.0007159196769829853,0.023566714205206715,0.0052450985931321425,0.00014439923108708217,-0.0006568920766509719,-0.00024876547209945406,-0.009062587910121444,-0.00031509700276014516,0.0005283255784653918,0.0002885553974496176,-0.0008011463984950068,0.0008417083231638756,0.0011702858188100266,0.002009914133238144,-0.0007824130257698433,-0.0014048690247435046,0.018463762685534294,-0.04100085387558922,-0.10900323510995776,1.7272507,5.738343,-1
5.5875,9.0,7.593667546174142,1.0646437994722957,2158.0,2.846965699208443,34.51,-117.23,1.678,34.51,-117.23,-0.08723437651487458,0.0220336019186023,-0.0016855004829931578,0.006223834197558765,-0.012371748046254783,-0.021513345216116277,0.03665276848863053,0.017723244004624328,-0.0005097811145032256,0.0023230209880949733,0.04275928674816465,-0.0029235717343800718,-0.004077307107009074,0.001508026325101801,-0.0017388156895085064,-0.0035392124539257,-0.004473178501239937,0.014712465535653758,0.0005404503193217859,0.0005488188406026373,-0.0009516462814651773,-0.00546816252830011,-0.0017448316284482228,-0.006886916716654677,0.00224188341909701,0.008132657476040684,-0.007123054872668218,-0.19440719429510597,-0.7929158,7.965396,-1
3.864,24.0,5.444714459295262,1.094775212636695,2398.0,2.913730255164034,33.96,-117.41,1.234,33.96,-117.41,-0.0037399875322891903,0.010297745750305936,-0.0021146767242532635,-0.0006441715340449368,-0.028193842066413916,-0.0006028906262920345,-0.014314578781905264,0.0009967559334028173,0.00033315562748919913,-0.00035693139546857683,0.015968873669898267,0.0008764368541340866,0.0007491876546667012,-0.0006570662358768074,0.00016089365039235454,-0.000983622673338244,-0.0008735946121705555,-0.007880056670290085,-0.0002615735393273783,-0.0010159317357745447,0.0025521052026981753,0.0002593523609162692,-0.00330902420278214,-0.0014782967151087255,-0.0007420789584502319,-0.0012240789602022944,0.005404127002113964,-0.14163524898899754,2.9918706,7.545448,-1
3.6033,9.0,4.946764091858038,1.0686325678496869,10323.0,2.693893528183716,34.1,-117.61,1.326,34.1,-117.61,0.04500389517513075,0.013874041795053284,-0.0013646951269877788,0.0009699035622550676,-0.045657020563655615,0.007257348487946173,-0.02857979480939463,-0.010506044773032661,-0.0015874555502777845,-0.02744699053636621,0.01708998571799646,-0.00016905359083258946,-0.004475767139296797,-0.0009906017360331973,0.005540953207118107,0.0030734495695375875,-0.0015364670748715056,-0.003875433660217214,0.0004938197892000511,0.0012523975266905333,0.001397016546615943,0.00022963310956562494,-0.004256707226845233,-0.0015089590530217528,-0.000518319864735387,-0.0005932862619789713,-0.005434250161657384,-0.11178118129955782,0.83473307,5.9555087,-1
2.5391,33.0,4.324324324324325,0.972972972972973,831.0,3.743243243243243,34.05,-117.66,1.086,34.05,-117.66,-0.018573396325258448,0.013254781544212625,0.0016735251264782117,-0.00025923501616955454,0.047075197325467964,0.026732807849643974,-0.005190275778017336,0.0012869137983238415,-0.0005362675559775008,0.0006065468168731776,-0.015079962061214397,-0.0027100044264341348,0.004366900536574185,0.0005660053477720792,-0.0007655269628420645,0.005388120396909132,-0.0016589899253288659,-0.0031703814705977495,-0.0012766180860200125,-0.0015892341761153366,0.0015798159219048082,-0.0074757414918729176,-0.00683929816446192,-0.0008004246319137633,-0.002232920873497575,-0.01830489115212573,0.039859627415827915,-0.09996009735237134,7.7431087,6.264568,-1
2.7198,26.0,5.866817155756208,1.1241534988713318,1332.0,3.006772009029345,34.89,-117.01,0.704,34.89,-117.01,-0.0035273127298601718,-0.025673362194874434,-0.0025640312858031923,-0.0014396382163998167,0.028774832455910875,-0.024784082823634725,-0.015727270996688487,0.0006653674297424238,1.1049662401409184e-05,0.00022410099698172677,-0.008632754318936115,0.0017856398285595527,-0.005914105337192288,-0.0010714242632470993,-0.0011845227099080429,-0.0007769281057244308,0.0017748499365184255,0.0010959938599512309,0.00027410764591045007,-0.001251129668662243,0.002093725698006607,0.005084111720158529,0.0005610021478914223,0.0005404188549807236,-0.0025747169572990143,-0.01731452764740132,0.017931911952613053,-0.12751182216058546,6.1925926,5.6163964,-1
5.086,17.0,7.359663865546218,1.0571428571428572,1720.0,2.8907563025210083,34.51,-117.21,1.484,34.51,-117.21,-0.02960221313138304,0.01912699154624732,-0.0020896960209580893,-0.0007869448307970138,-0.012720820517784639,-0.020960612098278913,0.007457367068621681,0.0027025239075914517,-0.0005480459885999222,-0.0006378997134762086,0.03240435555473569,-0.002483033642263884,-0.003887784573239869,0.0015275543752152887,-0.0022639329847023416,0.00177971495305822,0.00043961391639106865,0.014184717904711184,0.0008460158977202118,0.00024563964849754773,-0.0012562095712955366,-0.004845095323311566,-0.00021833865897800391,-9.447050582521049e-05,-0.0029426964816191285,0.005101826734708066,0.0032093929231904127,-0.20004903630877702,3.9703858,6.9571495,-1
2.9386,18.0,4.895196506550218,1.1379912663755458,4028.0,3.517903930131004,34.06,-117.53,1.164,34.06,-117.53,0.0042222659227378586,0.016678249346133944,-0.0023490648146425198,0.00018145788656428227,0.04381308811160503,0.017317477496484865,-0.020579530676289984,-0.00022818901937928085,0.0005996650347815402,0.00023573614696101536,0.017279642984387635,0.00046665525419972936,-0.008198801092456565,-0.0007068665617421334,0.0006538994818435708,0.006180169073941311,-0.0005328901190306384,-0.004818187943886587,-0.001489903956686012,0.00021326736658127318,0.0014304155942356231,0.0046543320337134875,0.010281166287523003,-0.0009108003603788266,0.001529577636884161,-0.011037018821894718,0.05176861906350106,-0.14958606006496367,6.8090124,5.650289,-1
