feat_MedInc,feat_HouseAge,feat_AveRooms,feat_AveBedrms,feat_Population,feat_AveOccup,feat_Latitude,feat_Longitude,price,Latitude,Longitude,shap2_0,shap2_1,shap2_2,shap2_3,shap2_4,shap2_5,shap2_6,shap2_7,shap2_8,shap2_9,shap2_10,shap2_11,shap2_12,shap2_13,shap2_14,shap2_15,shap2_16,shap2_17,shap2_18,shap2_19,shap2_20,shap2_21,shap2_22,shap2_23,shap2_24,shap2_25,shap2_26,shap2_27,umap_1,umap_2,cluster
3.0592,45.0,4.5501285347043705,1.0874035989717223,1410.0,3.6246786632390746,34.07,-118.12,2.125,34.07,-118.12,-0.0381175205773439,0.018780873662048544,-0.0022007059072197063,-0.002187887503688808,0.04514877903767532,0.024859253419741337,-0.007949947424523117,-0.0013605230424235558,1.7242425197007996e-05,0.0006238141049160806,-0.01780653982294315,0.0005677668549384702,0.0003140674845954796,-0.0006661709815696918,0.0001509585046165929,0.0050736725381157755,-0.0019982234262522075,-0.0011557109641398323,0.0004544110783291056,0.0002716288999492065,0.0012587376701931213,0.004275545620894647,-0.00311045068053288,-0.0006009540334903172,-0.0011513821681027236,-0.032069808150024255,-0.004208065561081505,0.06820840834634925,9.43376,0.63975745,1
2.0769,34.0,5.527777777777778,1.25,673.0,4.673611111111111,33.94,-118.24,0.883,33.94,-118.24,-0.018578670021667746,-0.009809152861607766,-0.0005302833845971064,-0.0017137884743583449,0.05857036170130255,0.028822647365861286,-0.0030942565869000096,-0.0010014468039008788,0.0032751856021950862,0.0007068575439669099,-0.014402843717817807,-0.0011744125109765997,0.0002637075528630571,-0.0005656490350431412,-0.0018386803014647302,0.007312553619235481,-0.0005112816367387543,-0.0023301500818937162,-5.49499612629078e-05,0.00017831092596879892,0.00046907654179124215,0.007417522404533978,-0.00543944529491871,-0.0005713845283549143,0.0012380193928496757,-0.031632193347906,-0.006653395573502694,0.05364224257617984,9.30318,2.7387557,-1
3.1534,19.0,5.35251798561151,1.0743405275779376,1149.0,2.7553956834532376,33.86,-117.87,3.244,33.86,-117.87,-0.0021404780134690305,-0.0023037493467940626,-0.002303917551557442,-0.0004628997965407136,-0.02446646938520023,0.027144034655494278,-0.00045058784641948123,0.0008587930591147678,0.0003476179953755298,2.4414037116986053e-06,0.01435153872574271,-0.0026439740848927785,-0.0009304294796895804,-0.0006813108039937274,6.086190491741289e-05,-0.0008071735380000497,-0.0016496107414200698,-0.0017169661081035878,3.082185596743781e-05,0.000856628629369445,0.001063945465851335,0.003613603175409992,0.001617680117226053,-0.00014877815139540328,-0.00021472130785982224,0.00927029553650825,0.010416338245538751,0.06192363196295499,1.9632932,5.057058,0
3.7813,35.0,5.002331002331002,1.0023310023310024,1230.0,2.867132867132867,33.86,-117.96,1.849,33.86,-117.96,-0.015059116015606076,0.017486970501575716,0.0009251648809134423,-0.0014366498839904222,-0.04186343288328523,0.0006388002114646865,-0.0024921103591343157,-0.00045213591680028564,-0.00045914624276151126,0.001037967631215121,-0.012095177057838856,0.001887561106415679,0.0009966208352686597,0.00057122866770535,0.0005088956554396745,0.002271725248379438,-0.0015926866198914653,-5.536213912752642e-05,-0.000513657801333449,0.0004917185959166222,-0.0011437545375883413,-0.006507355413029022,0.0009667640581522302,-8.252901555844555e-05,-0.00016216205792559903,0.006152555941502107,0.008527731093891856,0.047831604112699815,0.27662003,5.643672,0
3.3086,7.0,5.181032290872108,1.1022120518688023,11973.0,3.044241037376049,34.57,-118.1,1.381,34.57,-118.1,0.03869190816489835,0.004550097677476835,-0.0013130565570194544,-0.00031607592735499664,-0.02708438934409292,0.004572228605643421,-0.03001990521598002,-0.010565956576579123,-0.0017302610644517138,-0.02878563281156858,0.02742736451948722,0.0007426321317448034,-0.0001613522496738308,-0.000967479282591437,0.0053187968577098005,-0.0015192019505862503,-0.002923971617114644,0.0031870846516700744,0.0005174024857675476,-0.0008710451039151893,-0.00012905652512688976,0.00412814441007926,-0.0009948006908981593,-0.006365298934324327,0.005048291251257075,-0.00685481494746592,0.003064595514633542,-0.024532596638422145,-0.21951975,3.9937534,0
2.3454,33.0,2.8876404494382024,1.0589887640449438,753.0,2.115168539325843,34.43,-119.72,2.438,34.43,-119.72,-0.03687129267614186,0.053937120710275684,-0.002503298745460615,0.0008110506549046767,-0.0340001141264905,0.029371275722926138,0.02152958912077495,0.0026215288259126565,0.00020455331405949822,0.000720768670080009,0.025754741276098954,0.0034687807909512484,-0.0004135080848110459,0.0003275696812187436,-0.0024374515849147974,0.012298554818750595,-0.008762787371283482,0.004165245670137439,-0.00036043110240345586,-0.0030464290021951675,0.0016632278639200282,0.004667920518846339,0.0027252590026268023,0.0015082158716864908,-0.0006193998271076358,0.02087136711961095,0.027029277458546573,0.05907379834966547,2.7644727,6.254054,0
2.9531,28.0,4.341753343239227,1.098068350668648,3013.0,4.476968796433878,33.91,-118.16,1.271,33.91,-118.16,-0.005486433057952661,0.027097434815564748,-0.002432703584286087,-0.0016679095610221146,0.04229382332168283,0.025030929370105218,-0.0077347809198958645,0.001653782093274676,8.96626157397372e-05,7.349295770747046e-05,-0.004460344665837804,0.007098693650466328,0.0016206081718113032,-0.00046590589314635784,0.0004112245336170163,0.004133760359159261,-0.0017287791102955905,0.0002666430181574444,-0.0013755877367739953,-0.0014470119343863838,0.0012715976772535679,0.004108219411774028,0.008937685807421375,3.316096486962605e-06,0.0033938618584949307,-0.02834557479259193,-0.00224393432921638,0.05381400806175177,8.098323,0.94484335,1
1.2455,41.0,4.065217391304348,1.0869565217391304,1805.0,3.567193675889328,33.95,-118.3,1.008,33.95,-118.3,-0.0386996450182616,-0.021114316152287857,-0.0030081728885060547,-0.001683695664983964,0.05559606507669883,0.02749207249968631,-0.003702974698974665,-0.001103830773463959,0.0001523716432461594,0.00035195246226567273,-0.014562013269577507,0.0004778452200890012,0.0001983884044217427,-0.0005611581673262145,0.0001763055812333234,0.0034481743245413673,-0.0019622023021951527,-0.0023471820430343467,0.0004544110783291056,-0.0002462480353639965,0.0034913264926075753,0.002843674463394851,-0.0028028371350110196,-0.0005735030795575514,-0.001196583788979532,-0.03246530776592637,-0.005791824099294077,0.05283546206925495,9.28405,4.210426,2
2.5964,29.0,3.8279220779220777,1.0162337662337662,1255.0,4.074675324675325,34.07,-118.1,1.768,34.07,-118.1,-0.008664058147538494,0.04255557143050855,0.0013897856225734832,-0.0018897897026162248,0.04068936273076983,0.029507190810934947,-0.0061741297080324916,0.0021794603991449777,-0.0005360392102786214,0.0005675220577868889,-0.0030690178701005964,0.00694028795082331,0.0017329234062639137,-0.0003372074142547752,0.0004662776117458703,-0.008299446447465773,-0.0006032609097397433,-0.0023986422945528186,0.00014655783869529316,0.00485078397450542,0.0007105495522987654,-0.005050129944484695,-0.004634480414517573,-0.000573460073861734,-0.0007752852506881718,-0.026574926054007488,-0.003545163451177893,0.06099671024249898,7.822972,-0.058721557,1
3.9156,23.0,5.473107569721115,1.1364541832669324,2873.0,2.8615537848605577,33.85,-118.03,2.241,33.85,-118.03,-0.0007658311744670021,0.011879260950783524,-0.0018937715764436806,-0.0007092065880874247,-0.029694088043996338,-0.004400327739060076,0.0013734552847323408,0.001139223929233436,0.000747308502271738,-0.00036152620970527103,0.012487096464358211,-0.0006766677842946374,0.0018381942313121372,-0.0006987165438304148,0.00031016982247926417,-0.0013447519218472712,-0.001743847393842541,-0.0005435766869290915,-0.000325180860106326,-0.00040038234352904843,0.0014904106599659727,0.00813639078714876,-0.0032483974783703773,-0.0007056094155184749,0.0014643404444596455,0.005057112001233023,0.007202143096022794,0.051764167628978286,0.8288336,5.1401124,0
1.84,45.0,3.9836065573770494,1.0585480093676816,1484.0,3.4754098360655736,33.99,-118.3,0.914,33.99,-118.3,-0.039391079537143964,-0.019630073769438514,-0.001415879495135696,-0.003704749960081697,0.05600066158667192,0.02926823780629248,-0.003757190699672735,-0.0009536008629861637,1.7242425197008105e-05,0.0005865664449645968,-0.013676878271244974,0.0007624441814924599,0.00024539147819516887,1.4119385515151911e-05,0.00013340753185214427,0.0014874660508877539,-0.0014651975829094324,-0.0018404479822914587,0.0004325532117914197,0.0006821180921678568,0.002183367755619616,0.0016355972745257985,-0.002370838192804331,-0.0005738221792882845,-0.0011973628379480807,-0.02985526659592377,-0.005115031800838686,0.05276727249962378,9.150223,4.285396,2
2.1211,26.0,4.508474576271187,1.271186440677966,252.0,4.271186440677966,33.89,-118.22,1.381,33.89,-118.22,-0.0020792633729436426,-0.07210457925003065,0.0010302633032442483,0.022920541718046434,0.04423507978891669,0.028507062115496848,-0.003033509484774023,0.0014413424365081172,0.003137438225288177,-0.0008335169804483024,0.0016771942249632454,0.008324509745057366,0.0019463186797927575,0.014247826946273323,0.001954700405691261,0.005231137389133021,-0.006628115492004048,-0.0014709402189047995,-0.0012842806740681876,2.3382300302831824e-06,-0.015253434832884931,0.0047532708807728145,-0.006528192121442881,0.0016909729394147055,0.0021244477058863847,-0.02743115217760868,-0.005406699264159233,0.04990068370370276,9.21929,3.0651278,2
2.6123,37.0,4.17936507936508,1.0,1904.0,3.022222222222222,33.93,-117.95,1.613,33.93,-117.95,-0.021967899450969268,0.023825647741202004,0.0016007237826422905,-0.0022439499631146977,0.03195227768141004,0.030659458900908137,0.008733033812814392,-0.0013375365065503735,-0.00045353060855196934,0.0003065407693149202,-0.01005014839596066,0.001676649228109116,0.0005216390522824772,0.0004752934156958831,0.0007338643548302267,0.0022382479894417534,-0.0018610970564899476,-0.006816567959046248,-0.0004999190701365143,0.0017718918176546454,-0.00035041554609552733,-0.005911517710459572,0.0007660789167261684,-0.000632016174015767,6.031961514752708e-05,0.0003767154679357621,0.00781663234701871,0.05311738410250282,6.198953,4.2197495,2
2.5658,45.0,4.806315789473684,1.071578947368421,1093.0,2.3010526315789472,34.05,-118.36,2.52,34.05,-118.36,-0.04442366310850286,-0.00440994169564617,-0.0018069746621237242,-0.0017118523314319015,-0.04608969194986092,0.03105854661277557,0.016284514850863695,-0.00044727832571429945,-0.0003493920579856745,0.0007506378833361064,0.008045365854740277,0.004803567776743512,-0.00040754934457929484,-0.0008135925669116807,0.00010367365564833853,-0.00232827512311409,-0.0013531236854313468,-0.002422162237576475,3.0205405279056015e-05,-0.0007213631407067191,0.0033335121932231374,0.004116781420126374,0.0020031399492452338,0.0004726829297198471,0.0008036469595680132,0.033428780039708804,0.005033144279273638,0.13068167440269846,3.3430095,6.892218,0
3.3629,8.0,4.115044247787611,1.0584070796460177,1511.0,2.674336283185841,33.75,-117.92,1.375,33.75,-117.92,0.048395228288948725,0.03881728869061106,-0.0008367254980336297,0.0003288047316107631,-0.039822790079437204,0.023964989061653955,-0.004871688349673352,-0.00450329861385851,-0.0007600014053397331,-0.00455222327604619,0.014039253177512374,-0.00322707451544782,-0.0008037879742574545,-0.0009338366674370136,-0.00020747024839674454,0.00373659252764008,-0.0015116842887733252,-0.00651595700234448,4.972869029616914e-05,0.0008695152398582498,-0.0015410787658436242,0.0033253538456482446,0.0003757234927767452,-0.0001879876126144373,-0.0003620901734994359,0.00898560527281425,0.011061058475531118,0.06399724617882284,3.3700972,4.9860864,0
1.7701,26.0,2.666082383873795,1.098159509202454,4812.0,4.217353198948291,33.78,-118.18,1.462,33.78,-118.18,-0.0020128714827172935,0.10812566068806975,-0.0030417855889769605,0.0001475921552176418,0.04672489519822133,0.02826262650766728,-0.014654736806910337,0.0022368301905475708,8.966261573973726e-05,-0.00033127178480981404,0.0012788573358124662,0.00872377529212533,0.001971963377125263,7.678263482072155e-06,0.0016259810594485516,-0.019031313167636774,-0.001035590179894489,-0.014764784044098792,-0.0013636137623454262,-0.0008083349303414757,-0.0015991191721384,0.00395627334518899,0.009647179819361251,-0.0020014100206051204,0.006116094556962773,-0.027503175997126764,-0.001736178980108661,0.0552098272064549,6.337648,-0.46265325,1
3.3621,36.0,5.310064935064935,0.978896103896104,2593.0,4.209415584415584,33.96,-118.09,1.697,33.96,-118.09,-0.013807198381614509,0.00294474623463571,0.001145470354861155,-0.0017655613269450792,-0.0082103981793621,0.02126836471490082,-0.0190827357364588,-0.0017636018925803456,-0.0005320830796272289,0.00028893842637964413,-0.021758021631470472,-0.0006646293127638663,0.0004592596961742291,0.000721864420966073,0.0007829183776575403,0.0023606682254315053,-0.0021819113139044544,-0.0010642466420514329,0.0020906577223843725,0.001454384301157187,0.00047495427669241744,-0.005900359835147238,0.011415673480213377,2.8672281113874813e-05,0.003825266650258986,-0.03397472735591497,-0.004392653032474221,0.05580270153866595,1.3422283,2.9850237,0
3.5104,30.0,3.3766937669376693,1.010840108401084,1990.0,5.392953929539296,34.26,-118.43,1.409,34.26,-118.43,-0.002264973574468983,0.018042868436106214,0.0008197470445682237,-0.0024742162777748092,-0.010654359865904234,0.024462722511048814,0.0058930395549351405,0.001692671374074627,-0.0005360392102786216,-1.4581297927965232e-05,-0.01682245144470219,-0.0007258516586384668,-3.0619137188689444e-05,-0.00038727776735530397,0.0020377254204299398,-0.005908086593515753,-0.004844019170111278,0.011674902164288471,-0.001252480483414045,0.0004914758623030069,-0.004975767146318374,-0.005720346755685804,-0.006003292396851627,-0.0058709736836587804,0.004887237739220139,-0.03823119005897206,-0.02492918992153814,0.002447200862741621,-0.105750844,3.1118681,0
1.5143,34.0,3.805981035740336,1.149525893508388,3538.0,2.580598103574033,34.02,-118.35,1.188,34.02,-118.35,-0.023740676959898233,0.025379397605638638,-0.005044904592900167,-0.002027230517114576,-0.03834479016137652,0.03284737049863639,0.01669194591674195,-6.813525260211248e-05,0.0005692365444503595,9.946296742305527e-05,-0.0009291828937291619,0.0018665778089528263,0.001102523048623919,-8.64577447812933e-05,0.00034882219799805376,0.0034137042549095458,-0.000859460648544297,0.0003925686187530637,-0.0005310396383635971,-0.00012877055393492758,0.0031275243344092213,0.007295871425679328,-0.001654726482395255,-0.0007218460145580545,0.0014485850216399145,0.01402408487210374,0.00465013027069917,0.1064385760072764,3.1369717,6.6349626,0
2.0096,22.0,4.027027027027027,1.045045045045045,754.0,3.3963963963963963,33.9,-118.26,1.107,33.9,-118.26,0.009054031293293033,-0.012418862799208914,-0.001428571010652694,-0.0010924561815237608,0.04365253745072817,0.028467209557284254,-0.001640796111372061,0.0019731832811841557,0.0002372334642597982,-0.0003261265625414721,0.011060284268409963,0.00187590431940785,0.002591041580417407,-0.00012354418152772578,-0.003336621969042679,0.002102433001646119,-0.0020700425901083756,-0.001633304498362642,-0.00010277464782616251,0.0001283415526621249,0.00038823553626928696,0.003302833962522131,-0.0035384081320295,3.0012858832638954e-05,6.493531124635013e-05,-0.018387267200874875,-0.002562389358563556,0.05395540124800374,7.9302163,1.9169265,-1
2.7031,37.0,4.628070175438596,1.024561403508772,766.0,2.687719298245614,33.75,-118.29,2.189,33.75,-118.29,-0.026148919276533407,0.008196870324737515,0.001363467307724539,-0.0012655931766228966,0.011806237207479049,0.0240389264954536,-0.005161063348215722,-0.0017927506206542598,-0.00045353060855196924,0.0006458289728078582,-0.002804801298132303,0.003438172927303403,0.0009387105127990448,0.0005666911324873859,-0.002530415380564646,0.005325697099266507,-0.00261739395809268,-0.0020870181802864207,-0.0003747374092580194,0.00027316686803471017,0.01489433894028139,0.011325604561150142,0.0015755676831531909,0.000267476781952744,0.00012753799026616575,0.013377811709929665,0.01145134229302786,0.07661296480767718,6.533512,4.5245004,2
3.5878,43.0,4.634228187919463,0.9328859060402684,1494.0,5.0134228187919465,33.91,-118.2,1.184,33.91,-118.2,-0.032904845118776054,0.01195215944097709,0.001479336636440944,-0.001965522115294648,-0.014941763101528319,0.017260144798824758,-0.01884427972014013,-0.0017437253193299423,-0.00043629453270986406,0.0006420936845860575,-0.021481404860991607,0.0006564891904395814,4.890561476827229e-05,-0.00041297101455438606,0.0005446858003357584,0.001897877094443722,-0.0023074080770214304,-0.001468176465030466,0.002715838101696575,-0.0005143815043360328,-0.0035533327238684524,-0.01656883209975668,-0.0052831830104384326,-0.00017768541307593762,-0.0005497698334705937,-0.0345541036622827,-0.008014132367017033,0.04200443489352527,1.4505423,2.8840842,0
2.525,17.0,3.787430683918669,1.0129390018484288,2243.0,4.146025878003697,34.24,-118.42,1.637,34.24,-118.42,0.02619417300305504,0.04485810770575385,0.0004999088200117141,-0.0023303632614390677,0.015283356865099683,0.03602898136577703,0.021353547283346125,-0.0008107389791593046,0.00019520683659250975,0.0003218258348821985,0.030087962548297233,0.0022433283899915175,0.001597938453955141,-0.0001304368881133197,0.0007510696174619668,-0.01865121222873241,-0.0064262640786979216,0.009869243008484834,0.002112381526812455,0.002229435086885496,-0.005003366617331274,-0.005475740609279434,0.011680119965317672,-0.003662917063823943,0.0068180317001545225,-0.025562846411598734,-0.02326308306903396,0.013135759656684589,7.292571,0.6419835,1
3.6791,37.0,4.389204545454546,0.96875,1909.0,5.423295454545454,34.25,-118.42,1.481,34.25,-118.42,-0.011909603256808683,0.019560175039764132,0.0008924148257640609,-0.0017253125052057667,-0.017237472147840792,0.021027292086769962,0.00274931738979214,-0.0016772336214748648,-0.0005416548444881633,0.00011966682165819525,-0.022323034679469087,0.0005409693595394748,0.00037943833961274397,0.000557013097601497,0.0007880361898554823,0.00026684222430444757,-0.008391010067568157,0.0037715955012991203,-0.0012501842098188412,0.00046927049823779156,-0.005275907193671498,-0.006190936276545816,-0.005643321074494909,-0.001009905992498897,-6.339243044589993e-05,-0.03771712743518793,-0.02546777908677297,-0.0009226619326089738,-0.10201614,3.1315067,0
4.0179,42.0,5.13681592039801,1.0049751243781095,1313.0,3.266169154228856,34.1,-118.05,2.743,34.1,-118.05,0.004314638093805511,0.012471555936097984,0.0006273387068187932,-0.001294166366415427,-0.040380148226614516,-0.004230002743722903,-0.0013051636494644952,-0.001482281433809914,-0.0005408549073264847,0.0008202224633895628,-0.02059914255434977,0.002723190712212213,0.0004398822939274422,0.0005735264020311587,0.00046063598432567683,-0.003150075458055724,-0.0019264541585912855,-0.0011123750369073286,-0.0004999513250460565,0.002795099851403546,-0.00032454243145970394,-0.006064109467669266,0.0004906543854557312,-0.00015628659799897857,0.00017514612512260606,-0.009935866947266432,0.0018471805441036212,0.06487106466612595,-0.028435485,5.9698067,0
3.9583,19.0,4.842293906810036,1.0344086021505376,4205.0,3.014336917562724,34.31,-118.42,1.632,34.31,-118.42,0.004464567354286982,0.011382722266696692,0.0003002272790904013,0.0013701925541515375,-0.022128954505576788,-0.012760514438314951,-0.022256588827464875,0.0008853287067231184,-0.00025127879781929464,-0.00018770082093956674,0.01939761657793879,0.0002051644195304396,0.0006429244635791132,0.0011550450862304936,0.0007572889395905008,0.002419185284552564,-0.007719383150721851,0.0042534840712364465,-0.0007891724962683535,0.001361546670460897,0.0005986503664883396,0.0022121545827614225,-0.0028771906172441824,-0.002320949950747313,0.0031424732963094555,-0.006565844664313728,-0.0075938588979384235,0.00492632247439575,-0.14816046,4.070149,0
3.5094,11.0,3.6559485530546634,0.9919614147909968,1897.0,3.04983922829582,33.84,-118.29,1.629,33.84,-118.29,0.035413288369335646,0.013079359781745306,3.7756154167587627e-06,-0.0036330389323966875,-0.02678568082225966,0.022835201032680504,-0.021976719731577308,-0.0035638564327288022,0.0003377554463538605,-0.0011697260012429463,0.028120745701140187,-0.0008905596281899391,0.0006982757536096299,8.685220805943383e-06,0.0010202077512576288,0.002705602719681374,0.0006623548336514131,-0.0034314317350361487,-0.00047958248425609973,0.003199944359927681,-0.0032238013662886107,-0.002978630145873842,0.0007465579291847888,-0.0006713777589896241,3.0103912442540713e-05,-0.0018110675921996445,0.0021002145056859614,0.046968608469787856,3.059562,4.607721,0
2.1375,23.0,3.276371308016877,1.0928270042194093,1988.0,4.194092827004219,33.76,-117.98,1.5,33.76,-117.98,0.005895785539285009,0.07480646433700708,-0.0030796145127586364,-0.003778169252383406,0.03353659467618228,0.028686299699596074,0.0009678191535416168,0.0020850252552569422,0.00024759526278978665,-0.0003818128758638738,0.01578058081434901,0.00340740763683403,0.003025276569721068,7.678263482072155e-06,0.0016639392333950888,-0.0165008008849912,0.0008471851438733485,0.00028901768564163594,0.0005022001223651301,0.00019168129183055294,-0.0015748888336510694,0.004321730171526591,-0.0033934306916563036,-0.0019227695353677585,0.0008349491138604066,-0.027156423829996806,-0.0026470103242045933,0.051814098615230286,6.718088,0.07957162,1
3.825,48.0,6.168421052631579,1.0789473684210529,497.0,2.6157894736842104,33.99,-118.34,1.83,33.99,-118.34,-0.0035846039870612977,0.012392425922929617,-0.0022602366686288672,-0.0005243855360602818,-0.05729611660267862,-0.0016984702117971181,-0.015899746793772637,-0.0018583229658987253,0.00037442688513342535,0.0006936221979432478,-0.01776511326191126,0.0032682595492813295,-0.00018328937137574418,-0.0001642230178115809,0.000584155475349618,-0.0028060914273951407,0.0010540180894967734,-0.0017310103204571507,-0.0033292409809945584,-0.0004200204206150361,0.00450515320945281,0.002960884947102917,0.0016566227886552851,0.0003434076445732396,0.0022835214703473277,0.008314508920029455,0.008810130943967735,0.08696669731186538,0.49869835,6.462586,0
3.3977,45.0,4.672535211267606,0.954225352112676,1069.0,3.7640845070422535,34.09,-118.17,1.538,34.09,-118.17,-0.033436670286138434,0.01360332115939845,0.0009217057386043655,-0.0002708740778081766,-0.010733019473245417,0.02073799937371008,-0.018256882428580607,-0.0016203840166225066,-0.00027369732765663717,0.0007328863766681448,-0.023606845392185872,0.0003386044529137269,0.00031406748459547997,-0.000449425161636653,0.00043093892926531125,0.00025289553927598807,-0.0020615202606386407,-0.001202557507054818,-0.0012097074523889125,-0.0031514485554565218,-0.00041869737145358305,-0.004976917474323917,-0.006936354690455914,-0.0001972217949816072,-0.0005924188427319277,-0.034331237487936324,-0.004109231157063724,0.07088394633577229,1.2142421,3.0432725,0
2.1354,44.0,4.613157894736842,1.018421052631579,1165.0,3.0657894736842106,34.0,-118.29,1.058,34.0,-118.29,-0.042444165531870075,-0.03570148307002451,0.0019549613601022977,-0.0034587830560314395,0.035052519949598654,0.029625301547920046,-0.00600586754800509,-0.00168834397122349,-0.00045273067139029046,0.0006816272440564118,-0.008580635653140161,0.001676649228109116,0.0005017509594007365,0.0005712286677053501,0.0004604503248097979,0.003852487708226884,-0.002017616256557238,-0.0018718142309307976,-0.0002654981025244561,0.0005847472048055014,-0.0037370264009305956,-0.0032283962243580266,0.0013238948558714383,-0.00011974024702061009,-2.975343611211454e-05,0.0011425421692294385,0.002374613496381936,0.04581065110505809,8.155259,4.4179115,2
3.0208,38.0,5.605664488017429,1.0544662309368191,1568.0,3.416122004357298,34.0,-118.11,1.937,34.0,-118.11,-0.02944523750115048,-0.0155037414327397,-0.001833294053694358,-0.0021810048676391414,0.04677360506353049,0.024525194983911206,-0.00749819844476298,-0.0020187404382299187,7.066730152656704e-05,0.0008424229403862166,-0.01627823361458516,0.001137060521182045,0.0004086007185454133,-0.0003575743376837951,3.948629663297839e-05,-0.007595778458030814,0.00046807848036424776,-0.0016693446533980996,0.000423652903724523,0.0017434999705492496,0.0003335025587201075,0.0032894478765552754,-0.0023570143588586005,-0.000735808914353793,-0.0004878134448046298,-0.026188191000622574,-0.004406613176612096,0.057953435686224006,8.994243,3.8225348,2
2.125,38.0,3.759864712514093,1.0383314543404736,3612.0,4.072153325817362,34.0,-118.28,1.188,34.0,-118.28,-0.02951508745629188,-0.0032999650483108178,0.0015346807109265477,-0.0035323675251668573,0.04206292606593574,0.028359716051294424,-0.005561596388977802,-0.0010419913891277354,-0.0005220761474950359,2.4337987349792814e-05,-0.014840221392158882,0.00048112982463865967,0.00017204639086880225,0.0015965735719906168,0.0007721314503954641,-0.019474674969350722,-0.0009636636861130602,-0.004917496322548708,-0.002070572262528257,-0.0014867816140122297,-0.0001958137991706768,0.003217058461738658,0.010052849698542718,6.145262735972155e-06,0.003368181515746955,-0.031572087338872644,-0.00495140279971976,0.05808689477258519,8.962274,3.821999,2
3.055,41.0,4.119891008174387,1.0899182561307903,1690.0,4.604904632152588,33.96,-118.2,1.67,33.96,-118.2,-0.03734537766940797,0.03936299484303935,-0.0024319123581558084,-0.002406642264101063,0.04492062457598061,0.024640481309614475,-0.009456579257983887,-0.001096151405881748,8.08919805017059e-05,0.0003756838648098064,-0.017662358869401384,0.0005677668549384701,0.0003140674845954796,-0.0005020372704270116,0.00019510223292469822,0.0024405665096740603,-0.0020451201039728044,-0.0042843331788829314,0.0004544110783291056,5.522891299711124e-05,0.0012715976772535696,0.004270387058805454,-0.0031297388740219147,-0.0005741983979696963,-0.0011781378036233444,-0.0323998936897972,-0.005239761238540761,0.05402191923976378,9.367418,0.049702656,1
1.7679,36.0,3.9617021276595743,1.0468085106382978,732.0,3.1148936170212767,34.01,-118.16,1.428,34.01,-118.16,-0.023452965758934068,-0.01698146013738583,-0.0016751760138748518,-0.001942769295205854,0.03371602282242618,0.030505448387895262,-0.0031004808721216996,-0.0010310823222181356,0.0001626006450666795,0.0006390681720452515,-0.008828344180044549,0.0004428300781589666,0.0006565874092061574,0.00036856198085388314,-0.0032271588312568706,-0.003972686354903671,-0.0019476910909568537,-0.001197180639432495,-0.00036841519368255933,-0.0013072929225138182,0.00010925633083513797,0.0028283628594039175,0.00142294414439552,0.00035432410034004947,0.0001868258060002016,-7.119282283842064e-05,0.003106643831726659,0.060118772441352886,7.9424157,4.314527,2
3.0989,21.0,4.013341419041844,1.0751970891449365,4396.0,2.6658580958156457,33.87,-118.14,1.714,33.87,-118.14,-0.003119776363621999,0.036586134316508194,-0.002385845099911025,0.0005059547318025245,-0.0346836057230638,0.017109646189204717,-0.013032321256823716,0.0018801735478073149,0.000318950839856172,5.4448968305402214e-05,0.013939041454610406,-0.0008638375521239222,0.001955153220495284,-0.000516665168788291,0.0003447635981567707,0.003010009624328365,-0.0018567772411273212,-0.005674025506801772,-0.0003111752427268254,0.0013827286092517157,0.0009905885100388952,0.0034488063187019273,-0.0022213300041154377,-0.0024524219725004367,0.004213492390577547,0.009315423194166757,0.010065976940789687,0.057973658815286294,2.2405,5.522133,0
2.2443,39.0,3.0448717948717947,0.9615384615384616,1366.0,4.378205128205129,34.35,-119.05,1.466,34.35,-119.05,-0.03835141632216008,0.07136255357525653,0.0017093797889067932,-0.003613295209680983,0.03715861080506578,0.03525099135251219,0.021088126500571867,-0.001312002236315457,-0.0008238113413615265,0.0007823072265588964,-0.014441854283108064,0.0007037190229037777,0.00015787728763141012,-0.001412880495109182,0.0018220083249474283,-0.01729541588593886,-0.005279517018734393,0.011708797040628887,-0.001209013843115078,-0.0005107035164695401,-0.004952046156444432,-0.005734557432963884,-0.003558214049329907,-1.3476635794978424e-05,-0.0019175014243801103,-0.032708135939255964,-0.025891239142203603,-0.010697179670612247,7.9598255,0.40980908,1
1.9271,28.0,2.753623188405797,1.0347826086956522,1485.0,4.304347826086956,34.05,-118.21,1.364,34.05,-118.21,-0.006713228963312277,0.08337673515745644,0.0015335990020785705,-0.003377339063680903,0.04602590864138948,0.02986675704862796,-0.0019522047991632995,0.0015988404573709558,-0.0005220848585264363,0.0005494958185825245,-0.00142401552908217,0.007162877149088428,0.0016989431822678608,0.0015642423381968065,0.0017865450762009926,-0.0174996072439471,0.0009435067970048103,0.002623940957147701,-3.565874845727035e-05,0.002004261554977758,-0.0010394679864433938,0.0028026683182166643,-0.002662624053488563,-0.000817391117821928,-0.0012146644344514003,-0.02865512785438587,-0.003911535381509668,0.05649092643999779,6.568231,-0.34271657,1
4.0301,14.0,4.536612021857923,1.028415300546448,3163.0,3.456830601092896,34.31,-118.44,1.543,34.31,-118.44,-0.0015001592432269542,0.009330611687167447,-0.00025285112673151624,-0.0009181535780984171,-0.039984495862096674,-0.013451763222565926,-0.02522753280550344,-0.0017932807472435853,0.00019927817139442757,0.0010863784392461237,0.043112866708827,0.0007040408728743515,0.0010830024296007528,0.0007896741478987813,0.0007960314571820786,0.003760176741272755,-0.007807775618238419,0.004423228723285113,-0.0016725991040907355,0.004327388970486273,-0.006020017782581291,-0.005849957819047267,0.00792092138926582,-0.0018475269481275835,0.005100476194172494,-0.028704549377929926,-0.02366975649398981,-0.017284461455397936,-0.24717945,3.967051,0
3.2049,25.0,4.530254777070064,1.1305732484076434,1611.0,2.565286624203821,33.88,-118.36,2.674,33.88,-118.36,0.00016510509057604604,0.016078938922669622,-0.002002506132441436,-0.001765392241141295,-0.061875742650145026,0.029181205615114145,0.0017401897956134651,0.001801834895074812,0.0007440283936000989,0.0003067039316734388,-0.01429344706898073,0.004212915615248136,0.0007063743008238076,-0.000698716543830415,0.00021961730238726437,0.002281580578945497,-0.001300965846439697,-0.002340264519777493,-2.0559360997285644e-05,-0.0009784858853548793,0.004067446847080102,0.007936878599165528,0.000810739932536424,0.0003059879945675491,0.00047894335353007735,0.013774150422453819,0.008070469355393252,0.12770306871290568,3.3871984,6.789911,0
2.6384,47.0,3.736156351791531,0.96742671009772,1097.0,3.57328990228013,33.97,-118.22,1.629,33.97,-118.22,-0.038711116349890565,0.04722903595140371,0.0013487147614366004,-0.00028230417028073085,0.04852882005660357,0.028737911258161126,-0.005771858516646084,-0.0008610839732404268,-0.0005368694873008177,0.0006059512438160375,-0.01590260927633597,0.0004811298246386603,0.00015787728763140888,-0.0002551392686235581,0.0004111381516116871,-0.006972346107222736,-1.6449869508923282e-05,-0.0033639975010016426,-0.0012488512258942766,-0.0005984142828526682,0.0008139069791703472,-0.005753812508643857,-0.006682920843031312,-0.0002941838912440671,-0.0007285009446292495,-0.02938903010475446,-0.003801832179964136,0.044358806869909576,9.210553,-0.66314936,1
2.1866,29.0,2.633093525179856,1.0359712230215827,691.0,2.485611510791367,34.1,-118.33,2.5,34.1,-118.33,-0.012810296495468242,0.10745776596462604,0.0010333231997658294,-0.003301756549402558,-0.027737266906010326,0.027969647973798847,0.008269926117264207,0.0019170083379743907,-0.0004395762567997841,0.00031788622711825543,-0.004434266812555264,0.005392323493613636,0.0007015307233651048,0.0010863694470454638,-0.002862149293224658,0.0030304088389344315,-0.0005416414810108071,0.004295992625350582,-1.6620347466036473e-06,-0.0018872619045406133,0.0005094834842651632,0.0010894942517762167,0.001717212801155177,-1.0583877781727123e-05,0.0018407620477648259,0.02480602178635648,0.0006319652326662265,0.09480338344124074,4.565353,4.2055244,-1
1.2864,40.0,2.5520702634880803,1.1279799247176914,1257.0,1.577164366373902,33.77,-118.2,1.313,33.77,-118.2,-0.08977072868651537,0.12051418033253077,-0.009725944763490292,-0.0025912033853507503,-0.17324966413490472,0.018958040289494722,-0.030964981300804932,-0.00016030804066918228,0.0006825833887205441,0.0010628944950740753,0.05401767432940303,0.005113046236567454,-0.0014777962313101305,0.00044010723657472473,0.0013475082974461895,-0.024074531116085394,-0.0004186042200107692,-0.015578228836874956,0.0001751611307391449,-0.0029916392367084826,0.0012018486776018506,-0.005010248025900788,0.0024563088932164803,-0.00033029081677412133,-0.00011692945871881859,0.02353247055130457,-0.06072959890464762,0.03755924084150137,2.3431144,7.482214,0
1.9549,24.0,3.7520858164481528,1.0822407628128723,2850.0,3.3969010727056017,34.2,-118.42,2.215,34.2,-118.42,0.006217860922310938,0.04702456458887292,-0.0028250367296562824,-0.002946742690957408,0.04185191295408766,0.03396995716908185,0.018878983838219315,0.0019394501087350484,0.00023644223812951959,-0.0003100236639792091,0.009755283551445513,0.005744041661264763,0.0020137406006525056,-7.633373719594225e-06,0.00041072791622345144,-0.0010110382761094362,-0.003268948661332415,0.0006936802013681467,-0.000999587080725037,-0.0005774989413818119,0.0035576388392337156,0.00429641225621563,0.005647858093165171,0.0023227365751208244,-0.0003196559065694836,-0.021268051312514136,-0.01771544079484064,0.0759113416829039,7.276974,0.8903232,1
2.8438,33.0,5.466307277628032,1.137466307277628,1727.0,4.654986522911051,34.05,-117.97,1.576,34.05,-117.97,-0.016943647151455358,-0.013200848837599385,-0.0022529520433978646,-0.0023577932433703507,0.045354113120355345,0.025780521793131422,-0.0022878883757063723,0.0016491968753310094,0.0005043783709536755,0.0005504036590251331,-0.017727626864817925,-0.0010787051559252945,0.00035064052971795054,-0.0006832699751484878,0.0002053478356851804,0.006019992414415047,-0.0012274595910689312,-0.00019600484973148236,0.00038178844551507805,-0.0002749496813383186,0.00033882502416389474,0.00800478515344477,-0.0030987344982045762,-0.0005880633683192748,-0.0011655067458012326,-0.032464238292077584,-0.006110735785252661,0.054474661191830046,9.305554,2.7595263,-1
1.9026,28.0,3.170967741935484,1.078494623655914,4551.0,4.893548387096774,33.92,-118.21,1.319,33.92,-118.21,-0.0068396524260285205,0.08514793995491936,-0.0028533546317006868,-0.0010536555401808253,0.04566910708444954,0.029603789483527158,-0.0016466883896111152,0.0018008876110965249,7.930081720974852e-05,-0.00015288380191384434,-0.0012428521771038457,0.007234645818431637,0.001677227950833651,-2.8453113798581622e-05,0.0016492826795319509,-0.015627524180022688,0.0007153732088504386,0.0028580562515623667,-0.0014127948416601877,-0.00031898915158696633,0.0010183396875549226,0.003894113315097665,0.01002343632885011,-0.0019947200942261583,0.006155634621210962,-0.02850004527988521,-0.0019454536401272119,0.05483863521077915,6.5062447,-0.31777212,1
2.625,42.0,4.152777777777778,1.0208333333333333,312.0,2.1666666666666665,34.1,-118.25,1.643,34.1,-118.25,-0.046315368666791014,0.02026125606027322,0.0001820643641464638,0.001334155516592769,-0.03079419889522528,0.01924231801974347,-0.01853176536715589,-0.0010249069180819019,-0.0003291191765186545,-0.002406425034493356,0.01943754297366221,0.004706731003146307,-0.0005743408408567611,-0.0006158316419559696,-0.0008905352056836667,-0.004209404955666601,-0.002095892634611683,-0.005960214772593645,0.0028901974954991016,-0.0007377711574593352,-0.000727036945672859,-0.007067458623502585,-0.005117137336244953,0.0010403048491605341,0.002660042325181363,0.015655458313923575,-0.024067350299154286,0.060404486731232485,2.2120981,5.5558977,0
2.9832,22.0,4.718978102189781,1.0197080291970804,2694.0,1.9664233576642336,34.18,-119.2,1.656,34.18,-119.2,0.005269415198843322,0.0036829882535616356,0.0017507849132733751,-0.002544767241471498,-0.04643013787175872,0.025448772932438538,0.015804889064426755,9.441718414641889e-05,-0.00025504150018217423,0.0003496015593952355,-0.06336751839453632,-0.0025008153776249543,0.0032005577320864628,0.0005671578868146211,0.0006550060614647813,-0.01659363348581535,-0.004354025349939364,-0.0004366576868340137,-0.0005936035164093252,-0.0006265474631119745,-0.005993584930833507,-0.005794095791609302,-0.001639920954537241,0.001665835643572495,-0.0005034905790711531,0.014094911605233396,0.021447862189510385,0.06092349478712962,0.49114883,6.01956,0
2.4526,23.0,4.332453825857519,1.0488126649076517,3257.0,4.296833773087071,33.81,-117.99,1.829,33.81,-117.99,0.002850648545540981,0.011162214773526238,-0.0019276677294845787,-0.0015093314275716027,0.04201184563103137,0.02885910866275279,0.0026863224674726215,0.001041801024147847,0.00023644223812951948,-0.0004676251168546627,0.017734883194311317,0.003184818438568913,0.003039445672958461,-0.0004923079289698444,0.00039472644599217036,0.00481945729313227,-0.0016079645653718875,0.0015104442041439083,-0.0013496565592756565,-0.0006759474328649501,-0.0026515027212960078,0.0030379415246894114,0.008795963528907914,-2.0848514582344008e-05,0.0032859223647736585,-0.025295058702683525,-0.0017940463934263506,0.0536771028634756,7.7458763,1.621938,1
2.6442,47.0,3.6709401709401703,1.0213675213675213,913.0,3.9017094017094016,34.09,-118.23,1.361,34.09,-118.23,-0.038711116349890565,0.042182709035896875,0.0013412079240253008,-0.00026739221949042484,0.03949990419566348,0.029053903709397973,-0.005990872414495708,-0.0009673302879696761,-0.0005368694873008177,0.0008334533926263407,-0.01579470270839228,0.0002519674226139159,0.00015787728763140899,-0.0003506629948687857,0.0008560107863818031,-0.018563630302807523,3.789902470491648e-05,-0.0029589439129340442,0.00014719721334602328,0.005112381016733361,0.0006576791346576365,-0.005050529913065535,-0.0059784922835555785,-0.00019335230070710206,-0.00049520707073298,-0.02907276193848719,-0.003991764205432311,0.060950968336378815,8.976619,-0.5501872,1
1.845,24.0,3.1207977207977207,1.0273504273504273,2863.0,1.6313390313390312,34.1,-118.35,2.375,34.1,-118.35,0.034789407049022406,0.09167831727532337,0.007051712166851037,-0.004291050344862302,-0.08106821209900993,0.03203157391256972,0.014758130300431523,0.0005810631882427342,-0.0004041101787929718,-0.00027754749224910487,-0.03895846449784716,0.0016326573594588987,0.0028043776850366015,-0.0007708733407840656,0.0018145617640184016,-0.031809275213186425,0.0028823856168507913,0.004077354222317255,-0.0007103823300248357,-0.03685395349939868,-0.014861074045817166,-0.018898387805425042,-0.0019664688723236,4.6150697252183626e-05,0.0009006766954923898,0.026660340194585717,0.0508793379245088,0.10431979931417372,3.2911594,6.092878,0
2.2907,39.0,3.297658862876254,1.2073578595317729,1347.0,4.505016722408027,34.08,-118.21,1.339,34.08,-118.21,-0.04021684636284148,0.03380677367818525,-0.00017152959033228324,-0.0037601415077015876,0.040680122134668394,0.030159940255752634,-0.004911811750411183,-0.0010410463305081036,0.0005051783081153544,0.0007946466910641627,-0.015094106581838159,0.0007862170708373059,0.00018950207498297098,-3.1437776561190234e-05,0.001324010504763845,-0.019032382072438084,0.0004533811093870631,-0.001058152041837478,0.00038178844551507805,-0.0002537656627435739,3.269661682412042e-05,0.007181429670242303,-0.004191449558232433,-0.0007558018619429922,-0.0008791070507100121,-0.031556103952729044,-0.004788894218335805,0.06732972130867389,9.079253,-0.47228107,1
1.5284,31.0,2.740088105726872,1.0088105726872247,597.0,2.629955947136564,34.1,-118.32,2.0,34.1,-118.32,-0.011433565771638649,0.12170164657158523,0.001864612858881574,-0.003481434532033271,-0.00048216497638219714,0.03285941410421893,0.007277125769825122,0.001591568187927196,-0.0003820509458075158,0.00034351612043384447,-0.0008251181999999866,0.0020207348643565626,0.001000166129150151,-0.0009189276834171932,-0.008135130435877396,0.019865921212116087,0.001892405361380204,0.0008034075291931717,7.114791190803934e-05,0.00025911296559891466,-0.004133480119654192,-0.0035578229422676693,0.0016531943065745045,0.0006856106378273204,0.002068842917076352,0.012796924234145232,0.008013518600434855,0.08134248777906647,4.7105494,4.078349,-1
3.1563,31.0,3.292585170340681,1.0,1253.0,2.5110220440881763,34.42,-119.71,2.67,34.42,-119.71,-0.007543964065881202,0.004924394077218192,0.0012864485144628334,-0.0018302097310981828,-0.06436917128996333,0.032803266641031815,0.006366917902593463,0.0018577109821300395,-0.0004489694963577819,0.0007254311357881639,-0.004057022035926452,0.0027862646838853157,0.0009466427692161467,-0.00040190566571658324,0.001785343808815668,0.0009117403346946176,-0.00879358320440755,0.0042020999721681775,-0.0005129641920596148,0.000988349898641668,-0.007066850476462717,-0.008106814276036661,0.0017241911144070712,0.000406279792688635,-0.0007260414141783166,0.025713238808451316,0.00970697947893301,0.04889929988564511,1.1681036,5.8305316,0
3.25,37.0,4.2349726775956285,0.9781420765027322,726.0,3.9672131147540974,34.08,-118.03,1.592,34.08,-118.03,-0.013619970912195049,0.03281160631423642,0.0015626522145449873,-0.00026848732215800663,-0.004272918738404353,0.020473837667769876,-0.01910122028908064,-0.0014023356850556468,-0.0005360392102786216,0.000631361517710644,-0.02169892615915978,0.00034163122604503605,0.00033395557747722005,0.00015192626948977653,-0.0037200205937596917,0.0008788225295139977,-0.0023487769171419755,-0.005253168243779849,-0.0008137183104888982,-0.0009325719477511909,0.0004009792850896668,-0.00631454065234746,-0.006992785367328046,0.0001576229107464053,-0.0005878894129918345,-0.03425403796748344,-0.004754141284297815,0.06901221467767958,1.470433,3.131293,0
1.8214,34.0,2.664516129032258,1.0825806451612905,2626.0,3.3883870967741934,34.09,-118.31,2.111,34.09,-118.31,-0.017875135438364435,0.13243919187426562,-0.0028202061611092345,-0.002434331053591843,0.05884728065984619,0.03198363574672122,0.01603578467894937,-0.0004703172395146432,7.930081720974847e-05,0.0003122355229376212,-0.01196714369521709,0.0002889437345053859,0.0004432435035785447,-4.078327783405244e-05,0.0016232342768243,-0.0024700490714972753,-0.0009081069694569015,0.011366791452798208,-0.000999587080725037,-0.0005807038680356274,0.0034476182489344203,0.0024870912581742123,0.005177384620790642,0.0007075690535927683,0.001049313853288807,-0.021165424715957098,-0.0034822790739847662,0.09149642333846415,5.9572606,-0.7836312,1
3.9536,26.0,4.987878787878788,1.0703030303030303,2184.0,2.6472727272727274,33.78,-117.95,1.91,33.78,-117.95,0.00575254980509719,0.01551085290977857,-0.002534898013735129,-0.0007416305806767613,-0.03417838879625506,-0.004459312624806272,-0.0058044351677152455,0.002009968000261559,0.00015619378472685907,-0.00016267085769906378,-0.012399391975903775,0.004663865020499534,0.0007483410404214854,-0.0006813108039937274,0.00039470429321847484,0.002364692492706366,-0.0016523168477103447,-0.0053833264994664004,-0.00022826473835717973,0.001531742650584258,-0.0015526344184785567,0.003442892281482193,-0.0031869659706226486,-0.00011180747231913122,0.0002875427764748548,0.005218036493694395,0.0067042754479088315,0.05241136606779301,0.096614875,5.782467,0
3.0288,37.0,4.275720164609053,1.0699588477366255,719.0,2.9588477366255144,33.83,-117.91,1.614,33.83,-117.91,-0.02156535929337621,0.038173337680240796,-0.002119128773090906,-0.0012983245795250118,0.025010555857813442,0.026445054781034615,0.007615404931573181,-0.0016133470532341686,0.0001626006450666795,0.0006627995745893855,-0.0084181793982766,0.003524809957603213,0.001747464891055816,-0.00014790142134617248,-0.0032178029800164,0.004003072343360675,-0.002320543381182749,-0.0025281763407719884,-0.00031264205836743135,0.000672907933243004,-0.0016251491814002208,0.0034798092384625777,0.001471441312003385,-0.00028018857717751586,0.0016632333943669528,0.009679047898725618,0.006792259360820169,0.05610347053742967,5.8773828,4.235284,2
3.0677,37.0,4.439024390243903,1.102981029810298,1341.0,3.634146341463415,33.93,-118.34,1.677,33.93,-118.34,-0.018275821425862253,0.01833794337104536,-0.00221913405971824,-0.002251836444416627,0.04229778275911045,0.028241310179810516,0.003867342572845018,-0.001513708204467388,9.045384187001575e-05,0.0008124111303145553,-0.01850260282811837,0.0005677668549384687,0.0003339555774772194,-0.0006305515283517942,9.603964505389384e-05,0.00401997164637512,-0.0015964921179005072,-0.001990108538941483,0.0004544110783291056,-0.0008740010753642386,0.003216262959920667,0.003790680559750706,-0.00463827752825505,-0.0005741983979696959,-0.0008789518478409872,-0.037190153296186336,-0.017551268233221496,0.08260675670664033,9.075266,1.147219,1
3.7054,28.0,4.120092378752887,1.0161662817551964,1255.0,2.8983833718244805,33.87,-117.97,1.692,33.87,-117.97,-0.0003413530169270829,0.02977089537217149,0.001021100132922909,-0.0012012010917540085,-0.040636850251328537,0.019742327685522507,-0.018084345346192406,0.0021079945011840203,-0.00045914624276151126,0.0008100491604689818,-0.016877122395638225,0.004343877339996213,0.0009304115884829952,0.0004752934156958831,0.0005034473165399486,0.002539776544801847,-0.0015290012245919124,-0.004615364394672054,-0.00027923683372139095,-0.0010562824838590194,-0.0011437545375883422,-0.006399015548204896,0.0007204209303380976,-8.180778726368195e-05,-0.00015304310860883734,0.002597498003045595,0.0046653898172087285,0.051788380579591974,1.61731,5.4648337,0
3.1641,21.0,4.833333333333333,1.106714628297362,2558.0,3.067146282973621,34.05,-117.82,1.173,34.05,-117.82,-0.001248825491739445,0.01612019126892505,-0.002637960099194332,-0.001604673540944946,-0.007699849803288886,0.02297485869121889,-0.007865626357116502,0.0008564101133864271,0.0006141280502496187,0.000262905386500048,0.019877515237601832,0.0019631272803370655,0.0016222217265504052,-0.0006477514199899497,0.0005861179459489166,0.0034031844490376114,-0.0011521055091089885,-0.0036223978517664237,-0.0002614863978607874,-0.001155040025134862,0.003900561634599391,0.005994236491156456,-0.0030433169063823493,-0.0008470337278828872,0.0009775578678767349,-0.0019020894365822318,0.0023939836969550316,-0.0035042337305347363,0.021504845,4.0600643,0
2.5417,22.0,3.103448275862069,1.0251989389920424,2226.0,2.952254641909814,34.13,-118.25,2.175,34.13,-118.25,0.007248845038863603,0.041922504874241574,0.0014628752571135154,-0.0015167544989219805,0.024172565354733947,0.030338348184681584,-0.006904519757037884,0.0016055263949572868,-0.00029243305698080526,0.00028386157564563115,0.0038612824444450443,-0.0005529138396687336,0.002009985558066633,-0.00039813405108663185,0.0019990185423918627,-0.00044108318544405464,0.0014394799873967857,-0.0023292393167426936,-0.0005936035164093252,-0.0003760789193539475,-0.0008436866467351584,-0.005817045405387556,-0.0029616434195610247,-0.0003653377908260293,0.0006161090243431454,0.0077799704769408225,0.003424860621093789,0.06499751719069567,5.719247,4.4915175,2
3.35,36.0,4.285353535353536,0.9949494949494948,1274.0,3.217171717171717,33.8,-118.25,1.631,33.8,-118.25,-0.01517350400481443,0.02492602559576842,0.001068308609283428,-0.0020813074446716746,-0.009588460998793713,0.022794616977781644,-0.01931758284605645,-0.0017318126520409552,-0.0005360392102786214,0.0008926166503777513,-0.0186856068240663,0.0005833348064613038,0.0007530799300345608,0.0004899213140571625,0.0004635308291216183,0.0019720784096329373,-0.0023857977068736623,-0.0017873161204349818,-0.0005780333364165934,0.0024721922397705214,0.004002625511979556,-0.006189455447173633,0.00015985083028645757,-0.0002717988333029755,3.495340727478067e-05,-0.007423990854401244,0.006457417981078086,0.053847888816021705,1.911007,3.8261948,0
1.8388,49.0,3.651828298887122,1.206677265500795,1105.0,1.7567567567567568,33.77,-118.18,1.75,33.77,-118.18,-0.092631811344241,0.06579838658620327,-0.005253038083496071,-0.004693495880090654,-0.1616171564119238,0.022492616798693268,-0.014792554549089837,-0.0011824735367608674,0.0009088273358815685,0.0010364124694897687,0.04792570569741103,0.004382482210906605,-0.0018669939684949754,0.0003583014170972165,0.0006212649865052332,0.018865408744270538,0.0004995125987041838,0.0003248138489882857,0.00010241062299497128,0.015276819568139751,0.0014982272457019594,0.0031044775390820065,0.0029687868954227817,-0.00010222847311690316,5.06491165720794e-05,0.026264317998305243,-0.03543367400414925,0.038794836657279785,2.3909256,7.3883343,0
2.7685,29.0,3.658252427184466,1.1757281553398058,2320.0,2.2524271844660197,34.14,-118.27,2.045,34.14,-118.27,-0.01835045349859881,0.06280363262578952,-0.002266721378687221,-0.001723821030402407,-0.0626274835443663,0.023178203167454656,-0.006923539153858499,0.002743071737472123,0.0006234873033486806,0.0001373524993389753,0.010221714683694991,0.006039733948786154,-0.00016172425608623308,-1.5612155679963846e-05,0.0008349008272867638,0.01643692012794196,0.001294653101153415,-0.0037349187702582554,-0.0003261249393957115,-0.0011599214765672012,0.0009827244728720945,0.00872673597752758,-0.0024411414214986367,-0.00029894492586181673,0.0004917586476106816,0.028011570046450936,0.005309193367762726,0.07431267358895502,2.5938587,6.3727617,0
2.125,6.0,5.904761904761905,1.119047619047619,119.0,2.833333333333333,34.02,-117.64,4.167,34.02,-117.64,0.036086143653017155,0.04251238292040515,-0.002167536234364717,0.02918885469702023,0.022537136022011,0.030918846609629538,0.0030394770271985755,0.04818109591458778,-7.081973778592246e-05,0.21745440716909448,0.01532343848713823,-0.0015959477431370952,-0.0038981490307188533,8.263066666840498e-05,0.04069312541485482,0.0002744619935634576,0.004765079148945097,0.002310170525857755,0.008743712399418018,7.957941783101076e-05,0.0030344923887421706,0.007154868776673038,0.0032689440760866805,0.13481836085849766,0.2009235641583033,0.007473683082435933,0.003247039438808985,-0.02118362568420448,7.105046,0.70486933,1
2.8274,43.0,4.080733944954129,1.0091743119266054,1598.0,2.932110091743119,33.99,-118.33,1.225,33.99,-118.33,-0.041016681399873085,0.04220154314362067,0.0014594025597340062,-0.0016691781152020253,0.034488434025592006,0.027334034904821086,0.010120159754465452,-0.0008316972961662943,-0.00045273067139029035,0.00073316776740636,-0.0064148371446487015,0.00345446427050782,0.0011108969515529782,0.0004752934156958832,0.0004775907873809815,0.0035759761507257815,-0.0020954735393699797,-0.00021609672089642915,-0.0005129641920596148,0.0009079416400982001,-0.00460288015534507,-0.003909864446910024,0.0005828883914711395,-0.00012590143348070864,-0.00011744196400104964,0.007898190849123406,0.002068687662369645,0.06554653521242192,5.754064,3.994368,2
2.5147,38.0,4.0,1.055363321799308,1359.0,4.70242214532872,34.28,-118.44,1.371,34.28,-118.44,-0.031039751549856196,0.03704232737850082,-0.002059020022440372,-0.002226942763791706,0.04742615447401036,0.03509794483828207,0.021787028785406254,-0.0007859827448715166,8.089198050170601e-05,0.0008126608873886648,-0.016224799162751657,0.00048112982463865836,0.0001578772876314099,-0.000508409707635267,8.935294291472585e-05,0.002414814324640966,-0.008316505484318679,0.007924483159240193,0.0004325532117914197,-0.00012363262364806544,0.0007977504915595891,0.002740491450392793,-0.004656670024193968,0.00020441701838102156,-0.0015635260395174297,-0.03452857752561659,-0.026826801936361153,0.005397625026584522,8.028762,0.49611685,1
3.0221,28.0,4.5943012211668925,1.1058344640434192,2240.0,3.039348710990502,34.2,-118.43,2.901,34.2,-118.43,-0.006080889041025367,0.018218867595665433,-0.002325412704314033,-0.001410085595029691,0.022235199268526303,0.031470617980131066,0.01364806326067186,0.0017997270092477485,0.00045698662932984756,0.00010357641523941962,-0.006202330763761143,0.007103788331022773,0.0016828899963292415,-0.0006575095907485442,0.0003951864677163896,0.005581197369753047,-0.004299785352618149,-0.0008151118875217765,-0.0002614863978607874,-0.001744069314392368,0.00607001001013204,0.006349815782649329,-0.0030166792830019686,-0.0003386686846475105,0.0008014122968252036,-0.0033900904443446307,-0.007305905134605815,0.0771174666133547,6.4029236,4.2281537,2
3.8162,18.0,5.2247557003257326,1.0472312703583062,1973.0,3.2133550488599347,34.25,-119.2,2.35,34.25,-119.2,-0.0006809556709253697,0.013725743204869743,-0.002429253540158947,-0.001846612119659648,-0.03815519623441367,-0.0039861151585993395,-0.012079564406715612,5.186609485889119e-05,0.00018046961379896743,0.00021883985854946624,0.021042159559549155,-3.4850041660430646e-05,0.000621580460409689,-0.0006932612658368248,0.00045096659070151333,-0.002322377454613586,-0.007819527768362786,0.004439282869888399,2.3601810206674574e-05,-0.0011507173032475598,0.0013151079926580003,0.002676677656911275,0.0020401710254140575,-0.004526268177612935,0.004154721899180983,-0.011540243120543511,-0.011147618236805126,0.006152637510651847,-0.14559877,4.10068,0
3.6484,31.0,4.681388012618297,1.0315457413249212,927.0,2.9242902208201893,34.09,-117.87,1.896,34.09,-117.87,-0.0023616372066983947,0.015638764903644905,0.0005926286052727972,-0.0013312864900124185,-0.03551930094730301,0.019030962810669582,-0.004534429793334851,0.0017347778019038283,-0.00045914624276151126,0.0008169133030334131,-0.011607273675716772,0.0016942469609324115,0.0018138921527521134,0.0011588167008604454,0.0005201158826723521,0.0035555641634420717,-0.001233469265663425,-0.0024301439739168357,-0.0004401364890789216,-0.0009123894998068347,-0.0011938149047417278,0.00263981539177107,0.0017925244223399423,6.483659027722165e-05,9.409796746681203e-05,0.00749278001254206,0.014427661388498084,0.06282431169426442,1.5216761,5.223145,0
3.2326,21.0,4.506,1.16,1536.0,3.072,33.82,-118.0,2.047,33.82,-118.0,-0.0004061339315282062,0.01568180699714146,-0.002833027675804007,-0.0008805821317917997,-0.019850664746701885,0.02177439870932638,-0.013811453334118847,0.0009489168660824258,0.0007440283936000988,-4.1393361959748634e-05,0.018176376389474117,0.001941044612846848,0.0027146226663477195,-0.0006719653027208651,0.00014169615761314112,0.0039437462199821225,-0.0015700922641063897,-0.0006363608889066106,1.9245591759635355e-05,-0.00145754647677599,-0.001745624931846689,0.007830188684688391,0.00031339856165122016,-0.00017595023534320577,-0.00027094781966594916,-0.001250450691021661,0.0031463581802856737,0.05944410359266135,2.4340084,4.8383384,0
3.2212,35.0,4.786372007366483,1.0165745856353592,2726.0,5.020257826887661,34.19,-119.19,1.805,34.19,-119.19,-0.013865528888507244,0.010763951561104441,0.0012388544504674966,-0.0018109745263719772,-0.0058245219146168935,0.02630945084298963,0.0035824974956973894,-0.000852135422170824,-0.0005320830796272287,0.00028893842637964413,-0.02169243037388267,-0.0009950567269728697,0.0004024420657129608,0.0005735264020311589,0.00079575976217426,0.0067996067533920256,-0.004569672781681288,-0.0010764469717577756,-0.0016929356899711503,0.004603748338119959,-0.00415297612196478,-0.0047545490433149725,0.011923824965306792,0.002222917621001053,0.0016987138029590898,-0.036166277494540905,-0.02528203935881861,0.06343940292409109,1.3507853,2.9998794,0
3.8068,29.0,4.45578231292517,1.129251700680272,937.0,3.187074829931973,33.87,-117.98,1.587,33.87,-117.98,-0.004925612305384517,0.009165222662937256,-0.0017363171267430213,-0.001624291838107208,-0.04687526757065143,1.528563108833979e-06,-0.003269841926536867,0.0019048601090259163,0.0003696536195239321,0.000807020887655778,-0.011217121873970308,0.006989538824128479,0.0017398949074184402,-0.0006840886454691354,7.957534849840136e-05,0.000988988642693765,-0.0013889038683945032,-0.0003832708907881029,4.396057076303356e-05,-0.0023882734542911037,0.0010926203858440367,0.007925337278807756,-0.002158017371706236,0.00013701578399477702,0.00011804862326084343,-0.00892532171917555,0.002801421712458529,0.050423814636748256,0.119976774,5.723702,0
2.2097,50.0,3.111111111111111,1.0333333333333334,488.0,1.8074074074074076,34.42,-119.71,2.583,34.42,-119.71,-0.08516345683155717,0.08952301418551573,0.002713061975681201,-0.002988599422025476,-0.13037399556405854,0.027667046515573,0.019867785535062563,-0.004979923659019857,-0.00011213372798525421,0.000863692873983571,0.04973067215797084,0.005515695783517661,-0.0053307240288370285,0.0006188864120530572,-0.008093870808283787,0.0036636675152878825,-0.009068937868039554,0.004041944658153973,-0.000247673647752816,0.01807036992155977,0.006203341720154942,0.0077966104365075894,0.004245346492432354,0.0015109256977544256,0.0013073519754131313,0.04190948256397063,0.03507186699168475,0.06318750929724362,2.484752,7.3099103,0
4.0337,32.0,5.785202863961814,1.136038186157518,2291.0,5.4677804295942725,34.3,-118.46,1.585,34.3,-118.46,-0.001776455017497449,0.009359912287389053,-0.001639236452686269,-0.0006202432666589821,-0.04807505208447678,-0.013312434926428997,-0.02431298762257309,0.0009651354834444599,0.0003275488626405285,4.887882129455713e-06,-0.019837868613762306,-0.0012432545879420458,0.0002162258564206349,-0.0011464394406872859,-0.00024243557730735512,0.001559816156464529,-0.00025525678835251514,-0.0008513598284613466,-0.0014557617399281405,-0.0025523203283921527,0.006153433778902679,0.009557700820225086,0.012238040756066283,-0.0034060968352408083,0.006769958035542282,-0.039148675584883476,-0.02904116469257283,-0.008299543829943119,-0.2838641,3.79061,0
3.8203,43.0,5.895765472312704,1.1172638436482083,988.0,3.218241042345277,34.2,-118.16,1.76,34.2,-118.16,0.0015612273474812717,0.010705584022291475,-0.001674008440804851,-0.0018887083965414102,-0.0472757747020051,-0.0006738193483434827,-0.008760196253261139,-0.004673298137105499,0.00020003090871228456,0.0007805640693686141,-0.02099209270455125,0.002189913595605255,0.0004957613180297364,-0.0010562354895364671,-0.0004989267739430796,-0.006121259616771306,-3.947458440984724e-05,-0.0021487522723521017,3.5465121133530344e-05,-0.0024109364594014425,0.002992002055077613,0.008607604175297993,-0.0021601042840709746,5.475385925662162e-05,0.00037317246262967015,-0.010928969021082716,0.0018181078828029282,0.06871894148664953,0.024118843,6.117512,0
2.2794,52.0,4.023076923076923,0.953846153846154,317.0,2.4384615384615387,34.03,-118.46,3.375,34.03,-118.46,-0.027452263722211358,0.02969944727018613,0.0008935737941436453,0.030242687882712223,-0.02226062007714802,0.033068082619737205,0.018565936853240515,-0.007299185334824908,0.006581552829188865,-0.0005669665673643152,0.0046563534833284235,0.004941673726664432,-0.0023157708142294243,-0.0002824282575006113,-0.0006606804976857881,-0.0025145843857746204,0.0006271730164223684,0.00810209831676386,0.0026720263607080035,0.0030550140715681876,-0.0053470404765601325,-0.004010625006292499,-6.713413977689584e-05,0.001588356538808275,0.0034249693197325845,0.034344029187552534,0.007516069842002882,0.18155379691886397,3.766396,7.0836654,0
2.9883,41.0,4.538314176245211,1.0421455938697315,1252.0,2.3984674329501914,34.05,-118.37,2.961,34.05,-118.37,-0.03858630529081081,0.01339480973679937,-0.0018210556793470947,-0.0021560470626566745,-0.04577842450627758,0.030850216740572537,0.012366677834295868,-0.000994379210620645,0.00016340058222835834,0.0007503881262619969,0.0024759524025021696,0.004890204807043322,4.9773520690906176e-05,-0.0006574484037399882,0.00010901236435453167,-0.003413861408268668,-0.0013702098730365181,-0.002404254244276821,3.020540527905602e-05,-0.0005165040018568326,0.003607917693672075,0.004696932132767556,0.0014554550387117907,0.00044728901580449586,0.0008602542480126519,0.0371118183464895,0.006529234148122549,0.16707597500829943,3.7304342,7.0848937,0
2.4886,36.0,2.961864406779661,1.1027542372881356,4033.0,4.272245762711864,33.94,-118.34,1.607,33.94,-118.34,-0.01997849485096954,0.03755685874177519,-0.0026018032136465178,0.00027878243214367944,0.038071740756323254,0.03249528482206837,0.011975749673823049,-0.001068431361747088,8.96626157397372e-05,0.00012682494925635285,-0.01582434261384346,-0.0005286771447985608,0.00030306949921015807,7.678263482072047e-06,0.0016662726240533393,-0.019113763289802688,0.0007717479776110538,0.0063520305956965084,-0.001411402806381451,-0.001825215347025765,0.002963004970222021,0.003410322416584101,0.009620252457164665,-0.00024099998022406334,0.0033697076165938597,-0.0355331739722207,-0.01610642706030503,0.08436992382288361,8.678133,0.8421811,1
2.125,52.0,3.617977528089888,0.9887640449438202,229.0,2.5730337078651684,34.13,-118.25,2.438,34.13,-118.25,-0.03883032704542015,0.0072518777854261455,0.0014238803899557493,0.030535006455456842,-0.00617057916426404,0.029026936148907515,-0.008517401899855708,-0.009045849692497167,0.002664022532467993,-0.0006275938737705991,-0.004675001227108945,0.004148613024496047,-0.0012617492829436307,-0.001462445390548379,0.00018299849702791806,0.014883145699891964,0.0006371929216622664,-0.0035939873346142433,0.002548105067000136,-0.000608708006900127,-0.00038959623586008095,-0.005939515555095837,-0.0031073752253665482,0.0021999654169882177,0.002993499881997609,0.01754367631173242,0.01090659538827499,0.06483310714926037,6.568836,4.6845927,2
2.5667,40.0,6.5120481927710845,1.1897590361445782,1010.0,3.0421686746987957,34.52,-120.39,2.393,34.52,-120.39,-0.0423346222367628,-0.020026202141146688,-0.0025633960664892255,-0.001360229840320231,0.02940849194282363,0.035621641236272664,0.01977390437011959,0.009816485799196473,0.00035568143845092904,0.0006573131522810598,-0.00915873340692764,0.00440528492886654,0.0009245844465141674,0.0020638813265297824,0.00019959304262262957,0.005654899895704518,0.01808599344612153,6.872866044123146e-05,0.0006304577410151096,-0.001801193659111983,0.005282437431342988,0.011552716498111506,0.0009078888863971713,0.0008073188833046824,-0.0009209240781166506,-0.0006313678027428908,-0.011567227779758568,0.021063077854155895,8.383007,4.4559646,2
2.0357,32.0,4.51063829787234,1.1648936170212767,1639.0,4.35904255319149,33.89,-118.19,1.073,33.89,-118.19,-0.00942613199013339,-0.024525738193662192,-0.002805059809224832,-0.0036382263831059385,0.05471790269805201,0.028453168739040687,-0.0029472320135163106,0.0016468544554653962,0.0005043783709536755,0.0003992698463051741,-0.011516703896125276,-0.0010935735168818971,0.00015856599808227752,-0.0006573374043595858,0.00023977350305642647,0.006700631408643588,-0.0016884017572143934,-4.8782237524070956e-05,0.00038178844551507805,0.0002094435365350684,0.00035168503122434425,0.007787981671001377,-0.002635535739563307,-0.000534921499340465,-0.001228273220684814,-0.03163602722726555,-0.0062496506107178685,0.04941070135420075,9.299737,2.8998156,-1
1.7019,26.0,4.326315789473684,1.2,448.0,4.71578947368421,33.75,-117.87,3.5,33.75,-117.87,-0.002344867104172183,-0.010647688049606047,-0.0032114684758532182,0.0013958672382918288,0.0711674242919053,0.029446366472050053,0.010579071136377816,0.0016392957115840638,0.0005325808116123023,0.0011613150039210482,0.0011908337173662472,0.008357548512900307,0.0026419832425321308,0.0001243120416743543,-0.002417973496398225,0.006775224539649889,-0.0017049784165542323,0.00028555322991522967,-0.0012656115426297279,0.00018076700985370973,-0.0022083144736942096,0.008088531852570562,0.008550913999298509,8.503306400260352e-05,0.0010082894381530903,-0.02656569861391903,0.0056121940551068054,0.0508625895263704,9.023599,2.655745,-1
1.4464,30.0,3.657794676806084,1.1064638783269962,1280.0,4.866920152091255,34.01,-118.25,1.102,34.01,-118.25,-0.008985908298888783,0.047229573130572966,-0.005229031061897504,-0.001273746266986851,0.04390249478053886,0.027243654552875772,-0.0020973182767242077,0.0018288793889224412,0.0003584100516337844,0.0005943814389475617,-0.00979618308063602,-0.00076309967868845,-0.00017217011526855683,-1.82927293026725e-05,0.0006105371571740907,-0.0186587646849099,0.0009066141251499125,0.0015640778745368638,0.0004544110783291056,8.195224720256132e-05,0.002782464689887203,0.005750971190283871,-0.004368691575511754,-0.0008170720180911946,-0.0009139523778221378,-0.03194251497368932,-0.00475596185612972,0.05537327985144935,8.054552,-0.27953017,1
2.4359,48.0,2.7782340862423,1.002053388090349,1945.0,3.9938398357289526,34.04,-118.29,1.237,34.04,-118.29,-0.028265384543949522,0.03476563254222733,0.0013591187686900494,-0.0026890372601287506,0.038782415540332606,0.029849012544413595,-0.007260185243265494,-0.006244742928391144,9.232560417135423e-05,0.00013523517799939413,-0.013131779740190662,-0.0011833477229371242,-0.003085665501167411,-0.000371482734947773,0.002074402961098936,-0.024707398322014695,0.000994841216160373,-0.0015523818085752034,-0.0012511474994894804,0.00030204107621151867,-0.002663092254803054,-0.0032674792743887108,-0.004786619051967969,-0.002037613048389398,0.0007252422075366922,-0.030581611614147495,-0.004729900008638907,0.0416920601507604,8.71773,-0.69605154,1
3.3008,28.0,3.8535911602209945,1.0994475138121549,1220.0,3.3701657458563536,33.86,-117.89,1.938,33.86,-117.89,-0.0018949637605957348,0.022630076220792557,-0.0026435964597491734,-0.001933690785180248,-0.009089182632549526,0.021218847437987264,-0.007300969447243153,0.0022390369235550556,9.045384187001583e-05,0.0006819185384872489,-0.011951163123540921,0.007045508571306175,0.002266641360869909,4.082816759653037e-05,0.00010192427128607776,0.00291799992960634,-0.0012518447746660527,-0.004912571034632472,4.301649147364806e-05,-0.001754591568717566,0.0015155310415924605,0.004092686028878169,-9.326683599676124e-05,-0.00012782433609784686,-7.500573158186543e-05,-0.02085887225390581,0.0068229409302759236,0.06099758124871007,1.5915928,3.893303,0
0.9702,28.0,2.5576470588235294,0.9952941176470588,807.0,1.8988235294117648,33.65,-117.92,2.254,33.65,-117.92,-0.02193543847170075,0.12286744210149662,0.008703033556437312,0.0011978808013700197,-0.14108878941129055,0.03320727077027148,-0.008205514550601468,0.002115988849364421,-0.0013638455006657292,0.0005820788998156086,0.015097134398792456,0.006043100242654333,-0.00043939543351899596,-0.0003977456641540857,-0.00014217305074027954,0.007983414437325335,0.0007968074549026313,-0.016623750985710065,-0.0006108040873694863,0.0017923868454850383,0.0027736207278320326,-0.006552953531056488,0.003824537700375001,-0.0016162956174701078,-0.0002555261786606353,0.006731258643340069,-0.027590011808189464,0.04147374843725253,2.4607944,7.333167,0
2.3667,39.0,3.572463768115942,1.2173913043478262,259.0,1.8768115942028984,34.15,-118.33,0.175,34.15,-118.33,-0.08797534488974967,0.05888812398707233,-0.0012934514627042353,-0.030100030048263775,-0.14991606064836369,0.02492523471439767,0.0037536945064549875,-0.0006738934306412801,0.00325813832097514,-0.00315032911716267,0.054856433772920266,0.005287878521394323,-0.0005423004816366691,0.0008491210646450974,-0.003009941933342932,0.012714826945975847,0.0005105333795355545,0.002127713952554744,-0.0027909777496544627,0.0009485104992148737,0.004875102093386839,0.005790154293865004,-0.008192913109522434,0.002168193209835713,0.0029909911343812827,0.016713047387274662,-0.012618631995439241,0.0892013238055998,2.4339623,7.378131,0
2.6734,31.0,3.705229793977813,1.0332805071315372,3289.0,5.212361331220285,33.74,-117.87,1.585,33.74,-117.87,-0.007951560261410277,0.05037326959659642,0.0010753008864865592,-0.0016942689614199403,0.03631358470738442,0.023160759431534363,0.009228540437424031,0.0021920647934003863,-0.0005320830796272287,-0.0001541132917756949,-0.013219694976315487,-0.0011760715648154248,0.0007936744952608095,0.0015965735719906168,0.0011052920367058288,-0.017998289703302903,-0.00012459016443455603,-0.0027831540154124677,-0.0018270755144948602,0.001394029612869418,-0.003644175879749067,0.002513984374627724,0.011664409838267484,-2.35654381356112e-06,0.0035825677382965585,-0.029851379856394012,0.006535062320850531,0.05218142668770388,7.8999243,-0.26101127,1
3.6987,42.0,5.296943231441048,1.1746724890829694,628.0,2.7423580786026203,33.87,-118.19,1.521,33.87,-118.19,-0.03402672159707614,0.008270226935163357,-0.0020118350762525945,-0.0014605988790794553,-0.058631049528742755,0.017790187036027062,-0.02103573543506119,-0.0013013987999092704,0.0005820712756324649,0.0005905612897774734,-0.013282839305361538,0.0035805105101377483,0.0011521201663684604,-0.00030320155527874655,-0.003294873549875967,-0.001696494367053014,-0.002546554616226537,-0.0012397090946107802,-0.0004996357724212091,-0.0006922103522172856,0.001485554259501562,0.008046619916790133,0.0017612793479293645,0.00044360615037617487,0.0020875101117566667,0.008532415504984552,0.011161857601910208,0.05972816830666152,1.3468633,5.963917,0
2.8375,21.0,5.286396181384248,1.1551312649164678,1792.0,4.276849642004773,34.09,-117.95,1.665,34.09,-117.95,0.003648800395990702,-0.01152386660031294,-0.0022577826119449126,-0.0014977758159779898,0.0382294535686021,0.0259593933526988,0.0038379001149728017,0.001170991763591612,0.0006615197918734465,-0.00034335993119142806,0.021714137826805695,0.0032231473072928014,0.0029799863520110644,-0.0006964188095046062,0.0002458900199616296,0.00660542888174029,-0.0014288483528235021,-0.0017119842991171399,0.00038178844551507805,-0.000271744754684503,0.0003101849450100938,0.00800478515344477,-0.003022467688175591,-0.0006108660074749006,-0.0011319553604110793,-0.027164821923670337,-0.003361083354456759,0.05391933948922831,7.9129376,1.9418015,-1
1.4653,38.0,3.383495145631068,1.0097087378640777,749.0,3.6359223300970873,34.01,-118.26,1.188,34.01,-118.26,-0.02955342035483262,0.04726970673993703,0.001707658204046054,0.00043826880235045887,0.04638294096300155,0.027851962703954583,-0.0027465372310585493,-0.001748222468565355,-0.00046375961037248915,0.0005592522613506902,-0.014927686001653211,0.0006382948609388827,0.00019838840442174254,-0.0008919696210204428,-0.002976059166910309,-0.01761033724268441,0.0012256069313592605,0.0018790139417722584,-0.0008137183104888982,-0.0015362240999481677,0.0008705178271769164,-0.0056313823544145965,-0.0066524342042749455,0.0003982520978872006,-0.0007265425600849125,-0.029933853546602916,-0.00420774511370645,0.04659796545824006,8.79163,-0.73302126,1
2.9,20.0,4.083333333333333,1.0851063829787233,1607.0,2.849290780141844,33.86,-117.99,1.761,33.86,-117.99,0.003905314357013785,0.03703168715408531,-0.0028429350459652676,-0.0008592691840542022,0.02566809190658797,0.027195709904648802,-0.004202353425620217,0.001883432764105027,0.0003476179953755297,2.441403711698551e-06,0.007125467941848109,-0.0026439740848927785,0.00019110890738549877,-0.0005166651687882909,0.000125686788149421,0.004146234433695684,-0.001550039521232869,-0.004685321898775761,5.2679722505123724e-05,0.00023309753618758143,0.002331230974354915,0.0046309943969187846,0.00031353153759367013,-0.00014260153760443115,-0.000355689150572147,0.012797959965451737,0.011286033259888674,0.05641771324339641,5.807559,4.4018884,2
3.0,14.0,3.45422943221321,1.0359212050984936,1941.0,2.249130938586327,34.15,-118.26,1.786,34.15,-118.26,0.04878930552573341,0.03921492834992962,0.0001089800299763517,-0.003208770696042026,-0.043935549143162174,0.024316154930769215,-0.01149924341508247,-0.002163600412252962,0.00016234185441117341,6.601565727910686e-05,-0.035212544242187775,-0.00574179425963982,0.0021125213141657763,0.0017490119011751362,0.0018000503019893691,0.014164717363213127,0.0004345657922098006,-0.003483231953441327,-0.00041870040324366745,-0.0017631583051897414,-0.0017402182993134343,0.003084312334238235,0.001033391622121058,-0.0006833936629662504,5.264916837010796e-05,0.024810618044124703,0.009641126592438903,0.07529207760577022,3.3065608,5.4762344,0
4.1552,34.0,4.64,1.032,1249.0,3.3306666666666667,33.89,-118.35,2.339,33.89,-118.35,-0.00035992046820723314,0.006203335960001543,0.00030259729443016616,-0.0013120058472350746,-0.034498467286388675,-0.012779824322997905,-0.022461854633314873,-0.0005972322529550486,-0.0005416548444881636,0.0010088194887880378,-0.020618011003621557,0.00022495721683891474,0.0005476785230385823,0.0011857747632571954,0.0005017872629356604,0.0002329065270242816,-0.0013743192033540698,-0.0001964632236823135,-0.00044745922599373326,0.0009319573088297649,0.00226158132537769,0.0027574963270025734,0.00023279561836828347,-0.0001211797741478409,-4.7347777237162596e-05,-0.010396874405792643,-0.0017216433087336794,0.0835433806462335,0.039023776,6.355423,0
3.1613,36.0,4.208728652751423,1.064516129032258,1789.0,3.3946869070208727,33.79,-118.27,1.823,33.79,-118.27,-0.01522302155786906,0.039740574549449105,-0.002065941978330143,-0.002420792233926355,0.00968361185562454,0.023938799505937008,-0.01873711912844322,-0.0011251557128486305,8.009204334002716e-05,0.000661706769127114,-0.018545043187957643,0.0005551876500922855,0.0005952499601393528,-0.0004923079289698443,0.00023067243785543153,0.0029719278802747043,-0.0022916317012885226,-0.005468207003271367,0.00033565090389237376,0.0001354524369943432,-0.0020636464792974907,0.003910466195155454,-0.0013048782609363348,-0.0005102704170841353,-0.00048560647227149933,-0.025761569060646517,-0.005330095031090182,0.060702702106084715,1.6046547,3.0621166,0
3.1607,42.0,4.341991341991342,1.0216450216450217,769.0,3.329004329004329,34.08,-118.09,2.183,34.08,-118.09,-0.03463092580173461,0.0278063596485516,0.0012521901247009026,-0.000272447847828808,0.005016323750683593,0.02400590318479325,-0.01801500462542468,-0.0017758544476849025,-0.0005352392731169428,0.00042783404790819053,-0.0178231944851512,0.0017425393225726238,0.0006579411563648075,0.00047305361480372776,-0.002619755978799868,0.00269059843146972,-0.0023853873238868645,-0.0021161714111331024,-0.0002829489216000902,0.0007353186350967234,-0.00034798770428454,-0.005956344253848431,-0.0012851124212853008,0.0004709693589576014,0.000364948319254993,-0.011200521874314614,0.005589695586784741,0.07258084572638811,2.1742094,3.4854088,0
2.1058,41.0,4.481632653061224,1.0775510204081633,1178.0,4.808163265306122,34.05,-118.19,1.243,34.05,-118.19,-0.03962529265435536,-0.024457448362554493,-0.002508250935475958,-0.0019507119432438356,0.058520430324530054,0.028585402649448546,-0.0035186409346007154,-0.0014851578310719823,8.08919805017059e-05,0.000572273581566132,-0.014555013904179771,0.00048112982463865923,0.00015787728763140904,-0.0006658642353117999,4.67373832074834e-05,0.006662520525964343,-0.0019175136710316526,-0.0004651242250623552,0.0004325532117914197,0.0008772621373194505,-8.19047941229013e-05,0.0032886074629943883,-0.0053646756858527385,-0.0005428868512727038,-0.0008928437870627932,-0.03159845504695391,-0.005971714075778238,0.0571466594754663,9.513983,4.196187,2
3.1392,8.0,2.8156565656565657,1.0404040404040404,1472.0,3.717171717171717,33.8,-118.3,1.462,33.8,-118.3,0.038607389211037624,0.01959574475712582,-0.0005898568535629269,-0.00014135461107668665,0.0039463529958226416,0.024027874977407215,-0.014542736413095964,-0.00367450655373664,-0.0008425100070663853,-0.004368792742608934,0.0390921983102805,0.00177724130857955,0.0005889420432799207,-0.00044562461244730396,0.0010271145536165645,-0.010346436269104467,4.647193832776116e-05,0.0038081749692335976,0.00045277010608236687,-7.481719471795981e-05,-0.010090109082721564,-0.007757473961684858,-0.002750854211259487,-0.0009383768622238394,-0.0012772683583643033,-0.029598671257614916,-0.006616278099356224,0.06460186079447744,3.2161343,4.31437,0
1.6111,26.0,3.6561338289962815,1.072490706319703,692.0,1.2862453531598512,33.76,-118.08,0.543,33.76,-118.08,-0.01811966381244072,0.07833555569253323,-0.0019807305510752427,-0.0038829898554020846,-0.23346673963334635,0.02113653706963644,-0.01747571651861613,0.002654944204656995,0.00021427259655104548,0.00048440670235934256,0.011351642289743622,0.006283854040704877,-0.0004814858508507651,-2.9570275330421144e-05,-0.002786773912017761,0.014136996417582972,0.002141142899761626,0.0010246917141365473,0.00038319945239997976,-0.023717133865611223,-0.0015794977532615285,-0.00857642773514871,0.005516153500848856,7.68910484784438e-05,0.0020787341392008107,0.017439711131126134,-0.08437250623378888,0.03754309867275158,2.2926946,7.538597,-1
3.2301,23.0,4.79933110367893,1.0919732441471572,1680.0,2.809364548494983,33.84,-117.93,1.899,33.84,-117.93,-0.00629695101434522,0.013048368931422931,-0.0027289968946065703,-0.0014757945141240822,-0.03426895036004368,0.02378161839352141,-0.0024345673384023525,0.0009218013588258814,0.00033010386451643917,5.772808292379073e-05,0.012736038894605837,-0.0008638375521239226,0.00195384952576642,-0.0006451794267130736,0.00019592717212623,0.002507551859723804,-0.0016386686844380022,-0.002263659799373049,5.206327181674193e-05,-6.739937637930363e-05,0.0024062519711932798,0.004634755355093271,0.00041206644903911394,-0.0001306787287471558,-0.0003235338305534831,0.008710943242285194,0.01055423112860067,0.06315951310062197,2.0844517,5.1850047,0
1.0714,36.0,2.7995495495495497,1.0585585585585586,1668.0,3.756756756756757,34.05,-118.22,1.375,34.05,-118.22,-0.01821864511151292,0.08577637909498563,-0.0012738113009594363,0.0004868576312513415,0.05282121593145301,0.027544000430419078,-0.00031063513173062215,-0.0013937181939020842,0.0004140411443003092,0.0005959486532686953,-0.014804397323646514,-0.000534852799285647,0.00034231903435116276,-7.702599891996946e-05,0.001443536799005961,-0.0169250169595205,0.0004359147205435104,0.0013983676222487247,0.00042220250320653275,-0.00018403997603607514,-4.8992001819994094e-05,0.003178834992292105,-0.0027539322826740376,-0.000818112346116691,-0.0012397825924329764,-0.03163598022212126,-0.004642376997357479,0.056067605296249684,6.535821,-0.6596334,1
3.3281,25.0,5.102728731942215,1.0256821829855538,2526.0,4.054574638844302,33.8,-117.99,1.808,33.8,-117.99,0.00586430841515593,0.0031218140237306386,0.0011914635894112585,-0.0011923319616948059,-0.012323750703351066,0.02155042942392091,-0.013054757420845437,0.0014312028218259908,-0.000374941658707458,-0.00021169587188790646,-0.005899627526397464,0.007865513658021517,0.0017005645595509968,0.0005858565660666296,0.0007970120096754952,0.0023532388871328283,-0.0015537826303533594,9.161547984423422e-05,-0.0017717113106155214,0.004733094203961352,0.00468532542002996,-0.005924712657407086,0.00893304441054553,-0.00011940235856194877,0.0033639095287499097,-0.029705165294180547,-0.002949237243860325,0.05285001776260121,1.4802257,3.2959194,0
1.5,5.0,3.620578778135048,1.0160771704180065,819.0,2.633440514469453,34.13,-117.9,1.398,34.13,-117.9,0.06363232907199859,0.05513792079040859,0.0011121011485766962,0.0013676906004512267,-0.019728000007917582,0.030596025662096574,0.012932244815470445,-0.0033968012382394764,0.0004092351090983144,-0.0028191347565213448,-0.0004630227075721786,-0.0037102343170631524,-0.0019533962806032004,-0.00020331123024613798,-0.0006498427489856429,-0.0016131091351590625,0.0014339635163307543,-0.0008385760014145036,-0.0002756252027332339,-0.0022842332492512443,-0.0007227479670045937,-0.005916248736035069,0.0015489515821809196,0.00014629179178727927,0.00016266115417107053,0.01153396582625105,0.012383239308072164,0.05135888819422304,3.5531375,5.012408,0
2.8418,26.0,3.5008,1.1152,2435.0,1.948,34.03,-118.41,3.273,34.03,-118.41,-0.00017358557792980557,0.03835646922487524,-0.004659200476378215,-0.002354713980993243,-0.04439589166940741,0.02668550550221141,0.019748935616266967,0.003020121376743879,0.0004943781861284793,0.00017293840345735168,0.03309397951090055,0.006315783301747707,-0.0006146125377823392,3.44596523799924e-05,0.0015710280939266494,0.008817616152304858,0.0038777271343824115,0.010067478341413385,-0.00024755000467201974,0.0017552056814643293,0.005758184187014714,0.00820942822153694,-0.0020607310193281334,-0.004567352109585878,-0.005092691203630181,0.023584066178653735,0.021516386133463163,0.19018615127604033,3.8268318,7.153196,-1
2.0817,43.0,3.3198924731182795,1.0349462365591398,1745.0,4.690860215053763,34.01,-118.27,1.133,34.01,-118.27,-0.038231994695059564,0.03902892920405117,0.0015354719370568263,-0.0038467231044706333,0.04503793460258991,0.028311734156065627,-0.001663083882359835,-0.0017003403474585715,-0.0005212849213647574,0.0004518245566480161,-0.014555013904179768,0.0007037190229037782,0.00015787728763140915,0.0015634236678761584,0.0019274574556156926,-0.01810379004113616,0.00038930287371605654,0.002523290027174663,-3.565874845727035e-05,0.0014207434747896526,-0.000910780548092163,0.0032556447582342525,-0.002703172881030713,-0.0008181123461166917,-0.0012065747428598955,-0.031660038373614356,-0.007036047010914591,0.05611095793565459,9.102581,-0.5739925,1
2.5955,35.0,4.150442477876106,1.0743362831858407,2042.0,3.6141592920353984,34.04,-118.34,1.397,34.04,-118.34,-0.020326815549024074,0.026589756962105655,-0.0018605880249064663,-0.0028032239418649013,0.047885570328699716,0.032550181205324435,0.011526918349769094,-0.00033941669390127335,8.009204334002713e-05,0.0003119293968427077,-0.01591733275384143,-0.0010816937572726807,0.0002462518687488885,-0.0005020372704270116,0.00038770398540995024,0.0036151036503660984,-0.0012509541899005615,0.0023477591899675227,-0.0001895515415791515,-0.00036561874126964604,0.0020036848011466507,0.0018350709815162592,0.0013012362708691297,-0.0008499917928796158,0.0016521175776097778,-0.03615280236180071,-0.015524845557988564,0.0864939097366335,8.896821,1.0300714,1
1.7062,28.0,4.370967741935484,0.9838709677419356,246.0,3.967741935483871,34.3,-118.43,1.646,34.3,-118.43,-0.006688776437285066,-0.021053905805468637,0.0014475991715230416,0.008339760929661138,0.051212081851823375,0.036633021895946374,0.019512204263829557,0.0013414023623880065,-0.00044981927220561716,-0.0007837937707247092,-0.0008490072681277353,0.0066301947268309494,0.0016796561422852535,-0.00047722688646993996,6.923959270993606e-05,0.0062527550457662055,-0.008809408927859634,0.003255307031121241,0.0018176037602065877,-0.0006036952734351788,-0.005308669541658755,-0.006213152377736851,-0.002170662460675126,0.0024567079697886,0.001209957473354987,-0.030070342659555105,-0.02474550290149637,-0.005673606326169784,9.051641,2.4665575,-1
2.5947,23.0,3.4986876640419946,1.031496062992126,1369.0,3.593175853018373,34.42,-119.67,2.326,34.42,-119.67,0.0032209827168833156,0.04959894201465215,0.0009776727628871308,-0.0015642377429200404,0.037736710465555726,0.03495598075360029,0.02087264874676618,0.0018818323069795626,-0.00037433667716466366,0.00026823082626857163,0.017553719842332997,0.0034727795078679804,0.003154915236540589,0.0015804717933251941,0.001837259685453816,-0.00629484550675449,-0.0095414709780722,0.00286602146227829,-3.537102986444178e-05,0.0019075572201180868,0.0004017174733863637,0.00427166522887591,-0.003029080561254051,-5.51909433538067e-05,-0.0018820157066801928,-0.028946465422966954,-0.026646285574110345,0.053864957574350426,7.3347855,0.68595856,1
3.8819,39.0,5.5559701492537314,1.1343283582089552,700.0,2.611940298507463,34.44,-119.72,2.899,34.44,-119.72,-0.004146172094043822,0.013853522043403038,-0.0016753300958414568,-0.0014494855555522077,-0.042417314825236384,-0.005453613365528375,-0.01266968164616292,-0.0015242842393648252,0.0005125712665098093,0.0008888186037502494,-0.01962933920847295,0.004538786074095668,0.0010651428770318036,3.911228902042066e-05,0.0003828653670170356,-0.008131306545823417,0.00037587178801754223,0.0036384145907740473,-0.0004077607956548886,-0.0009753045529297678,0.007601708679890439,0.011514624525768851,0.002031357822738395,0.00048334636705867973,0.001157912796716317,0.014205693389830156,0.012533258527940145,0.056174890474111276,0.3404551,5.876316,0
3.1497,26.0,4.404384896467723,1.0864799025578562,2257.0,2.749086479902558,33.83,-118.02,2.176,33.83,-118.02,0.0012435467488371857,0.01892171163859046,-0.0028862751053433874,-0.0011210584569870076,-0.02923811522762404,0.026547247719520883,-0.011652367240450861,0.0017925454298540044,0.00016180941893640088,-0.00010262068846236453,-0.015873804073836432,0.004605418980167045,0.0008969248169561936,-0.000516665168788291,0.00039178588365057406,0.004502754080952807,-0.0014425105299809146,-0.0007515940394588355,-0.00020571326254565958,0.0005530177606636941,-0.00023710126801329787,0.004679692132599078,-0.002886960405399999,-0.00011736138239333164,0.00031439974211456385,0.008103341401469245,0.011411567831405813,0.062313548761262084,1.7464943,4.971211,0
3.7655,26.0,4.352494577006508,1.0683297180043383,2442.0,2.648590021691974,33.82,-117.97,1.977,33.82,-117.97,0.002722774299251569,0.01649840202730106,-0.0026995436489405658,-0.0007221024940208735,-0.0389538652094756,0.000692931253022479,-0.0013891797354773502,0.002009968000261559,0.00015619378472685907,-0.00016267085769906378,-0.012664252584973857,0.004529570728643035,0.0007443275574633912,-0.000516665168788291,0.0003751762065625871,0.002809390585943604,-0.0013322940734924857,-0.00018951676058495527,-0.00022826473835717973,0.001531742650584258,-0.0015526344184785567,0.003442892281482193,-0.0031869659706226486,-0.000722270488408398,0.001340376979760699,0.005203217208707303,0.009239757307188226,0.05457791822251151,0.09030463,5.8616834,0
1.1667,40.0,4.004524886877828,1.411764705882353,799.0,3.615384615384616,34.01,-118.29,1.438,34.01,-118.29,-0.04006251618652732,-0.016908905906758788,0.0023694241495741323,0.0003331609357407761,0.05855516432421174,0.026424982917375876,0.002711115772879218,-0.0011462980808366445,0.0022058552101360362,0.0004364093507999487,-0.014469854281411282,0.0003553020332510373,0.00021799926865113744,0.008379117955408213,-0.0011484686916588664,0.004412646322821219,-0.0027241571103688526,-0.004624633291123633,0.0014334186593608833,0.00011261042506417382,-0.00818294141342553,-0.00033427554595305786,-0.005729709280111607,-0.00018575715410588717,-0.0006555144223660402,-0.03242591034054854,-0.006038142122369665,0.05626125379939559,9.399671,4.262896,2
3.7235,48.0,4.662393162393163,1.0085470085470083,632.0,2.700854700854701,34.11,-118.16,2.636,34.11,-118.16,-0.004433908247842619,0.007900879504469709,0.0007536265077708797,-0.0013493016310899646,-0.05219110775171405,0.007088474544495493,-0.012975623335379799,-0.0006674725453391359,-0.0002858288681373148,0.0005722927694270443,-0.01853191290477747,0.0026811670007761456,-0.00012427899188967333,-4.918905347600465e-05,-0.003749623727157742,0.002694467059821625,-0.0022119627607321253,-0.002257837577549255,7.109367728493532e-05,0.00032465025721464087,-0.0012177295291910927,-0.00651429661052793,0.0020130672758174586,0.0004081802267943032,0.002075008933897769,0.00824862241685144,0.010001215983192781,0.07086406851873164,0.618701,6.157414,0
3.0,52.0,3.9604166666666663,1.09375,1856.0,3.8666666666666663,34.11,-118.2,1.564,34.11,-118.2,-0.02769705485846196,0.03592382451972179,-0.0023379285584127557,-0.0024318195823012164,0.04559843739071896,0.024276904095276552,-0.010440630866406536,-0.005600675568724232,0.003502411275297765,0.0007949455561975738,-0.015893862599562214,0.0007072957871072029,-0.0018952866533607797,2.8191257303167652e-05,0.000260341647566982,0.0034151423858651405,-0.0016900663439259978,-0.004177282881874373,0.0004546759136865016,1.9887683679155957e-05,0.0012967448673739373,0.004134582564609109,-0.003075445047294567,-0.0007968253894731377,-0.0010479928861521729,-0.03212829181846809,-0.004745568966665634,0.07023582156524448,9.335755,0.5477268,1
2.4375,49.0,4.024390243902439,0.9420731707317072,1405.0,4.283536585365853,34.08,-118.2,1.14,34.08,-118.2,-0.02901913539434784,0.03128160336345381,0.001037664547483098,-0.0020364440250489712,0.05251290569153092,0.030479627804023957,-0.007563059214493835,-0.005888239572034009,0.0008106495477975624,0.000616809496166985,-0.015082647993003937,-0.0013621857596453429,-0.003360425798458539,-0.0005328644000129294,0.0005157169132289665,0.0016486925204878657,-0.002001571943093268,-0.004183323013201525,0.0027171710856211404,-0.0032590582091596605,-0.0021847212106958056,-0.01712738245747911,-0.0040138058163068,-0.00012087172002576057,-0.00039126386428562835,-0.030261012176045387,-0.005660179812985893,0.056769088985935974,9.301728,0.0083233705,1
2.6771,23.0,3.748453608247423,1.0762886597938144,958.0,1.975257731958763,33.74,-117.83,1.315,33.74,-117.83,0.019141228999833435,0.061023845085026514,-0.0007140895379165577,-0.0017398916402685852,-0.08142953133996154,0.017490250544595257,0.003025357700917144,0.0009867333457564335,0.0003571336227850818,0.0004137360180537299,-0.046201150785059805,-0.002461095953794437,-0.0019195386796505396,-1.3558534064395241e-05,0.0003368591915707095,0.00834016329586311,-0.0008903313293866397,-0.008845013845055835,7.799444931508046e-05,0.0008049417093510582,-0.003022065994046345,0.004119448425593103,0.00284931067001308,0.00015139976862809997,-0.00021845997545647428,0.0117503518922153,-0.026989926327750952,-0.003469846438557063,0.17812838,4.8747263,0
3.0927,40.0,4.818181818181818,1.0129870129870129,584.0,2.528138528138528,33.98,-118.36,3.16,33.98,-118.36,-0.035546528626093254,0.013370493013152183,0.0012412384374950308,-0.0006000173127666994,-0.05429884880768873,0.02444671194901937,0.009528090881559998,-0.0016307581115301392,-0.00045273067139029046,0.000456982190335274,-0.009566869461011419,0.004247933358625944,0.0008010145108806098,0.00010955593227399149,-0.0035027343734140523,-0.0012620067969825212,-0.0018692528689069222,-0.0030803581848683594,7.114791190803932e-05,0.001077020167383976,-0.005283200153272675,-0.005987112730314414,0.0021058767000155824,0.0008575863036775899,0.0027418873957706213,0.026408063509688728,0.006689855649854762,0.11395676044665323,3.2997472,6.8280025,0
2.6563,36.0,3.072607260726073,0.9207920792079208,778.0,2.567656765676568,33.86,-117.93,1.55,33.86,-117.93,-0.026252733405531897,0.051446853910389015,0.001405259912817944,-0.0015592567934220249,-0.016587217677003326,0.031127097409650372,0.010838271267193436,-0.001570418574811845,-0.0011307968734134077,0.0006083093713429857,-0.0029118546914279,0.0029761653506240084,0.00078037436135939,-0.0006898890504442777,-0.00010800866887685907,0.015365199815864435,0.001449379259919517,-0.0036949008369015217,0.003474325471663805,0.00028456349976262554,-0.0030301046141828856,-0.0175255640765866,0.0021647517601128315,0.0008086543917321348,0.0008649451050387064,0.018160843331954103,0.010301340819827136,0.040251171906181306,2.8522668,5.539129,0
2.0385,47.0,5.017543859649122,0.9941520467836256,365.0,2.134502923976608,34.17,-118.35,2.25,34.17,-118.35,-0.055985590536361415,-0.022668877703639213,0.004060549968413427,0.0300916069003993,-0.04033054418936273,0.028768220974587665,0.019000444076225264,-0.0006211194754577047,-0.0007857968305283092,-0.0016848791022879574,0.01935775872945574,0.00476787637646149,-0.0005591363431465833,-0.0006663112116610278,-0.0007301527696773826,-0.008870525280980925,-0.002811739714330576,-0.001818034640697532,0.0026564159025377733,0.009634806751133308,-0.004834938166083223,-0.0067231002497808185,-0.002460097295426828,0.0010403048491605343,0.0026481667793760264,0.021484167762650507,0.016886133754657005,0.09551204473570948,1.9262403,6.5117717,0
3.163,26.0,4.267241379310345,0.961206896551724,719.0,3.0991379310344827,34.27,-118.71,1.794,34.27,-118.71,0.002471089326806867,0.03492633829810814,0.0017243918105945685,-0.0008515023136968012,-0.01758879619495532,0.028533538228079146,0.0024984855080058357,0.0014475466075689748,-0.0015377213363035574,0.00021650043781247213,-0.010510943756322357,0.0073484627824466926,0.0016137281417119623,-0.0009003539446478491,-0.0036464726357996386,0.0027487255095102144,-0.00813832151236249,0.001689806130797785,-1.907747546006943e-05,0.002843723371883082,-0.0059592038726347845,-0.005812798716462446,0.0017024998699654169,0.0005311726552461257,0.0012149255540373485,-0.004514171888394328,-0.010734284680902003,0.002252075750004392,0.02923916,3.4424322,0
2.2422,33.0,4.064080944350759,1.0809443507588532,2106.0,3.551433389544688,33.97,-118.17,1.682,33.97,-118.17,-0.01770399467310697,0.0259254806389532,-0.0021961399637776824,-0.003435401297792479,0.05286316905281593,0.028844793543952415,-0.005502383939070522,0.002379922869767095,7.930081720974847e-05,0.0002501306351427018,-0.014696261957641088,-0.0012478402341586313,0.00017699464863971164,-0.0005020372704270116,0.00040376084705755135,0.004739021679537512,-0.00144919843876412,-0.005400649497728319,-0.001376979772052732,-0.0010032631794885617,0.0012715976772535696,0.004105683772398583,0.009696586488638961,0.0006137532026936117,0.0023306713614444042,-0.030503749384534613,-0.001262171098111471,0.0556573460002972,9.213296,0.8651061,1
2.4875,27.0,3.4573002754820936,1.078512396694215,3481.0,4.794765840220386,34.06,-118.03,1.578,34.06,-118.03,-0.0055960793180722754,0.04192175648879875,-0.0024490347727134073,-0.0017802938139400994,0.035430237421122335,0.029113228061999185,-0.003612696109230353,0.0021252981726821497,7.930081720974852e-05,-0.00017337561741436562,-0.0024460558581831954,0.007162877149088428,0.0016892989440411893,5.5154606365244115e-06,0.0016586385307724215,-0.019403489171572502,0.0008775985792360388,-0.0020953426969035327,-0.001376979772052732,-0.0009576661556318749,0.0010053706398216755,0.004071655863845978,0.008701003933986137,-0.0002402787519292997,0.0033662534711467436,-0.027305713530971575,-0.001427742205863572,0.06663085028713431,7.646082,-0.005609443,1
1.432,44.0,4.04915514592934,1.1136712749615976,2182.0,3.351766513056836,34.0,-118.28,1.24,34.0,-118.28,-0.03909066211664547,-0.020330981223974875,-0.005181689624795651,-0.0018085959243703698,0.03964742303366235,0.02519329360673269,-0.0014207788051212083,-0.001098280769611742,0.00035841876266518453,9.0018315615867e-05,-0.011443456809324659,0.0017067142847704512,0.0005631766351493296,-0.0005250267900455607,0.0003560030590516618,-0.000800876460835255,-0.0019891541335671364,-0.004372690826048461,-0.00026254908692477786,-0.0016146048128106542,0.0005895992748871062,0.0079072570851962,-0.0016419159987366141,-0.0001254491245763442,0.00034309084666624563,-0.02036362916674963,0.0006874881204804464,0.05750914606330525,8.69366,4.2932343,2
2.8917,33.0,4.699346405228758,1.0098039215686274,1378.0,4.503267973856209,34.2,-118.37,1.704,34.2,-118.37,-0.01636227900332569,0.017810598581104894,0.001293850370564016,-0.0020642362023448983,0.04324491955779864,0.031907047214747505,0.013008925218746787,0.001446273451036069,-0.0005360392102786214,0.0007811576380994943,-0.01771638879571856,-0.0011612032038588226,0.00031901574236639006,0.0005735264020311589,0.0005838433986650889,0.005794690329137131,-0.0024922366966727482,-0.00297302898798607,-0.0012517868741402105,4.044403398357673e-05,-0.0042197525519019705,-0.005258373568548057,-0.0040234929110651895,-0.0007736647764378062,-0.000909574451066456,-0.0331268096712625,-0.027664391657772902,0.07698445507727464,9.068875,1.1099997,1
2.5444,35.0,3.3746223564954683,1.040785498489426,1334.0,2.015105740181269,34.09,-118.35,2.361,34.09,-118.35,-0.053127970937716255,0.05995475099495334,-0.0014556041668259978,-0.002734557170087366,-0.1058767986713672,0.027135712350615196,0.02047438933762267,0.00050269258090001,0.0001999922018653109,0.0012132945679459274,0.04486950761175053,0.0034290649750630823,-0.00048493086526649686,-3.742245159342309e-05,0.0014017309565917606,0.012446256027178394,0.0013556643613058408,0.004928605848972093,3.0205405279056015e-05,0.0004421348018581333,0.002842786452721917,0.0035068578775547645,0.0025013597638408234,-0.0003443575222595073,-6.423865076680542e-05,0.01719310567867554,0.01656451901355365,0.11864358516158384,2.640448,7.1712584,0
1.7562,30.0,3.4423076923076925,1.0692307692307692,1827.0,3.5134615384615384,33.97,-118.19,1.813,33.97,-118.19,-0.00905968721600546,0.05592935834459254,-0.0014299605123590663,-0.0027717087286260973,0.05205622396079997,0.029682387805409778,-0.0019031167890530252,0.0018036186219543,8.009204334002718e-05,0.0003605440622397524,-0.008755629059662364,-0.0005311743320844768,-0.00014477790572452512,4.6967903158765954e-06,0.0015139649730145119,-0.0015629200426999917,0.0009120259121196449,2.7913468169099823e-05,0.0004325532117914197,0.001003639161547181,9.986758043807508e-05,0.003228692025720365,-0.002731217678935819,-0.0010195938657812807,-0.0011929437286095483,-0.029102401449523294,-0.002781548276603893,0.052842182006380745,7.966239,-0.25072795,1
3.975,22.0,6.896373056994818,1.5803108808290156,580.0,3.005181347150259,33.16,-117.35,5.00001,33.16,-117.35,0.004623437009551853,0.01556868484853446,-0.00014320135083951133,0.00010184907698667445,-0.022830368887772293,0.027610880933798976,-0.03490336962351177,-0.002700768814302888,0.0033479022867109968,-8.860919466482838e-05,0.017145370287528244,0.0003725536819775727,0.0005950243591728743,-0.015578079862326025,0.010323007306394334,0.001046333260951097,0.04719938408623562,0.08389737333868358,-0.0008436130900583797,-0.0019326959220502574,0.053586934943027735,0.11824601289309233,0.0014545653613002236,0.0031439389770160217,-2.0308240910644436e-05,-0.006613436458566031,0.019621768934640633,0.008052391618720406,0.20665193,4.2271147,0
2.2344,34.0,3.20414201183432,1.0769230769230769,1132.0,3.3491124260355027,34.06,-118.22,1.531,34.06,-118.22,-0.019043910675198637,0.07695827740018449,-0.0019576812986512346,-0.0019240184654022911,0.046823733853088995,0.028248419965975668,-0.005777181357224106,-0.00011852164669003565,8.009204334002718e-05,0.0008919166678067194,-0.011891496512278176,0.0003170908908744032,0.0005759564372808236,-2.7634443477933914e-05,0.0013413481401257181,-0.0003889166610026956,0.0007577224274132265,-0.0027702192760896316,2.1158624935962144e-05,-0.0008340253944885514,8.711661405042586e-05,0.0029610913987371725,-0.0007774399612155696,-0.00038079139731291326,-5.416094784338131e-06,-0.017846369327539763,0.00381062022568905,0.06605874597957584,6.579861,-0.52849805,1
2.6639,29.0,2.91125,1.04125,1953.0,2.44125,34.02,-118.46,2.333,34.02,-118.46,-0.012934494366848825,0.05652894521250077,-0.0019900484498276945,-0.002563373956025514,-0.037181240879725554,0.02972104039363891,0.02084935905210425,0.002674676849424994,0.00016260064506667956,0.00012946283934769725,-0.0010059179932198033,0.005870598870552814,-4.971026682459754e-05,-2.0037282226769554e-05,0.0015658545066984956,0.012314131964220447,0.003734187953312296,0.011189457933772951,3.020540527905602e-05,-0.0001761258253749454,0.0035686132042179026,0.0039282400318689,0.0010905000986635347,-0.0001340744510228084,0.0011685912382239476,0.035203521632156676,0.00613163167874823,0.19354225463977018,3.8476167,7.1362853,-1
2.5521,38.0,2.859848484848485,1.0113636363636365,2899.0,3.660353535353536,34.08,-118.27,1.575,34.08,-118.27,-0.029533083264697297,0.034693126609331174,0.0013150983061002073,-0.0017671151885810706,0.03813189431547111,0.029088306576306653,-0.006019502926948746,-0.0012984702932985737,-0.0005312831424655498,0.00032280836537703327,-0.016147864019870655,0.0007037190229037791,0.0001720463908688022,-0.00038350615272535193,0.0020419589296450423,-0.018003830059692354,0.000978974504602619,-0.0018616284056623591,0.0020913513316582065,0.0023130282508799214,0.00046853896582021233,-0.00615558102233259,0.011476184416243713,-0.00015293118285942083,0.003814683079492046,-0.028717724721890985,-0.0025502981875025134,0.06273493739959023,8.737211,-0.39542657,1
2.8608,30.0,3.641340782122905,1.0525139664804468,2744.0,3.065921787709497,33.91,-118.08,1.656,33.91,-118.08,-0.007672256448790153,0.03299269658519895,-0.0022612412221294682,-0.0013687586102857125,0.021160880706643466,0.026113372983401634,-0.010729292323078059,0.002060518200334738,0.00016180941893640096,0.00013719659716269914,-0.011369797129798024,0.0005414364141751958,0.0001689450180665662,-2.0176658823545636e-07,0.0009232733402921591,-0.0005427297900171581,0.000649305979404153,-0.003779748162593586,-0.0002833442643984733,-0.000393091627917483,0.00010925633083513775,0.0028079351770116945,-0.0030139497766653233,-0.0009646615665630201,0.0015095045960724605,-0.00013016594444690654,0.002584284812456628,0.05364531326824642,6.0131135,4.330294,2
2.1046,35.0,3.981273408239701,1.16729088639201,2221.0,2.772784019975031,34.03,-118.32,1.14,34.03,-118.32,-0.025069724086211706,-0.01597698958743211,-0.003167579508844201,-0.003772438505290851,0.01673785693597442,0.03457369217985962,0.00882539795763366,-6.813525260211285e-05,0.0005860957465500491,0.00028011026481188675,-0.002280013719472743,0.0018875017062301989,0.0010618407145494202,-5.856067725405734e-07,0.00034882219799805387,0.0014098026883605955,-0.001086495250244556,-0.002053817149098562,-0.0003261249393957115,0.00012177443379800303,0.0032064505476760196,0.00621055638240389,-0.00303203761687099,-0.00011138299846878707,0.0004010839134570017,0.01361164735500115,0.006787295462410728,0.07997636391929437,7.330044,4.465712,2
1.7064,46.0,3.2180579216354346,1.1090289608177173,1545.0,2.6320272572402046,33.78,-118.2,1.75,33.78,-118.2,-0.04159797442748755,0.09925799950568238,-0.0029069838636171176,-0.0023598978550961962,0.003575578417413534,0.030662902160235674,-0.0019366909240198223,-0.0010999784091211395,-7.252307073283659e-05,0.0008697549295658515,-0.00476249414865656,0.003744683155749862,0.0009742605487329313,-0.00015336445659373254,0.0014822548020162988,0.008112729546394892,0.00019269060066561797,0.0009575954546101313,9.972444092262036e-05,0.00024326701121966197,-0.001263439172469089,0.007795682947081558,0.0004291088921140155,-0.0004040314258691658,-0.0002960361892614375,0.014501510539442462,0.012961662411027605,0.05460022301577694,5.0680776,3.9238138,2
1.9929,30.0,2.682722513089005,1.0041884816753928,3909.0,4.093193717277487,33.98,-118.23,1.506,33.98,-118.23,-0.007672624744377257,0.0976790534238742,0.0018055689707136195,-0.0009448217793689205,0.04449595920117142,0.028091391078585243,-0.015977333912997452,0.0015717249501144114,-0.0005320830796272287,-0.00016535680398781002,-0.009596782294160602,-0.000812488688938276,-0.0002181229930508924,-0.00037117598868988133,0.002001667365040255,-0.018993926409269897,-0.00020299892304878896,-0.014462443336459236,0.0025924306698268704,0.0003627034775035505,0.0007235186000320134,-0.005397296860826641,0.01203294360980413,-0.0002142013390076235,0.003779837752379919,-0.029221675413822784,-0.0027389234283614907,0.04681554572162598,6.2868075,-0.43177006,1
3.7083,31.0,3.8012048192771086,1.0180722891566265,1019.0,3.069277108433735,34.16,-118.29,2.419,34.16,-118.29,-0.0014689557431319675,0.007423008743593085,0.0008758814783886158,-0.0013739165612546972,-0.037618475919400415,0.018856709025676068,-0.023453213015132163,0.00221324074238782,-0.00045914624276151126,0.0008169133030334131,-0.015668442472510136,3.068948833520439e-06,0.0007083721762712408,-0.0003649841469721731,0.0004931145576562084,0.0015986652591069399,-0.0005261032548974635,-0.00417698753727784,-0.0002661917117982904,0.001690361232510822,-0.003298561423553854,-0.0028160926044010787,0.001777823954757425,9.304498310020049e-05,0.0002855850724915267,-0.003253557653130612,0.0013493704039053056,0.06677197439100412,1.2570114,5.476424,0
3.0893,42.0,4.686609686609686,1.056980056980057,1161.0,3.3076923076923075,33.88,-118.17,1.627,33.88,-118.17,-0.03552932440986261,0.019440382742153445,-0.0018544685997090517,-0.00040018843693360713,0.008233423913225254,0.0164213678916722,-0.010594734766279968,-0.0014762327015041868,8.089198050170601e-05,0.0007212399838349134,-0.017811536269710118,0.0018157309741636384,0.0006220568216932041,-0.0006569535641752808,5.798539912895971e-05,0.0026634787950569993,-0.002317800854839595,-0.001584215195191689,2.1158624935962144e-05,-0.0010702866570631723,0.00036400519778195746,0.0032567750634774515,-0.0012332314081032127,-9.61174559371937e-05,-2.0522808687646464e-05,-0.00719016023920872,0.006460215071744735,0.054273277710219406,2.2422376,3.5890727,0
3.2799,17.0,4.860048820179007,1.1261187957689178,4349.0,3.5386493083807973,34.02,-117.91,1.993,34.02,-117.91,0.01815591433979261,0.014542889334438109,-0.0009925710263118392,-0.00047676823139579047,-0.01156242502192486,0.021385924420036007,-0.005885608072197486,-0.0024655658190098815,-0.0006121201614893085,0.0007431502348226564,0.038492949095525884,0.001286503619157133,0.00026068398789711426,-0.0011164014739206537,0.00040284377959224656,0.004249714233771832,-0.001397315361146469,-0.0024998086249752084,-0.001438974956126528,-3.8902970518062184e-05,0.0010934054515065303,0.007850275839797588,0.00980312847087382,-0.00030471911442201056,0.0033075695731759323,-0.026688494065702388,0.005358244175592678,0.06473992692575015,3.066457,4.4283137,0
4.0556,49.0,4.968599033816425,1.038647342995169,1103.0,2.6642512077294684,34.1,-118.12,2.826,34.1,-118.12,-0.00047681269745544714,0.016598569511922498,0.0005141324744342925,-0.0016100215759096705,-0.0379006437808971,-0.003279516973424677,0.0019474464217525045,-0.0005970134601405337,-0.000346297725730117,0.0008478549562136685,-0.0179532730762274,0.003881007940690507,-0.0002056320211676678,0.0010124018791459201,0.00047235809466646264,0.002315580217545765,-0.0018017810745435219,-0.0012052536446568432,-0.00044055208260189633,0.0007819542122244992,0.0010016200365844529,0.0033447448094010863,0.0018871276823278372,5.7748959689549593e-05,0.00014660334284100388,0.008533725365882375,0.009929388626364595,0.07392171295649265,0.07614962,6.3168917,0
2.2148,38.0,3.5160965794768613,1.1066398390342052,1939.0,1.9507042253521127,34.11,-118.33,4.383,34.11,-118.33,-0.06640034412307012,0.08776347309814726,-0.004654062114972774,-0.005757034619643496,-0.11663052083313678,0.024247346743138533,0.0033767823786874807,-0.00039473117136894497,0.000495969349420437,0.0005475299396662152,0.04338439112967524,0.005074386604907952,-0.0005275115557950223,2.2129488344521577e-05,0.0015441919108642012,0.013780293096778027,0.0007947046714695042,0.002283287965868268,5.8015573726406226e-05,0.0031534819860172245,0.005245848564034683,0.0053623655373878,0.0012435924354734205,-0.0007372798365931413,8.345103991426399e-05,0.015236619002766022,-0.011632291334084537,0.08947529103245581,2.5299191,7.3062344,0
3.0759,52.0,4.898907103825136,0.9562841530054644,1303.0,3.560109289617486,34.01,-118.31,1.237,34.01,-118.31,-0.02307293884124667,0.01353145907150492,0.001405239182097363,-0.002146775501097526,0.011375004450908117,0.0181707510229089,-0.00036303399663878573,0.002158395101121347,0.003275532933259119,0.001031659483555734,-0.02115260568722131,0.0007072957871072029,-0.0018952866533607806,-0.00043709499760118174,0.0005213283151656155,0.002740302901173693,-0.00211104157080758,-0.00430964991406085,-0.001207981758176806,-0.0026324011298649876,-0.0026424329297876233,-0.0036221176360841743,-0.005530493130083578,-0.0005481209850480202,-0.000920722377753472,-0.03371703169379486,-0.0042048500605126925,0.06248411557929773,1.4325795,2.8461268,0
3.8247,33.0,4.827160493827161,1.034567901234568,2097.0,2.588888888888889,34.21,-118.55,2.087,34.21,-118.55,-0.014118355693242012,0.01288955381950859,0.0003461213781879948,-0.0012830927570579274,-0.05523664684908422,-0.0007631240091160754,-0.008744626623569729,0.0017863505836246878,-0.00044598311713960444,0.00024033508383021279,-0.007370227591856242,0.0016618311005928469,0.0009767367849662827,0.0011588167008604452,0.0007812644212362487,0.0009607252923104932,-0.004184215747120195,0.001159781510072105,-0.0007459897860701765,-0.0010320437710211452,0.0009388624692106011,0.003121871826366587,-0.003035423258804183,-0.00033383600286807346,0.0007214613274682045,0.012821390296059708,0.01339614319004538,0.07268070028735475,0.67996603,6.364461,0
2.9844,36.0,3.5828571428571427,1.0114285714285711,834.0,4.765714285714286,33.98,-118.17,1.636,33.98,-118.17,-0.018001779547138417,0.03002304833258254,0.001385438487298319,-0.00028467779676663954,0.040355106021019,0.025435015029347426,-0.010047978011518119,-0.0016345367953002133,-0.0005360392102786214,0.000582983663894824,-0.01779750033544787,-0.0005041796719139859,0.0004450905929368353,-0.0003425636197933871,-0.00018579013605201416,-0.014493666695271542,0.001414448312137889,-0.001941626934660128,-0.0012698990475801363,-0.0009123064539015174,0.0007234095593592146,-0.005734555187202797,-0.0070104905847738225,0.00012223304282944991,-0.0007265769906746486,-0.03069465108975813,-0.005537787988148478,0.04417502256189947,8.456953,-0.4858993,1
3.3636,43.0,4.397394136807818,0.9348534201954396,811.0,2.6416938110749184,34.03,-118.37,1.409,34.03,-118.37,-0.0347104790672484,0.015347157095734412,0.001667065599501393,-0.0012477350102081007,-0.05051791542905169,0.028030323072819784,0.001965034194527933,-0.0019198740981047897,-0.0011437889562806746,0.0004678404426862215,-0.013103771471896666,0.0034967924498169054,0.000836136654261851,-0.00040034181863616897,-0.0009558270275989741,0.003627429970056531,-0.0016594619190529044,-0.002972639927245098,0.003436548610337245,0.0016057348678306543,-0.013375173337669643,-0.02865432920454653,0.001794090878071495,0.001089936037456837,0.0019965133172544316,0.012254056560431515,0.012669820303479469,0.1469915060105325,3.579876,7.0211473,0
3.5268,23.0,4.894308943089431,1.0975609756097562,409.0,3.3252032520325203,34.09,-118.05,1.464,34.09,-118.05,-0.005543295976579052,0.012452355074488546,-0.0016213571284826717,-0.0022237348009384057,-0.009553898076790308,0.02050024869896218,-0.017141497418278348,0.0011839994890922392,0.0002475952627897867,-0.000750442388696183,0.018871950837481194,0.0018598822965672323,0.0027174393073865744,0.0002250251301817763,-0.0015203175054289216,0.0006576336044605462,-0.0018526021677507823,-0.0017530226998924694,-0.0019010676130326767,-0.002460197405687004,0.0017766127736232535,0.004266278748290254,0.001330628263186178,0.0009332410360476073,0.002705210409319993,-0.009815414302575504,0.005464505301150107,0.08130834288588312,2.527821,4.71134,0
3.5054,33.0,3.99375,0.971875,1157.0,3.615625,33.82,-118.21,1.468,33.82,-118.21,-0.01213467559098087,0.031082977847960252,0.0008354984488806968,-0.00026531948260909784,-0.010762613666882909,0.021535379549245958,-0.020085695014642458,0.0019714110435759013,-0.0005360392102786216,0.0007811576380994943,-0.021653549629060215,-0.0010894345345156154,0.00032861416983031075,0.0005731148762669194,0.00044827216734355025,0.0008438229790138843,-0.0018453441651428738,-0.004999240712440322,-0.0013282662211893778,-0.00034629131833388685,0.004751592501353764,-0.0062952022354047,-0.006710740775927139,-0.0006472491260755923,-0.0009785192977233219,-0.034522542345701034,-0.004124707410825963,0.04974032594994675,1.476483,2.9529183,0
2.3421,48.0,3.425531914893617,1.0468085106382978,633.0,2.693617021276596,34.1,-118.28,2.0,34.1,-118.28,-0.031180227234696427,0.04708795426206302,-0.0022072321204064317,0.0014248477880956473,0.011737349623535343,0.031350972347488494,-0.007523797799177183,-0.005918097773924264,0.00026149481034588856,0.0005990716177638728,-0.004034353444331041,0.0018659227818626106,-0.0022888360342099125,0.00020981699510388703,-0.002364674378835416,-0.0008058497348032928,0.0007738529890202433,-0.0044486422159015606,-0.00044994296036439895,-9.739989161751546e-05,0.0007738587347417619,0.003786179813524235,0.0017036996704713372,0.0006592141251749112,0.002237086956870263,0.014782610991180254,0.010568127587454812,0.07649061370573433,5.506135,4.036986,2
1.6887,44.0,4.465587044534413,1.0728744939271255,760.0,3.076923076923077,33.94,-118.26,0.996,33.94,-118.26,-0.04233669234355464,-0.034861104558236246,-0.0030501638287995137,-0.001025573779331317,0.025335008944116725,0.027500501300451324,-0.005221105465837649,-0.0014058468468329764,0.0001916030228869853,0.000450471146646777,-0.008591652096990055,0.0016752262458613037,0.0005255643008648018,-0.0007449692361108941,-0.002949135577646547,0.0025269995009893544,-0.0022373031418700135,-0.0010530572538014512,4.109140560026686e-06,-0.00023427164727217543,0.0003518527742341428,0.0031851901756239087,0.001367532745845286,0.000373641251085859,0.00010492078212678623,-0.0004922745341324288,0.002963280412367919,0.05792780290575989,8.075382,4.429431,2
3.7303,32.0,4.315789473684211,1.0526315789473684,1376.0,2.5864661654135337,33.78,-117.95,1.885,33.78,-117.95,-0.007779551194100243,0.01786520045492154,-0.002400447766880011,-0.0014353454338544714,-0.05752883870977659,0.007756698259090876,-0.009655618973617539,0.0020483201101321766,0.00015698501085713762,0.0008252341511308075,-0.004862418684878263,0.0016766546869311709,0.0009554401818992457,-0.0005069358273311237,0.000149735000228654,0.0014335294112304184,-0.0016476629958058222,-0.004366087220705801,7.730084004124625e-05,0.000910730752435405,-0.0015418638315061175,0.003355368187029896,0.0002595777838555514,-0.0001541970348069033,-0.00034814962226750496,0.011803829073920673,0.007852319560675461,0.05693195142603629,0.9979401,5.8269873,0
1.6221,41.0,3.82560706401766,1.086092715231788,1776.0,3.9205298013245033,34.0,-118.26,1.042,34.0,-118.26,-0.03888357701543866,0.025730151078965976,-0.0035409182957385076,-0.001673848271945832,0.05005706431673618,0.027594469767345618,-0.002441030894477855,-0.0011038307734639586,0.00010909442116033291,0.00035195246226567273,-0.01455437213258858,0.0004811298246386602,0.00018169062909547388,-5.442410658332617e-05,0.0001763055812333234,-0.006338796577185421,-0.0016722346543045863,-0.00032838928473657167,0.0004544110783291056,0.0003825096348648969,0.0010182306468821262,0.004023240098687432,-0.0028126845280491515,-0.0005735030795575514,-0.0011965837889795323,-0.03163909614664197,-0.003941756297926192,0.0556364622759308,9.450651,0.080770925,1
3.2823,17.0,4.463446475195823,1.216710182767624,2460.0,3.2114882506527413,33.83,-117.98,2.285,33.83,-117.98,0.02059714833290465,0.017972088968985958,-0.000177923690190604,-0.0023667223104090777,-0.010038192113593301,0.022680447357844736,-0.013647197656346437,-0.002402057004609893,0.00236834503198097,0.00014792384444417209,0.03321980996809956,-0.00033696160870831963,0.000898283830919188,-0.001089650232811104,0.00040284377959224656,0.0030228221396654234,-0.001597884815015124,-0.0007665712070087739,-0.00031495482544785817,-0.0014741582847381384,-0.0017146865617209905,0.00896144268123682,-0.0017416626097376618,-0.0007700041441334812,0.0012807870637677756,-0.005441920550175903,0.006349459632563186,0.06091885950539918,2.9823647,4.552118,0
2.3716,52.0,3.9415730337078654,1.0157303370786517,1849.0,4.155056179775281,34.03,-118.2,1.228,34.03,-118.2,-0.026224405400544683,0.028853839677339555,0.001399884692840344,-0.0018379164956110082,0.05297620657674075,0.02985963883454717,-0.007134670202486805,-0.008852953030135257,0.0029503414324941156,0.0007787422039969226,-0.013303134173800281,0.0006206587568073927,-0.0020514768503248513,-0.0003383328308333149,0.0006360279531586841,0.0025737967014652567,-0.0010819237962842352,-0.002245424375757155,0.00014758992363356546,0.00511595759808486,0.0010676542045526044,-0.0049483557798197094,-0.0035350771453025835,-0.000749628414595229,-0.0010879249594369972,-0.030103628203937444,-0.005299854378449021,0.0481638113611295,9.245127,0.14845832,1
3.2813,48.0,4.95945945945946,1.027027027027027,956.0,2.583783783783784,34.05,-118.36,2.436,34.05,-118.36,-0.021755975979993257,0.014995628842616763,0.001164193543845097,-0.0016166034482474616,-0.0640720732878469,0.028306790052717506,0.0007807194489942996,0.000535411968429753,-0.0002802132339277728,0.0007411750188460866,-0.010105744083356261,0.0015751329096941246,-0.00212046069683951,0.00042563251631147275,0.0004698061760502684,0.0008081613009158967,-0.0016008588489073246,-0.0022254646102336947,-0.0002779038497968266,0.00020000547045083967,-0.005229283730395933,-0.005731946974148197,0.00198979802564997,0.0005424510599834895,0.0009394184124412783,0.01394328909121659,0.010061271225386666,0.12324519224871036,3.4204404,6.873516,0
2.6375,19.0,3.4441717791411044,1.083435582822086,1546.0,1.8969325153374232,33.92,-118.36,2.338,33.92,-118.36,0.03015622120556821,0.05922490054434787,-0.004798620766570091,-0.002065309445388303,-0.07429475413523619,0.02607709349745482,0.02111161509333813,0.0019341648202615127,0.00037417676877374225,4.121395503913804e-05,-0.048903134026059676,-0.005306975872804422,0.0020270446795951505,-1.6717249006612716e-06,0.0013236575516411032,0.0116133324899861,0.0005882762006454742,0.004391838481104665,5.8632024414787964e-05,0.003448690880633885,0.0035595709453409455,0.004893419593308309,0.001073635052589979,0.00027484302995611515,0.0004710006032317247,0.015168681158510774,0.0218218793561305,0.12379953034813442,3.3495827,6.222742,0
2.1667,40.0,4.019047619047619,1.1047619047619048,1032.0,3.276190476190476,34.11,-118.19,1.5,34.11,-118.19,-0.040361417801841,0.020091538796341925,-0.002677813916950428,-0.0019196499252894848,0.05676090984745107,0.030012431387891305,-0.005569247677365561,-0.0007464851767871324,0.0003760691908951529,0.0006785989712432077,-0.01142135177837308,0.001735373567075031,0.000533375746752299,-0.00047823605718182855,2.910146123260126e-05,0.00042525924719452157,-0.0019343073924255295,-0.00582599844480663,4.301649147364806e-05,-0.0014063237970693104,0.003912762966013552,0.0061905983836468585,-0.0007816983246918899,7.142540797424792e-05,0.00033746443734214204,-0.0030743081977095514,0.0069958196814241,0.07473757528209961,6.4029016,3.723617,2
2.8342,34.0,4.69375,1.0515625,5477.0,8.5578125,33.75,-117.88,1.872,33.75,-117.88,-0.01621694329349252,0.02101817582036717,-0.0020723920858619943,0.0004602266579581811,0.06200708884353064,0.02564249466196405,0.004990969439999152,-0.0005835588598279432,7.930081720974852e-05,9.295501025896382e-05,-0.01850307722220967,-0.0009232880576296628,0.001019121912334057,-0.0006569535641752808,0.0004166728725167421,0.005477107123039937,-0.0017230225532100455,-0.0024851133648901894,-0.001240370698113642,-0.00047423766055087964,-0.002675733059783338,0.0030379415246894114,0.012550590504278442,-0.0017588995757133695,0.006398517591217611,-0.03128324506090065,-0.0010398613514902917,0.055547124718294524,9.393362,1.0532864,1
3.5161,45.0,4.662269129287599,1.100263852242744,1052.0,2.7757255936675462,34.04,-118.36,1.57,34.04,-118.36,-0.03608269157103821,0.015077163188074156,-0.0018758936392164922,-0.0013543278301710476,-0.04846531971453266,0.028529372445938773,0.004484416273805873,-0.0011295619139931863,-0.00034493461437213056,0.0007592876370202394,-0.012222126102263016,0.003450014515128698,0.0011563797136885038,-0.0007915942484275988,9.411987045856613e-05,0.0034876957813965805,-0.0015659850394378826,-0.0027414298380554554,5.300735110612744e-05,-0.001473199280168511,0.00483506484907999,0.0054313246353113005,0.0016169283825611925,0.0005163736470618147,0.000815007905560761,0.011247894014824894,0.0097224112045007,0.13642481753409588,3.4597569,6.941299,0
3.369,19.0,4.205278592375366,1.1466275659824048,1088.0,3.190615835777126,33.88,-118.01,2.696,33.88,-118.01,-0.0017340621897019904,0.0356006385766928,-0.0018042678143992178,0.0005679216166510926,-0.007796175933836814,0.022507620901173093,-0.014557205924862784,0.0020356024642705795,0.0006893957212625258,3.3057874463797135e-05,0.020782269699780868,0.00014814861709830097,0.0009130069616727903,-0.000519443010263699,8.267653049718723e-05,0.0019400990600004493,-0.0015976717989804978,-0.004802710572666511,-2.804561136261227e-05,-0.0024887095847602662,0.00087321576442201,0.00791638805611543,-0.0011525394223097388,0.00011404340063444152,0.00011069881310706538,-0.00546142737932972,0.007074793992601848,0.05978671817406576,2.6191804,4.755127,0
2.4931,36.0,3.668639053254438,1.032544378698225,1383.0,4.091715976331361,34.07,-118.1,1.703,34.07,-118.1,-0.019873857511876303,0.04217169559704476,0.000934370668202047,-0.002044348933013444,0.03873601835040015,0.029078825195090505,-0.005095936914402178,-0.0010102541877587792,-0.0005360392102786214,0.0007905493104381759,-0.01599426789672243,-0.000751266343063678,0.0002889003959727651,0.0015973922423112648,0.0008903306027872287,-0.01946577132085464,-0.0005812859990232873,-0.002431708818062916,-3.537102986444178e-05,0.0025957556073555174,-0.0010395770271161909,0.0027634073845215837,-0.0031161357173714425,-0.0005974036389465456,-0.001169390739441357,-0.03049766393627963,-0.004350402142812349,0.06759262958804442,8.172209,-0.3119878,1
2.1005,35.0,3.652941176470588,1.0529411764705885,2274.0,4.458823529411765,33.97,-118.21,1.713,33.97,-118.21,-0.019839671877705453,0.03900436836958719,-0.0014726643314680564,-0.003425553904754347,0.04557080266914336,0.02878078053843899,-0.0018155785113404895,-0.0004749909727974904,7.930081720974863e-05,0.0002834910870269409,-0.014713918335226988,-0.0008591045590075611,0.00024625186874888865,1.4426131773043812e-05,0.0009293636774669525,-0.01809801579846934,0.0007224132701184762,0.0014755760616027424,-0.0013974456033116812,-0.0012706464118965235,-0.0003116412304614577,0.0028637356871349245,0.00940366068679603,0.00036914393613447164,0.0023160943643394678,-0.03079949397593256,-0.0026751625038126162,0.0547828544283597,8.194388,-0.2672811,1
1.9903,18.0,4.258845437616388,1.2327746741154562,1804.0,3.359404096834264,33.88,-118.16,1.703,33.88,-118.16,0.009920822818192093,-0.01041899416241036,-0.0006556901109625094,-0.0030317942783727766,0.036091335905847205,0.027682305911318223,-0.002860673827777672,5.495255264462261e-05,0.003452040682860774,-0.00031753671701858284,0.012417923406564035,0.0001709198234287628,0.0009628538075067801,-0.000512897692150271,0.0002362167681205966,0.00045862993441035465,-0.0018163261252756662,-0.0006267081062644208,-2.6469346795832828e-05,-0.0012818883974628488,0.0008277513011339674,0.007263077467251789,0.001991116214611886,-0.0001550467742451482,-0.00036892418180628034,-0.015173094524425262,0.003042144858853611,0.05320061013190381,7.8451185,1.9400176,-1
1.8333,52.0,3.1555555555555554,1.0444444444444445,137.0,3.0444444444444443,34.03,-118.24,3.125,34.03,-118.24,-0.034936833077003564,0.09523216279321937,-0.00038713012266003996,0.04673574341591462,0.03227321650178015,0.030641037082848294,-0.004864377883158441,-0.006727959818250889,0.002971538582786601,-0.023836519276627964,-0.00732166509414629,0.0021640054338926433,-0.0019284641543634838,0.0005404117471959641,0.0030284216920099865,0.0006617682952663408,-0.0004266968599025663,0.004268797977256387,0.0074016843564884615,-0.0014635932810017319,0.0010942800763539015,0.0043641971005795605,0.0032650766219054625,0.03365018790216038,-0.038040935487955424,-0.0013907026074915182,0.0036667428259163524,0.04201132701885309,6.439323,-0.7899736,1
1.6875,52.0,4.5390625,1.0963541666666667,1206.0,3.140625,34.0,-118.3,1.16,34.0,-118.3,-0.043725465709470515,-0.034980643544819306,-0.0038094453700548785,-0.0016568356923938776,0.04100983787809246,0.027392493844375122,-0.0047007114049315984,0.0032580405384761775,0.002832348342151222,0.0011459184151056303,-0.009671299011709109,0.0017968542066893565,-0.0016837898370914578,-0.000849333308751426,0.00012950754707818774,0.002111270537302151,-0.0019829711379799626,-0.003853702364438462,4.434401589503451e-05,-0.0021105070670402667,0.004110851308528035,0.0028724288158916145,-7.866012069360631e-05,-0.0001589444741845022,3.827807217668626e-06,-0.0037874435794882813,0.0039036170223639994,0.05834969877930511,8.120517,4.382329,2
1.7159,49.0,4.491735537190083,0.993801652892562,1861.0,3.8450413223140494,33.99,-118.28,0.95,33.99,-118.28,-0.045341282067121555,-0.031150196295777796,0.0018484574988049205,-0.0028929708391263603,0.05740827565430006,0.02915000972022668,-0.0036897251594441433,-0.0010743183995243401,9.232560417135423e-05,0.00033383984409152,-0.013633442342317911,-0.0014059369212022425,-0.0030618521597033464,0.0005855498198087377,0.000739884486167342,0.006506110734778008,-0.0020388609869723302,-0.002548658208710049,-0.0012511474994894804,-0.00028945297616623855,0.0001201866505326985,-0.006905635412218087,-0.003970958717958952,-0.0007496284145952289,-0.0012173806649285206,-0.03109958104241124,-0.005456135808256257,0.04737337089544785,9.387843,4.469922,2
2.0809,52.0,5.631004366812227,1.0786026200873362,1558.0,3.4017467248908297,34.0,-118.29,1.096,34.0,-118.29,-0.039664141674664304,-0.01294823218346019,-0.0025286263105069712,-0.003721611502618965,0.05763055813057926,0.027697694324727684,-0.0026432819490030185,0.0019824159746818434,0.0033223659764038283,0.0010215470830255609,-0.010954652625243559,0.0017687070503203397,-0.0018654331484507303,-0.0011549776354430712,-0.00033305944780281596,0.0016233569219119943,-0.0003986618411884002,-0.0033932662374793923,0.0003000970768431912,0.00032896604514562957,0.004080348669466185,0.0028322513110479804,-0.0008737369009745384,-0.0005319642420806051,-0.0004047321721178485,-0.022020925632396604,-0.004685404639852663,0.05751370899857415,8.885811,4.2427487,2
2.3843,29.0,5.328413284132841,1.2029520295202951,1038.0,3.830258302583026,33.82,-117.91,1.829,33.82,-117.91,-0.010950225971458236,-0.015533418299691964,-0.001612314244683514,0.0003655132475166528,0.050632532588693116,0.030675283996596466,0.008558941289270781,0.0015919970330175953,0.0005043783709536755,0.000706154152899856,-0.0029887676438543355,0.0068653922660753,0.002381228040236572,-0.0006573374043595858,9.441022200293937e-05,0.008141041898345526,-0.0015317739355368595,-0.0005826336633129656,0.00042957748955110256,-0.00025336569416273453,-0.00226577382846898,0.009057704788661119,-0.006467621160571225,-0.00020996022420181947,-0.0007677345026913302,-0.0277928028311034,0.001100449768643433,0.050948946765984354,9.010699,2.8013875,-1
1.6792,43.0,3.255357142857143,1.0714285714285714,2339.0,4.176785714285714,33.79,-118.19,1.306,33.79,-118.19,-0.03854105837220725,0.08759926023416906,-0.0021479079639737312,-0.0026076143600449455,0.044435999412350456,0.027288196217289944,-0.0020433068112500753,-0.0014711776864764577,0.00010830319503005447,0.00023384071525838198,-0.014477436989707581,0.0007754876922469843,0.00015997539766126462,-8.75740106977846e-05,0.001734376265387242,-0.01614795242941034,0.00015683817234493955,0.0027612968750022823,-0.0013496565592756565,-0.0013775279636865998,-0.002939761636454421,0.003067839988352381,0.008304680164939474,0.0003624540097555078,0.0022712212049883504,-0.030995586933625356,-0.0027767321472883994,0.05210823661130203,6.5627007,-0.8553164,1
1.2989,25.0,2.9809322033898304,1.1652542372881356,1193.0,2.527542372881356,34.03,-118.28,2.25,34.03,-118.28,-0.005380969073277672,0.1005010817766786,-0.0013320922969410776,-0.0012724729342582202,-0.007224667375205435,0.028243092385569518,-0.0014774068651995308,0.0024163948320092858,0.0007271691915004092,0.00044795478717050253,-0.00473812957932698,0.004945570200662834,0.00046763625098462073,0.0002798622900565989,0.0013969149521794726,0.016412085535938894,0.0009421643164320484,-0.0012637021968866706,-2.0559360997285644e-05,6.874028195224116e-05,0.0007535054973333163,0.00801265751293983,0.0014509899295650326,-0.00041265929439662346,-0.00019109881952071296,0.02383741897307652,0.006191661503730589,0.06032980654089618,4.697123,4.133397,-1
2.75,45.0,5.145669291338582,1.1141732283464567,967.0,3.807086614173228,34.02,-118.14,1.783,34.02,-118.14,-0.040562314382520254,-0.022407745817245032,-0.002117804757951894,-0.0004050313762081289,0.0562326961955626,0.022499170628664297,-0.002712921742148466,-0.0014879612407285771,0.000312419635590455,0.0007450699389971348,-0.015809655699054737,0.0004211025008472544,0.0003456922719470413,-0.0006308582746096861,4.665243399704978e-05,0.006606063921238712,-0.0020316352301458325,-0.00018036519982627116,0.0004544110783291056,9.181037931679397e-05,0.0005718747183088638,0.007766516583731212,-0.006015073629221033,-0.0002011071596876373,-0.0006655443098826773,-0.032246282230827206,-0.0037232582328381985,0.05460433736854463,9.429687,4.199435,2
3.94,32.0,5.697058823529412,0.976470588235294,922.0,2.711764705882353,34.12,-118.01,2.784,34.12,-118.01,-0.0001535387574950414,0.010768688040558983,0.0011224033731535603,-0.001316575352297581,-0.04532367602853053,-0.004253604438871597,0.005642941103016893,0.0011423947469729918,-0.0004398636656069693,0.0007494992341862414,-0.00583259331699642,0.0017794904966638967,0.0009672614327891796,0.0015418167799192079,-2.9940537082034257e-05,-0.0015255450015817444,0.0004645916819919914,-0.0011235966275847586,-0.0005040611509530465,0.00047916841649276007,-0.0011247251224431867,-0.0064449347914549175,0.002119130081425924,6.433244615368986e-05,0.00025873827277744386,0.006421596451735852,0.008966630892901447,0.06547781566520314,0.31336734,6.157809,0
1.3042,45.0,3.953379953379953,0.9883449883449884,1502.0,3.501165501165501,33.98,-118.27,0.992,33.98,-118.27,-0.03812419692055282,-0.019102643890278135,0.001812236641080557,-0.0013307830032080875,0.05537489897955398,0.02776325683341254,-0.0028879987859060053,-0.001182763523968277,-0.000527409165677187,0.0005971552069147746,-0.01368366689910763,0.0007591595769428012,0.00026208925352143753,-0.00026144587283307406,0.0005090938374438466,0.001024416341660419,-0.0010818374402871706,-0.00023054774199784367,-0.0012517868741402105,-0.002087248193436712,0.00011318742724195373,-0.006600983176954837,-0.0034009576778608287,-0.0005474256666358762,-0.0012383543188920164,-0.028163003644418042,-0.004255759609644622,0.046230613543848456,9.326478,4.4348683,2
3.7404,52.0,5.807531380753138,1.1338912133891212,735.0,3.075313807531381,34.14,-118.22,2.477,34.14,-118.22,-0.0012371278445936404,0.009587064178611798,-0.0018470253080822745,-0.0017023649802249863,-0.040364647470753454,0.001147959669017105,-0.006552539521160584,0.0004095296934517039,-0.0027034762021723798,0.0011170302772697794,-0.015078158258043942,0.0024323423067218455,-4.542146877143683e-05,-0.0005482989650163971,2.4811920883466992e-05,-0.0017631101809514186,-0.0005654116834569666,-0.002162938304038889,-0.0004175281856089654,-0.0021682653817057403,-0.0001100074536922043,0.007128011925643705,0.001755434684185832,0.0003124959911435432,0.00039130127568851486,-0.005011773055620131,-0.0004086232160557717,0.071811107146221,0.093545176,6.284823,0
2.8672,30.0,4.635616438356164,1.0904109589041096,1130.0,3.095890410958904,34.06,-118.13,1.985,34.06,-118.13,-0.008669091265889764,0.019056573260355102,-0.002460002425958862,-0.0011643551321319167,0.024429079073442328,0.026431236931758494,-0.009564634871207962,0.0018268425165042924,0.00017296244359666808,0.0007110666809143324,-0.011361479777964421,0.0002470785465668725,0.00020352565800930544,-0.0006443607563924258,0.00014187765846445557,0.005597178461537587,-0.0014639748324060836,-0.0016759822164426864,4.4079180537638464e-05,-0.0014836584450036781,0.0016796352314897164,0.004075672314675029,0.0014986840276211074,-0.00014402394538811134,-0.00010747395637909817,8.446907986669572e-05,0.002816438995134061,0.06778480796000147,6.3069987,4.2695503,2
3.0393,17.0,4.235802469135803,1.1530864197530863,2365.0,2.919753086419753,33.96,-118.36,1.292,33.96,-118.36,0.030744856711784948,0.03682885324432987,-0.0008898198913661427,-0.0020428972263324286,0.01312505416234884,0.032271487008221536,0.013601726254210144,-0.002428211835285068,-0.0004005024425424547,0.00010433429465074451,0.014901637436777138,-0.003073115396579427,0.000158094143944341,-0.0009663837370764965,0.0003220198799690495,0.00436832069757404,-0.001160576604370483,-0.0025078757412495965,-0.00035369708914078865,-0.0003318307137131862,0.004018377356983276,0.007914014391065862,-0.0029135816025555998,-0.004703159570983616,-0.005387438033158822,0.008453002581917642,0.001651380719553604,0.1214453477854222,5.4804926,4.8175354,2
2.1435,52.0,2.8095238095238093,1.0,1920.0,2.5396825396825395,34.06,-118.31,3.289,34.06,-118.31,-0.0386351874129893,0.09408286599407024,0.0019513408231305288,-0.004844020072570265,0.006543793882550868,0.03184337683659761,0.0070794500351806285,-0.008775611488029939,0.0025778025943949882,0.0004093452952389585,-0.0020169176618700336,0.004524837441007798,-0.001564529824039723,-0.0005314000384450381,0.001888606564810775,0.014816097682021898,0.0010726769946848666,0.00358590884933215,-0.0005119321071213426,0.00026773033822932214,-0.003883364283964575,-0.0033417433096113907,0.001053201837391553,-0.0008744944606736043,8.598192046222871e-05,0.020331973092364376,0.011110193100284077,0.07141891902561523,5.0603294,3.9962387,2
2.9939,31.0,4.560553633217993,1.0761245674740485,1164.0,4.027681660899654,34.08,-118.18,1.355,34.08,-118.18,-0.008033564882762379,0.018796408278577786,-0.0018411683266779302,-0.00018730702412006058,0.04314620415226626,0.025288832377453847,-0.007977420044785969,0.0016754361120181825,8.009204334002713e-05,0.0005824572913746051,-0.014612810792247523,-0.001161203203858823,0.0003190157423663887,-0.0006790130696679186,9.441022200293937e-05,0.005277041515635697,-0.00146886698805242,-0.0011336484408467345,0.0004325532117914197,0.0006772201045442718,-0.00013477521176403007,0.0032890074315752287,-0.005798611090091021,-0.00048159078524188253,-0.0008529752612889146,-0.03234559182663142,-0.006280477529566559,0.0693674876097456,9.286345,1.0778695,1
1.5812,39.0,3.837920489296636,0.9877675840978594,902.0,2.758409785932722,33.96,-118.26,0.94,33.96,-118.26,-0.0399619648063734,0.026460683206381185,0.0019507631434175418,-0.0008985112017886314,0.00903541996384703,0.028942280905578238,-0.0031461858446517055,-0.0011897858980016468,-0.0003812510086458368,0.0009069329010189433,-0.005411194048553838,0.003360092880279229,0.0009952178713792416,-0.00027576702493646197,0.00047460027840363775,-0.001346257985425277,-0.0010513303618245476,-0.0005073854642018907,-0.0005129641920596148,-0.0007426249138280896,-0.0005907504609792134,-0.0058843475137135,0.0018280229872147844,0.00010829153525150022,0.00015912507257038737,0.012780728137502426,0.011695798722783111,0.05090825049561233,6.0022287,4.4401736,2
2.5,37.0,4.793918918918919,1.0472972972972974,1125.0,3.800675675675676,33.99,-118.08,1.62,33.99,-118.08,-0.02104984631320657,0.0013991880605817885,-0.0018987215225100998,-0.0003963241525965068,0.05307460975325616,0.028480305952755018,-0.0035755163659794463,-0.0016428989439111529,8.009204334002713e-05,0.0008126608873886648,-0.016024526647000274,0.00048112982463865945,0.00017776538051314929,-0.0006569535641752808,8.033047424677752e-05,0.009693834894849764,-0.0020413645716029997,-0.0011208455083693677,0.0004325532117914197,0.0005225736349673331,-5.8274200090013905e-05,0.0032796703331186344,-0.005808793163681453,-0.0003237545797588364,-0.0006632831476510087,-0.030966991082310828,-0.0033509848392978985,0.053817292831917,9.408714,1.6883426,1
2.6154,31.0,3.613924050632912,0.9683544303797468,841.0,5.322784810126582,33.91,-118.22,0.892,33.91,-118.22,-0.008699942482210097,0.04218496962473545,0.0014759359071094514,-5.6788956329859405e-05,0.0365015588059688,0.029093956451743182,-0.0056825308252083685,0.001766208680075212,-0.0005360392102786214,0.00035327958202898335,-0.012608182137758618,-0.0010156219239655438,0.0001269412107307159,-0.00025937005758363033,-0.0009759015249673432,-0.019484428152753044,0.001738079714851429,-0.0015207245955325644,-0.0012676027739849326,-0.0009345118179667323,0.0008139069791703472,-0.005758130145304857,-0.008158390549907711,0.00012292836124159492,-0.0009328169559047202,-0.029487485771406304,-0.006123250164833075,0.041599469335540505,8.284202,-0.5469172,1
1.8929,41.0,6.74,1.3,198.0,3.96,34.21,-118.36,1.529,34.21,-118.36,-0.03752967663590732,-0.012136097420971726,0.0007469230063130008,0.02191667820821415,0.049584158186207136,0.03681541137094853,0.018467264555550113,0.010721729164071894,0.002965508021206295,-0.00030439726075437933,-0.012959466553032156,0.0024062747059732884,0.0009221609084743699,-0.004811636913304345,-0.0031826542308804875,0.006825575885683445,0.021838481073810142,0.004480484004777112,-0.00478515244909086,-0.0005305854710919739,0.004898131789656781,0.0069505171787751785,-0.0067925090409275786,0.007642805672075851,0.003154255599591836,-0.032412705836241076,-0.026166499648857963,0.0944823571740803,9.0684595,1.2972792,1
2.1571,47.0,4.446428571428571,1.1091269841269842,1775.0,3.5218253968253967,34.03,-118.3,1.479,34.03,-118.3,-0.040017747038582095,-0.010804070114341747,-0.0024909026566424753,-0.003976650015756619,0.05856297053554038,0.0284149635822893,-0.0029753011342525757,-0.0015120762131449067,0.0003000157673662905,0.0003367766959589306,-0.01368790560280925,0.0008449422294259887,0.00025320292408266575,-0.0006308582746096861,0.00020716663302112112,0.006320834025055012,-0.0019619174713020092,-0.0039115162471621435,0.00045428320339895955,0.0010150141517441564,0.003066883704389939,0.006369990453837238,-0.002371534210443699,-0.0005735030795575512,-0.0011912506938766018,-0.029046386668079703,-0.005096254270020461,0.05388344694219248,9.13358,4.1650233,2
3.1103,33.0,3.819852941176471,0.9411764705882352,1432.0,5.264705882352941,34.21,-119.17,1.435,34.21,-119.17,-0.012660061551293084,0.027679522877034596,0.001262777839569351,-0.0020708755538899077,0.00824687794599875,0.023156493965832286,0.01198122339375931,0.0019232333186249607,-0.0004176868156330549,0.0007920158904504418,-0.020446280662055533,-0.001117452042301923,3.7359435060787695e-05,-0.0013634629627315808,0.0005763160857515758,-0.003286191428169745,-0.0034576586343483566,0.006944528683216864,0.00271653171097041,-7.990719441575328e-05,-0.011156242299205532,-0.028913118097437348,-0.005171750881114137,-0.0004108700189422112,-0.00018882337552342368,-0.03663795560066398,-0.02689293720198614,0.042220849170212675,1.3870006,2.6997848,0
2.7614,18.0,3.4558058925476605,1.001733102253033,3031.0,5.253032928942807,33.71,-117.99,2.375,33.71,-117.99,0.007806598834834843,0.048267526359252674,0.0006524161129607233,-0.003084161324146733,0.03826326162399974,0.021840791315215432,0.0008458935988824987,0.001164484860945811,-0.0004357768439702064,0.0003508150154476311,0.01812884339724883,0.002151975372945229,0.0015431061163837915,-0.0003582320075715445,0.0019398200225439653,-0.017244848268674347,0.0008313190103891196,-0.0005348642875694548,0.0020164061148322155,0.0012066225758206861,0.0022668809474887166,-0.006042161633234163,0.01660248889065611,0.008218694051618626,0.004899997000581165,-0.026737687703990987,-0.0021299469536261452,0.04946691453766816,7.095629,0.52444464,1
1.6625,43.0,3.85,1.011764705882353,1182.0,3.476470588235294,33.94,-118.27,0.887,33.94,-118.27,-0.03829630848934508,0.02703631964215669,0.0012230454600457336,0.00043826880235045876,0.053291652834574994,0.028009256354869942,-0.003373559206340293,-0.0013031469163317531,-0.0005070368324583157,0.0005971552069147746,-0.013531844808576941,0.0007624441814924603,0.0002453914781951687,-0.00039714698147462566,0.0004047877668243037,-0.001256438835005111,-0.001081339593359401,-0.00021979302310609484,-0.0012517868741402105,-0.0023269973054153396,-0.0001243092197140818,-0.006636622669166036,-0.006079920097623471,-0.0005164903386202953,-0.000939168363109659,-0.02814660209895316,-0.004098339698290752,0.04621882606479742,9.387808,0.0029758136,1
3.6538,36.0,5.065116279069767,1.088372093023256,632.0,2.9395348837209303,33.99,-118.41,2.761,33.99,-118.41,-0.016706657892593197,0.015535923358991174,-0.001907804295055158,-0.0014834224027897678,-0.04086024186820391,0.02548446575457377,0.004123257134980753,-0.0013359531107283696,0.00015698501085713757,0.000779002412999672,-0.011935184656106749,0.0021938476251586736,0.0012874028220298608,-0.0003125470565516087,-0.003257794925560424,0.00207664749351762,0.00045650079266691505,0.003921185119489245,-0.00042701313960718157,-0.0010173883134997619,0.00527616084766487,0.0052094574583957534,0.0016267722013658895,0.0010038818240258847,0.003163467060944376,0.007914690657432432,0.005723344941426037,0.1989364904912031,3.91119,7.188834,-1
3.0214,19.0,4.113662456946039,1.0459242250287026,2300.0,2.640642939150402,33.89,-117.88,2.184,33.89,-117.88,0.0021354256951539065,0.04084102226359987,-0.0021247505677682325,-0.0015799442086448625,-0.007236995232954211,0.02760239356447362,0.0061934130691121735,0.0016849197057260978,0.00034682676924525127,0.0003068960543477715,0.009841488519623926,-0.0026439740848927785,-0.0009291257849607158,-0.0005069358273311237,0.0003482823153489384,0.004499801565266867,-0.0016190829349741172,-0.006557372557381577,-0.0002747437224309881,0.0010227495317955406,0.001001359097011334,0.0032738879872044914,-0.0028976831933970235,-0.00010052259507134157,0.0002827105037610535,0.012749743297574055,0.012698025411279002,0.056739022379730615,3.3190355,5.1982656,0
1.575,43.0,3.987138263665595,1.0032154340836013,1100.0,3.536977491961415,33.98,-118.28,0.975,33.98,-118.28,-0.03811237649216802,-0.01927543711274771,0.0017076582040460543,0.00043826880235045876,0.055062402713121975,0.027906859087210634,-0.001506316838722968,-0.0013031469163317536,-0.00046375961037248915,0.0005971552069147746,-0.013539485945565864,0.0007591595769428012,0.00026208925352143753,-0.00039714698147462566,0.0004047877668243037,0.0034475412215485006,-0.000864573180507079,-0.0030587080725439585,-0.0012517868741402105,-0.002327039840180279,2.269000743082111e-05,-0.006577408218852777,-0.006079920097623471,-0.000297358067106428,-0.0007200360915957917,-0.02814660209895316,-0.00409833969829075,0.045741610025495295,9.192226,4.56123,2
3.3836,43.0,5.7414772727272725,1.0767045454545454,1051.0,2.9857954545454546,33.93,-118.29,1.299,33.93,-118.29,-0.03639566628590568,0.001625509631442863,-0.0027472954747554124,-0.0013431458289245737,-0.03541763413303969,0.02164592675636542,-0.0194058515420159,-0.0022541799843009956,-7.085850808667216e-05,0.0006918735681730678,-0.015474044825374095,0.0017588365030298068,0.000657941156364807,-0.0011381197139849848,-0.00046655541094546994,-0.0023646189435945126,-0.00046024855655389554,-0.0021248537643286975,2.10163463757186e-05,-0.0008381202400806257,0.0024691007202197594,0.0016881725122968314,0.001514191937726857,5.429904741100704e-05,0.00011293009958827403,-0.006277897721154536,0.006333636801394385,0.06447461158299121,1.8960176,4.1786885,0
1.7378,39.0,3.553775743707094,1.0549199084668193,2271.0,5.196796338672769,33.98,-118.25,1.219,33.98,-118.25,-0.03875341950429914,0.04991060277712839,-0.0014788844017214766,-0.0024229151469064908,0.04660300092788491,0.02924774428994511,-0.0018809626057437912,-0.0013937181939020838,8.010075437142752e-05,0.00031130020783275554,-0.01447828949883385,0.0007037190229037777,0.0001958597323328671,1.4426131773043812e-05,0.001635202931775789,-0.01807630195743226,0.0003838809202617115,0.00141065349549371,-0.0013974456033116812,-0.001271046380477363,-0.0003116412304614577,0.0028695557888075056,0.011909082045397932,0.0003691439361344714,0.0026171929314085197,-0.031701101242903366,-0.0029615168420571007,0.05487208611982878,9.068892,-0.6707408,1
2.4167,28.0,6.493506493506493,1.3376623376623376,545.0,3.538961038961039,34.42,-118.75,1.917,34.42,-118.75,-0.008327843382652602,-0.02012859491336333,-3.622428788997595e-05,0.001042399607598663,0.051846356262093836,0.03823168013638654,0.021679218531516435,-0.0009690873857293034,0.0031126801399266645,0.0004919300022974518,-0.00021495059241473995,0.006985694939785439,0.001751793898346589,-0.013192911864364703,0.005420274799874527,0.001218731733638212,0.010277448820145085,-0.0030987787549370868,-0.002502335183560373,0.00046122384136506646,0.006851724084031361,0.0080667738145,-0.005682684195695639,0.0017812305793960038,0.0005970938515853096,-0.02784736182553501,-0.023715683421171824,0.0070262852165441925,9.094175,2.598622,-1
2.9312,25.0,4.5,1.1152173913043475,1078.0,2.343478260869565,33.79,-117.83,2.201,33.79,-117.83,-0.006095492080586497,0.015980405337236922,-0.0022630802439005024,-0.0011490477293273843,-0.0642396282304314,0.02663562197030648,0.011195138536781493,0.0024786387759834316,0.0006149192763798973,0.0004472503641511637,0.0063033404863899285,0.0053041542366817915,0.0027647251784741265,-0.0006437518474008835,0.0003732715890522794,-0.0036791802367703566,-0.0016076411120735168,-0.0035578155685176134,9.985231585276638e-05,-0.0006213749121125108,-0.001233523300770843,0.008696925035408243,0.001991422614101432,3.984093742954994e-05,-0.00020233997617096725,0.03295695659736968,0.007018025018110842,0.0025730679461996404,0.30440134,4.9359565,0
3.6849,33.0,5.529610829103215,1.0846023688663282,1704.0,2.883248730964467,33.79,-117.97,2.114,33.79,-117.97,-0.014658113093733586,0.004908297007454721,-0.0021015596494592353,-0.001564097527109111,-0.041203814489678615,0.019327541097998183,-0.014523949724662347,0.0014623830192888878,8.29238895402946e-05,0.0006100961686342936,-0.011586572913665962,0.0017704653856547388,0.0011254436367878092,-0.0009264679609485491,-0.0004184379220960171,-0.0020333886527601954,-5.5901308124401664e-05,-0.0016698627552106245,0.00010351929537962942,-0.00038606076484381814,-0.00021199195416253528,0.004696915385184596,7.2933320929427045e-06,-0.00016769882992673552,-0.00027650940654709545,0.006111081662430427,0.00643685681532327,0.05995736156144686,1.3560339,5.54265,0
1.852,40.0,3.9678638941398874,1.1323251417769375,2311.0,4.368620037807183,34.0,-118.27,1.015,34.0,-118.27,-0.038719710005529415,-0.013258725037319726,-0.0026536091343604307,-0.0034212422722308656,0.05803684887305954,0.029240315391163785,-0.0019131264395005042,-0.001102954502894587,0.0005043870819850757,6.14297818814627e-05,-0.014489527567933213,0.0005636278725721888,0.0002274845196844288,-1.2708949520810937e-05,0.00034467009391975185,0.0038454378589371685,-0.001677646441274319,0.0007499480844934778,-0.0014482103695880229,-0.0016264314509355003,0.00021414543214368117,0.007845157807006732,0.009431982170673462,0.0006137532026936115,0.0023253382663414738,-0.03258853034656706,-0.004923017822822472,0.05678703097330527,9.064357,4.048385,2
3.4583,52.0,4.421568627450981,0.8954248366013072,852.0,2.784313725490196,34.16,-118.11,2.399,34.16,-118.11,-0.024336637185534905,0.01621401647323695,0.0016468948465522448,-0.0012794751828591534,-0.044549044380960606,0.021659817326522054,-0.019798337401532248,0.0034714604098159936,0.003154906437793002,0.0008878693836548648,-0.008652710657602728,0.0024917597448274606,-0.0013817019272029639,0.0008384912715042275,-0.0009554885802361573,0.004191212683981085,-0.002012355383437827,-0.002010617835585022,0.003474663947328244,0.0023250682406582494,-0.005181981053895513,-0.017164765839787776,0.001795787638290553,0.000468157027303579,0.0010162133413880602,0.009245918082563934,0.011202077842585926,0.07031915830295815,1.6663946,5.66441,0
2.7045,15.0,4.616438356164384,1.2511415525114156,899.0,4.105022831050229,33.98,-118.22,1.906,33.98,-118.22,0.03501598301968179,0.011498005550877105,0.0014265255108357852,0.0010013675584375722,0.036792004947322765,0.022736191457436446,-0.002868455796560602,-0.002655085643722838,0.0023691362581112476,-0.0010834426157131326,0.028048282817430676,0.0026269815545177915,0.0016153941380693078,-0.001089650232811104,-8.637188103551159e-05,0.0074842115577028944,-0.0016139072855412123,-0.0010573254401081973,0.0003542162957700008,-0.0002044052035070486,0.0004054719032619952,0.00736444726290664,-0.006014245257698162,6.043341554307113e-05,-0.000709475973013758,-0.02556777616437136,-0.005537800186959272,0.05309719923621966,7.410342,1.736857,-1
2.7292,24.0,4.393053016453382,1.0786106032906764,2103.0,3.8446069469835455,34.0,-118.11,1.938,34.0,-118.11,0.002865920434424969,0.009852706242176648,-0.002249103195556862,-0.0013911601242610626,0.047499017635247956,0.022747625385163957,-0.0031261116822408415,0.0009647242737566821,0.00023644223812951953,-0.00025897770795628607,0.017632048080800156,0.006985280951478156,0.002394967327148238,-0.0005020372704270116,0.0004142545326480581,0.007236900744804735,-0.0015580151574771902,-0.0009371729070272624,-0.001376979772052732,-0.0009544612289780595,0.0012958280157408983,0.004108219411774028,0.009014648635089727,0.0005986263984909212,0.002333300806776442,-0.026406765120575975,-0.0014470754042789093,0.05814760720110854,7.7900834,1.6687884,1
3.3713,29.0,4.359805510534846,1.06807131280389,1747.0,2.831442463533225,33.87,-118.15,1.982,33.87,-118.15,-0.005167473493143431,0.024145556299273112,-0.002822244007103276,-0.001783673362302899,-0.042819209916325734,0.023294150563562287,-0.018675333412147103,0.0018061114893734493,0.00016260064506667937,0.0004629364408080582,-0.01671257973467615,0.004370674835395208,0.0011317190263299421,-0.000516665168788291,0.00020389328430825776,0.0035149957166171046,-0.001747720203096909,-0.0014049805883116506,2.951179600522182e-05,0.0012090354083656805,0.0010413791683899294,0.0035376126858587447,0.000308501090179006,-0.00011226542955045281,-0.0002698053892707521,0.007839933182412825,0.011488933142720956,0.062327093187440674,1.6553278,5.4344773,0
2.4375,41.0,3.8457300275482096,0.9917355371900828,1069.0,2.944903581267217,34.08,-118.26,2.033,34.08,-118.26,-0.04145337866130179,0.04458065885089417,0.0014637496950091703,-0.0012394414788059601,0.03159194272463019,0.03145319821977257,-0.007457216973322326,-0.0008316972961662956,-0.00045273067139029024,0.0007423170352387122,-0.005740012168409328,0.0033633774848288887,0.0009547067545889079,-0.0002289762920727297,0.00045027808939438076,6.138317090209467e-05,-0.00100624381565824,-0.004008698745634657,-0.0005129641920596148,-6.701421185210965e-05,-0.0008680260258952868,-0.005922056913079067,0.0018024123556816627,0.00017028291969446564,0.00019121380319393812,0.009523201228803922,0.005814426680633205,0.06533273782032406,5.677843,3.9555504,2
3.2026,34.0,5.481393975191967,1.0425280567040756,4514.0,2.666272888363851,34.46,-119.23,2.276,34.46,-119.23,-0.018521452171096492,0.001555969378445874,-0.0023203001317572106,0.0005253342809192177,-0.050818297631996884,0.025843499741264438,0.0020192456734926525,-0.00047320269175110213,0.00016180941893640082,0.00012303846779091298,-0.00826151582889717,0.0018916406885964778,0.00118640612416193,-0.0006876832412019828,0.0003240664480589325,-0.001880002080708616,-0.0009175912864382586,-0.0025375916405288067,-0.0003111752427268253,0.0005790709229864026,0.002263390514437812,0.004350522925252668,-0.002215371707076269,0.0023994901402456838,-0.0004519260438913483,0.012496053633473374,0.01155822090173055,0.02322650542591463,0.4165741,5.1884,0
3.4375,45.0,4.205333333333333,1.1226666666666667,1042.0,2.7786666666666666,34.02,-118.39,3.145,34.02,-118.39,-0.035547348513651086,0.038030099570471675,-0.0019051583266468208,-0.001357010252832056,-0.0479936239385526,0.029624134382314225,0.007639225951452366,-0.0007176913778313564,-6.011920250867218e-05,0.0007592876370202394,-0.012221723599943233,0.003532512563062226,0.001142521738904543,-0.0006269486132221624,7.799236786849403e-05,0.003050879625759835,0.0006926722699631808,0.007696249021690175,5.300735110612744e-05,-0.0013977000031793743,0.004527041109153789,0.008604551885464879,0.0016169283825611925,0.0006828735705268513,0.001098975493746147,0.012071057748608054,0.012134284209614989,0.20151265419437772,3.8158987,7.150783,0
2.8438,26.0,4.6390532544378695,1.047337278106509,662.0,3.9171597633136095,33.76,-117.92,1.743,33.76,-117.92,-0.0008441201013954109,0.020644152996134788,-0.0017574002996018157,0.0003407798584807146,0.03969379189097822,0.02561960393333517,0.004806661723005741,0.0016032569359388752,8.009204334002718e-05,0.00021446630211835742,-0.0018923960497220411,0.008361687495266591,0.0019011744948655214,-0.0002881898167331622,-0.0032896618785875323,0.005108486614992262,-0.0017779530463347508,-0.0018479909480595064,4.088094881198082e-05,0.0005469860346338087,-0.002675733059783339,0.0032235699405473617,-0.005958232434049429,0.0001059284060209606,0.0010495180634034647,-0.02763321587431742,0.00021186089315193953,0.05244111318507758,8.02,1.2445307,1
2.4741,8.0,3.447460595446585,1.2294220665499125,2691.0,2.3563922942206657,33.91,-118.34,1.857,33.91,-118.34,0.06411100023403944,0.06292797635171067,0.001526754501021208,-0.003277523399023868,-0.030694360734868337,0.02875098559392706,0.010208866368632752,-0.0043536375618591075,0.002365525448792834,-0.0021352604027049084,-0.02437152467265466,-0.005701421585701892,0.0010310111578965032,-0.00043775579922566575,0.0012837020280064473,0.014100136242595339,0.0005386629613393942,0.0045155381804675935,-0.00035369708914078865,-0.0010092228357727762,0.003059143926529648,0.0063327008561334395,-0.0022901918360562234,-0.0008025217586941142,0.0013959147393175276,0.0257189550901325,0.0052724934868451905,0.08855413970705309,3.5233946,5.3384376,0
3.1042,44.0,5.06989247311828,1.0725806451612905,1167.0,3.1370967741935485,33.8,-118.15,2.198,33.8,-118.15,-0.03552932440986261,0.007269041814501992,-0.001945037631647899,-0.0008974502298644002,0.0014147525084982377,0.016343854882128077,-0.010954443222193497,-0.0013311363653494244,0.0001634005822283584,0.0007503881262619969,-0.01718915016976934,0.0018157309741636384,0.0006220568216932043,-0.0006813108039937274,9.411987045856602e-05,0.003516231725451342,-0.002260372798523121,-0.0005906339048298484,7.0010358035977e-05,-0.0007379862418244362,-0.00226560608545918,0.003422018399580667,0.001007929832521421,-0.00014467572434514125,-0.00014430676503644473,-0.0024986330419258596,0.002763438742601116,0.05445452526033141,2.2301776,3.6937788,0
1.9835,43.0,2.5781758957654723,1.0716612377850163,1941.0,3.1612377850162865,34.09,-118.29,2.25,34.09,-118.29,-0.03939933449383544,0.1312259426258296,-0.0014256133770839024,-0.004330201295433336,0.057003094325804374,0.02898926912855164,0.007468499363632838,-0.0014797500149795152,0.00016340058222835834,0.00019898339466832186,-0.011474926493835347,0.0018799144727857406,0.0005017509594007372,-5.402933961995605e-05,0.001700693769398673,-0.006745008422520759,-0.0012735911506856516,0.009108859582072757,2.1158624935962144e-05,-0.0023161012312044875,0.0021069757846183994,0.0016618951274602345,0.0021210319156354704,-0.0009353813429776584,2.3846107135416825e-05,-0.0022528046807294873,0.0031436264635860993,0.07240006606079263,5.843545,-0.79190785,1
3.413,37.0,3.581453634085213,1.0726817042606516,2089.0,5.235588972431078,33.72,-117.86,1.506,33.72,-117.86,-0.013912396593847413,0.016843743895110275,-0.002329192723169045,-0.0017829570678641066,-0.009646756848748057,0.02201035701751293,-0.005848363571198124,-0.0012333578685811033,7.930081720974855e-05,0.0003350316103768894,-0.02248025846440178,0.0008621247225467952,0.0009648045273357112,-7.190018847857266e-06,0.0018663850441525177,-0.005840846130792056,0.0001690498630049759,-0.00384771410855341,-0.0013503501685494907,-1.0019502414221395e-05,-0.0028940592563583786,0.002784717583772032,0.011833608809567568,0.00047518511159839105,0.0022705078629138044,-0.03414317849380668,0.0103136294726331,0.01405848345729613,0.14427216,3.10623,0
3.1211,36.0,4.243961352657005,0.9879227053140096,2277.0,2.75,34.1,-118.15,2.293,34.1,-118.15,-0.019456633734020363,0.0360799013641895,0.0015108238436768067,-0.0014712898393295952,-0.02927236593156466,0.02440998203575692,-0.016682800456556946,-0.0018385800376349909,-0.0004495744779005766,0.0003190218839115933,-0.008674647966188893,0.0022220681028054835,0.0012432237546231974,0.0005989711065598558,0.0007338643548302267,0.0028455286040606595,-0.0020318622971086083,-0.0020408365310213387,4.11713802666663e-05,-0.000632785845560847,-0.0011440968563295488,-0.006355107880532082,-0.0035422485402585723,-0.00010642514750334635,0.0006799333471047178,0.009954749970039391,0.01037670604844073,0.07351598948737303,2.0826187,5.6180778,0
3.7969,14.0,5.105603448275862,1.3017241379310345,1546.0,3.331896551724138,33.91,-118.09,1.594,33.91,-118.09,0.00750462485007081,0.01472589464269752,0.0024980554614334443,-2.7729426247167518e-05,-0.03921132324545281,0.0004422821928678999,-0.008786356111740501,-0.00233553066783207,0.0023584490042562137,-0.0009068006634837814,0.03556940414607577,-0.0005689678346926536,0.000664246581506359,0.0005549526543240119,-5.9237956680615074e-05,-0.0023259000256700925,-0.0018655246959768555,-0.0015359882257324504,-0.0004544403575938615,-0.0024228919948870034,0.00038109092942455056,0.0037270997722111876,0.002027669373287955,-0.00018933215862512647,-0.0003417392383995005,-0.01957811602863617,-0.0015765824036894052,0.05118823428833514,1.2782539,4.9970436,0
1.4615,28.0,2.1839464882943145,1.065217391304348,2079.0,3.4765886287625416,34.05,-118.28,2.75,34.05,-118.28,-0.006514687394764762,0.16558443981787205,-0.0016100241953358367,-0.0032227185670751805,0.04487602240386398,0.027020818561552404,0.007446266228383366,0.0011571390275903542,0.00015157170608448063,0.00010794281180006904,-0.0007613567069835014,0.007440906901392568,0.0017702701574705576,-7.702599891996957e-05,0.0016373140245804618,-0.007600343716759083,-0.0007565136316959193,0.010280999549745122,-0.0013990280555722383,-0.0008877290625203601,0.00035967261394327497,0.003633364605644138,0.008629988747268611,0.0003698651644292346,0.0023001786531263845,-0.025286155087769165,-0.001527416617331865,0.05882590344464359,5.7110906,-0.69205105,1
2.1406,45.0,3.198795180722892,0.9879518072289156,722.0,4.349397590361446,34.06,-118.05,1.625,34.06,-118.05,-0.03882964274532665,0.08166494167003666,0.002085858111985745,-0.0018159715357012561,0.04417166134129539,0.028843007954854647,-0.005492728273793706,-0.0013806184832081867,-0.0005988888284216404,0.00045398364797050205,-0.014598496749839804,0.0006415794654885417,0.00015787728763140893,-0.0006963289451590408,-0.0028182485472975135,-0.017247041919462157,0.0012710537796201528,-0.0007209283277704774,-0.0008137183104888982,-0.001264408828116548,0.0008011560127826981,-0.005716840585857243,-0.006536993920440405,0.00037893494714138945,-0.0006415558869021012,-0.029920705181908463,-0.004785529618979112,0.05523613617573424,6.6162386,-0.8385137,1
4.0625,38.0,5.487870619946092,1.045822102425876,1096.0,2.954177897574124,34.09,-118.06,2.625,34.09,-118.06,0.01081946867254799,0.01189224426662294,-0.0026793254421391436,-0.0017057739275214508,-0.03431029626423974,-0.0035155624398488547,0.0006549209024978361,-0.0011417004769227659,0.00015778494801881645,0.0010551879900707582,-0.01297059438190135,0.004520088893645475,0.0008928380891156133,-0.0006839116265720307,6.58363190629368e-05,-0.001487905775992217,-0.0018516518384989967,-0.0009963959611118173,2.951179600522182e-05,0.0011862279714088871,0.001027571543325992,0.003454768708167414,0.0017841623994545451,4.392806483898431e-05,0.0002175140125126789,0.004851632806468144,0.0038320036155407708,0.07252574058125331,0.0041002557,6.227672,0
3.6486,29.0,4.298245614035087,1.0350877192982455,2175.0,3.179824561403509,33.89,-118.35,2.29,33.89,-118.35,-0.0018296295333980084,0.02245616747834333,0.0004116956720615398,-0.0006470236362392707,-0.02107630330467812,0.02569950539834381,0.0033118663352623636,0.0015182207633420532,-0.0005284917188662567,-2.6983959835855554e-06,-0.011584898110265588,0.007046937503444959,0.00190765383642407,0.0010898395112477286,0.0008103770301822943,0.001970383180303588,-0.0013626483010200537,-0.0021958823877551064,-0.0007533125229849879,0.0012546645510483423,0.00226158132537769,0.0027419371154429805,-0.0015443626853878288,-7.879021166006832e-05,0.00028915866572283946,-0.005899821304808109,-0.0018667849430645243,0.10436604149705145,1.5959926,4.5727363,0
4.0,38.0,5.1658536585365855,1.0634146341463415,561.0,2.7365853658536587,33.86,-118.33,2.486,33.86,-118.33,0.006559325401603627,0.012986915427106371,-0.0026432979838986732,-0.0002851196822075333,-0.049944551038171726,-0.006406765761730179,-0.010281084233441781,-0.0012121595621213677,0.00015778494801881645,0.000779002412999672,-0.014957103372276,0.004590434580740869,0.0008569537544440094,-5.45776517080562e-05,-0.002258396911339809,-0.0014307653961357632,-0.0023255179717275214,-0.0018037162257652666,-0.0016487770650986833,0.0005853285434191509,0.0031483246163963078,0.0020486971023055537,0.0016218646056441201,0.0004432870506454415,0.002169111719021495,0.006472698351089299,0.005700797317799393,0.0669873716641422,0.30152613,6.194039,0
2.239,37.0,3.697552447552448,1.013986013986014,2842.0,4.968531468531468,34.03,-118.18,1.213,34.03,-118.18,-0.018464910827705634,0.05546052625168081,0.0013893946179497115,-0.003316720143942443,0.03799288978942195,0.028770040232756,-0.006031230533952712,-0.001037100171032883,-0.0005320830796272287,0.00023250668493484352,-0.015185963405353269,0.00048112982463866053,0.00019193448375054217,-0.000338026084575423,0.0010743831993489403,-0.01957038226445345,4.7856102365167704e-05,-0.0015900443957295933,-0.0016929356899711503,0.0036490579800193207,0.0007234095593592148,-0.005220391761561597,0.009386289036377286,3.2541775388380455e-05,0.0034520596970699707,-0.0291994245967793,-0.002701696105685414,0.04938617851672516,8.0385895,-0.53454185,1
2.075,40.0,4.02,1.0483333333333331,2119.0,3.5316666666666667,34.01,-118.13,1.511,34.01,-118.13,-0.03870200777956435,-0.010767197526292595,-0.0014245316682359246,-0.003435401297792479,0.05393535420286875,0.028401033406230364,-0.0021433508824407204,-0.0011010997626061843,8.010075437142746e-05,7.556674310365126e-05,-0.01345555143728713,0.0007624441814924603,0.00023574723996849719,-0.0004923079289698443,0.0003560030590516618,0.004013252885491135,-0.0019719316436523204,-0.0019975425684268426,-0.0013974456033116812,-0.00019848680151975657,0.00036400519778195757,0.0032097880956333934,0.0096966331030357,0.0006134341029628783,0.002329892312475856,-0.027277300700002168,-0.000523823085855293,0.05820325830901685,9.063058,4.0721703,2
3.6373,52.0,6.841397849462366,1.0779569892473118,1004.0,2.6989247311827955,34.04,-118.33,4.2,34.04,-118.33,-0.02230833790237574,0.0033991658402467073,-0.0022561488323097284,-0.0016631818474756403,-0.0563591615748141,0.022213094830756768,-0.0054800004514791575,0.009170546692899994,0.0032341733334088625,0.0011682027064881606,-0.010683025302656019,0.005631626371895693,-0.000357782702398035,0.0016438561433833087,-0.00015418779300069069,0.002685390533273986,0.010074878289720087,0.015108862440230162,0.0007092436559130657,-0.0004442844738187777,0.008055671418631078,0.0108468128423606,0.0018932366653528713,-0.0005812318258455751,-0.00019325871174964986,0.008733730375566642,0.008911752868361275,0.08856649507544455,1.5587671,6.173077,0
2.7401,41.0,5.412,1.144,751.0,3.004,33.94,-118.31,1.317,33.94,-118.31,-0.0434580130727826,-0.027266426070911808,-0.002245272735977926,-0.0013806012826525233,0.03446558416450651,0.026748452654113852,0.008297219198845534,-0.0015290336488530476,0.0005876869098420068,0.00047435845136718704,-0.00981066127785813,0.001844361324094643,0.000689565943716369,-0.00032995279638829646,-0.0033693443325499574,-0.0005212853106427924,-0.00234812716354955,-0.0036849216438555933,-0.0004111958686797975,-0.002313665217351291,0.0028453121807300434,0.006302650571664378,0.0015226530203739264,0.00036121194222544053,0.00013573259815530947,-0.0019708515263888874,0.008003707209841076,0.07698250512920116,8.051855,4.4210725,2
2.7019,22.0,5.5109375,1.1109375,1483.0,2.3171875,34.44,-119.27,2.347,34.44,-119.27,0.0063710271239919925,-0.02751216943613567,-0.0020436965739846287,-0.0013137089577137029,-0.05667038164331682,0.0287424712839646,0.016807802188122275,-0.00039930282299659257,0.0005454192672572412,-0.0001091543236869272,-0.016436598149053946,-0.0021657034599632022,0.003916983630011034,-0.0008931239738573943,-0.00036864991871255186,-0.0001958718745302325,0.0007793732736538081,0.002406597609160772,5.478617205421947e-05,-0.0010417811265755299,0.007678145554900135,0.012575568653677044,0.0007723808098765031,0.0005608817499853879,-0.0008394138856133114,0.027390222419501224,0.01142153516323955,0.06934096444463454,1.2819325,5.9941435,0
3.0625,32.0,3.930348258706468,0.9900497512437813,1196.0,5.9502487562189055,33.75,-117.92,1.428,33.75,-117.92,-0.006827864517472209,0.03872734225116304,0.0015267597102066027,-0.0018360737546963028,0.03838194037768215,0.026102692567398986,0.0025003756754299776,0.0019641502928808285,-0.0005360392102786214,0.0005652369325189682,-0.014612810792247523,-0.0010894345345156156,0.00028313140769478613,-0.0002020182296759795,0.0004757184121967745,0.002428630095628929,-0.0006668593476183688,-0.0028212197583685665,-0.0013298688855107475,-0.0009345118179667323,0.005000047784020561,-0.005976864371926011,-0.006710006096734225,-0.0006799963342617437,-0.0011498099803439557,-0.030563548773465298,-0.0029058569096933056,0.04290830195626809,8.346184,0.10463956,1
3.443,18.0,4.731107205623902,1.0480374926772116,5325.0,3.1195079086115998,33.99,-117.9,1.719,33.99,-117.9,-0.0012372490645616184,0.013327992460264523,-0.002836099503796782,0.0006009407053910587,-0.020061293625586556,0.022573522080010868,-0.002809156287432412,-0.000473725954877084,0.0002581156545934233,3.482757468720337e-05,0.022174075759320625,0.00010049269963468069,-0.00022704559095855335,-0.0006917873855326816,0.00037216940573607434,-0.0025735008024177167,-0.001385866409300221,-0.002711001610332049,-0.00017161521796574654,0.00020036487363525983,0.00046187469653227617,0.0030420870027860532,-0.0022301835648817566,-0.0025065060464169236,0.004226323320756099,-0.001694099637249991,0.004753287503786681,0.0683051898941691,2.5048451,4.7866693,0
2.1875,37.0,4.932773109243698,1.145658263305322,1309.0,3.6666666666666665,33.92,-118.28,1.759,33.92,-118.28,-0.021161459173120917,-0.01184885732004217,-0.0020000572344621398,-0.003794581545147782,0.05360890624550635,0.028276140912594987,-0.0038683147402688396,-0.0016417531493593412,0.0005043783709536756,0.000761026509140883,-0.014832350297485196,0.0006353965419153949,0.00017350583319310838,-0.0006840886454691354,8.668379381342323e-05,0.009683742112113284,-0.002158580341055827,-0.0009289358824466636,0.00038178844551507805,-0.000903664816802272,0.00046751246251512554,0.008252736711942417,-0.004153468579850608,-0.0005735030795575512,-0.0008920647380942446,-0.03216810452451091,-0.006165437243398866,0.050324543229673745,9.3636265,2.709538,-1
2.8036,18.0,3.2740088105726874,1.2303964757709251,3596.0,1.5841409691629955,34.1,-118.35,2.25,34.1,-118.35,0.03422851445025122,0.055610366586564215,-0.002429897577467395,-0.004520736063798833,-0.08592745583913121,0.024250650742758693,0.020671292544650374,-0.0001167537042840216,0.003529278223751871,-0.0015310570552046062,-0.05142314769641273,-0.005305563153841124,0.00211458772719875,0.00039024789560464446,0.0013607837830209523,-0.02588535791271704,0.0016052340187730594,0.006115833676840546,-0.0044538231508845436,0.014572351015765837,0.01115973905201898,0.014855380681106966,-0.01474933771231032,0.00019368557769259295,0.0007805184939805605,0.042372136338803885,0.077922225362071,0.1274079165647597,3.3562922,6.169559,0
3.8125,19.0,4.7554945054945055,1.1538461538461535,1032.0,2.8351648351648358,33.84,-118.25,2.081,33.84,-118.25,0.0008107831975849471,0.010937408158181438,-0.0016838710693346456,-0.0008654568471726295,-0.03350110823199909,-0.00017021071613974317,-0.007768402836178545,0.0011481745037999792,0.0007759756577910959,0.00010567116308065567,0.01213263243056064,-0.0025845341183111897,-4.88749462409128e-05,-0.0006987165438304148,0.00011298085707464608,0.002432966120661294,-0.0017348494600217933,-0.0009630797617126652,-1.89988310195184e-05,-0.0007215676244434338,0.0014904106599659727,0.007912826376347945,0.001840547067411683,0.00011209276142143327,-3.924369542623409e-05,0.005260570881112049,0.00681616618249055,0.05294318604524008,0.91371024,5.2116613,0
2.8,34.0,4.553530751708428,0.9726651480637812,2391.0,5.446469248291572,34.28,-118.42,1.443,34.28,-118.42,-0.01816810486218263,0.00865149329051151,0.0013883039210265413,-0.0018070175974879768,0.05297514128359485,0.02987372198258926,0.01948425383472455,-0.0009804498910452168,-0.0005320830796272289,0.00028893842637964413,-0.015729254340011434,-0.0009950567269728693,0.00040244206571295974,0.0006529483496109639,0.0007934634885790562,0.006747487752248574,-0.00804407520636365,0.0023629898683274874,0.0020936476052534105,0.00215403418408213,-0.005366128896433524,-0.0058837492854632144,0.014406407420577898,-0.0015461300508173193,0.005799672292794913,-0.03278165451113897,-0.024772932667144584,0.001993036605331947,7.9726243,0.61327994,1
2.7054,39.0,2.302919708029197,1.0875912408759123,744.0,2.7153284671532845,34.1,-118.29,1.625,34.1,-118.29,-0.041020118134197446,0.05169036318844529,-0.0026246480611642987,-0.001347671987332127,0.005022108118746006,0.024844308908664497,-0.00675845000387932,-0.0010448791765600087,0.00016340058222835823,0.000614671477847675,-0.007042995429032038,0.0037529895277035145,0.0009547067545889078,0.0003133525712467868,-0.002429150036008604,-0.028499129156982578,0.00035838272854565596,-0.0022798975562951,-0.00033857323586576995,-0.00035514743195853155,0.004060741809676464,0.0027479044472530647,0.0015868629872193571,0.000616827058952501,0.0002332077171154588,0.013555350660951704,0.010146560046371144,0.0738331921398275,5.4452724,3.9986787,2
1.0714,31.0,3.012323943661972,1.216549295774648,1092.0,1.9225352112676055,33.77,-118.19,1.5,33.77,-118.19,-0.03032496068453669,0.09499209120005403,-0.00575298885038539,0.00019461545354272148,-0.13584112914506474,0.019118093658104542,-0.011922378373418233,0.002497724837374477,0.0020648811562150315,0.0009826895706727674,0.02696248978591677,0.0034063447931060474,-0.0005263438516016299,4.66534196159929e-05,0.0014062897316294125,0.004307936014471415,0.0010166539884244358,0.0014574731152537268,5.2417180007198136e-05,-0.0017415869764804551,-0.0007707117962161944,0.006900975698019575,0.00237680015079953,-0.00010447539477998963,-3.204006163059963e-06,0.018189882970352587,-0.024218246204134534,0.048882091918747324,2.2720287,7.467236,0
3.6477,28.0,4.928363988383349,1.0396902226524685,4753.0,4.601161665053243,33.82,-118.26,1.174,33.82,-118.26,-0.00016719646396394893,0.010267331536168697,-0.0019357810736702833,0.0018759606957902163,-0.016679313987629656,0.018303882334284417,-0.01867260643058347,0.0017465348445058573,7.368518300020674e-05,-0.00040402741802064533,-0.008321428296909216,0.007071896155067333,0.0016660909339468275,0.0007205920495241553,0.0008280129521571764,0.00651691426120522,-0.0017756371134794813,-0.001122912298906541,-0.0017685777302305487,-8.137027121165284e-05,-0.002577266790120138,0.0031491901107513617,0.009703444019632529,-0.0017497637493722868,0.006115739447452542,-0.031940881086777416,-0.00392378508391284,0.06027390189328182,1.4013811,3.4023182,0
2.675,43.0,3.349442379182156,1.0353159851301117,1490.0,2.7695167286245352,34.42,-119.7,2.479,34.42,-119.7,-0.04059987993898918,0.05923939338417698,0.0011490652027467195,-0.0016807564670425913,0.02042388434787428,0.030454387268944033,0.020611770503975908,-0.0011990442091787939,-0.00043421520744391784,0.0008783190985242646,-0.006603159346391414,0.003633705642016858,0.0010953867551535376,0.0015326939908494562,0.0018781707812745435,0.00042710591609825357,-0.00990029286062,0.003524214345775558,-0.0004397305983979161,-0.002049908296793002,-9.331152428758451e-05,0.004084512250668905,0.00044131979464540234,0.000380578598448371,-0.000923371383211861,0.014965304836243932,0.011128865816727724,0.06676517582122721,5.524005,3.8609872,2
3.8889,25.0,4.534883720930233,1.372093023255814,140.0,3.255813953488372,34.25,-119.2,1.875,34.25,-119.2,0.0002836372605725129,0.010013187363150433,0.002167610235554681,0.0010266886999638,-0.03992766125068757,-0.008586723875860168,-0.017644704359775047,0.0002428341439320346,0.00335421655838644,-0.013484339421024803,-0.009442923255848326,0.006633960700454136,0.0013442548019842464,0.008308782612859647,0.005073641374705326,0.0008858078647933065,-0.008705769510937137,0.005638049851369927,0.008626912069430946,-0.0030760009580963693,0.00789461009168023,0.007273971904813628,0.006249139436181561,0.012377106441502996,-0.03976530310103359,-0.012666843390397545,-0.009558780291957033,-0.019596558665415764,-0.26883742,3.7851264,0
1.6429,46.0,3.8341625207296848,1.0364842454394694,1552.0,2.57379767827529,34.03,-118.33,1.25,34.03,-118.33,-0.04003658440808963,0.025428813358520597,0.0009692321179228947,-0.0016566823717237974,-0.032868422412263766,0.030790788053414574,0.00742391596537237,-0.0009626704276601254,-0.0009416747423341204,0.0007079207152592484,-0.005251972997298886,0.003423181305731533,0.0009907052364593039,0.001376409955015609,0.00047570817450076717,0.0033784617995169645,-0.0016506537080676505,-0.0013979568586454966,-0.0004398584733280621,-0.0027598970531712784,0.000575104868293943,0.001049592295684421,0.0007022948559768181,-0.00015337043239252947,-0.0002442242777237677,0.013282455032492875,0.007639504816927656,0.08175029827620117,2.341505,5.8965206,0
2.7535,24.0,3.2184412733260155,1.048298572996707,5516.0,6.054884742041712,33.74,-117.9,1.11,33.74,-117.9,0.003257928143261605,0.042462188972793725,-0.0022418682896144784,0.0015493637781761648,0.03271145135719532,0.02297916606482238,0.008420242193853258,0.0015987880481390122,0.00023644223812951948,0.0002514328892433478,0.018884330836118006,0.006843164065517556,0.0013233453601122754,-1.8723772341414405e-05,-0.00020740521552086745,-0.016851156147630032,0.0029797070944111454,-0.0017577311465754276,-0.001240370698113642,-0.00047103273389706484,-0.0029047607109946526,0.0028176153577596265,0.01258930938538219,-0.0038783754921232257,0.006379960931715561,-0.026478324306126795,0.0030837723495349477,0.05613040124622626,7.178537,0.5951176,1
3.2344,36.0,4.321492007104796,1.0390763765541742,1565.0,2.7797513321492007,34.08,-118.12,2.349,34.08,-118.12,-0.01975973369772849,0.023900525387024498,0.0010901131519988076,-0.0016705140925819492,-0.042893052058037,0.022754173809642352,-0.018324659436733302,-0.0015939770665812656,-0.000439576256799784,0.0009219086521012491,-0.009227732268096082,0.0022220681028054835,0.0012419200598943342,0.0010628814488509784,0.0005187420659909652,0.003887142613627599,-0.0019646481228954545,-0.0019138433568007772,-0.0004397305983979161,0.00046362447329115496,0.0009781747637596168,0.003345144777981925,0.00042865825813945995,-9.20743663617083e-05,-0.00019902265684695859,0.01048751401670735,0.012384337933684708,0.08186557940611842,1.8169686,5.7940154,0
2.5275,27.0,4.246653919694072,1.036328871892925,1328.0,2.539196940726577,34.14,-117.96,1.517,34.14,-117.96,-0.01005667374360521,0.017406168682758932,0.001172037295856579,-0.0016614469738058723,-0.014149498546762772,0.029385820126391928,0.002210141755731588,0.0012510016522812328,-0.0004395762567997841,0.0006219578425046402,-0.005184224355789539,0.005007161206118132,0.0006437371579049872,0.0010628814488509784,0.0005108478244667197,-0.0036556384887138017,-0.0011031789977719558,-0.0008593228941072553,-0.0004397305983979161,-0.0012853529083791792,-0.0013099881142452949,0.0026531236795414737,0.0014542426480415494,-0.00017488532781242537,-0.00011482587411772844,0.018478910473891632,0.010653351124860835,0.058144386681773776,2.0686965,5.1581635,0
3.2371,33.0,4.289699570815451,1.0085836909871244,2170.0,4.656652360515022,33.92,-118.05,1.547,33.92,-118.05,-0.011882842252860746,0.0219104606633649,0.0013386871341029727,-0.0017631745712949091,-0.005787546961111402,0.02116777569740248,-0.018481862468056193,0.0014191579437795245,-0.0005320830796272289,0.00027490529302021994,-0.021510620726271624,-0.0010894345345156152,0.0002973005109321798,0.0004899213140571625,0.0007869108392087185,0.0006393461929044452,-0.0018057226259659107,0.00014405131220952212,0.0020913513316582065,0.0012881171089050851,0.00038445685688128525,-0.005876784877045178,0.011433759703954077,0.000639135297203142,0.0027613065301166835,-0.033761370433993285,-0.0027936708516678533,0.052141537221707515,1.3191007,3.0169373,0
3.7833,47.0,5.438356164383562,1.0582191780821917,827.0,2.8321917808219177,33.99,-118.06,1.661,33.99,-118.06,0.0016274079254205817,0.012055711509995537,-0.002648815250135454,-0.001709051101444087,-0.04168815773743043,-0.0003235786606548132,-0.006732276703832208,-0.000985044091779847,-0.00037331591533582557,0.0005887458787018052,-0.014394410037542354,0.003907340502236299,0.0009209324698222696,-0.0008225338194690492,-0.0014020751145125928,-0.0015522031580636748,-0.0019774644906508437,-0.0011638392822772524,1.1271747635149872e-05,0.0010155850107678435,0.0010755950281872047,0.003433554760262722,0.0017194859626502288,8.967431098247742e-05,9.715381270634666e-05,0.007019074555686402,0.0091090679701569,0.057444681205682704,0.2786359,5.9446263,0
3.8512,47.0,5.280112044817927,1.011204481792717,954.0,2.672268907563025,33.96,-118.32,1.713,33.96,-118.32,-0.003950824391560519,0.012760103769068372,0.0007352659594569756,-0.0016141770265754995,-0.05059249652609121,-0.002139591456623685,-0.017417480921927974,-0.0011437476675633582,-0.000915023959609487,0.000857377857256373,-0.020023443438150348,0.0039043137291049895,0.0009209324698222698,0.0004248138459908248,0.0004648848563062065,-0.00145561294262485,-0.002043608841545125,-0.002160206679758182,-0.0005130184266827188,0.0012510186862038798,-0.0045303653924234095,-0.003932573791751606,0.002143285114869241,0.0001134692266442892,0.0001514931412554148,0.006880933444731875,0.008324360676249185,0.058786733792500975,0.50830877,5.957965,0
3.2122,29.0,4.133819951338199,0.9708029197080292,1052.0,2.559610705596107,34.07,-117.92,1.955,34.07,-117.92,-0.00712676671498516,0.03790254103948804,0.0015182671571822499,-0.0013166619172361536,-0.0580229231626761,0.02433143612548642,-0.0052695412704445894,0.0020086741211146363,-0.00045353060855196934,0.000702745832816938,-0.013994483224694036,0.004634508570395608,0.0011797885014078766,0.0005593056482262878,0.0004957396038050663,0.0019051064521495543,-0.0013039851107351506,-0.006807350652629753,-0.000510667918464411,7.608222511865052e-05,-0.0010978069645636674,-0.006506747035864098,0.0022256195567727103,7.974992944292902e-05,0.00014906472158442965,0.012002584442192911,0.008670943184144493,0.05622442079924121,1.7097977,5.71132,0
1.7981,41.0,3.2965879265091864,1.026246719160105,1511.0,3.965879265091864,34.02,-118.16,1.66,34.02,-118.16,-0.038544553956108576,0.09035678298249213,0.0019707124694226573,-0.0025935105002684055,0.048184671227503424,0.029628128010560754,-0.002683419996133262,-0.0016732248402020263,-0.0005352392731169425,0.0007276200582636906,-0.014555224641714848,0.0007037190229037787,0.00018169062909547372,-0.00037117598868988133,0.001887467043779427,-0.01488886185778442,0.0009948412161603726,0.0022572813241516876,0.00014655783869529316,0.005149308824302177,0.0007235186000320136,-0.005040173158430611,-0.003056742751312234,-0.0007917158334642827,-0.001128029656639811,-0.030643201735240485,-0.004527349518836529,0.04681524033038891,6.531591,-0.8483142,1
3.025,41.0,4.010282776349614,0.961439588688946,1668.0,4.287917737789203,34.22,-118.35,1.543,34.22,-118.35,-0.036564250026701176,0.04017151808012705,0.0017093797889067932,-0.0022967952846792857,0.04242727737514449,0.03107666322494222,0.015481458990868413,-0.001260224735436799,-0.0008238113413615265,0.00036350030248081654,-0.017107412928481242,0.0005677668549384686,0.0003140674845954795,-0.0005480115777321861,0.0005699479277420554,0.002338478060512146,-0.0030136430714515243,0.0029395706733138017,-0.001209013843115078,-0.0004480153380422475,-0.004459811919956566,-0.006166420082179171,-0.004014005496217548,-0.0005685452285921095,-0.001110737070028152,-0.031100392356179785,-0.019721658965397054,0.08794113426454186,8.895393,0.914984,1
2.6709,19.0,4.176047904191617,1.148502994011976,2278.0,2.7281437125748504,34.19,-118.44,2.155,34.19,-118.44,0.004323138508644266,0.03112785170674627,-0.002411193030585525,-0.0016522683184867952,0.008324270904053818,0.030211595882619957,0.021094004196417708,0.0016228727528605322,0.0007711130968588994,0.0003068609658203168,0.005807643362204534,-0.0024731415227691772,0.0002399946407432647,-0.0005464010726604493,0.00035168289941475407,0.0037859342221978464,-0.004381499238738713,0.003411186742814973,-0.0003255084887073298,-0.0003578918961173776,0.006161180012916212,0.00956353377233916,-0.0028462718051157332,-0.00036520549022300906,0.000699768131419501,0.014393259952485839,0.010760727883222005,0.08083336350845866,5.8044114,4.6210485,2
1.1645,44.0,5.151943462897527,1.1519434628975265,1159.0,4.095406360424028,33.99,-118.3,0.982,33.99,-118.3,-0.03784851296970941,-0.017660018350717257,-0.009059631195933468,0.0025130760313245076,0.06244906896782079,0.025685067513652817,-0.0012987170526380847,-0.0014842815605026112,0.0006105769716621232,0.0006219132709486109,-0.014579795818817656,0.0005018686229683866,0.0002216058560770571,-0.0007432095423683385,3.7296582756579175e-05,0.006772487137463515,-0.001958713730889373,-0.0033579064332238174,0.00040102364057387316,-0.0004938530025784099,0.0014604090671332319,0.005934388800237962,-0.0054323278910998925,-0.0005425677515419704,-0.0009260196395456821,-0.03285606959870372,-0.009447925990484874,0.05205648745087666,9.376961,4.126601,2
2.3,42.0,5.285266457680251,1.1316614420062696,737.0,2.310344827586207,33.96,-118.33,1.892,33.96,-118.33,-0.047613541169898715,-0.02593693423377628,-0.001974871189806431,-0.003907622726828767,-0.05461596426929282,0.03064332787327961,0.007607777607750458,-0.0011989908240868244,0.0005876869098420068,0.0004228179280172386,0.006070390581813006,0.00488464284242923,-7.479188892160525e-05,-0.0003166384079123724,-0.003231754999660938,-0.0016078725067016075,-0.0021222615389461597,-0.003182372354446653,-0.0004111958686797975,-0.001314027318162485,0.0032587240848634407,0.007023409938157585,0.0017820156211251549,0.00031947577480564786,0.00014036539497323005,0.03074036589038569,0.0027911550241323827,0.07739117587672908,1.775172,6.4584455,0
3.2857,37.0,5.12,1.1511111111111112,981.0,4.36,33.89,-118.08,1.536,33.89,-118.08,-0.014997545874547448,0.0030133518592966413,-0.0020988973815410108,-0.0004083752906987129,-0.004420977978635983,0.020416143099985996,-0.01816748860297357,-0.0015137082044673889,0.0005043783709536755,0.0009338228665718858,-0.021702955768197182,0.0004928711701904612,0.00032969603015717893,-0.0006840886454691356,8.033047424677752e-05,0.0024356842260816127,-0.0022784137885255755,-0.0006202416955024302,0.00038178844551507805,-0.0002730098111227767,0.00042670602806270727,0.007761728287794209,-0.005984022639006957,-0.0001617958713997366,-0.0006914087607221572,-0.03614203085203461,-0.006519299997593301,0.055111867225212406,1.4708278,2.8913078,0
3.3562,40.0,4.6567567567567565,1.0,1221.0,3.3,33.98,-118.06,1.692,33.98,-118.06,-0.03399995557200172,0.01632402863661934,0.0009723733572739612,-0.002090648073804601,-0.009886774922852096,0.02228536348461694,-0.018518889569194733,-0.0016981346117912275,-0.0005352392731169428,0.0007040196249792765,-0.018449767250138076,0.0017439623048204347,0.0006579411563648078,0.0005858565660666295,0.00044938087552777835,0.0018576438198613073,-0.002143318833152234,-0.001949215217239871,-0.0004999513250460565,0.002471792271189682,-0.0002740127126817891,-0.006088292802936247,0.00014942246238854054,-0.0001417353642598236,9.205277828609035e-05,-0.007551047378341532,0.007035102434386966,0.05726260031275224,2.0306292,3.6729798,0
2.0675,25.0,3.1467991169977925,1.0684326710816776,3744.0,4.132450331125828,33.79,-118.2,1.167,33.79,-118.2,-0.0008747124698968402,0.07896380592434875,-0.0016465945293755344,-0.0007693638595769,0.043654039188768125,0.028497564649703908,-0.0013773375933124035,0.002242458138210298,0.00023644223812951948,-0.0004260403772130959,0.001243595961794086,0.008154354702986484,0.001766438230867453,-2.8453113798581622e-05,0.0016710104048308233,-0.015649541397234474,0.0006632481989399284,0.0029039665351536883,-0.0013854716288831121,-0.001062526786274823,-0.0029155312979670914,0.0030620198866798,0.010064031770788998,-0.0002633268012401798,0.0033246297920114616,-0.026548962609385177,-0.0017262389890433595,0.05355313811330028,6.487555,-0.29760325,1
3.5938,46.0,4.731543624161074,1.1208053691275168,655.0,4.395973154362416,34.04,-118.17,1.411,34.04,-118.17,-0.0336506411443406,0.010355602129248265,-0.0015487277486187152,-0.0015615519996856823,-0.014502949028382185,0.01744513334753892,-0.017985519547888313,-0.0014228451063577128,0.0002944001331567486,0.00048296702844308073,-0.02211165727002242,0.00039733177857956953,0.00039117503408256523,-0.00026209452716756745,-0.0033619381493952345,0.006236397492430221,-0.002263413705839169,-0.0017073331378388088,1.5765975672881706e-05,-0.0005078638187314774,0.0006703409879720641,0.00776332400076973,-0.0068709679438213826,0.00011813328913984157,0.0011247459653673652,-0.03598024365433553,-0.006885436967256322,0.06059147223531889,1.2895503,2.9306498,0
2.0917,35.0,4.284403669724771,1.107033639143731,1357.0,4.149847094801223,33.95,-118.29,0.993,33.95,-118.29,-0.020757770687113396,-0.017727070449219073,-0.002730293715457724,-0.003764880620513682,0.058027933617223824,0.028840490475496618,-0.0016561179079688083,-0.0005992323796477453,0.000375269253733474,0.0007608706069646068,-0.014802091547207354,-0.0009991957093391504,0.00026370755286305727,-0.00046590589314635784,6.715570715753537e-05,0.005461790817151076,-0.001629081739308121,-0.0013095513327925452,0.0004544110783291056,-0.0003946417464305288,0.005628943581052263,0.004718127845437112,-0.004204795331000731,-0.0005735030795575511,-0.0008920647380942446,-0.032452159401231924,-0.007113523874190958,0.053183125297344966,9.332868,2.8956094,-1
2.7708,30.0,3.619389587073609,1.1166965888689409,1359.0,2.4398563734290843,34.17,-118.38,1.923,34.17,-118.38,-0.01381076013791299,0.06407951057134882,-0.002218865567217696,-0.0019122728014234534,-0.03654934642797035,0.029384682287065183,0.019372947587210938,0.002702668627250909,0.0004577778554601263,0.0007446868628376121,0.005311485773564421,0.0036790843413999144,-0.00037301719031303455,2.7184493675704296e-05,0.0006882576090020065,0.012121262648876042,-0.0015988825284407543,0.005560142392697815,5.206327181674193e-05,-0.0008684861232534273,0.004132922657242403,0.008390139589085296,0.001467174263270878,-0.0006228593809973689,0.00013968316318193317,0.032855912512820426,0.003895560995644698,0.08402682900506693,2.8200672,6.25956,0
1.5854,42.0,2.137089991589571,1.0782169890664424,3974.0,3.3423044575273337,34.06,-118.26,0.875,34.06,-118.26,-0.038903281108087086,0.14619613748143748,-0.002985285651445326,0.0003427446571590638,0.03323609942873462,0.024881158365244592,-0.015905587920274272,-0.0013559085814798737,0.00015158041711588085,2.6319612168601743e-05,-0.011440792766017305,0.0018766298682360836,0.000545772634095522,-8.675534037713668e-05,0.001700693769398673,-0.029761740467300103,-0.0012867399850417691,-0.016843376023234293,-0.0002997561918109701,-0.0004127255004701292,0.0015747583055113492,0.004000040536439122,-0.0009683404261123447,-0.000980202307494019,0.0013821271018157005,-0.019452506859434487,0.0028227712310577168,0.0668214102352276,5.826218,-0.77039087,1
2.7464,21.0,3.8264550264550254,1.1216931216931216,2515.0,2.6613756613756614,33.97,-118.37,1.531,33.97,-118.37,0.004612819817938803,0.05443359509648913,-0.002499236043341681,-0.0016423673801764056,-0.0006681478706864522,0.030494828966903562,0.02077915336356222,0.00209177470669717,0.0006141280502496185,0.000262905386500048,0.005770170629073084,-0.0007592568367001759,0.001975736674101738,2.6200269235250996e-05,0.0003447635981567707,0.0015070795714143574,-0.0008743937731627242,0.002950989477268861,-0.00025350230658168394,-0.0002542508389943987,0.004222883420431313,0.008362278995321847,-0.0028824437201445128,-0.004523698742060563,-0.005096220308712354,0.014152599227506902,0.01081458585574946,0.15870886936218623,3.991976,7.1005936,-1
2.7483,28.0,4.106508875739645,1.111439842209073,2934.0,2.893491124260355,34.09,-118.14,2.188,34.09,-118.14,-0.00820112757449668,0.028746932204645692,-0.0024900583395194697,-0.0013643900701729057,0.0332614656576538,0.024025808984486384,-0.006213970053339158,0.002083283076535184,0.00045698662932984756,0.00010357641523941962,-0.010971398416725694,0.004381404213985531,0.0009537416430994999,-0.0004928639555431079,0.0003722577969946863,0.0035757116576562945,-0.0014438868570184609,-0.0058939257299339826,-0.00025350230658168394,0.00032566234595905264,0.0015415472522213025,0.00794016397215248,-0.0029695598259535634,9.117206613958701e-05,0.0007360723307720922,0.006712511678563984,0.005260581740601988,0.07339950305135577,6.238175,4.2501264,2
2.9118,38.0,4.376358695652174,1.0638586956521738,2792.0,3.793478260869565,34.18,-119.17,1.724,34.18,-119.17,-0.028893095286357848,0.026288612042607698,-0.0020598112485706505,-0.001896323271643993,0.043748069378915094,0.030446329198360524,0.014259888903542095,-0.001541699982293304,8.010075437142746e-05,0.00030141142845360974,-0.018051794566477826,0.0005677668549384691,0.00032823658783287367,-0.0005046380930053151,0.00039110456947576567,0.0051954114530416776,-0.004843981681702908,-0.00035591967385918027,-0.0013974456033116812,-0.0012626704397068714,0.0020346242559022743,0.0034771473352714086,0.008947869239908387,0.0021982889130202,0.0013034262777868908,-0.03416919094326857,-0.023738658440726697,0.06952655202500803,8.991342,0.9704053,1
2.1473,29.0,3.853846153846154,1.053846153846154,1368.0,3.507692307692308,33.74,-118.29,1.953,33.74,-118.29,-0.009644085658873147,0.05087236759703577,-0.0014237404421056463,-0.003495721403012975,0.05378912426527136,0.02843285931120619,-0.005332498141435841,0.002411623594967306,8.009204334002724e-05,0.0005472449996169325,-0.0008430761274745201,0.007293370977020317,0.0017607399206920056,1.4426131773044029e-05,0.0001811653198580338,0.00011518363067015047,-0.0014111541751590055,-0.004200521376187974,0.0004803422558274442,0.0004205210499399143,-0.00976552601982216,-0.007639497712803909,-0.0023708848072010688,-0.0005797908773724845,-0.0012343264035819125,-0.025726069799816908,-0.004413845953470535,0.06009899677614161,7.8566203,-0.16602844,1
2.3056,31.0,3.320359281437126,1.059880239520958,1119.0,3.3502994011976046,34.18,-118.36,2.0,34.18,-118.36,-0.010836878751434496,0.05267634173973841,-0.0020108873592082402,-0.001703033202069591,0.04317474211542224,0.035799717934670815,0.020187383734218294,0.002152771719260313,8.009204334002724e-05,0.0006619628288667689,-0.008883970485299778,0.0001509444139884489,0.0005066992171716477,-3.1053936376885226e-05,0.00135542788788188,-0.002575524179756694,-1.0314912135790818e-05,0.004695712431786004,2.1158624935962144e-05,-0.0015717899756727564,0.0019400107505991033,0.00262306051305694,-0.0007774865756123074,-0.0003396418521257507,0.0004804459230198231,-0.020410718422090128,-0.008783511109147178,0.09851145427916223,8.506426,1.0560921,1
1.8224,44.0,3.7506702412868633,1.03485254691689,1419.0,3.804289544235925,34.04,-118.2,1.438,34.04,-118.2,-0.038558652167157176,0.05010194912442727,0.0015292518668034063,-0.0025959541065165032,0.04635611927841926,0.029226920451356546,-0.0019117252702999194,-0.0013058779271895272,-0.0005212849213647574,0.0005830062028127243,-0.014555224641714848,0.0004811298246386598,0.00018169062909547393,0.0015965735719906168,0.0005158578829462192,-0.01704011644331773,-0.0009582518991433274,-0.0021855311050767733,-3.565874845727035e-05,0.0020038615863969184,-0.0010267170200557432,0.002761533284729528,-0.0030911952294753976,-0.0005706480034259241,-0.0012119078379628256,-0.03145882432242557,-0.0037343248939108024,0.05552189746062671,9.17034,-0.71496725,1
2.1542,31.0,2.348993288590604,1.0033557046979866,1272.0,4.268456375838926,34.04,-118.29,1.281,34.04,-118.29,-0.008745687050745146,0.09260036040565935,0.001976932539676077,-0.0034441774932635542,0.028626702967119194,0.02806610483393393,-0.007630746489444448,0.0019189353249953543,-0.0005360392102786216,0.0005473165910922993,-0.011505465827025916,-0.0010252510358935143,0.0001628255454023182,-0.0003711759886898811,0.00169047493802831,-0.04600600820479459,-0.00020299892304878863,0.0007254279928973795,-0.0012517868741402105,-0.0005510500183941809,-0.002663092254803054,-0.003267079305807871,-0.005086087511448815,-0.0007917158334642823,-0.0009476332161431172,-0.030238820815955938,-0.0060441651665865655,0.040289288364978866,6.313105,-0.45971534,1
2.4701,28.0,3.622262773722628,1.062043795620438,1092.0,1.9927007299270072,34.44,-119.76,2.909,34.44,-119.76,-0.020781807206730948,0.059633782329285595,-0.001455604166825998,-0.002109190734969108,-0.0922405391471984,0.027051672899565567,0.020098600088649943,0.002774746011329489,0.0002045533140594981,0.0009853760971997878,0.022434349495963374,0.005879619656062339,-0.0004195434985935063,-8.044162108916588e-06,0.0006863194843616288,0.012573102150434869,-0.0090772512564589,0.003170768778048994,3.0205405279056015e-05,0.0023916906040360084,0.002385236488186899,0.00595981334065749,0.003016732305544593,0.0006813930914820299,-0.0006277164917038252,0.013474251550401137,0.024307170966383202,0.05788477696164419,2.5229247,6.827604,0
1.8438,29.0,3.2056962025316458,1.240506329113924,1083.0,3.4272151898734178,33.78,-118.19,1.625,33.78,-118.19,-0.009278798927196644,0.0963344424706032,-0.0006683703533985103,-0.0017223579649309469,0.05553121639168236,0.02934226086093178,-0.001027510407854228,0.001831610399780216,0.003285410281170225,0.0006460987561361363,-0.0011988509178996768,0.007932906604485602,0.0018161780495076318,-1.9107612525719414e-05,0.00135542788788188,0.0007854802763256118,0.0006757516696734754,0.0013893115665694203,0.00042957748955110256,0.001248721141789428,-0.0019793609097287566,0.007335600884411117,-0.005100058842460461,-0.0005086166725210619,-0.0007343601705564572,-0.02627531599736453,-0.0019286711873521432,0.04927523815901325,6.50945,-0.47194043,1
3.3523,25.0,4.997245179063361,1.1129476584022038,1187.0,3.269972451790633,34.07,-117.94,1.708,34.07,-117.94,0.003665517584809183,0.016701261238713554,-0.0020967098656880555,0.00020037292843569837,-0.016193175156818836,0.022571851807264218,-0.005862562030965514,0.0016892058404523293,0.0005324106746532452,0.00040920271096583785,-0.011507113305128406,0.006690750392901026,0.0014305738905116027,-0.0006297328580311464,0.00010575707139664242,0.0004168518686042261,-0.0012911813102577283,-0.001685538185982974,4.396057076303356e-05,-0.002015574150250015,0.0010723008775449076,0.007949520614074737,-0.0012752514237520168,-0.00018164425531920936,-8.234658645377099e-06,-0.00631672801682299,0.010904157194143853,0.06317967479909449,1.7107819,4.424615,0
2.7098,47.0,4.330601092896175,1.147540983606557,949.0,2.592896174863388,34.13,-118.22,1.738,34.13,-118.22,-0.04213361400134071,0.014197279447702655,-0.0020806538196002414,-0.0014886379950246284,-0.019409147363261128,0.023235919663642954,-0.004449356626920106,-0.001265137133562652,5.658604648736492e-05,0.0007577840302971236,-0.006437154258504301,0.003544697703468559,0.0010172547814764322,-0.0006928158943749745,7.459178380267838e-05,0.0002236729646176212,-0.0018973839116266055,-0.0019041299310438716,-2.068723592743167e-05,-0.000593962968214807,0.0013213575651367813,0.007976388333820559,0.001831061653695372,6.286236504514824e-05,0.00016109447010581064,0.015699869941591508,0.013109289561555255,0.07479255968334977,2.4376676,5.503092,0
4.0313,45.0,4.426470588235294,0.931372549019608,557.0,2.730392156862745,34.19,-118.35,2.091,34.19,-118.35,0.000494666065768735,0.009334713895644723,0.0016237467941800313,-0.0001734590929020575,-0.05058703415182435,-0.010803150171162505,-0.021594102774586992,-9.872628064161859e-05,0.0033336194388517678,0.0005840432810965079,-0.014330329724955296,0.0045624170729545626,0.0006180777918244834,6.73766664955763e-05,-0.003300444407376394,0.0033335809481924873,-0.0030534807873926935,-0.0011441190364636492,0.005807019900530576,0.003339556595193703,-0.00915223356421493,-0.017394323226389313,0.001974134886711456,0.0007727427889614536,0.0029723913141139822,0.005960189811925515,0.004617640382563551,0.07349974646781604,0.51124346,6.205483,0
1.89,49.0,5.221476510067114,1.185682326621924,1334.0,2.984340044742729,34.03,-118.35,1.24,34.03,-118.35,-0.049278375561473166,-0.015601836469780146,-0.002959491977444313,-0.0039918747694198484,0.03379749979346252,0.03553555957059838,0.016944443164138828,-0.0005943398535503855,0.0006857811379595371,0.0006973439961889327,-0.0072883087582801985,-0.0001279194697982591,-0.0026863537005824556,-0.0008183801244353904,9.01027279242889e-05,0.0013523859734927922,-0.0014978078097891744,-0.0016009255348199585,-2.068723592743167e-05,-0.002022322428494902,0.003286768240047755,0.007598938385997659,0.0008748787492000984,-0.0001530513326617952,-0.00017254216001866314,-0.002475033610036178,0.0007473233714562896,0.10546888535323458,7.8426576,4.362321,-1
1.4886,35.0,3.3049645390070923,1.0425531914893618,1153.0,4.088652482269503,33.99,-118.27,1.0,33.99,-118.27,-0.02011255486376553,0.04724514590547305,-0.0016625039938431329,0.0003440297913583564,0.04687241905219817,0.027871819631894935,-0.0019454575878543386,-0.0004478754655409457,0.00015157170608448063,0.000822299909693701,-0.014797852843505722,-0.0008623891635572207,0.0002725938823018292,-7.784466924061739e-05,0.001330015174993808,-0.018663727462411968,0.0007283330705005906,0.002594401006657922,0.0004325532117914197,-0.0007585626469918678,-4.870553135297491e-05,0.0035920693670720132,-0.005478489073577231,-0.0007871770181011103,-0.0009119748303021118,-0.032749209122988135,-0.007101773998289872,0.05381022662082259,8.252966,-0.3970755,1
0.9518,27.0,3.0179640718562872,0.8502994011976048,789.0,4.724550898203593,33.95,-118.23,0.914,33.95,-118.23,-0.004586860128664924,0.08772565372760499,0.003349977443843888,0.002882158497070924,0.048162552843311314,0.028421181420930124,-0.000985865359201251,0.0014054663621773857,-0.0013653932645454469,0.0002648474136343694,-0.000768015044946941,0.00721986158131264,0.0014468921718765917,-0.0008621119304891282,-0.00017246604985976386,-0.016279657743973233,0.002011416033258974,0.0025219521420872257,0.002726097741927891,-0.0017077651253207986,-0.0016556903113047576,-0.017018805034986373,-0.006657329282508152,0.00049119514117961,3.8600345114918254e-05,-0.02736088752355509,-0.0049832606173758455,0.03962024336738546,6.465895,-0.4367081,1
2.7109,37.0,4.292,1.06,1197.0,4.788,33.91,-118.21,1.33,33.91,-118.21,-0.021190856020233503,0.01804798813012814,-0.002063367157715536,-0.002210619541412287,0.05529943292234346,0.022381355886071427,-0.0033519356053825925,-0.0016428989439111529,8.009204334002713e-05,0.0008124111303145553,-0.016024526647000274,0.000639535524281676,0.00016061914497117816,-0.0004923079289698443,8.59523588489101e-05,0.005516305648256792,-0.0022442219061474646,0.00014201848593411214,0.0004325532117914197,0.0005225736349673331,-5.8274200090013905e-05,0.0032796703331186344,-0.004656670024193968,-0.0005727496930288729,-0.000892843787062793,-0.03248878355083328,-0.004948715639261725,0.0512943231105209,9.52017,0.99477017,1
3.371,17.0,4.04969696969697,0.9733333333333334,3381.0,4.098181818181819,33.76,-117.93,1.618,33.76,-117.93,0.016424995258535836,0.03246698501385182,0.00016558631635188017,-0.002764962937938187,-0.018386523656730304,0.022044907040044862,-0.008520067166325035,-0.0010469251182630358,0.0001952068365925097,0.0007649867142495518,0.03979333240431423,0.0021549938758014518,0.0015431061163837915,0.0007930342367644937,0.0007453727598009475,0.0007602179403128926,-0.0017221495375079516,-0.004694382310868513,0.0020359021797632876,0.0018308874201092016,0.004775822839841092,-0.0061732580122554,0.011107748707296881,-0.0004087051705434875,0.0036679924805836438,-0.02739520076109495,0.0006842239921798147,0.05374893869527727,3.0377645,4.451165,0
3.4583,28.0,4.28125,1.0677083333333333,627.0,3.265625,33.84,-118.21,1.663,33.84,-118.21,-0.0029419317395332693,0.024988857102008922,-0.0025770285055874906,0.00012333844089834338,-0.014546692352241809,0.022519716501719647,-0.018344807566820758,0.0016176715752766286,8.009204334002705e-05,0.00040573296141616295,-0.010672677575165391,0.007072312016596145,0.0016595599417127342,-0.00012354418152772575,-0.00329785700011151,0.001874260330034831,-0.002032275782443583,-0.0017191938384485798,-0.0004189962913533355,-0.000533694152284676,0.00043798494910505023,0.003355125884893158,-0.0011853319905031586,0.00044777079832378154,0.0020064963247032907,-0.006137481446087351,0.006959756793794291,0.06210458474638449,1.722179,4.3269587,0
2.5417,27.0,3.865953947368421,1.1175986842105263,2571.0,2.114309210526316,33.87,-118.19,1.841,33.87,-118.19,-0.014836840817776597,0.04799334238221744,-0.0018444324792905448,-0.001639530579706637,-0.03930647484482256,0.01874079219045849,-0.01667346736231603,0.0030047161548307126,0.0004943781861284791,8.815526059074478e-05,0.01869250571775733,0.005768007971530221,-0.0005631793517493119,3.4459652379992506e-05,0.0002838852839892911,0.0034298657332299505,-0.0012762877453618118,-0.004117651254894786,-0.00025350230658168394,-0.0036674446480611895,0.0010243711076227588,0.008032143704662896,-0.0019358141083367052,-0.0004982896918502615,0.0014106540065364549,0.013447810351008749,-0.023759770612403825,0.04837393448617467,2.2628386,5.7362213,0
3.8646,36.0,4.975395430579965,1.0070298769771528,1462.0,2.5694200351493848,33.84,-118.16,2.146,33.84,-118.16,-0.016664329859200317,0.01861632608718392,0.0006654945282067335,-0.001827254216095079,-0.05046480336541803,0.0015846971443366602,-0.008995691066259186,-0.0013708631379048795,-0.00045914624276151126,0.001037967631215121,-0.007797610752281912,0.002523523949176945,0.0010656236061362607,0.00057122866770535,0.0005308696447200821,0.0007695215648843949,-0.0022167494695328567,-0.0011619526389684517,-0.000513657801333449,0.0006100677257150475,-0.0011437545375883413,-0.006366034190120738,0.0007160686719055719,-8.071713538787522e-05,-0.0001798126994096063,0.01208819349011741,0.008426223500437594,0.04571234472307846,0.50623167,5.6372495,0
2.3382,38.0,3.703767123287671,1.1147260273972603,1759.0,3.011986301369863,34.02,-118.47,2.975,34.02,-118.47,-0.03440663211978364,0.05173456372869127,-0.0024936142486643546,0.00047048736904639827,0.03060591326436885,0.03765036236347011,0.021622728628786315,-0.0006575606940262292,0.0004585777926218052,0.0007497325919234182,-0.009586099170756,0.0017591472760426447,0.0005333757467523016,2.6200269235250996e-05,0.0005352767212427492,-0.0008796397191746849,0.0021859224771245273,0.009921945271536562,5.206327181674193e-05,-0.0022085021989241213,0.0035841476846265575,0.00820235775363168,0.00056339826205972,0.00045147760980973487,0.0007827763669844334,-0.004537492378996985,-0.00644891566771587,0.1854896397571077,4.1040382,6.98418,-1
2.1782,29.0,5.326145552560647,1.196765498652291,1254.0,3.3800539083557952,33.88,-118.21,1.268,33.88,-118.21,-0.010358917870851778,-0.03358038690466938,-0.0023535261070622847,-0.0035861569467361557,0.05419849833888549,0.028175500096536243,-0.0027295425657356794,0.0015537012354575775,0.0005043783709536754,0.0006305339173135767,-0.004572325651668051,0.007041448860108653,0.0015784720000519643,-0.0006573374043595858,0.00011209650670149492,0.0009437323436575821,-0.0017593578563083324,4.766626562358676e-05,0.0002370970935800076,-5.930865074400017e-05,0.0007739644290963152,0.007812496899825665,-0.002348638792290168,-0.0004657607767928156,-0.00019399839133770727,-0.019129355715999198,-0.0016577846739314211,0.0529978858931796,9.244695,3.0145931,2
2.3864,42.0,5.1395348837209305,1.1434108527131783,918.0,3.558139534883721,33.96,-118.25,0.988,33.96,-118.25,-0.04098647690298334,-0.01964737828337216,-0.0020000572344621398,-0.0004071930082140871,0.05819910999898745,0.030001129086634,-0.003383406433094647,-0.001608344633092054,0.0005051783081153544,0.0007454755982475205,-0.014986200013894472,0.00033446547054744415,0.00018950207498297087,-0.0006840886454691356,4.665243399704978e-05,0.0033754664045449324,-0.001961419624374239,-0.0003681393813844598,0.00038178844551507805,-0.0003209466737758457,0.00035168503122434425,0.007785046063045094,-0.005963547198160161,-0.00020217964594704903,-0.0006729324665803769,-0.031155328555891853,-0.0032906108612896254,0.05239244731856717,9.313992,4.275112,2
3.6471,12.0,4.628378378378378,1.239864864864865,1022.0,3.452702702702702,33.86,-117.97,1.417,33.86,-117.97,0.026147730236074702,0.016444122020240728,0.00046932443229064644,-0.0005354021207560667,-0.016995880733487963,0.018484033160889556,-0.01369996024185499,-0.002457441785399607,0.0023584490042562137,-0.001029761192496482,0.036635197275342216,0.0016145214297378378,0.001305565986130263,-0.0010896502328111041,-0.00010120675454004938,0.004492003709877522,-0.0015704351367153682,-0.00013422043438831902,0.0003551603750593863,0.00024406777773581145,0.0008920850441172981,0.009032362380688838,-0.006487942968507544,0.00010399682416906628,-0.000816963927098806,-0.02667533046719904,-0.0020212821568769573,0.05402056424374152,3.0451646,4.4389377,0
2.5398,47.0,5.416413373860182,1.027355623100304,1003.0,3.048632218844985,33.94,-118.29,1.057,33.94,-118.29,-0.04233745956481879,-0.02057781701098215,0.001314889609176357,-0.0012637812385462364,0.031486858594654374,0.02973897696135338,-0.005392818617528257,-0.0014951760651141374,-0.0009094083253999451,0.0007414247759201963,-0.009550687378578015,0.0016721994727299954,0.0005017509594007367,0.0004248138459908249,0.0004127659041489734,0.0007205958000521694,-0.0021284402782367744,-0.001340481484946736,-0.000264858727873726,0.001873609698921619,-0.003737026400930596,-0.003249606201953547,0.0015300255984180674,9.447064040093505e-05,0.0002602400021536129,0.0005459757631603081,0.003512772953564372,0.04505527138743063,8.209527,4.501976,2
2.006,37.0,3.769230769230769,1.023076923076923,1579.0,4.0487179487179485,34.04,-118.3,1.5,34.04,-118.3,-0.019226171073688507,0.03582632066305846,0.001976932539676077,-0.0035961492581162613,0.04543983060628964,0.02874009977191007,-0.004272461825030176,-0.0013395559674392557,-0.0005360392102786216,0.0007436502481089699,-0.014821112228385828,0.0004811298246386601,0.00017776538051314907,-0.000338026084575423,0.0005420626848356907,-0.018113042025578042,-0.00036353713063847664,-0.000916485654987054,0.00014655783869529316,0.005212040410012755,-0.002663201295475854,-0.00262396377899936,-0.0026530486741190486,-0.000544251490773515,-0.0011226965615368809,-0.030234262504827258,-0.0057198936199579125,0.040794748603075616,8.4041195,-0.5068301,1
2.4583,29.0,3.6506849315068495,1.047945205479452,1143.0,2.6095890410958904,34.19,-118.44,1.991,34.19,-118.44,-0.013596806790755566,0.059783729208217604,-0.0022561028607240258,-0.0011532657734291288,-0.022925948338349926,0.034938425277094995,0.020077722273411844,0.002298358595911766,0.00016260064506667956,0.0007449366199117215,-0.00810442409068549,0.004434858334017309,0.0010114131640374764,-1.2531930623706276e-05,0.0006767656991718563,0.015134376097439346,-0.0019405144375675247,0.00552580931706075,3.020540527905602e-05,0.00011219729001169043,0.0028166601841448495,0.0035678603190284555,0.0016521888272663038,-0.0006170172942680023,0.00015032588276676578,0.01673771634624967,0.012968820098854453,0.07943947811250342,2.9154613,6.101403,0
2.7118,25.0,3.8410041841004174,1.2359832635983263,2723.0,2.2786610878661087,34.2,-118.47,2.817,34.2,-118.47,-0.0082705029375261,0.05572960515876436,5.38136180182567e-06,-0.0014472184860387818,-0.060562726007300935,0.027798435451482497,0.01952360102137405,0.0034408516447742956,0.0036319848005185286,-0.00016898351010571555,0.007902285108121927,0.00529377050979054,-0.0006262600410790574,-1.5612155679963955e-05,0.0002872997523168998,0.006325908556580051,-0.003676733068269996,0.004966889542845443,-0.0003261249393957115,-0.0011899985236166319,0.005736276022911067,0.00949824425337702,-0.0024534035981830815,0.0015326312895517233,-0.0006468591307220591,0.027746155088686813,0.0029002213154732596,0.07858531112362403,2.675977,6.465405,0
2.5139,52.0,3.6038781163434894,1.077562326869806,1189.0,3.293628808864266,34.12,-118.21,1.9,34.12,-118.21,-0.02729768242920847,0.046283594131419636,-0.0021013649379043506,-0.0013304177994881764,0.05136296231408231,0.029452507096415614,-0.005939377881393691,-0.0087377532176568,0.003492049476767777,0.001063914323074718,-0.010829344033570509,0.0020194434049544737,-0.001707603178555523,-7.940119977486125e-06,0.000569404950525497,-0.002734407844427584,0.0003615289367315406,-0.004197184774077205,2.142346029335819e-05,-0.0008853267692625006,0.00037838180092988693,0.0031206735960575193,-0.0005225081836949966,-0.00043215096887258314,0.00010375516872333798,-0.0029092550152534655,0.006670608611809576,0.07357790649712598,5.9367228,3.8030393,2
3.7083,43.0,5.166666666666667,0.9855072463768116,871.0,3.1557971014492754,33.83,-118.22,1.752,33.83,-118.22,-0.032006786664204104,0.00918539140979679,0.0007217335582559345,-0.0018018134340240302,-0.014721420305573897,0.019680938241153932,-0.021369513062130616,-0.0016897801294014224,-0.0004583463055998324,0.0005440368863184772,-0.01934678280232055,0.0017875104965168348,0.0006675395838287288,0.0007040808239622054,-0.0011010712949719589,-0.0037106851294946984,-0.0024044642940252202,-0.0011423492772113222,-0.0005961455098565193,0.002703631947397582,0.004116568204615526,-0.006214005024859826,-0.0019474216978697452,9.463778630810273e-06,0.00014247705808846032,-0.005513338957927947,0.0046772748724303774,0.05200206169933121,2.0414283,3.8115702,0
1.7393,29.0,3.7823834196891193,1.2461139896373057,3580.0,4.637305699481865,33.78,-118.17,1.402,33.78,-118.17,-0.008548731113639301,0.05002046351012694,-0.0007172942427609208,-0.0024180313755089336,0.044942387541665255,0.029390242756160576,-0.0011909614882268794,0.002057973261854294,0.003284619055039947,-0.00015853896085503305,-0.00169160766350269,0.00714547349535603,0.0017666463036453302,1.4042291588738912e-05,0.0004018686823765456,-0.018116243244680495,-0.0014068366206715706,0.0011351908979900234,-0.0016053360245198837,-0.0008206497326863906,-0.0024017493482735267,0.007046907058649328,0.009666756520427148,-2.6785114798554487e-06,0.0033358758088905555,-0.02858834745449093,-0.0019255143556196766,0.05293316815039205,7.563023,-0.052219138,1
3.125,35.0,4.320754716981132,1.0339622641509434,1651.0,6.230188679245283,33.89,-118.07,1.203,33.89,-118.07,-0.014702250812234712,0.024983025904285198,0.0008826441311319936,-0.002292382931786017,0.021462377973099425,0.021765785590441466,-0.014616388583910615,-0.000852135422170824,-0.0005360392102786214,0.0005470605313526442,-0.021337436192047476,-0.0009232880576296624,0.0003523886278039633,0.0010898395112477286,0.0006119398171263841,0.0011997744282590032,-0.0019585111384014917,0.00023937251322391363,-3.537102986444178e-05,0.002597695477571059,-0.0006999930338718607,0.0029811627891953,-0.004286496024377236,-0.0005334384047409726,-0.0013411643129681878,-0.03480691702943183,-0.005932210831769067,0.054946515404187886,1.5652434,2.8483477,0
3.8068,34.0,4.630996309963099,0.9870848708487084,1516.0,2.7970479704797047,34.22,-118.25,2.67,34.22,-118.25,-0.014227699523543663,0.007968185245925522,0.0008704436461902817,-0.0014822740428314313,-0.052547551576341514,-0.0004096761288491727,-0.007832968490055877,-0.00045213591680028564,-0.00045914624276151126,0.001037967631215121,-0.009134722380987134,0.0018157924370724725,0.001032505169940263,0.0006949063585693228,0.0005308696447200821,0.002650457677208692,-0.002980665891256319,-0.0017027348071914589,-0.000513657801333449,0.000469513231851407,-0.0018133456640786368,-0.006695851683080022,0.0003752145970606025,-0.0001422204718914217,-2.8623883608975505e-05,0.00603145943744437,0.007943028054491453,0.06300867278504473,0.6662915,6.101491,0
3.7237,42.0,3.7324414715719065,1.013377926421405,1082.0,3.6187290969899664,33.95,-118.36,1.708,33.95,-118.36,0.0020658537297173775,0.003550600301152845,0.0007271713904542692,-0.001800236590925428,-0.01562371484623244,0.00828984967492847,-0.007766053872522411,-0.001417551959423067,-0.0005408549073264847,0.0008440524185517845,-0.0231772126805346,0.00020581111838483234,0.00017736165143611074,-0.000338026084575423,0.00038726658657044287,-0.003532209393193336,0.0004659333181777103,0.003376722280503685,-0.001252480483414045,0.0006282645650355834,-0.003219103516998721,-0.005233316971691173,-0.007818172756130242,0.0002671044773739081,8.505837662216186e-06,-0.042096602227957775,-0.026115399492763935,0.09358489542101606,1.2757558,3.3216822,0
3.7969,35.0,5.23989898989899,1.0707070707070707,1312.0,3.313131313131313,33.92,-118.02,1.648,33.92,-118.02,-0.01439814992587675,0.013044066301330636,-0.002288891286089065,-0.0013496976216116144,-0.045213354657531714,-0.00019089615718406342,-0.0030628431178231306,-0.00036806959197293525,7.447640913048524e-05,0.0010260398476436747,-0.020521965148293932,9.066292498241605e-05,0.0005436650400804881,-0.0006666829056324478,0.00011862771898370203,-0.0032166140925155157,-0.0015183420558220768,-2.9150426758780668e-05,2.0465015662127944e-05,-0.000558106551951152,0.00045170088047272037,0.003190743861739188,0.0002211340805181917,-0.00016407074727786913,-5.708854844004308e-05,-0.010758256478162288,0.0022492426023285874,0.05207754877227526,-0.07641868,5.7196975,0
2.2969,43.0,3.4050632911392404,0.9367088607594936,295.0,3.734177215189873,33.93,-118.28,0.906,33.93,-118.28,-0.0386267144593989,0.0419040481430411,0.0006534048348222538,0.02042853945860751,0.03484110185180431,0.030854263535784424,-0.006522371549667381,-0.0015766646749357095,-0.0003444589604273179,-0.0004008094021980199,-0.01393232875751295,0.0006853306270454421,-0.00011688300965972022,-0.0023963526588151175,-0.004415644311840534,-0.018413265614732357,0.0005049129074878526,-0.0031166018971143738,0.006793645976802432,-4.285975636615683e-05,-0.0030633074385393033,-0.01738860347051492,-0.004182542083581813,0.0012194755249387908,0.0025720619627458904,-0.02985570236394179,-0.004973488520209798,0.03874991627040944,8.960188,-0.906225,1
1.6228,42.0,3.9416445623342176,1.1140583554376655,897.0,2.3793103448275863,33.84,-118.32,3.761,33.84,-118.32,-0.04586810605544699,-0.02256784287598723,-0.002950735475159275,-0.0013455872518327806,-0.04453141682207191,0.02984324393956549,0.006855371872062345,-0.000589311771471655,0.00048678023328043205,0.0007355562344761055,0.006599111568080192,0.004953384738641127,-8.686288212914364e-05,2.3851032681472572e-05,7.478971775198029e-05,-0.0028081768853450515,-0.0017195507335577569,-0.000796827862264158,5.206327181674192e-05,-0.0005001004129512456,0.003225546741576515,0.0067565494587710235,0.0019081617816443916,0.00012079570254691184,9.698427230300451e-06,0.03247047994420463,0.0028368673685475335,0.07465017294677356,1.810466,6.439133,0
3.0114,47.0,4.211594202898551,1.0318840579710145,787.0,2.281159420289855,34.16,-118.27,2.555,34.16,-118.27,-0.04082805728869596,0.034762679868132265,0.0009402809128891456,-0.001594027911870022,-0.06548758766458129,0.024978195459217718,-0.01192754654664978,-6.553598939504541e-05,-0.0008720167686013134,0.00045608993101675817,0.006661853381032495,0.004888781824795511,-0.00025135914761522586,0.0009201884750632306,-0.0009669282803813923,-0.004833410250884173,-0.0016159776915156676,-0.0058572439411372235,-0.0004569156785942832,-0.002430158991325583,-0.001395254176138539,0.0038123441999228457,0.00193777295905406,4.203052721888383e-05,0.0001640233164425659,0.031828895613151956,0.006279808455950112,0.07839914487020004,2.40637,6.4521866,0
2.4375,36.0,2.814814814814815,0.96011396011396,1508.0,4.296296296296297,33.99,-118.18,1.548,33.99,-118.18,-0.02052479764699838,0.03671369772088725,0.0017050326536316293,-0.0020417614674689316,0.03838375020054575,0.03071438583460623,-0.006036713628690369,-0.0013122717602978985,-0.0008246112785232052,0.0008340975069829543,-0.014763762145746881,-0.0005286771447985593,0.00028890039597276486,-0.0013967787164437593,0.0018279635921220833,-0.02548490135744716,0.00098942942919064,-0.0004819741695661615,-0.001209013843115078,-0.0014003658573465035,0.000814016019843146,-0.0057245146308599025,-0.004001343959711608,-0.0007917158334642825,-0.0012468191719254744,-0.02989025877806779,-0.005440925320063079,0.044791553547813695,8.409543,-0.62769103,1
3.775,9.0,6.103626943005182,1.2150259067357514,1556.0,4.0310880829015545,34.43,-118.66,1.55,34.43,-118.66,-0.0006376913220726666,0.008502896410794155,0.000963578197078979,-0.0007601084208626608,-0.03086094867561999,-0.0023203403371238746,-0.010172021119571866,-0.0012489862002946005,0.002607335208053317,-0.004072736465623123,0.044968239908722216,0.0018837787460335143,0.0005497055135557446,9.833811628740267e-05,0.00019955556146626142,0.0020100333586695863,0.0008809111551254815,-0.0011525696110433407,0.0006642478655767926,-0.0012250056099333132,0.0061730881242604615,0.00929809190534229,-0.0022602579594982724,-0.00011796270980355165,-0.001874780420074373,-0.03216614338436085,-0.0286588061990093,-0.006791387803330838,-0.22922552,3.9885209,0
2.5523,46.0,3.7610169491525434,1.1627118644067798,1107.0,1.876271186440678,33.99,-118.48,3.875,33.99,-118.48,-0.08409764693394198,0.059718938761973234,-0.004678861075209502,-0.0025247314982841896,-0.1343764711880297,0.026995842630454146,0.022396025747425653,0.0006044014400690201,9.397760328599654e-05,0.0009910731866094272,0.05732673965928327,0.004851797406642832,-0.000542300481636666,-0.0001496968133590183,0.00010334351256044641,0.012935780749662767,0.0020245355107246076,0.007411289234774302,-1.473493401776737e-05,0.001290047781292946,0.005539911870925722,0.008273246945598937,0.0024570013884777685,0.0007510336408989102,0.0010900746979030152,0.024958306910589485,0.021319516384984142,0.20458253741970847,3.2817473,7.1790195,0
2.137,37.0,3.852941176470588,1.157563025210084,1967.0,4.132352941176471,33.79,-118.19,1.266,33.79,-118.19,-0.019800760101600097,0.040768888024448724,-0.0029697054444302686,-0.00435034485546242,0.048270038201445147,0.028011610735548743,-0.004917165631906538,-0.0008119524575762506,0.0005043783709536756,0.00014555272857685894,-0.014832350297485196,0.0006353965419153948,0.00017350583319310838,1.4042291588738912e-05,0.00037834813416947954,-0.008322428756822476,-0.0019198404841026034,-0.002553729968344472,0.00042957748955110256,0.0002094435365350684,-0.0025191408588404233,0.0075967746707212595,-0.003420764217422932,-0.0016613496934623601,0.0009060111487366483,-0.032282692864732516,-0.003664858743510468,0.05161977305241727,8.341528,-0.282263,1
2.3,28.0,5.046979865771812,1.0553691275167785,2537.0,4.256711409395973,33.79,-118.22,1.375,33.79,-118.22,-0.008505478050872312,-0.018469405871007837,-0.0018995127486403783,-0.0032307203392385824,0.05074870860294381,0.030151206258575168,-0.003120209978426895,0.0015248608778133524,7.930081720974863e-05,2.195243435752197e-05,-0.001874724257225121,0.007012056620166517,0.0016534146093695862,-0.0006569535641752808,0.00041195596858152925,0.01058933552175776,-0.0016981310986715619,-0.00022173820851866815,-0.0013496565592756565,-0.0006791523595187654,-0.002675733059783339,0.0031792627475976942,0.009391152215804098,-2.997611210588867e-06,0.003340429855024937,-0.02737592566192238,-0.0037095531067504743,0.05433024225560695,9.023075,2.7813573,-1
2.5385,33.0,3.0518672199170123,0.9356846473029046,2272.0,4.713692946058091,33.96,-118.15,1.609,33.96,-118.15,-0.017186512854922377,0.03475456973335592,0.0012751966258710643,-0.0017623323532951134,0.03839539906656202,0.02978147885717735,-0.00595305245349362,0.0018506333195005002,-0.00041373068498166266,0.0003196334843685565,-0.015166887621973437,-0.0009814998743366142,-0.0001046616586658907,-0.0007984534983719614,0.0020429250260406836,-0.019111898036211973,0.0014332535762778698,-0.0011981285908470047,0.006059669916768826,0.0011973321782736686,-0.0019310905063338701,-0.01683260426694392,0.011425694966869956,0.0007601030109540304,0.0035500949646684156,-0.029062624784419983,-0.0027199955005822794,0.04047384418397109,8.354148,-0.6505796,1
2.0125,31.0,3.669421487603306,1.1487603305785123,1405.0,3.870523415977961,33.88,-118.21,1.43,33.88,-118.21,-0.00931350519534117,0.039031483876843735,-0.0026465978379767315,-0.003486895472554292,0.04349069013677321,0.02839827235578463,-0.0013231024811502694,0.002085394769262024,0.0005043783709536756,0.0005261814521060805,-0.011516703896125276,-0.0010935735168818973,0.00015856599808227763,-1.2708949520810937e-05,0.0005118949553509618,-0.017079934756101027,-0.0002663195040797662,0.0007173941025153254,0.00038178844551507805,0.00015881262373870444,9.831800085290053e-05,0.007534614640629934,-0.0026230738829681128,-0.0005317473234781041,-0.001242071168821202,-0.031340583665226227,-0.004058773147850215,0.04832547444889804,8.171837,-0.21730818,1
2.4942,32.0,4.703412073490814,1.078740157480315,1131.0,2.968503937007874,33.83,-117.93,1.863,33.83,-117.93,-0.010916092922494128,0.0034230110033442464,-0.0024850278849365094,-0.0010924613384864904,0.031121847240089377,0.030304935824406177,0.012145312959003304,0.0016968917125813978,0.0001626006450666794,0.0007092810697946307,-0.00476767320031555,0.001710625850753923,0.0009237706776882142,-0.0006813108039937274,0.00014187765846445567,0.003887793263748064,-0.001512992452212056,-0.002283846495846279,9.846028057402966e-05,0.0003943941371298945,-0.00028450671708419857,0.004719624730026178,0.0015362708143217118,-0.00015431946649181847,-0.0002592545045381111,0.010790348040037466,0.0064327712380605265,0.05647754048894305,6.629,4.368273,2
1.7689,30.0,3.956584659913169,1.096960926193922,2951.0,4.270622286541244,33.8,-118.18,1.176,33.8,-118.18,-0.008717168572774046,-0.013258725037319726,-0.0028726859596165306,-0.0022092495123742072,0.05545001320973498,0.029368869445085658,-0.001604126346061806,0.0020579732618542937,8.966261573973726e-05,4.976155516333664e-05,-0.009712459309892365,-0.0009633092178601875,-0.00023019398625842997,4.082816759653037e-05,0.0003924278819256415,0.0038581389729614797,-0.0014068366206715706,0.0011351908979900232,-0.0013277986927379705,-0.0010132496293093608,-0.0015992282128111975,0.00392323248174733,0.008974300264376352,-2.678511479855286e-06,0.0033358758088905555,-0.031583742933375056,-0.002757755253610324,0.05361307134378416,9.077079,2.6928294,2
2.2054,45.0,3.724137931034482,0.9540229885057472,1288.0,4.934865900383142,33.98,-118.24,1.25,33.98,-118.24,-0.03849901798805595,0.06877405189296051,0.0015833324333439276,-0.00366009819884408,0.03759007564835471,0.028633352466985153,-0.006006705369052072,-0.0008987735131698962,-0.0002736973276566374,0.0005600900192371421,-0.01711243498373452,0.0004811298246386601,0.00015787728763140893,-0.0013609776482432353,0.00043782873490099967,-0.020658242319869992,4.785610236516792e-05,-0.001579289676837845,-0.001209013843115078,-0.003665168562203245,-5.7696773729017255e-06,-0.004560873727067441,-0.005107943554098174,-0.0005442514907735153,-0.000947633216143117,-0.030076380734617877,-0.005263217347246627,0.04569788795430541,6.8570004,-0.94810325,1
3.7143,35.0,5.205882352941177,0.9595588235294118,995.0,3.6580882352941178,34.24,-118.43,1.787,34.24,-118.43,-0.012397679475914452,0.005819927036199652,0.0009469328731521033,-0.0018369106291460373,-0.01799796878175077,0.021427532735325966,0.0013646374106250222,-0.0007666165091007643,-0.0008302269127327473,0.001037686240476906,-0.021988199062288282,-0.001251016624396609,0.0004337557246110916,-0.00045207632572271934,0.00044184971494440654,-0.00022671914886110108,-0.007461158101784893,0.0032343614805445276,-0.0012097074523889125,7.791695174414484e-05,-0.005260851532561738,-0.006186318962160191,-0.007818172756130242,0.000607314656036721,-0.0013983502753654,-0.03718966568788646,-0.025387344709327412,0.01010219170245586,-0.13064526,3.1648145,0
3.3214,43.0,4.436274509803922,0.9754901960784312,764.0,3.7450980392156863,33.81,-118.21,1.622,33.81,-118.21,-0.03340790313674023,0.01334885323916305,0.0013292931712532456,-0.00030326742408903025,-0.0050296696925869406,0.020749652715749602,-0.01941628145143127,-0.0017805281809677475,-0.0005352392731169428,0.00044276449231216933,-0.021432827834953715,0.0004133998953882422,0.0002781831499238771,0.0006645125930584225,-0.0026138571308710937,0.0016124390877097635,-0.0026546935986638586,-0.0010955924494620922,-0.0013456847853554697,-0.00093297191633203,0.004751592501353764,-0.006300319809227379,-0.0069823569994301275,-1.511479199390315e-05,-0.0007553808549368332,-0.034154075402608446,-0.004680183286176357,0.04971084591794494,1.3609928,2.8696628,0
1.8316,40.0,3.783387622149837,1.0765472312703583,1847.0,3.00814332247557,34.03,-118.36,1.135,34.03,-118.36,-0.04201224679262432,0.0521355045037824,-0.0026472263107726276,-0.00423830237470091,0.03011163815494835,0.03611707055017137,0.017100225840301967,-0.0009540607040263504,0.00016340058222835834,0.0004507173628057742,-0.008580846390675244,0.0016766492281091163,0.0005255643008648029,-9.931108045402673e-06,0.00014677964506189763,-0.0018296111506703513,-0.0012081249927917525,0.00041309360725447165,3.020540527905602e-05,-0.0009277331263916784,0.0026795932657787446,0.003033836128114127,0.00018245099674488177,7.928166279225112e-05,0.0005274682368274524,-0.004588314830637739,-0.0039773873096000155,0.12556950387412644,5.7093925,3.49393,2
3.9575,24.0,5.065921787709497,1.0804469273743016,2547.0,2.845810055865922,33.93,-118.0,2.154,33.93,-118.0,-0.0007827728861760177,0.01753960898760908,-0.002367784402720622,-0.0006571415668184721,-0.02840932828138375,-0.0046409872959093205,0.006084328009389805,0.0010612709082728998,0.00032302217465808965,-0.0003616821118815472,0.012498334533457571,0.0031075485273809335,0.0012279647694668071,-0.0006813108039937271,0.00036721009438055944,0.0024658271740903015,-0.0010859489986876727,4.090758593088995e-05,-0.00025558795113425495,0.0005636318235238273,0.002410323305995198,0.00461919614353368,-0.003285905441716562,-0.000734679493797939,0.00138368900358509,0.005063040874516508,0.007664396737588236,0.05666076161114921,0.87190753,5.2227864,0
2.6098,52.0,4.5989010989010985,1.075091575091575,1660.0,3.04029304029304,34.02,-118.32,1.271,34.02,-118.32,-0.023457192524974104,0.002975811730161722,-0.0019529616357688599,-0.0020345467060674813,0.031249722811801942,0.03235464896533975,0.007761149753215982,0.004461525045307491,0.0031195106386686495,0.0009217693346175996,-0.007622322330718608,0.001816178160277849,-0.0017076031785555228,-0.0008277256257082526,0.0002503437980514438,0.0038795876103934865,-0.0020056293527975213,-0.004357463484839789,2.2486149357348596e-05,-0.0013341443284127273,0.0027688270076366367,0.0016983612054624726,0.00029069338684443926,-0.00015337043239252942,-0.00018304058241497232,-0.0010192684331649397,-0.0014130146816298764,0.08100976609970079,6.8470974,4.2060757,2
1.5195,42.0,2.3997539975399755,1.040590405904059,2500.0,3.075030750307503,34.09,-118.31,2.182,34.09,-118.31,-0.04122947547158656,0.16324638135518216,-0.0018560309229819008,-0.0014718340037433364,0.016864001144629867,0.029911446618692536,0.014393130988395267,-0.001321407617038848,0.00023408901884253332,0.00026392417279033105,-0.008607190439470863,0.001895953821824575,0.0005435657709199345,-0.0001048027316373674,0.0016598348680953376,-0.02383798691124839,-0.00123519036746742,0.011010931644984198,-0.0002833442643984733,-0.0016746278784575234,0.002263363762160365,0.0014240933173019917,-0.0028244669850072484,-0.00015523091497372901,0.0007666342266826071,-0.000912882348643024,0.0012143564110628125,0.09250086415041446,5.6815224,-0.7351412,1
3.1004,26.0,3.4140786749482404,1.0807453416149069,1332.0,2.7577639751552794,34.15,-118.23,2.571,34.15,-118.23,0.0005165554986255677,0.016000765769505012,-0.0024400968443191087,-0.0013684825341213317,-0.028848172188638267,0.017679233130261228,-0.012293113288096388,0.0025227000164729564,0.0001626006450666794,0.0005384897591358278,-0.01585424865290347,0.00485009084592238,0.0008845797884822214,-2.2261272080873384e-05,0.00140625691915815,0.0018600104815366366,0.0009639521450141733,-0.004103292952767286,5.067123653800517e-05,0.0004187414757213902,0.001987903180794563,0.004208166498630415,0.0011365699912550494,-0.0004177398331516726,-6.147945577976145e-05,0.008512424136532745,0.011056246178217122,0.07474362860172462,1.6452296,5.078903,0
3.6705,34.0,6.17515923566879,1.1305732484076434,817.0,2.6019108280254777,33.88,-117.95,2.75,33.88,-117.95,-0.017729893275947293,0.006801218370199748,-0.002040739914192392,-0.0016435404211998118,-0.06734690648192317,0.02032752423464092,-0.0031730388787400924,-0.0015527897162912043,0.00034701224815575566,0.0008840346344173908,-0.007883417514006568,0.0020176869282264084,0.001220573913333815,0.0013041729312515066,0.002820149765826493,-0.003438110030634815,0.0017562090983066336,-0.00388831180271219,0.0006326650399460926,-0.0007166393277600876,0.0014550516204397117,0.008079285491437214,0.0018847798974590605,0.0001212322782422484,3.882907235531438e-05,0.0124780319854293,0.011511260619344292,0.05999868591673789,1.2547913,6.0540524,0
2.0,52.0,5.506410256410256,1.1346153846153846,1026.0,3.2884615384615383,34.0,-118.3,1.28,34.0,-118.3,-0.04103255230436368,-0.01114420001542896,-0.0024361829264605353,-0.0019593058598042913,0.055931528787086536,0.029132283409794343,-0.003486182658940894,0.0024235213096635566,-0.00245335497022655,0.0010281495034903166,-0.010472673105402733,0.000621069542840009,-0.002156719862520338,-0.0009607316222433233,-0.0003999906825996041,-0.00026104108779595133,-0.000587174454869511,-0.005009581614354261,-2.9071398215268723e-05,-0.0019785007121308554,0.001937105706095054,0.005908881988190321,-0.0007524071969105496,7.802875666777206e-05,0.00029382124548339613,-0.004356208288824057,0.004661895565587263,0.057105511776530685,8.588144,4.2442346,2
1.9208,37.0,4.150793650793651,1.1063492063492064,2484.0,3.942857142857143,34.0,-118.26,1.034,34.0,-118.26,-0.019686486211936916,-0.011391270393285021,-0.0027373050118414226,-0.003420916827290785,0.0583233409822848,0.02934185709391141,-0.0021192326640264328,-0.0015816782060221214,0.00037447802760319526,0.00024987090510366136,-0.014755625892139274,0.0005636278725721889,0.00024737261256616895,-0.00046590589314635784,0.00037834813416947954,0.004918363441197484,-0.0019622023021951523,-0.0015504702501808762,-0.0013755877367739953,-0.0010132496293093608,0.0035562139928431583,0.006051391776680102,0.009390502812561468,3.2901866043445022e-06,0.0033781724696273175,-0.031373989212204564,-0.0016775935689599514,0.0580209447333767,9.235188,2.6256607,-1
3.0491,41.0,4.338394793926248,1.052060737527115,1439.0,3.121475054229935,34.19,-118.39,1.92,34.19,-118.39,-0.03925287950396975,0.026587399174856155,-0.0022561028607240258,-0.001972618300751336,0.031473479730445196,0.030962355177047454,0.013761844098432235,-0.001331136365349424,0.00016340058222835834,0.0007503881262619969,-0.013449034694579087,0.001763286258408926,0.0006579411563648089,-0.0005192659913665945,0.00010530506585509477,0.0002861541227271155,-0.0048228033883994945,-0.0010225771694038915,2.222131399995255e-05,-0.0014776906932241836,0.0024555218171988715,0.003615279779607789,0.00046380470032946955,-0.00038137734686601585,0.00016494084911429532,-0.0036194935861748483,-0.011385765196117992,0.07517061537427601,6.1798835,3.9640546,2
3.0143,44.0,3.7838479809976246,1.0403800475059382,3913.0,4.647268408551069,33.96,-118.23,1.482,33.96,-118.23,-0.03696875278809056,0.030097767968749713,-0.0022332580132062444,0.0002675103149267935,0.039370357200143064,0.024633566821587217,-0.009368761395388836,-0.0009901451001988176,8.010075437142752e-05,-9.564201513951088e-05,-0.01748119551742306,0.0005677668549384699,0.00032823658783287264,1.4426131773043812e-05,0.00036346674561112667,-0.014412367526981495,-0.0017648817975394059,-0.003062252213438625,-0.0014332606729191369,-0.0004746376291317192,-0.00031164123046145833,0.002863335718554086,0.009598846137847186,2.2757684614659707e-06,0.003395839406014957,-0.03154663075561009,-0.002943349834675781,0.05621154907247721,9.004302,-0.31883842,1
2.3375,30.0,3.371681415929204,1.008849557522124,840.0,3.7168141592920354,34.29,-118.45,1.542,34.29,-118.45,-0.009403137098983853,0.04413506952431038,0.001389785622573483,0.0017372276412235884,0.03748776448204764,0.037434309618995444,0.021046330761882538,0.0017707938980188792,-0.0005360392102786216,0.00041883409161275794,-0.010205102146816228,-0.0008746282463535145,-0.00023229209628828392,-0.0003918153025732679,-0.00022093773092332823,-0.018367124989636788,-0.004253154517124112,0.010762579575774707,-0.0012698990475801363,-2.2244144443715888e-05,-0.005042543576255564,-0.005711157157284279,-0.007453288724998155,0.0009018887872056637,-0.0014874704976014883,-0.03209428704224996,-0.024700318747063854,-0.011547970338601613,7.9314604,0.45449227,1
3.0349,35.0,3.41109709962169,0.9899117276166456,1526.0,1.9243379571248425,34.09,-118.35,2.667,34.09,-118.35,-0.033559615828161575,0.038915519031403195,0.003035890511689646,-0.0027978437924685027,-0.058512528550525265,0.026194180228775656,0.01735290687483121,0.00011007821313778512,-0.0004161390517533379,0.0011973238847245514,0.052558808865304014,0.0035157020053628914,-0.0003287406683024262,-0.0002998235184103171,0.0018045648386920245,0.0088589056981524,0.002089059588745187,0.0043567050640449445,-0.0005173373118299803,-0.0005314800955323928,-0.005248284803171597,-0.0060265484623815545,0.0014633087392976665,-0.00031919356166896265,-7.967767328015804e-06,0.02045448441889968,0.016717573235309507,0.10123985436343806,2.6722617,6.7265267,0
1.6716,32.0,4.577966101694916,1.2,1880.0,3.1864406779661016,33.94,-118.29,1.238,33.94,-118.29,-0.00939410125717131,-0.03565974142698758,0.000577427200184413,-0.0022058654315649713,0.044356459472278426,0.02848841558787652,-0.0023924730549067545,0.0016496192123289046,0.0005325808116123023,4.083388936155594e-05,-0.008366712174248916,1.0853263656859352e-05,0.0005621373459872731,-0.00034373960341598783,0.0004232889337134391,0.001025777264300027,-0.001475865439242962,-0.003050916760091484,-2.9606141340379512e-05,-0.0014323063399439729,0.002846694017305419,0.006280155093377076,0.00147410311744368,-0.00036932020672870633,-0.00027438449460119325,-0.005543602777109752,0.00470606756138455,0.055343915700211806,9.065378,3.1865568,2
3.1353,22.0,3.644657863145258,1.0816326530612246,4715.0,2.830132052821128,33.74,-117.84,1.214,33.74,-117.84,-0.0018682844257524416,0.017614640248071925,-0.0028623476730618657,0.0005769262057060168,-0.016678117739557907,0.02573040858674802,-0.006427750356492025,0.0015585729221794633,0.0003189508398561718,8.806915022868174e-05,0.013835604062961375,-0.0006412483538588047,0.0008724899197142132,-2.1817917209136643e-05,0.0011176054025905018,0.002279169879279711,0.00046787318840350606,-0.005936348919123675,-0.00024292036743185188,0.0009503347243425513,-0.0005127169232011176,0.004358272962494074,-0.0023226218767096753,-0.002630735638681503,0.003877359989851759,0.007225686528830543,0.0043994114334318865,0.00934083498917935,0.14077134,4.2440443,0
2.6083,27.0,3.5095320623916813,0.9792027729636048,2189.0,3.7937608318890814,34.06,-118.18,1.486,34.06,-118.18,-0.004847287967276543,0.042144580089788226,0.001484239173036008,-0.0014741295517900076,0.03519954361543619,0.02942572975066135,-0.005962431938654135,0.0018961355117000358,-0.0005320830796272287,2.260779870631472e-05,-0.0025502840672805187,0.007162877149088428,0.0016892989440411897,-0.0002011995593553317,0.002056038677401204,-0.018330072066284057,0.0014734075802231878,-0.002827028971674385,0.0020913513316582065,0.001263971874624328,0.0008010469721098985,-0.005452438551159142,0.011466290408808841,0.00039626167708164267,0.0027323366441970058,-0.025421360217293715,-0.0009731942924197498,0.057296690225297396,7.632121,-0.05612276,1
3.3393,26.0,4.122270742358078,0.9366812227074236,1550.0,3.3842794759825328,33.85,-117.94,1.686,33.85,-117.94,0.004013593735561077,0.03698874738785509,0.0019790868830631856,-0.0015534449092026812,-0.013026796601450868,0.02089168243796516,-0.008499205661166055,0.002264987870280752,-0.0004176868156330549,0.00046935932828077553,-0.011378196915438586,0.007324083148803676,0.001185283198256258,-0.0005089062665638531,0.0005748076663667658,0.0033094462908146573,-0.0016158400371991686,-0.0061775190316635505,0.002977559223579129,-0.0009241948042840048,-0.004235247566256364,-0.016737579077720492,-0.001830917848287614,-7.513048754433316e-05,0.00027498211411865474,-0.023630135544498398,0.0009439059415254845,0.047255112210986897,1.6504214,3.3552358,0
3.2024,30.0,4.882252559726963,1.046075085324232,2065.0,3.5238907849829357,34.4,-118.91,1.761,34.4,-118.91,-0.003519808521507748,0.01038891935773914,-0.0019051937747507162,-0.0025364715476229914,-0.008973701101992804,0.02410605803613123,0.0030033811909154686,0.0016556368335630795,8.009204334002716e-05,9.80540324209233e-05,-0.015656995217901953,-0.0006671265000497847,1.768053012874893e-06,-0.0006730553428407034,0.00043604536901972524,0.003184884157703267,-0.007805095412061096,0.002222090128996132,-0.0013990280555722383,-0.00025045920038017623,0.0012868063193687512,0.0026616449006644114,0.009273177822237522,-0.0033846670597057716,0.006438106604384898,-0.035182912342483344,-0.022794422099621393,0.01582456713257999,-0.04473905,3.1543036,0
2.7556,26.0,4.701208981001727,1.116580310880829,3700.0,3.1951640759930915,34.23,-119.16,2.132,34.23,-119.16,-0.003228345582779546,0.008157433634020383,-0.0022492968321586775,0.0005807319212492222,0.05214343870518388,0.029794553180486995,0.01956940101506774,0.0015200108953942202,0.00037447802760319526,-0.00034022524908409383,-0.005538756380245276,0.007413059859039539,0.0016466566237923887,-0.000642881692387265,0.00043604536901972524,0.00359765286651306,-0.004340625068257223,-0.0009611632736039279,-0.00029836415653223343,-0.0018196830269971613,0.005080913106951209,0.008914273291140414,-0.0011995324590685136,0.0014601269137757393,-0.000680798689408363,-0.006696250084563308,-0.00804208348822589,0.05933290198558415,7.3736615,3.5269756,-1
2.6364,36.0,4.02,1.1,1763.0,5.037142857142857,33.97,-118.14,1.5,33.97,-118.14,-0.020461126037969884,0.03420152480747148,-0.0024319123581558084,-0.0023946741292448087,0.04972497291310254,0.0289149494682197,-0.005236370934836051,-0.0008122219815586902,9.045384187001575e-05,0.0005645306472823906,-0.016005505965821794,-0.0007512663430636776,0.00028890039597276524,-0.00046590589314635784,0.0002287802731744257,0.002468241536100945,-0.002037829694936478,-0.004277042769846606,0.0004544110783291056,-0.0002452859399002852,0.00127159767725357,0.0042707870273862945,-0.004277797164160114,-0.0005735030795575511,-0.001310036001123045,-0.0312897849638972,-0.005737312882453949,0.05434049317109728,9.141782,0.40484723,1
2.1071,31.0,3.587044534412956,0.9068825910931174,1154.0,4.672064777327935,33.89,-118.19,0.995,33.89,-118.19,-0.008432271624915354,0.039130761863023125,0.0018998177996501556,-0.001649819052438789,0.04309792133542276,0.029306303188191093,-0.00240193609644315,0.0015533382651714207,-0.00041768681563305536,0.0005581748434432467,-0.010936830342768976,-0.000909731204993408,-0.00015471509657488647,-0.001336853665196439,0.0017066675769811521,-0.01821399389389558,0.0012582310442945848,0.0023217090034611844,0.0027536149630231353,-0.0015926455666951493,-0.0019293195354066887,-0.016593397812724404,-0.006277818525428174,-0.00035763636306446547,-0.00016965401896849213,-0.030138867960794995,-0.005271153982039325,0.035420468063157684,8.348434,-0.5896292,1
1.9702,39.0,4.138686131386861,1.0413625304136254,1468.0,3.5717761557177616,33.95,-118.29,0.932,33.95,-118.29,-0.03958868955634212,-0.01490064952679376,-0.0014299605123590665,-0.003704749960081697,0.053852173902459784,0.028366630539321685,-0.0006069375630050603,-0.0015554389693349486,8.089198050170601e-05,0.0007608706069646068,-0.014555013904179771,0.00048112982463865934,0.0001578772876314091,-0.0004923079289698443,0.00015575260696996213,0.003933429397833916,-0.001971931643652321,-0.004121110713163293,0.0004325532117914197,-0.0006980355214552185,0.0020144553881190894,0.0017933433188139331,-0.0026664250726010615,-0.0005738221792882845,-0.0011973628379480807,-0.03214562464966386,-0.005788324325632343,0.05275924027523089,9.174011,4.1261325,2
2.4659,27.0,6.311320754716981,1.2358490566037736,314.0,2.962264150943396,34.39,-119.34,2.313,34.39,-119.34,-0.006457618755028628,-0.019946774718101804,0.0006753982341014791,0.0006690474133468315,0.027658556510459967,0.03709782541488332,0.01860408949863975,-0.0004774279279559122,0.002987941355623752,-0.0019734278540765654,-0.011019691844290075,0.004252172116257643,0.0011150713057928457,-0.0012247080844595484,-0.0004980566899774608,0.0016471835672929507,0.012822287462468437,0.0005699040955591242,-0.005722937996321501,-0.00046964240184386253,0.00784759687014305,0.011602363815826657,0.0009157765658523938,0.0026291993409263835,0.0020344711254830666,0.009852546217273585,0.0050036596499398,0.07452041733304558,7.2543926,4.3730254,2
3.233,32.0,5.751497005988024,1.1796407185628743,951.0,2.8473053892215567,34.39,-119.51,3.46,34.39,-119.51,-0.004421959348657273,0.0006349438465049348,-0.0027658884213187895,-0.0011565857230952535,-0.03149930011838306,0.027154748208987486,0.005836413938192177,0.0009089419123076683,0.0003571889945594848,0.0006506726568078683,-0.010097773347255682,0.0018468317078086654,0.0012881499972400793,-0.0011023978767681637,-0.0004239340700013353,-0.0023611355869034806,0.0023435131702534513,0.002337971084931007,-2.905481062678883e-05,-0.0004692769653569249,0.007713570927997033,0.011958647465112146,0.0015825023023910846,0.0008328573448110457,-0.0005655101350253848,0.012108436841899665,0.011185781565971456,0.07716801480591728,1.6464417,5.3641024,0
1.6699,42.0,3.6096822995461424,1.0136157337367624,2327.0,3.520423600605144,34.02,-118.3,1.08,34.02,-118.3,-0.037652154477642585,0.046696431267780246,0.0012270015906971261,-0.002507068938862299,0.04541352446446261,0.028030080193458505,-0.004764233007331446,-0.0016976093366007964,-0.0005030807018069233,0.00023566057658288094,-0.013454909665695939,0.0009850333797575786,0.0002595605814325621,-0.00039714698147462566,0.0013938424407649384,-0.008111211709512671,0.0009894192627060282,8.051819439488527e-05,-0.0016929356899711503,0.0022343671285055,-0.003321670865038926,-0.002925672249203287,0.008633338229294482,0.00039554044878688027,0.0023938923986811956,-0.027286047506579467,-0.0015165303952669599,0.04189225131039636,9.120009,-0.79972845,1
2.3971,35.0,3.77742946708464,1.0344827586206895,583.0,1.827586206896552,34.09,-117.89,1.889,34.09,-117.89,-0.05180545641431683,0.05776699216975251,0.002862527242335479,-0.0012908959808752213,-0.13240808208113639,0.02204371602327773,-0.0018446091680414467,0.0008283774457356944,-0.00040218470000115305,0.000887911742100709,0.04127402036870965,0.0032050527945501547,0.002631939657810582,0.0011162021573072494,-0.0034557600367680044,0.012547048593962128,-0.00022407837569216564,-0.007204806474411409,-9.541913754776623e-05,-0.0109092323781467,-0.002660838294179787,0.0032424596502479263,0.0022311262137303268,0.00045115840529669346,0.002203575983703879,0.01277146513371212,-0.026737341445388457,0.05251853783439394,2.3071082,7.404947,0
0.536,26.0,6.0,1.0,5.0,1.6666666666666667,33.62,-114.62,2.75,33.62,-114.62,-0.013324771492965643,-0.019115317923526005,0.010393426914819934,0.11775896995577735,-0.09005343323559128,0.05051180024478436,0.014386217654435813,-0.0008122484318866704,-0.0009149157268077473,-0.0035872707578603878,0.02172454635029024,0.004982131465845876,0.01608703823339824,0.0003009350737372704,0.017373413575170346,-0.04709094692784393,0.007667317734556589,0.02558377250369977,0.0057941972744537315,-0.020487579468617283,0.006215773255409202,0.01560985058382103,-0.02601910485030359,0.056161957525599264,0.31305609352170616,0.013205645973938987,0.15189075983754832,-0.1891579744044797,-0.045043066,4.2350826,0
3.2375,36.0,5.058181818181819,1.029090909090909,1025.0,3.727272727272727,34.01,-118.07,1.768,34.01,-118.07,-0.014509682900209738,0.014197867685398777,0.0012387957514421132,-0.00029307996656606874,-0.0027959849099550064,0.021211971152376424,-0.018306679988660292,-0.0017437471360188734,-0.0005360392102786216,0.0009164466055399727,-0.021661458948819975,-0.0008937917147886104,0.00044509059293683595,0.0005858565660666295,0.0004560167798384799,0.006100780328830397,-0.0021158691548524783,-0.00031008247756563704,0.00014655783869529316,0.005743142715476318,0.00038445685688128547,-0.005519261206068311,-0.006001582187959437,-0.00017679755143751796,-0.0005781650448095508,-0.03425418038293001,-0.003624206902282898,0.055208421248756676,1.342028,2.8699121,0
2.5521,36.0,5.0,1.0176211453744493,614.0,2.7048458149779737,33.9,-118.25,1.131,33.9,-118.25,-0.02655355453235979,-0.02187887816426678,0.0013634673077245396,-0.00024719510306547496,0.009508754914104346,0.03140933204893139,-0.00410830140642391,-0.0017927506206542598,-0.00045353060855196945,0.0006458289728078582,-0.002774542547854462,0.0022057767596010656,0.0010498455282586608,0.00010955593227399138,-0.0034690563331643254,0.0025257244586073,-0.0025024263441769954,-0.0010496232200065108,0.0003055688795200975,-0.0015436204317098867,-0.0012422208072515417,-0.006403486729182779,0.0015189257916639672,0.00042342677894560167,0.001990678242613331,0.014536351695376247,0.01164064156950513,0.04984910213686838,7.7224426,4.5121584,-1
2.6354,43.0,4.071808510638298,0.949468085106383,1509.0,4.013297872340425,33.91,-118.19,1.281,33.91,-118.19,-0.038747458073473476,0.03431464427321674,0.0017050326536316293,-0.0020417614674689316,0.04913443345659193,0.028714209319534556,-0.006007767556933153,-0.001022384339859772,-0.0008238113413615263,0.0006118802996612001,-0.015203482381874063,0.0005528984939818674,0.00012199295295980623,-0.000535681413696716,0.0005157169132289665,0.0032487479184471367,-0.0023060242933908856,-0.005009163027285978,-0.001209013843115078,-0.0014007658259273417,-0.00041974337668919506,-0.004974847426383734,-0.0040138058163068,-0.0005474256666358762,-0.001233021223789086,-0.029308375057767518,-0.0051409778619104654,0.044881669576860905,9.305735,-0.108737595,1
3.233,25.0,4.633587786259542,1.0729431721798135,3010.0,2.553011026293469,33.79,-118.16,1.991,33.79,-118.16,0.0006558440831450089,0.016813545563281573,-0.0016991825138106043,-0.0014405346644435026,-0.06011939777407317,0.023224753598292187,-0.020732939870359738,0.0017990496480861035,0.0003189508398561719,-0.00016913941228199168,-0.014301764420814331,0.004130417567314605,0.0006760532082011089,-0.0006813108039937274,0.0003917997679123672,0.0023208779081634514,-0.00174389721464912,-0.001478291898241704,-0.00022757112908334547,0.0008795092543535547,-0.001551849352816063,0.0035842135043904775,-0.002534981945017744,-0.0007432521367996265,0.0014169581569289625,0.012565986575727063,0.009942023629319584,0.06209107177027376,1.1956102,5.8209276,0
2.3846,32.0,2.801556420233463,1.034046692607004,3646.0,3.546692607003891,34.08,-118.3,2.583,34.08,-118.3,-0.008591235736794076,0.04455975897202081,0.0008173598327251412,0.0010806142024232875,0.04479932134295115,0.030649994565227438,-0.0010006257176660759,0.0018942813046141445,-0.0005320830796272289,-0.00010130902835909857,-0.010829629759594984,-0.0007439366790397135,0.00024069549773940674,0.0015510935038406878,0.002029829419772891,-0.012698618472951315,0.000962067418330662,0.003460802226346897,-0.0019106796281383406,0.002088385779187643,0.0014026705819965525,0.0012373545024570052,0.009443817716116057,-0.00017932769551182957,0.0033949371512675755,-0.027132943570768304,-0.0026734290004823097,0.06954170788382859,7.8086867,-0.15028448,1
2.1378,39.0,3.7617834394904457,1.1184713375796178,1379.0,1.756687898089172,33.77,-118.17,1.804,33.77,-118.17,-0.09038992516705135,0.07723750833304047,-0.007608690581966796,-0.00511695178675468,-0.16641570619619003,0.01933606493842505,-0.018431054061970768,0.00022742581175559288,0.000681623990543837,0.0010817553868639786,0.05338425761097484,0.004923566075986039,-0.0005781848163082719,0.0005424578828362274,3.0726420894013913e-05,0.017390733272954824,-0.0008480984447822661,-0.0057453049047648495,0.0001751611307391449,0.01573484040402494,0.0017184169327864795,0.003470712416852346,0.0017044209071740621,-8.113007465951409e-05,-0.00023330607669705728,0.02374864552268997,-0.03695993763979599,0.03943695851922783,2.3384888,7.4512463,0
2.7348,52.0,4.071278825995807,0.9979035639412998,1375.0,2.8825995807127884,34.12,-118.26,2.091,34.12,-118.26,-0.02810457932398997,0.034952987907980106,0.0014781959005511955,-0.0016638350358003523,0.03608790750683184,0.023361962490241747,-0.007947733962494964,-0.008603013415712788,0.0025778025943949882,0.0011531967083750036,-0.004253109403612705,0.003593993202676552,-0.001098457186403282,0.0003165484299458871,0.0005522710024741694,0.003578247329783982,-0.002028508805147145,-0.006153547157193897,-0.0005119321071213425,-0.00021187522707643877,-0.0009637065867597287,-0.006222618239319312,0.0005843802122891492,-0.00014632567702479836,-8.27070049337333e-06,0.00842750702010402,0.005381214971875747,0.06781860830984453,5.8589845,4.0016828,2
3.0114,42.0,3.673521850899743,1.1208226221079691,1537.0,3.951156812339332,33.99,-118.19,1.575,33.99,-118.19,-0.03772144365707064,0.029985213470427888,-0.002296531410380701,-0.0021585120239947884,0.039450749499696465,0.024624801347068667,-0.009085799742560297,-0.0010683996371021506,0.00037606919089515296,0.0007300604196453295,-0.017673596938500746,0.0006502649028719981,0.00034569227194704126,4.082816759653037e-05,0.000584630551409644,-0.0134069587324194,-0.0006146353394904347,-0.0034798841716684437,0.0004544110783291056,-0.00017018663149198803,0.0003185076879374202,0.007513149553359765,-0.0031078362169758168,-0.0005710242221073355,-0.0011919357517597327,-0.03220819467895276,-0.004200977722655344,0.05112577142205431,9.256309,-0.35186446,1
3.6761,18.0,4.403581267217631,1.1143250688705235,1894.0,2.608815426997245,33.82,-117.89,1.405,33.82,-117.89,-0.0013052972851377988,0.017372101767430086,-0.002141321862999832,-0.002007219201538829,-0.05697101918124796,0.02008777266596728,-0.0024912160659901835,-0.0003864814132022329,0.0005581554259190666,0.00017525030875603864,0.01628346328674789,-0.0025420478527949787,-0.0009494850508761235,-0.0005007397145037587,0.000375087815303975,0.0028700019039405965,-0.0016090687626238065,-0.0022906321611387993,0.00010393318968669855,-0.0005679359552361189,-0.0009068585126428307,0.008163030568728701,0.00032209182314509277,-0.0006845007004298077,-0.00015930409043496966,0.010830326717730791,0.011827745264563498,0.06134191590113535,1.5805477,5.8388844,0
1.119,9.0,3.569230769230769,1.1323076923076922,735.0,2.261538461538461,33.83,-117.91,1.75,33.83,-117.91,0.0805891955690834,0.06911523253955572,-0.007457694533366038,0.0031471771144121613,-0.02215136268333205,0.026839612153508854,0.016464200259692807,-0.005418634888356079,-0.0005050125427889765,-0.0018865853322084405,-0.03226782313840816,-0.0060235952990257005,-0.003981989709987699,-0.00015428850729833502,-0.00218026158478466,0.01800476098210181,0.0002051065935118506,-0.0015087967873500226,-0.00037174377933005503,-3.967587418760863e-05,-0.0026246066072233157,0.00816529781879379,0.0019194055062775122,0.00035478785666538996,-1.5661808811434627e-05,0.027070292248016596,0.002988574109618534,0.05515099007820914,3.6256533,5.150191,0
2.7059,19.0,3.804878048780488,1.0884146341463414,1214.0,3.701219512195122,33.74,-117.85,1.598,33.74,-117.85,0.0059892840134208765,0.050078129218876256,-0.0025882928715367554,-0.0013052407684295293,0.030000284394437252,0.022579275339629695,0.00949416423640527,0.0022779568117517867,0.0002651093936488772,8.765993018383252e-05,0.01838216512886634,0.002480349536722482,0.0005138450745357084,-7.190018847857266e-06,0.00030887899730865185,-0.01622764636900271,-0.0014744825928624105,-0.005591955307138089,0.0005028165730535119,1.5525126460152423e-05,-0.0016214768376275755,0.004188087187594271,-0.004441905499975638,-0.0008950567018081549,-0.0011751501574209955,-0.024405320035419627,0.011495162289289675,0.006706612707992859,7.1664214,0.56026727,1
1.8814,43.0,3.866220735785953,0.9732441471571908,1074.0,3.591973244147157,33.95,-118.27,0.949,33.95,-118.27,-0.03851674483530276,0.0265599185979131,0.001982566442109121,-0.0018316117504929153,0.050122598599044735,0.02953942214001871,-0.0028407743775841444,-0.0013058779271895272,-0.0005352392731169425,0.0006763090567915496,-0.014447318073771158,0.0002519674226139159,0.00018169062909547372,-0.0002548325223656662,0.00039115852809719007,-0.006878758254283523,-0.0010813395933594013,-0.00021979302310609527,-0.0012494906005450068,-0.0004991548581541136,0.0006246577696601236,-0.0065110937167653085,-0.006455604068536992,-0.00017610223302537398,-0.0007200360915957917,-0.030734951959514287,-0.004531453852688143,0.04585800561954465,9.379785,-0.09021773,1
3.748,18.0,6.213,1.188,2679.0,2.679,34.15,-119.23,3.804,34.15,-119.23,0.001961636791786174,0.01539978344843001,-0.0021545704969590487,-0.0011607504061053864,-0.03726807922351826,0.0012012400006179925,-0.0067834037194688755,0.0019072197143946948,0.0004985957044987156,0.00013925360363610398,0.015667220850294903,-0.002704396057409759,-7.639556306462339e-05,0.0013448013365277387,-0.0015702188933474645,-0.0004783570552493563,0.004476747544791026,-0.0006799897574486881,0.0003350071518255296,-0.0008132710082821879,0.004627145725019555,0.009919224092039543,-0.003164265323834924,0.00106216675714613,-0.0006612894553080543,0.010101206724358693,0.01345882093174783,0.1643916615822125,3.850637,7.1441193,-1
1.6888,44.0,3.071844660194175,1.0563106796116506,1998.0,3.8796116504854368,34.04,-118.2,1.25,34.04,-118.2,-0.038516233474980906,0.08793645324566826,-0.0021471167378434527,-0.0020725506915277936,0.04531019595650158,0.02761529360593418,-0.002391570239744403,-0.0014711776864764577,0.00010909442116033302,0.00012936663655530346,-0.014554372132588584,0.0007037190229037774,0.00018169062909547393,-7.784466924061728e-05,0.001734376265387242,-0.01507464773663317,0.0003947146606857893,0.0014403863524270935,0.0004325532117914197,-0.0001758019692005013,-0.0003115321897886587,0.0030651642678614305,-0.003584801746070952,-0.001899269033642537,0.000925641120776968,-0.0322746705945802,-0.002537654092133393,0.05661497759138838,6.575397,-0.7727803,1
3.5179,29.0,3.4613259668508287,1.0359116022099448,1198.0,3.3093922651933703,33.65,-117.93,2.25,33.65,-117.93,-0.0036438126848355777,0.014920339190695511,0.0002350328959690414,-0.0009749663004404467,-0.01805318513553207,0.05291295019240836,-0.004237411643972691,0.0017206354611494792,-0.0005220848585264365,0.0006981132554393722,-0.01110792603681264,0.007193379400588666,0.0020096439036275484,0.0015965735719906168,0.0017636524538814252,0.00043135992291973963,0.000943384145503785,-0.004631234410172716,-0.0003999579005505375,0.001391380219864138,-0.004201588878043104,0.002485845100331642,-0.0010512570418671429,-0.00462808130596362,-0.0006843267349135714,-0.014381685260887664,0.009483445826080617,0.06448545205212226,1.7494836,4.289653,0
1.7778,44.0,3.448453608247423,0.9432989690721648,1765.0,4.548969072164948,33.96,-118.24,1.099,33.96,-118.24,-0.03824468853381243,0.04999660673561711,0.0018565144773440097,-0.0028416407403746794,0.04648564062476334,0.030100364328341456,-0.0028259733350452874,-0.0017412573217144396,-0.0004306788985003225,0.0004903480705083641,-0.013979693147443436,0.0007474701844606783,-9.306966819565533e-05,-0.001336853665196439,0.0019285844069319956,-0.018170676578611315,0.0009869233767640655,0.0019258763083177715,0.00271653171097041,-0.0015861495252615164,-0.0019293195354066887,-0.01658068170103735,-0.004014965425057174,-0.00042715327129713265,-0.00043715054304556763,-0.031177351007279704,-0.0052963058334366065,0.038918499863274544,8.898471,-0.92994946,1
2.3359,40.0,4.47976011994003,1.0344827586206895,2144.0,3.214392803598201,34.02,-118.13,1.893,34.02,-118.13,-0.04024009891148941,0.0012707777316369052,0.0008953840697714542,-5.3371929846505214e-05,0.05527204544433243,0.03144030013387147,-0.003633805649162603,-0.0018608253386172375,-0.0005220761474950362,0.00016044211706485117,-0.011953073983386592,0.0016573252745206235,0.000503054654129601,0.0011857747632571954,0.0007680465408999788,0.0024579207111055865,-0.0019985986441311623,-0.0016097276257108363,-0.0007526189137111537,0.0013236626873280462,-0.0003510705918123277,0.002968685862012074,-0.0023415262626374687,-0.0001257682243070791,0.00034689784092227087,-0.0026119619557895446,0.006726790665284373,0.06034306040489936,8.525739,4.1763988,2
3.5536,35.0,6.098360655737705,1.0590163934426229,1011.0,3.314754098360656,34.08,-117.92,2.07,34.08,-117.92,-0.01489125639350652,0.005550130167977639,-0.002435691881129652,-0.00021145746921550005,-0.020296482278897982,0.01977794373723614,-0.005930334447114886,-0.0016315592906811277,-9.594623884284122e-05,0.0008775999425314684,-0.019014751335684296,0.00014989147213097974,0.0007737892524244942,2.7916858718039935e-05,5.090207298602767e-05,-0.0029943028141469173,0.001248046681599335,-0.0033914305408654167,0.00033150248208372376,-0.0005803695884806513,0.0003910034627791806,0.003030293933903572,-0.001358800903623311,0.00013503850734237458,0.00023747241029987472,-0.007471281565318854,0.00985788408753875,0.06406481780173737,1.787047,4.252456,0
2.9688,19.0,3.363302752293578,1.055045871559633,2657.0,2.4376146788990827,34.2,-118.45,2.021,34.2,-118.45,-3.080816889380574e-05,0.040166297737800845,-0.001991323109229857,-0.002003628317830729,-0.04998257286358448,0.030190468180265266,0.01513908915405944,0.001577063201358607,0.00034682676924525116,0.0002451909887014182,-0.0008091033569647387,-0.005208072232529426,0.0018784931608323222,-3.2367446262240374e-05,0.0014465537774831152,0.010197877976837477,-0.002453547883930024,0.006984852616628179,-0.0002747437224309881,0.0001513083048016379,0.002840999563304979,0.003559934810268086,-0.0024455663810535487,0.0013903528442485425,-0.0006704187080948529,0.02746354904843716,0.004145752609902932,0.0778528941638118,2.7752597,6.3947644,0
4.1,36.0,4.902612826603326,1.1258907363420427,1366.0,3.244655581947744,33.91,-118.36,2.431,33.91,-118.36,-0.003980644195774844,0.012523417798405061,-0.0015272078457642644,-0.001349552633402623,-0.043879581844050865,-0.01377278359439106,-0.02328132217734343,-0.0012859205425081567,0.0003696536195239321,0.0010260398476436747,-0.02007621785893782,0.0006378826789814446,0.0006361209408514135,-0.0006840886454691354,0.00020722461879612878,0.0006299022014372058,-0.0016575910386792017,-0.00040655314369782787,4.396057076303356e-05,-0.00297139156589837,0.003673727907760081,0.007710265879264927,0.001755417901372471,0.00027291507576756804,0.00044698172882970806,-0.01284655035205924,-0.006271524216149082,0.10179462625817351,0.0034784444,6.4328146,0
2.2304,42.0,4.664670658682635,0.9640718562874252,884.0,2.6467065868263475,34.2,-118.5,2.038,34.2,-118.5,-0.0405155562277995,-0.008008104941436797,0.001458311862810836,-0.003475929007596161,0.00378725267438963,0.03590368000173337,0.017391048661969753,-0.0017588030564220914,-0.00045273067139029046,0.00040544166698532573,-0.006281367330266046,0.003366404257960195,0.0009547067545889102,0.0006375545306616724,-0.001047020525775763,0.003757309698946618,-0.004822347196724845,-0.0009448362672750253,-0.0005287800919043369,0.0009081437444089393,-0.005680911799385299,-0.005474749717632027,0.0016248379041832472,-0.00010259756896867887,0.000413796004920299,0.017331493684074096,0.01409037666716308,0.0665724948928353,7.182384,4.5445843,2
3.5967,15.0,4.257391304347826,1.0469565217391303,1666.0,2.897391304347826,33.75,-117.93,1.416,33.75,-117.93,0.028479684436126754,0.03303970443033363,-0.001168175747851329,-0.001286179237731216,-0.031201727312462388,0.020419814320504832,-0.003958761422086303,-0.0024545493566376867,-0.0008199262092239065,-0.0005007700813890441,0.022285046407592986,-0.0031582679278389027,0.00010155346255338522,-0.0009392486557826417,0.0001553774535507406,0.003520647120421183,-0.0016283452830216497,-0.001857999353397449,4.972869029616914e-05,0.001262230947103833,-0.0015370074310417062,0.0033253538456482446,0.00019345418188504765,-0.00018158942605546588,-0.000384693128700885,0.004291240491290266,0.003767796085008662,0.06118331608839663,3.167554,4.8020916,0
1.6611,48.0,4.975247524752476,1.1014851485148516,1208.0,2.99009900990099,33.98,-118.3,0.958,33.98,-118.3,-0.051930972153826395,-0.02732014142748705,-0.0038502112942051733,-0.0014561386519957762,0.026235111991275595,0.026933083759952525,-0.005357745144820271,-0.000594339853550385,-2.5667486171538517e-05,0.000724997214818471,-0.007297302377285839,-0.00021041751773178563,-0.002717978487934018,-0.0008507151453268017,9.01027279242889e-05,0.0020379504866617033,-0.0019407391779985954,-0.0035834920172463248,5.1935396886595905e-05,-0.0021497711830624697,0.003637160521217263,0.0038050682460652,0.0009632134659581328,-0.00015305133266179592,-0.00017254216001866282,-0.0028545430672785865,0.006223798339812136,0.05845285430825616,8.135033,4.456252,2
2.7986,14.0,4.586837294332724,1.117001828153565,1814.0,3.316270566727605,33.75,-117.96,1.761,33.75,-117.96,0.03654800273219336,0.010649002191505552,-0.0007719726869743915,-0.0018931560633452431,0.04070989413213612,0.024396316083943097,0.003198234533634128,-0.0025303714734842856,-0.0006113289353590298,-0.000404816948474451,0.02165125490730175,-0.0003000454589477322,0.0008969801361903239,-0.0010628643568033123,0.00023447926690581795,0.004379259791725796,-0.0015978848150151243,-0.0006980333951489096,6.323338576459543e-05,-0.0017109913178382052,-0.0015990744050251588,0.007983736350724595,0.00152179656923189,-0.00020193917030803842,-0.0004112258428198165,-0.0014459271568479642,0.007194251788554267,0.05612314860334423,7.42873,1.773919,-1
1.875,44.0,4.666666666666667,1.2083333333333333,504.0,5.25,33.99,-118.24,0.986,33.99,-118.24,-0.039642994880320435,-0.02860487695203973,-0.000419083439117992,-0.0005104940501313012,0.05956110853716026,0.029247229879191036,-0.003075023167538722,-0.0015547406457012125,0.0005051783081153543,0.0004086002299941337,-0.014465764602932482,0.0003374922436787532,0.00021331541644703576,-4.033359353108205e-05,-0.002334536119096557,0.007127799366195646,-0.0021859076910312495,-0.0011827392316097287,-0.0013134005866657522,0.00018036704127287017,0.00040914438599911495,0.007423342506206557,-0.006723250070428613,5.549624297228221e-05,0.0010959732456692713,-0.0325338006148768,-0.007364966881165604,0.05336015572609911,9.502517,4.217621,2
1.625,52.0,3.4285714285714284,0.8571428571428571,46.0,6.571428571428571,34.06,-117.75,0.675,34.06,-117.75,-0.02985399325098885,0.04732011758162485,-8.987156974398221e-05,0.06826664455390716,0.046148688689523945,0.028479533496847925,-0.0006524454465725258,-0.0010252232449701711,-0.0007393307145852701,-0.04593338454618209,-0.01483472905923197,-0.0011559850415245741,0.002456287903630525,-0.002174347189726204,-0.04285611773003752,-0.01653008567568495,-0.00208018909586887,-0.006157552787515387,-0.13301272415898507,-0.004823546275452509,-0.003749296962114566,-0.03418166220761967,0.04087295166997437,0.06379003052422381,0.1509907012697794,-0.014799066384720406,0.007650685163180585,-0.07332186382299785,7.827449,0.58830285,1
3.0739,36.0,4.178997613365155,1.045346062052506,1175.0,2.804295942720764,33.88,-118.29,2.186,33.88,-118.29,-0.02073159708545974,0.03947990858595038,-0.0022604499959991897,-0.00136307020296769,-0.029998712037421695,0.01763044546897953,-0.012914946589963998,-0.0009529438694373233,0.00016260064506667946,0.0009389851516604717,-0.008655092545255929,0.0022938367721486875,0.0012060357252227313,-0.0005069358273311237,0.00010826982405240596,0.0027424260585553763,-0.0022703869708734312,-0.006021741614783147,3.020540527905602e-05,0.00011219729001169091,0.0030498583467331052,0.001971171286452184,0.0016395739051570995,-0.00010575298512570546,-0.0001968927759239783,0.010389806577551616,0.009565489993128862,0.05451215248652532,2.2589173,5.580158,0
3.024,36.0,4.024096385542169,1.0040160642570282,1312.0,5.269076305220883,34.27,-118.43,1.48,34.27,-118.43,-0.018001779547138417,0.04006258456022366,0.001389785622573483,-0.0021348244946177266,0.04267961636866182,0.03210755029813052,0.016691608866742733,-0.0012258702941741132,-0.0005360392102786214,0.0007951907714589184,-0.0178981984433296,-0.0006646293127638682,0.0004450905929368366,0.00047381953539174,0.0004650392485064281,0.0023501316503640557,-0.008391010067568157,0.007794765881500825,-0.0012517868741402105,-2.2244144443715888e-05,-0.005456626316244656,-0.006157597069038937,-0.00669953111443957,0.00023011821262128556,-0.0017101899374545504,-0.0334507144078048,-0.026740140973042514,-0.006101975713803856,8.016652,0.4370264,1
3.7201,18.0,4.602453987730061,1.0773006134969323,2281.0,2.798773006134969,33.81,-117.98,1.831,33.81,-117.98,-0.00038546016135846886,0.008841918980156304,-0.002827266056600753,-0.0011685989049124896,-0.044984344326958976,0.0067244255645440175,-0.008953207852582787,-0.00019817288972514844,0.0002621869893953411,0.00018323382364515,0.014301959188931394,-0.0027305417398584054,-7.933143801264519e-05,-0.0007015167269898489,0.000375087815303975,0.0031059283398330167,-0.001503012461826187,-0.0006601898542574093,-0.00022512794381263312,0.0017395846588993476,-0.001547778018014145,0.003661868034967648,-0.003198384776259042,-0.00013992109186245733,0.00025375586653005055,0.006072996137779051,0.007152967296975601,0.05652922306494331,1.1909908,5.3271604,0
3.0,21.0,4.587454764776839,1.083232810615199,1511.0,1.8226779252110976,33.77,-118.03,2.212,33.77,-118.03,0.0076289766467612236,0.008768414957271752,-0.004843084412343411,-0.002082593497340905,-0.06783187766109978,0.017281653415550623,-0.017693904074103668,0.0003979685339254485,0.00032574220961271186,5.911934354149869e-05,-0.06604516969465249,-0.0025228980451151707,0.003251132973142706,-0.0006730514208489858,0.00015642353003106734,-0.015130260613042342,-0.001737790481389652,-0.0008433210073253661,0.00017516113073914484,0.01565727460559071,3.680563496065325e-05,0.0012921751603866365,0.0013439377891939818,-0.00010094826831683632,-0.00026129205677026063,0.017606911094260342,-0.0357327932177198,0.03902850549798532,0.5221888,5.9725294,0
3.7067,45.0,4.843283582089552,1.0970149253731345,1064.0,3.970149253731343,33.98,-118.34,1.366,33.98,-118.34,-0.03215896975454787,0.010866877067077186,-0.0016966404395481333,-0.0019130620176495668,-0.015275597064325375,0.0210067457970247,-0.005857072586806023,-0.0012603263917848001,2.1988589517454838e-05,0.0008612727774074216,-0.022462724451921334,0.00031180695751473116,0.00035955024673100383,-0.0006308582746096859,2.048459536060183e-05,0.0043021301972565856,-0.001595994270972738,-0.0019859595936555533,0.00045535515761849113,-0.0011908936069943562,0.0034427935351258724,0.002754522198996451,-0.006937588103648273,-0.00019700195455426032,-0.0006858974929982794,-0.04069356783770194,-0.018590482688040855,0.08760278198496538,1.1777123,3.1986294,0
0.9234,40.0,2.7365853658536587,1.3853658536585365,662.0,3.229268292682927,34.02,-118.27,1.875,34.02,-118.27,-0.0397335263731673,0.11886912398920046,0.0014322784155821303,-0.0013593162625044693,0.05607721270406148,0.026286072574229054,-6.772750633917118e-05,-0.001590969296305397,0.0019457809348514261,0.0005052279704385072,-0.01144070779946512,0.002195693670171475,0.0005654795278463852,0.00862930773530264,-0.0021871839569597286,0.0021263858980145886,0.0005496844795686258,-0.0004053143969744483,0.0006199101339886831,-0.0013591486571747004,-0.003516156344905257,0.0009409034527034709,-0.001171890667683471,0.0006925759871143466,0.002025123858228209,-0.0054581620986935,0.004005879740102943,0.06220490998303862,6.0244637,-0.89672375,1
2.2843,28.0,3.7892156862745097,1.1397058823529411,974.0,2.3872549019607843,34.12,-118.23,1.838,34.12,-118.23,-0.017526458435649386,0.05786614020515234,-0.002135169689736703,-0.003664112147618207,-0.048861204650147566,0.027504626628757568,-0.007675456753162967,0.0028924709253807545,0.000586886972680328,0.0006685815704989027,0.005239144180509691,0.0057260579648421035,-7.58790449331559e-05,-2.6352623441636797e-05,0.00012254750575786983,0.015129285498146756,-0.0009100039330846005,-0.00413487203385862,-2.0559360997285644e-05,-0.0007305092379743785,0.0008668970415813138,0.008269100153854245,0.0018197804504896194,6.251110708049979e-05,0.00015846871616054402,0.02902183083657235,0.007818635188380262,0.07461214219725372,2.613469,6.2351656,0
3.0321,32.0,4.292242295430393,1.0456960680127525,2675.0,2.842720510095643,34.23,-118.53,2.4,34.23,-118.53,-0.008347311618673142,0.02656028366759961,-0.0022568940868543043,-0.0013898614907344345,0.02410664693408291,0.03274571145341675,0.01466612911869549,0.0017980906741992464,0.0001618094189364009,0.00010154104704560845,-0.0063592900898064774,0.0017254942117105243,0.0011171489040527538,-0.0005192659913665945,0.00037565838106050185,0.005640057734797861,-0.00430979952496846,-0.0008524617011611582,-0.00027536017311936985,0.0004349045322302678,0.0024069245206961476,0.0033530060351605042,-0.0029688638083141964,0.0014713849071862448,-0.0006204364366449535,0.016422956224151807,0.012127713651706012,0.06628887473679822,6.101046,4.3788943,2
1.0208,38.0,3.345890410958904,1.0102739726027397,1073.0,3.6746575342465753,33.96,-118.27,0.864,33.96,-118.27,-0.029216411899815505,0.04726970673993703,0.0033605811936714166,0.0026113568057641082,0.04973017701633992,0.027305371392351865,-0.0008885955295328094,-0.0015957653476276533,-0.0014829457220293342,0.0009219581328886997,-0.01492702202173204,0.00046838096639194727,0.00021129592600980645,-0.0004302968855890842,0.0017057014805855106,-0.017590801880151656,0.0009953390630881424,0.001996054932303537,-0.0012490594648692536,-0.0005920690527145469,0.0008096695855509042,-0.006348901340836388,-0.0065332638855718364,-0.0004203923998537804,-0.000762455846080687,-0.030149911884285296,-0.005662147845029472,0.045137068062858096,8.745051,-0.77716076,1
4.0057,37.0,5.489270386266094,1.034334763948498,987.0,4.236051502145923,34.24,-118.43,1.727,34.24,-118.43,-0.011979047303765492,0.011027619899909732,0.00026452155132421044,-0.0018295068423560036,-0.04574541128596008,-0.012928634378859518,-0.02441558025421147,-0.0015206332073424878,-0.0005277004927359784,0.0010327933032466736,-0.02497697898840664,0.0011812336037021393,0.00011589671503985437,0.0011734445992217248,0.00038368249172680857,0.0007444000896516531,-0.0032204419744894007,7.875090416092418e-05,-3.63523577311045e-05,0.0024636693240676797,0.00018795206583709114,0.0024610114100256496,-0.0069323835389302904,0.0005670972485337469,-0.0012872446795479601,-0.03974406901798845,-0.03137487686979226,-0.00023272844184093783,-0.28861234,3.6665342,0
3.7813,30.0,4.656551724137931,0.993103448275862,1990.0,2.7448275862068967,34.12,-118.17,2.32,34.12,-118.17,-0.002941139297736028,0.007943915417803394,0.0007799462263791493,-0.001740474686065939,-0.05053723840974088,-0.00017109822653713194,-0.007948994075793206,0.001787110648103818,-0.00045914624276151126,1.8322372257972147e-05,-0.008109225736469045,0.0018624083071417572,0.0005038841937046748,0.0006949063585693228,0.0007703905988101771,0.0027836999946969803,-0.0014080723154028588,-0.0014867856752035287,-0.000513657801333449,0.00046951323185140723,-0.0012177295291910927,-0.006341850854853757,0.0005946774397522635,-0.00047998909030246294,0.00035797003659908616,0.0063153967276876315,0.007438158524606211,0.066914029992833,0.66017675,6.27211,0
2.2679,36.0,3.251063829787234,1.0340425531914894,1824.0,3.880851063829787,33.93,-118.34,1.539,33.93,-118.34,-0.020222650818127266,0.05369676764161264,0.0009300235329268826,-0.0038789218605306264,0.039700948428732716,0.0340371158830488,0.011743707984990956,-0.0012982007693161325,-0.0005360392102786214,0.0005291401899259753,-0.015318708086667021,-0.0005286771447985609,0.00028890039597276497,0.0015634236678761584,0.0018717118040783986,-0.017901428567662747,0.0008376460288952124,0.0055375576686717606,-3.537102986444178e-05,0.0020126374957482505,0.0010461216088261595,0.001299142569896769,-0.002619216233633391,-0.0010203150940760453,-0.0011856010888964,-0.03554253590090721,-0.017177707330793504,0.08151819175389918,8.552664,0.7811769,1
1.7244,32.0,3.8210526315789473,1.0273684210526317,1715.0,3.610526315789474,33.93,-118.29,1.112,33.93,-118.29,-0.008197172942549059,0.02686509293633384,0.0018920690222979887,-0.0026355674278322845,0.04800702674982574,0.03007635055434554,-0.0012871047325748075,0.0018233491123591432,-0.0005360392102786216,0.0002933752898685602,-0.011505676564560996,-0.0012478402341586318,0.000186638886866383,-0.000338026084575423,0.0005997496748309152,-0.0058435112017140925,-0.0005688335768561378,-0.0017645387455817979,0.00014655783869529316,0.0061769597736542345,-0.0026632012954758543,-0.0026348107321029148,-0.003059403829266034,-0.0005474256666358758,-0.0011142317085034228,-0.030859260072922865,-0.0046874230513584605,0.03885662772468859,8.451121,0.054670453,1
1.4688,40.0,4.32,1.0666666666666669,761.0,3.382222222222222,33.91,-118.24,0.882,33.91,-118.24,-0.039283034056063496,-0.026291774618836444,-0.0016143713306110007,0.00032824534456019864,0.05328779897572727,0.02713956866193128,-0.003061480134022205,-0.0015509431829877388,0.0001523716432461595,0.00042132300421969364,-0.011921988879052721,0.0016962392006973407,0.00034854777162425976,-0.0005559663610870112,-0.0030047981356320407,0.002724610301855145,-0.002464727067461465,-0.000593491081179363,0.0002697496864164235,1.82125394532938e-05,0.0005099631794115888,0.003471728768937355,-0.003740903571981433,4.5330653739060134e-05,6.280703067408852e-05,-0.021250253359980965,-0.0021544367529439438,0.05384898585525381,9.029231,4.3885703,2
3.175,25.0,4.173913043478261,1.059782608695652,529.0,2.875,33.83,-118.03,1.328,33.83,-118.03,0.002802979553569814,0.03873678697868398,-0.0021425367988702313,0.0005915072569519173,-0.019661085855907375,0.024947582065792957,-0.01854679300559404,0.00260894822401192,0.00031974206598645044,0.00016216527632183505,-0.01680973081344792,0.0038816865317807202,0.00068084208367541,0.00011006798349737997,-0.00225891004623368,0.0027322215014414005,-0.0019911709044203203,-0.00560738059111918,-0.0016002944117888245,0.0006602714137298914,-0.0015410787658436237,0.003459547354671273,0.0012703171842511395,0.00037594324378235596,0.002187215837928477,0.0036879605415635055,0.005646178235533638,0.06228963303260493,1.789264,4.909161,0
2.4911,35.0,4.506702412868632,0.96514745308311,1648.0,4.418230563002681,34.07,-117.99,1.459,34.07,-117.99,-0.02031672154821373,0.00302923032330853,0.0015256690132834324,-0.0022446741707884154,0.04974156307891941,0.029660400476557137,0.0016021820302403642,-0.0009804498910452172,-0.0005360392102786216,0.0005473102884267539,-0.01599426789672243,-0.0010816937572726785,0.00023208276551149517,0.0006698687985970342,0.0006122575913759079,0.005408866936145301,-0.0014309757953692526,-0.0006347527734126426,-0.0012494906005450068,-0.0009345118179667327,0.000387073272793606,-0.006305156215061502,-0.004024234184204717,-0.0005759931823270681,-0.0012587709636426565,-0.029661475263344173,-0.005809068525382352,0.061210668978492304,9.396023,1.6324967,1
4.0398,23.0,5.154782608695652,1.0469565217391303,3570.0,3.1043478260869564,33.77,-117.85,2.331,33.77,-117.85,-0.000544648053581143,0.010019512815466706,-0.0025292496339750837,-0.00044040609862526595,-0.02356811669111565,-0.0039832553181591065,-0.008136431854106283,0.00107295641322461,0.00032302217465808965,-0.0007791523183729636,0.020661394460428566,0.001963218284809076,0.001453054496409243,-0.000683468271700294,0.0005890363555168175,-0.0010620768947527462,-0.0019215743382143922,-0.006199551597729471,-0.00044116352860416874,0.00032951438523182343,-0.0021807224044286502,0.0028792007980083596,-0.0028919185615120624,-0.0006264502194820373,0.0011253878244673378,-0.0007170263737944838,0.007086830264711256,0.005598034351312827,-0.10382974,4.0930314,0
2.5686,25.0,3.5396634615384617,1.0985576923076923,2313.0,2.780048076923077,33.97,-118.04,1.775,33.97,-118.04,-0.003097542420727837,0.04934939752023464,-0.0026346169911167887,-0.0010591336759806368,0.014025974159850877,0.031049606098434757,-0.004047286670599553,0.0027136898863383656,0.0003293126383861605,-0.00013571022106244297,-0.010734402443536786,0.004194033226483723,0.000736978115975623,2.6200269235251105e-05,0.0016508403198998685,-0.0008956555528794284,0.0008656571108629513,-0.004055437824264679,-0.00025350230658168394,0.00025336799562373136,0.0020778639439834727,0.004182973215390643,-0.0028742988688940565,-0.00037099096020361505,0.0003818297049964108,0.012422827157403595,0.011794350715408105,0.05869554382946613,5.6404934,4.410006,2
2.8594,20.0,4.151458137347131,1.118532455315146,4818.0,4.532455315145814,33.76,-117.91,2.151,33.76,-117.91,0.0033648599818535867,0.040569350638607955,-0.0026803621153972147,0.0002769657495344304,0.03767242398178843,0.025501590956164055,0.002621789241543525,0.0019349863810611996,0.0005594953779120455,0.0002801487264392264,0.02142598558144857,0.0025628475846560103,0.0005469695147307574,-0.00046590589314635784,0.0004076859636352421,0.0032677171764254856,-0.0016452060218376306,-0.004753521466367564,-0.001362997311657044,-0.0011618710704713563,-0.0020213538028971303,0.007845603906388214,0.00978804888009482,-0.0020640825784262774,0.006056680654700665,-0.025102308486286345,0.0033739418289049704,0.05477828085899787,7.23354,0.8592848,1
2.8478,31.0,3.740181268882176,1.0211480362537764,605.0,1.8277945619335347,34.15,-118.25,2.281,34.15,-118.25,-0.009253206403702486,0.03608277731484083,0.003035890511689646,-0.0011427592195920476,-0.06015893877143402,0.0184580775177178,-0.02256754078481868,0.0025671218740779284,-0.0004161390517533381,0.0006575642867902349,0.042844828512930415,0.0031255433479640106,-0.0005068981605182726,-0.0008183974992587901,-0.0034491535273720986,0.009057185555350252,0.0008610032118367961,-0.0034113046932698764,0.000301195759749732,0.013193212228312174,-0.0011384662117657047,-0.0063909007709359415,0.002287327817483231,0.00048043928437908396,0.0021063911994898643,0.014440302615237113,-0.02449300590931883,0.05684192652959015,2.1452513,5.849117,0
2.4333,25.0,4.168292682926829,1.078048780487805,1177.0,2.870731707317073,33.9,-118.18,1.55,33.9,-118.18,-0.0037516289093653555,0.020887595473731403,-0.0024453948077102373,-0.0008449359927486775,0.03302013953793293,0.032521296710896916,-0.005598090236112874,0.0025510928403361297,0.00031974206598645044,0.0004381598626891904,-0.010925162907899612,0.0039493613607283875,0.0007467157549918673,-0.0005166651687882909,0.00012236345607036104,0.0023720059751768147,-0.001631210414938892,-0.00539449198260193,5.067123653800522e-05,0.00042000653215966405,0.002331230974354915,0.00445189945732168,0.0015466991822196286,-0.00016113545484870554,-0.00017196777628139434,0.011992674023581121,0.009323882970540008,0.05653219269401712,6.2270555,4.3268714,2
2.125,39.0,4.096153846153846,0.8461538461538461,138.0,2.6538461538461537,34.03,-118.37,1.964,34.03,-118.37,-0.030994196853212908,-0.04986342128396424,0.0012727617371111589,0.04489934929435013,0.006890461722787424,0.038157139478015176,0.01785165913950666,-0.00251867786382606,-0.0010575690182076701,-0.023680518910205724,-0.00592124993156795,0.0033728204056363825,0.0004352721400257548,-0.001219116429710452,0.004214816077471545,0.0023168880587118956,-0.0026943179386149374,0.0041002144217207066,-0.009296918188396265,0.0006324843537260316,-0.014561604234421401,-0.0309618162580982,0.001600670567255778,0.03154266140556971,-0.04026048956560988,0.017033321842888447,0.013640717732612752,0.12442411130812096,7.507517,4.547124,2
2.2652,24.0,3.765254237288136,1.0872881355932202,2421.0,2.051694915254237,34.17,-118.4,2.692,34.17,-118.4,0.024295627632542942,0.07591849410713707,-0.0031776620930628113,-0.004256901236717554,-0.06647327731033058,0.0307959694269155,0.022479121596188915,0.001416745966591098,0.00035634239665480346,-0.0002544440388034835,-0.03938335601238876,0.0014100681611937838,0.002698868062654261,-1.4001888936132092e-05,0.00026105959025074727,0.01240081787675413,-0.003106747463601953,0.003611981750318928,-0.00025350230658168394,0.0016489931484603587,0.0045273364157457615,0.005333446083769385,-0.0018381190589439051,0.0016445092204810069,-0.0006548119243413178,0.013534051113551748,0.02167843022514286,0.08892044267257113,3.2834752,6.0522757,0
1.625,34.0,2.9776119402985075,1.0522388059701493,482.0,3.5970149253731343,34.1,-118.31,0.675,34.1,-118.31,-0.01827791589062449,0.08442451456394837,-0.0020625069127216955,-0.002045594397064435,0.04619323040267162,0.03169486375905209,0.007045169170403664,-0.0006003325864786473,0.00010829448399865408,0.0005764726202063271,-0.01449772026324199,-0.0009212441164227997,0.0002558961069755604,0.0005268289775524156,-0.007047748496057688,-0.014727567371570039,0.0010792339521748082,0.0006070911887594301,-0.0012626358203894105,-0.000803746737144195,0.001752926328493637,0.0016041721221753099,-0.005776767519325603,0.0003546784014083587,0.0011976857406667824,-0.03167554039366059,-0.004720606534436216,0.08898083425173527,6.778723,-0.60041183,1
3.9099,33.0,4.55108877721943,1.1088777219430486,1546.0,2.589614740368509,34.18,-118.43,2.675,34.18,-118.43,-0.012409205902039967,0.010253991651788388,-0.0014780161229757827,-0.001752682589507932,-0.050840195435352446,-0.010661936626428479,-0.020314469861063146,0.0020491963807015485,0.0004521622212505844,0.001041154856711334,-0.007097049630952556,0.0018786234403828756,0.0010110713605470734,-0.0006575095907485442,0.0001726636709503574,0.001319850167901157,-0.004122471912697492,0.0012941269461361888,5.300735110612744e-05,-0.0015025542615118136,0.006447361064275428,0.009578277957186262,0.00026603475698766066,-0.0003751852373303478,8.453843308417575e-05,0.013964183583536304,0.014499130444708325,0.06869600179056326,0.52634513,6.205593,0
2.1838,18.0,3.578602620087336,1.0720524017467248,2513.0,5.486899563318778,33.74,-117.92,1.597,33.74,-117.92,0.009706724317507779,0.06974189325561048,-0.0017730212599076406,-0.0033676585974517993,0.02508145170818533,0.029002177305683545,0.008001255856839546,0.0013939170459103644,0.00017560705286677095,0.00031130674639380805,0.016365549342778042,0.002218227219645083,0.0016089797877002474,-1.5509132680244968e-05,0.001554777865711792,-0.018592325185722645,0.00024256098181168098,-0.0024225805199968318,-0.0013465197647311096,-0.00047131035120367585,-0.0029156403386398906,0.002857643458948203,0.01251513673907331,-0.00036379099825302203,0.0035467712837415335,-0.024244894277013887,0.0008105357701081922,0.05391623983449969,6.735579,0.12843263,1
1.9132,31.0,2.899755501222494,0.9462102689486552,2087.0,5.102689486552567,33.99,-118.2,1.546,33.99,-118.2,-0.007775835882470239,0.08523394391340805,0.0022942627664073604,-0.0030954663432589853,0.044842310672347695,0.029994889494071943,-0.0027143784625701405,0.0015262227579148763,-0.0008206551478718129,4.6101042539671565e-05,-0.010873795480759858,-0.0010252510358935139,0.0002008079901037763,-0.0013967787164437602,0.0020335691748002128,-0.01569746063986023,0.001502433292621673,0.0032061424055483626,0.002134124362683339,0.0002066237828667992,-5.660636700103065e-06,-0.00422379008311374,0.014830997611580823,0.0003955404487868804,0.003036191807754632,-0.030123282680793576,-0.003096791396645372,0.047250030416381,6.498367,-0.4144769,1
1.3963,41.0,2.746765249537893,0.9408502772643254,2312.0,4.273567467652495,33.99,-118.25,0.929,33.99,-118.25,-0.037443602805532196,0.08586238305347432,0.0016760597897434678,-0.002497221545824167,0.04827372928163722,0.028358601888643965,-0.00288593542921676,-0.0017412573217144396,-0.0003552431051044764,0.0002322259655353639,-0.013909546632425092,0.0007441855799110196,-6.22027896319933e-05,-0.0008575743952711643,0.0020736472995350245,-0.018037340995552077,0.0009904653186184297,0.00246427647514225,0.006059669916768826,0.0005058100493553672,-0.0017840912791889673,-0.016760673704943607,0.010810486411730727,0.0007601030109540301,0.003544761869565485,-0.02974216392238429,-0.002675284064843027,0.04056740076557881,6.6405334,-0.8531863,1
2.7917,47.0,5.436842105263158,1.1105263157894736,1156.0,3.042105263157895,33.97,-118.31,1.258,33.97,-118.31,-0.04335845986259293,-0.02725410584167772,-0.0023023558530812383,-0.0013784884538829045,0.03446608985664397,0.026823257819998197,0.008307689749856852,-0.001265137133562652,-7.252307073283664e-05,0.0007487286173626049,-0.009561190613861348,0.0018457843063424547,0.000689565943716369,-0.0007915942484275989,3.707959855727113e-05,-0.000546511967648735,-0.00205878717160278,-0.003578633885439947,4.395130560749244e-05,-0.002184727677219645,0.003065501867814563,0.006074096192953471,0.0014987306420178453,-0.0001585660685334378,-3.385619313866367e-05,-0.0015168224663566533,0.0032570350892216107,0.07676808567341122,8.009469,4.442345,2
3.008,7.0,3.854619565217391,1.0543478260869563,2287.0,3.1073369565217392,34.15,-118.27,2.29,34.15,-118.27,0.04586435030157547,0.030345267700555338,-0.000736004380906806,-0.002827947915378143,0.016347927824256005,0.026424274788928573,-0.010699235398199197,-0.004364253291045632,-0.0007607926314700116,-0.002073520248531101,0.020617913770734707,-0.00048260773092036305,-8.437726004396044e-05,-0.0004394327707295962,0.00018883114993808632,0.0006735879751288147,-0.0011168794135942115,-0.004792436618412038,-0.00031091641414355056,-0.0009924223278183174,0.00018358367591167005,0.003252905717411164,-0.0030313602833184276,-0.00016073922815835584,0.0005376740986738056,0.0018869794190189194,-0.0007738611597211843,0.07599407807918998,3.7491746,4.2894845,-1
2.5536,37.0,4.344086021505376,1.125448028673835,1403.0,5.028673835125448,33.97,-118.24,1.172,33.97,-118.24,-0.02104466024782349,0.011463019474979632,-0.002296531410380701,-0.002146543889138534,0.05044842201406196,0.028519522373465268,-0.0034001292997899966,-0.0016420226733417818,0.000375269253733474,0.0008126608873886648,-0.01603576471609964,0.0005636278725721884,0.00020939016786471123,-0.0005194430102636993,0.00017454925866133684,0.004157874725191097,-0.002037829694936478,-6.53991027114545e-05,0.0004544110783291056,-0.0001697866629111487,0.000571874718308864,0.0077669165523120524,-0.004277797164160114,-0.0005735030795575512,-0.001310036001123045,-0.03140150478010011,-0.005701092343240175,0.05295428646297372,9.438551,1.2085406,1
3.6016,36.0,4.213235294117647,0.9522058823529412,1173.0,4.3125,34.25,-118.41,1.538,34.25,-118.41,-0.013521548150057256,0.0343959768120961,0.0011215115722862387,-0.0017176233530510326,-0.017053314809815878,0.021427532735325966,0.004555766832890979,-0.0013655328234178398,-0.0008302269127327471,0.0008248692541602319,-0.0217378299882711,-0.0006914268081628635,0.0004905733550723605,-0.0005517831923621382,0.0004239709841231535,-0.0003987983084021783,-0.008390512220640385,0.008096094339862631,-0.0012097074523889125,3.4164588580218567e-06,-0.006095583850214745,-0.004993854540730856,-0.007612207013280993,0.00026692655044179963,-0.0016174825468792673,-0.037062035517264114,-0.02597518792484008,-0.001798157703528285,-0.058205314,3.1260407,0
1.4189,43.0,2.4553846153846157,0.9476923076923076,1417.0,4.36,34.04,-118.22,1.417,34.04,-118.22,-0.03808775681723469,0.14003463617936332,0.002105895817504033,-0.001320935610169956,0.04062946199570099,0.026645501757714345,-0.015993627500709352,-0.0017141418144578952,-0.0007523316786170733,0.0007326568547903375,-0.014007067328657363,0.0007004344183541195,0.0001983884044217426,-0.0014558996133429629,0.0018510517723355072,-0.040215792407335145,-0.000716002786479822,-0.014605112996610643,-0.001209013843115078,-0.0020987839962792756,0.00014133859044479995,-0.004462398343059104,-0.0036939300941004954,-0.0007917158334642827,-0.0012521522670284051,-0.030361580487058844,-0.005379580343797368,0.047955535080000285,5.936152,-0.7622865,1
2.9083,14.0,3.6482084690553744,1.0390879478827362,982.0,3.198697068403909,33.76,-118.0,1.792,33.76,-118.0,0.03325601647457908,0.033908221118273074,0.0002395988376063219,0.0010891367186814413,0.031094820297819393,0.026761605139043004,-0.0032599534514367555,-0.000754401648658116,0.0002052050576933022,-0.0009894623362983678,0.024542216913523256,-0.000704353180049711,0.0008653553488387621,0.0018164929324881907,0.0007442828371203091,-0.0013921680540314807,0.00020285984840372748,-0.00291742481602412,-0.0003782340961224546,-0.0008561628408552091,-0.00248259035379548,0.0027791246601407823,-0.0011228610495978499,1.408341454770242e-05,9.176833549311532e-05,-0.0011519633245592397,0.007099354141705846,0.05389525380003207,7.082388,1.6927317,-1
2.7472,22.0,4.265415549597855,1.1018766756032172,2661.0,3.567024128686327,34.31,-118.44,1.601,34.31,-118.44,0.005208869126707942,0.0261819980735657,-0.00238505435432584,-0.0019638587289922925,0.04786799196601221,0.029365264270690982,0.020399788097177365,0.0012665614486260836,0.0002468040366595082,0.00030555962118860994,0.01891791352317336,0.0031406492593592733,0.0029625306678968976,-0.0004820076718117805,0.0003981270300579858,0.006702059873198648,-0.00790667987853869,0.0022461602429506983,-0.0013755877367739953,-0.002135210321623814,0.0020237884018484953,0.0045789455065952745,0.00902380001048849,-0.0015884067542010964,0.005070262091879705,-0.02967534031954167,-0.023025463712414245,0.01338025341390741,7.5369616,0.73809415,1
3.2943,32.0,4.907788719785139,1.1199641897940913,3426.0,3.0671441360787823,34.08,-117.9,2.044,34.08,-117.9,-0.004034861192709465,0.01304206362259856,-0.002593474036040702,-0.0015315858804647612,-0.028116809819395357,0.022399562275911434,-0.0030023111562070804,0.001838380846129385,0.00045698662932984756,-0.00010691537114903741,-0.01540085002633103,0.00011681424754516462,0.0013483820775088428,-0.0006575095907485444,0.00039178588365057406,0.0023977977626343334,-0.0012238063613179359,-0.002656010601839735,-0.0002614863978607874,-0.001083512055580423,0.0009938182848410713,0.007755587659615127,-0.003235564069094531,-0.0006623618286978025,0.001496384815470041,-0.00422980534694122,0.0028732823452364002,0.06394444882574435,1.6801407,4.621667,0
1.5328,36.0,2.570786516853933,1.1606741573033708,3030.0,3.404494382022472,34.1,-118.31,2.5,34.1,-118.31,-0.01954396743162222,0.15453091414336614,-0.001376794973663635,-0.002617796658261504,0.060116982329280075,0.029519081013284182,0.015739369439799034,-0.001388168190049866,0.00048672794272370715,0.00031239142511389745,-0.012176963727572186,0.0006687601589642132,0.0005363697735954781,0.00028216002438240755,0.0016232342768243,-0.0010076700345772126,-0.0012466393193136657,0.011301868886689171,-0.0010722097135390646,-0.00029587869850625725,0.002007323330320685,0.005794664730152244,0.004536039390834458,0.0007075690535927683,0.0010493138532888075,-0.02069210445693102,-0.0034417227461162356,0.09001201942441638,5.8039765,-0.7799003,1
2.2961,46.0,3.4318181818181817,0.9015151515151516,533.0,4.037878787878788,34.06,-118.2,1.125,34.06,-118.2,-0.03944631696608209,0.041498014353973926,0.0010846198462103726,-0.0004280215593536011,0.04176551206912528,0.030997213519018883,-0.006329795160765718,-0.0014185775471200965,0.0001814544563253899,0.00046394964100293374,-0.017077219611212113,0.0006853306270454418,-0.00011688300965972017,-0.0021233151045160123,-0.007866991380618502,-0.020404272654247584,0.0013140464591622195,-0.0018163771241667748,0.00504034423505792,-0.003260012980527154,-0.0017178770937383825,-0.016752916106517454,-0.006489601394399012,0.0007862036752616835,0.0019169567453522897,-0.02994306285330676,-0.00520970869800906,0.049797676793337166,8.8988495,-0.9188458,1
3.6731,35.0,5.350253807106599,1.0279187817258884,1243.0,3.154822335025381,33.92,-118.03,1.67,33.92,-118.03,-0.013502726404306076,0.005833170165439905,0.0007725573613530862,-0.0012992309241676013,-0.01228669985891276,0.020064658355898126,-0.01815971520156612,-0.0007342718633479542,-0.00045914624276151126,0.0010088194887880378,-0.019212688518846815,0.00022610989685330755,0.0007417450617088152,0.0005726105042807258,0.0004372737526741094,-0.004167551098436161,-0.002042057768957233,-0.0012290775352935596,-0.00026553035743399846,0.0020686550710233512,-0.0002505674398569526,-0.006142084170035085,0.0002443578720383358,-0.00014968324930545511,0.00014871157417212596,-0.005555148264055599,0.005071509145791175,0.05253771984721053,1.9102623,3.9107397,0
2.5417,41.0,3.632850241545894,0.9710144927536232,482.0,2.3285024154589373,34.01,-118.47,4.182,34.01,-118.47,-0.042831218622961416,0.06162854710449015,0.0014357777666023947,-3.271414780225333e-06,-0.03783210574843963,0.031885537888429114,0.019800122307734796,-0.0010217280293327133,-0.00045273067139029035,0.0005199916264176646,0.007989628654987755,0.005188730064239015,-0.00010641667627316353,-0.001110904781959966,-0.003232643417680132,0.01478112551941384,0.00410709532950382,0.010386294927730333,0.0017842318435142238,0.0017363822544159194,-0.004129070243667932,-0.005788959609413768,0.0020991209075259666,0.0012520802672257637,0.002832599271092793,0.03449622319692333,0.006417540763907528,0.17767156419807031,3.8124027,7.1763945,-1
3.4,35.0,4.17741935483871,1.0053763440860215,1022.0,5.494623655913978,34.27,-118.44,1.396,34.27,-118.44,-0.0139662756611287,0.0360647373472515,0.0008197470445682237,-0.00027355650046918497,-0.012141695641423892,0.024750603462687086,0.004992961059262613,-0.000405888628057377,-0.0005360392102786216,0.0009164466055399727,-0.021727050206407784,-0.0012242191289976137,0.00038827296247556745,0.00047381953539174,0.0004493300776993118,-0.00031504267156213443,-0.008051979870783623,0.007949712456842142,-0.001252480483414045,0.0004914758623030069,-0.005389849886307466,-0.006167361318443756,-0.008094053460955767,0.000601441646231788,-0.0014910576659406829,-0.03747463070249877,-0.026202040064612745,-0.0041956105518500385,-0.096019566,3.0967734,0
0.9166,42.0,5.035714285714286,1.2357142857142858,739.0,5.2785714285714285,33.95,-118.23,0.99,33.95,-118.23,-0.03931689524586665,-0.023420254485075516,0.001121143512694139,0.002510778323214538,0.06190863876975482,0.02593637894716206,-0.0018243014383187896,-0.0015547406457012125,0.0019457809348514257,0.0004573987358342048,-0.01447770142642748,0.000408200303900572,0.00022160585607705732,2.5024144026130577e-05,-0.0032793354208613223,0.00799691850051071,-0.002245685556499564,-0.0007615652270457982,1.0387132891361402e-05,0.0007939572484312996,-0.0004949290105089733,0.007029128610705922,-0.006879415745049684,7.323242127001053e-05,-0.0007397614801322206,-0.0319487605396478,-0.007880102274507524,0.0531221982511976,9.495505,4.1725216,2
3.9464,32.0,4.95952023988006,1.0764617691154423,1803.0,2.7031484257871066,34.13,-118.02,2.736,34.13,-118.02,-0.0010987466702510487,0.01753330367878471,-0.0028352286625608954,-0.0013838651162887297,-0.04479046486676911,-0.004741445707497519,0.006327713058809029,0.0020155132446068006,0.00015698501085713757,0.0004008509033775478,-0.00598328744100596,0.0017839402520430175,0.0009672614327891794,-0.000693640968029198,0.0002263397805320463,0.002293716038483798,-0.0009388091004540183,-0.0003664000351898788,2.951179600522182e-05,0.001363681877942619,0.0009908494496120137,0.0036694648930845515,0.00011797256645889439,-0.00017042886471439989,-0.00019444326902689845,0.007495968262264965,0.00974091162238207,0.07277982071144551,0.20472723,6.3067317,0
2.2214,42.0,3.729257641921397,1.1368267831149927,1936.0,2.8180494905385736,34.09,-118.13,2.19,34.09,-118.13,-0.040439648918970714,0.07637353340751343,-0.0024055712359081984,-0.004606935915088866,0.01719153550744969,0.030706147585574883,-0.0054096474802089465,-0.0006285043478889137,0.0005876869098420069,8.352972452430057e-05,-0.005852769316724785,0.003450325288141538,0.0009863315419404697,-3.9667011917561025e-05,0.00032576793002235245,-0.0011233922229488733,-0.00046160213716526296,-0.0038943612063312085,-2.0559360997285644e-05,-0.00010260788326753381,0.0010679905347653373,0.007723021303449116,0.0004924103772989523,-0.0006735317744485994,8.261822289472209e-05,0.015308925212084943,0.01212562915926244,0.07393804886240714,5.2691283,3.8690283,2
2.9514,47.0,3.933333333333333,1.0,569.0,2.917948717948718,33.79,-118.2,1.852,33.79,-118.2,-0.03891654815733547,0.03751365616321129,0.0014429548878002853,0.0001820828493175761,0.02354735947232481,0.025811313401221694,-0.011503971762918107,-0.0009194438395935865,-0.0009094083253999448,0.00045608993101675817,-0.008088898536578156,0.003524809957603213,0.001075012616881375,-0.0009656608715117065,-0.0036327114373309165,0.003916897245061133,-0.0016074867276501589,-0.004184631343824528,0.0014528922146078468,-0.0001725448288020342,0.003474342623467636,-0.0062033595144552625,0.0016330624476131293,0.0002919382834194893,0.0020157696152539656,0.008694605784026562,0.0054448221346448415,0.046865601102609386,5.67147,4.1739464,2
2.4632,41.0,5.309352517985611,1.0287769784172662,1086.0,3.906474820143885,33.89,-118.25,1.117,33.89,-118.25,-0.03949018753210705,-0.016965922256197842,0.001289503235288852,-0.00029379680197514713,0.05339806716791452,0.028572232318102433,-0.003952058051456524,-0.0018383835646435386,-0.0005352392731169428,0.0007280993372156076,-0.01565052175485051,0.00032373609195712245,0.00012199295295980629,0.0005858565660666295,0.0004223387395887522,0.007990608635689777,-0.0024275814519318754,0.0001308290158945343,0.00014655783869529316,0.005740802876679937,0.00030943586004292137,-0.0054934077914419845,-0.005990954140150771,-0.00013752065280828792,-0.0006276029129124787,-0.02915435184376363,-0.0038842874792551297,0.043467198724950876,9.15973,4.5820827,2
2.6979,33.0,4.075242718446602,0.9805825242718448,933.0,2.2645631067961167,34.17,-118.43,2.66,34.17,-118.43,-0.029155505496380966,0.03884037029720161,0.0014079948752630967,-0.0016019357054539369,-0.0731087043854119,0.030098948323147696,0.019124198434849894,0.002795597628886451,-0.0004161390517533378,0.0009168809272777624,0.015975305536059255,0.0030701479625670986,-0.0004026010868083853,0.0005281238802222683,0.0005109902466558583,-0.0013452938045810379,-0.004036983957883161,0.0036238205527871666,-0.0005129641920596148,0.0016332268686110078,-0.004666233722460575,-0.006016888996674804,0.002258759893913792,-0.00015418748607497657,0.000501857702178385,0.030517150558788717,0.0034472381671971954,0.07397299904725377,2.5185168,6.6694355,0
2.0769,17.0,3.941666666666667,1.211111111111111,1300.0,3.611111111111111,33.78,-118.18,1.0,33.78,-118.18,0.032179929069020397,-0.007627541011630508,0.0009593833384951601,-0.002377899338287241,0.032321410111012916,0.02854729796505468,-0.0009567548623422587,-0.0016812083885627803,-0.0004822198181388284,-0.0009563505270473189,0.028237888377432244,0.00230374377043483,0.0016264354718144164,-0.00041827053686277916,-9.954664812475352e-05,0.005667013995235456,-0.0014994066460131165,9.445727193068551e-05,0.0004020053398060253,0.00018799512579575266,-0.0024949105203530947,0.007170704623251077,-0.003927223781143323,-0.0008848136128244749,-0.0009681483087758124,-0.024874158254419767,-0.0034337438582128263,0.050312161169441164,7.5915217,1.8807743,-1
2.2653,40.0,3.54739652870494,1.0600801068090788,2149.0,2.869158878504673,34.07,-118.31,4.45,34.07,-118.31,-0.04062585132712454,0.06878810486139779,-0.002256894086854304,-0.0037714170427114017,0.03675340475416746,0.03584423187477215,0.010138715520507461,-0.0009967275314707838,0.0001626093560980798,0.00023611505198451653,-0.0067399899598893686,0.0035904164384731275,0.0009560104493177717,6.169037324123597e-07,0.001704850329215816,-0.0008151439876207537,0.00045167106039257924,0.0020136863397968853,-0.00027536017311936985,0.00043450456364942845,0.002783631309301214,0.001709539277404943,-0.0031533868891999027,-0.00038274790054854856,0.00041326255187268537,0.01468349227735508,0.011009059216153149,0.09221657370313345,5.528837,3.791325,2
2.52,24.0,4.088888888888889,1.055072463768116,2688.0,2.597101449275362,33.88,-118.15,1.46,33.88,-118.15,-0.0010470758673228192,0.029913944273317367,-0.00196776713474624,-0.0012127278460032577,-0.034169618866642736,0.029211080368263333,-0.005779796750835709,0.002013821685736633,0.000318950839856172,-0.00030182293334857875,0.007463473907225445,0.0030409534164916483,0.0014473709808599153,-0.0005069358273311237,0.0003447635981567707,-0.0025166136649840865,-0.0017742474197788242,-0.005663556478091589,-0.00027536017311936985,0.0007229229145610741,0.0010013590970113335,0.003445223551494428,-0.0027399428051977388,-0.0006989013289781227,0.0014113578296004238,0.014818674638693461,0.0109932564248658,0.05759958687003124,2.1838787,5.477964,0
2.315,52.0,5.135135135135135,1.237837837837838,429.0,2.3189189189189188,33.87,-117.93,1.821,33.87,-117.93,-0.02907542778742689,-0.02105297945158509,-0.0023024494024857668,-0.00014042930346967855,-0.051616558555784876,0.027108439174498043,0.010115963322212073,0.005238062340334969,-0.03854870725973303,0.0009830551284317297,0.007538935737268319,0.0038930263147934014,-0.0028007718328658454,-0.00019901769314765658,-0.0023239425614546548,-0.001122917219672676,-0.002012580114502373,-0.001015268784954668,-0.0017584957339883277,-0.0011896878245924666,0.0004512570507856399,0.00945524213278409,-0.0010127974117588117,0.0009625266340588109,0.002609926307839069,0.0317139032087734,0.006639432942605681,0.05506983749554561,1.6724212,6.4001603,0
2.9219,28.0,4.15347721822542,1.0431654676258992,1198.0,2.8729016786570742,34.2,-118.44,2.413,34.2,-118.44,-0.006586516177535188,0.04247745700147867,-0.0022561028607240258,-0.0015929332182560113,0.022172390041782945,0.032945802850586764,0.015653119849532295,0.00223783678209675,0.00016260064506667956,0.0007110666809143324,-0.01266428686878842,0.004298906166052002,0.0009208131610190758,-0.0005192659913665945,0.00013108886458057672,0.003942991994261331,-0.00430979952496846,0.0034627515958457053,3.020540527905602e-05,0.00011219729001169086,0.0030700272145162927,0.0038212273493999005,0.0010310803462083738,-0.0003788883138996948,0.00017151198760085426,0.013558329276861304,0.009600135086213879,0.07937294398000579,5.8568773,4.448833,2
3.9408,34.0,4.402035623409669,1.0865139949109417,1008.0,2.564885496183206,33.8,-118.34,3.277,33.8,-118.34,-0.012478497656492995,0.010440116028880406,-0.0017741452743303178,-0.002060938346717705,-0.04736867629518318,-0.005819226686650281,-0.010130358728802864,-0.00022297325581817224,0.00015698501085713757,0.0010640875008290005,-0.00734540656319787,0.0023229410714453195,0.0010128194586330843,-0.0005166651687882908,0.0001228765909642319,0.001227155138070847,-0.0013062613057191342,-0.00022637204277734936,0.00010079639514215187,-0.001277138717022714,-0.007470697281701884,-0.006333240288144449,0.0022334007466413485,8.319940008602299e-05,-5.576909552697284e-06,0.013492016013341768,0.008233612155715884,0.08852696799509524,0.5134706,6.529875,0
1.3846,26.0,3.156779661016949,1.0932203389830508,694.0,2.940677966101695,34.05,-118.21,1.292,34.05,-118.21,-0.0031404740651125645,0.09264770259192326,-0.0032490412547466767,-0.004145560677025015,0.02066204705343014,0.027919892390054657,-0.00311012767071706,0.002257433492839484,0.0002444421063411215,0.0001565747437815082,-0.010557027451574972,0.004922742300303296,0.0009578973428308385,0.0003035118859843563,-0.002379410678372433,8.510639869091329e-05,0.0012198190994908238,0.0006997069024185489,-0.00033857323586576995,0.0002322865454782319,0.002213833372994933,0.004299806374636838,0.0013654675699683117,1.015946549309498e-05,0.001726052378461472,0.006263490664700401,0.005752320551010687,0.06067679368305424,4.8682995,3.9582648,2
3.725,52.0,5.65625,0.9618055555555556,819.0,2.84375,33.97,-118.31,1.426,33.97,-118.31,-0.00035737565510650767,0.011242224017682751,0.0010388443536683285,-0.0016020277174234618,-0.04333300293601452,0.007476563153747171,-0.012426504931591633,-0.0011393918506070763,0.0041739018812757605,0.001104014113595309,-0.012614170105046136,0.004707762678785779,0.0009099096589528866,0.0010743094476507844,0.0022927733889003903,-0.00231881526877173,-0.0005045736777104805,-0.0033523561791616533,-0.0004932334446313955,0.0019216192460355258,-0.00412612596648074,-0.003784601065680972,0.0020118132261951055,0.00010299106170951176,0.00024436748516693256,0.006814284904023606,0.007613759594938486,0.06344718961715146,0.6196619,5.901736,0
1.7014,37.0,2.932,1.058,1835.0,3.67,34.04,-118.34,1.232,34.04,-118.34,-0.019616605857753388,0.08456705919184065,-0.002098984074611322,-0.001715054544108175,0.04417922706782319,0.03121612247613022,0.008582998074015183,-0.0013937181939020842,0.00010829448399865408,0.0005741696695874268,-0.014820470456794644,0.0007037190229037761,0.00020157872197721402,-7.784466924061728e-05,0.00148855226012644,-0.015102135820337075,0.0008376460288952122,0.0028209160946266374,0.0004325532117914197,-0.0008041171360836155,0.0017611973984204454,0.0015734171204649875,-0.002746318055318024,-0.001020315094076045,-0.0011901871321209742,-0.03677605358482295,-0.01733572150512822,0.08390961681487293,6.8389864,-0.6472217,1
2.588,40.0,5.09375,1.09375,607.0,2.37109375,34.13,-117.86,2.095,34.13,-117.86,-0.04441184268011806,-0.022448395757993542,-0.002344168997731695,-0.0006088507911226817,-0.04176265691064791,0.02945845622916138,0.019294608112248642,-0.0008774362987816346,0.00017376238075834697,0.0004744523062650204,0.009765507770860955,0.004802144794495702,0.003025242772645558,-0.0002788221184280258,-0.0028166041498062467,-0.001675946283439281,-0.0012537114265840147,-0.0024622974711176714,-0.0004279572188965671,-0.0007166258683676717,0.0019537726138672807,0.005210183740105342,0.0017986774771674883,0.00017333003335828006,0.0018512727553193066,0.029777979525866402,-0.0005355438915336318,-0.0014136463351397304,0.36069065,5.0158787,0
3.81,29.0,4.4734411085450345,1.0346420323325636,1352.0,3.1224018475750577,34.1,-118.1,2.346,34.1,-118.1,-0.0034770551826073825,0.007967874461134162,0.00046526173411669844,-0.0014585951238957836,-0.03146963023046105,0.00024723772888644917,-0.007431532626153988,0.0018199175136291938,-0.0004451918910093261,0.000810193019765396,-0.009107104955689069,0.006945442031565236,0.0017441544547384818,0.0011588167008604454,0.0005304486415560925,-0.0026134043664706136,-0.001350120489237237,-0.0012744335323175103,-0.00044840829895085373,0.0012966303884509697,-0.00032796115032725443,0.0029825749942123236,0.0008471428791377153,-0.00016789575624906596,-9.753608936012758e-06,-0.002211447524501846,0.001420023911132948,0.07354260451915672,0.108489156,6.3757176,0
2.1382,21.0,3.7083333333333335,1.0580357142857142,1699.0,2.5282738095238093,33.73,-118.29,2.423,33.73,-118.29,0.0057600968786573874,0.08417007697286669,-0.0013754818562382034,-0.0036994815794317588,-0.018504242986094425,0.027312756565161904,-0.006318576759889196,0.0020960591782050904,0.00031974206598645055,-0.0003465519934649399,0.0015545669623108326,-0.0012503475146039016,0.0025093430784797603,-2.0176658823534794e-07,0.0005091058348547095,0.014360208389907744,-0.000363057943920773,-0.003788471772783956,7.799444931508045e-05,-0.0007743964916425275,-0.009128172120592783,-0.007551470629576387,0.000579475214138924,-0.0001722039778155525,-0.0002962408544927176,0.02204011606286412,0.005889961719258963,0.06367333179212883,4.414602,4.384285,-1
1.9318,30.0,2.443840579710145,0.9402173913043478,2646.0,4.793478260869565,33.79,-118.17,1.159,33.79,-118.17,-0.007811720217141842,0.11467724144742565,0.0018604706079954022,-0.00309702539666786,0.0341255819485353,0.0291381372746925,-0.01578483671163962,0.0015308079758585425,-0.00041373068498166217,5.395786655778338e-05,-0.009132585756536067,-0.0006969688580381702,-0.000511850293564032,-0.0007984534983719605,0.0019885537136797335,-0.04371700384765008,-0.0004441570764492825,-0.014819231290613683,0.005981587905398289,0.0006058381258959108,0.0023455477183274755,-0.01692794680950872,0.011868824877251653,1.78002413740026e-05,0.004542037581877648,-0.030206729763564262,-0.002760873082412633,0.03794374107543623,6.25399,-0.5144998,1
4.0333,32.0,5.495176848874598,1.0643086816720255,2003.0,3.220257234726688,34.06,-117.94,2.102,34.06,-117.94,-0.0014319368265795134,0.010661978746885901,-0.002277434791140396,-0.0015050766018633332,-0.03767949464609571,-0.005407820945088362,-0.002463740068074866,0.001409162010570276,6.425173015534626e-05,-2.3162198310660936e-06,-0.015106043420695301,-1.2957929390245148e-05,0.0005143056376010075,-0.013782118380142238,-0.0001980321297418395,-0.014474591918456289,-0.0014766529751123795,-0.005582652953332878,2.318791589960549e-05,-0.000580369588480651,0.0004403256479682649,0.003214927197006171,0.00195474371978336,-0.0005163814888342388,0.00010393717922609655,-0.009868380156850196,0.011162355990909452,0.04958824193016104,-0.089582495,5.6848736,0
4.0625,44.0,5.10969387755102,0.9948979591836736,1291.0,3.2933673469387754,34.03,-118.14,2.011,34.03,-118.14,0.004314638093805511,0.012471555936097984,0.0006312361384448024,-0.0013103568410240596,-0.040380148226614516,-0.004028797673443199,-0.002280307134617964,-0.001482281433809914,-0.0005408549073264847,0.0008202224633895628,-0.02059914255434977,0.002723190712212213,0.00043988229392744185,0.0005858565660666294,0.00046063598432567683,-0.0032186132699155885,-0.0019808030528051246,-0.0010018184948690954,-0.0004999513250460565,0.002795099851403546,-0.00025056743985695196,-0.006088292802936247,0.0005010827533536483,-0.00013586235445488967,6.66724105734718e-05,-0.010117419417417848,0.0015195418075116378,0.05010257833974344,-0.124699645,5.8564653,0
3.3375,39.0,4.738831615120275,0.9690721649484536,883.0,3.0343642611683848,33.9,-118.14,1.801,33.9,-118.14,-0.03625780606107547,0.011201291015884832,0.0012154782966454498,-0.0012477350102081007,-0.03108578470962197,0.021564604431718877,-0.020323202563544897,-0.001657175401084795,-0.00045273067139029046,0.0006455792157337488,-0.015636397164824716,0.001833631945504323,0.0006220568216932045,0.000649884694697143,-0.0010073872183513806,0.0021674016296272386,-0.0023112344060914475,-0.001723551949410362,-0.0005164285792550704,0.0019396989115414496,-0.0001848971294460331,-0.005820999448444648,0.0016751777851748606,0.00012401870868051742,0.00010508547582064844,-0.004741296892853468,0.007807432704794435,0.055453651001638356,2.0148911,3.9816053,0
2.4952,32.0,4.001234567901235,1.1049382716049383,1592.0,1.965432098765432,34.1,-117.72,1.818,34.1,-117.72,-0.028055978697400247,0.0318668584115557,-0.0031925017028250654,-0.0024908624702223866,-0.10845940494074101,0.020535282499928885,-0.0030355425153375673,0.003352895646895757,0.0004949410665598787,0.0009386892225305455,0.03480428536138151,0.0006896458735864869,0.0035673485913758542,-0.00048799523599589065,0.0003796503181251284,-0.005457073694206741,-0.0016278939505376736,-0.009059927889456197,5.206327181674198e-05,0.0016532296295989624,0.0040025476884066455,0.004379022709589837,0.0017676225595755419,-0.0006314147113080862,-0.0015274194740067804,0.012091019403955678,-0.022118971342171775,-0.13670352979144912,-0.09770065,4.186453,0
1.7938,41.0,3.996219281663516,1.1568998109640831,2357.0,4.455576559546314,33.79,-118.19,1.426,33.79,-118.19,-0.03878340346100683,-0.013127855707370888,-0.002976716740813968,-0.002425495662894814,0.05840520349510718,0.02895453535745548,-0.001756469252766265,-0.0011029545028945875,0.0005043870819850758,8.923890268727739e-05,-0.014489527567933213,0.0006353965419153952,0.0001916001850128263,-0.0004926917691541494,0.00034467009391975185,0.0038481167798905783,-0.0022098081319931696,-0.00022955972760568743,-0.0014004213255519981,-0.0009926824265318697,-0.002265773828468979,0.007693394187153018,0.009015826236885084,-3.399739774618719e-06,0.0033386324053791307,-0.03169546274957797,-0.0027524722215107847,0.052426886060079204,9.195338,4.193092,2
3.2188,36.0,5.4770408163265305,1.0612244897959184,1011.0,2.579081632653061,33.85,-117.93,1.969,33.85,-117.93,-0.02173881919390997,0.005582523481293283,-0.001706885965801932,-0.001658706741025869,-0.06686751977053909,0.024104981555338613,-0.0022315557630815403,-0.0013648144055991521,0.00016260064506667948,0.0009478846624187141,-0.008204936130302983,0.0023447410822930908,0.001218220865629063,-0.0006715814625365601,7.07576388069986e-05,-0.0034456193035441967,-0.002073492487653832,-0.00170389945136684,3.020540527905602e-05,0.0003989506159042237,0.0010521497553623678,0.0032932081569385704,0.001978899122862395,0.0001066460221252694,4.059528696755737e-05,0.013511924484538449,0.01092222057204688,0.06340848950160266,1.4031085,6.1134276,0
2.6806,52.0,4.806282722513089,1.057591623036649,3062.0,4.007853403141361,34.08,-118.21,1.53,34.08,-118.21,-0.020125311573120544,0.010105704572306527,-0.0018139686942869634,-0.002151256706768882,0.057861301593503854,0.02190441548092774,-0.004771953647571195,0.004238700938141568,0.0034954781233323172,0.0003786332270023036,-0.013797530631877355,0.0006206587568073929,-0.0020373077470874582,-0.0006695904744686433,0.0004482342469092983,0.011342705159957635,-0.0019821880933442613,-0.0014402746372067143,-0.0013929608952594663,-0.00041397873593932414,0.00022024002040179808,0.0032342652851006263,0.008741104322442496,6.496247131657714e-05,0.00340948215128232,-0.03159924880317581,-0.003128747555815516,0.07176811249538786,9.390967,1.1578349,1
3.3438,17.0,4.409214092140921,1.0785907859078592,1216.0,3.2953929539295395,33.86,-117.93,1.866,33.86,-117.93,0.021601402907861934,0.020339081722192877,-0.0011220547435688846,-0.0007410223905237494,-0.015415618149054157,0.023149279718788118,-0.005936272819015742,-0.0025522601163827543,-0.0009065061457524766,-0.0009461541347745121,0.033384553545426084,-0.00038254350688125843,0.0008653553488387614,-0.0009343500988785295,-5.932974509648534e-05,0.002765333002533421,-0.0016664612353467362,-0.0022893791843876204,1.3358697176000016e-05,-0.0011067323895399732,0.0017931284104512342,0.004399193412500346,-3.2907899439253635e-05,-0.00015593795564117343,-0.00010879264152667052,-0.005043129889593777,0.009682022598164227,0.06313753956187866,2.982673,4.5881085,0
2.8312,16.0,4.516050878255602,1.2668079951544515,5105.0,1.5460327074500302,34.19,-118.6,2.139,34.19,-118.6,0.08168995104937717,-0.0016702981530125351,-0.0009086312971278432,-0.011573886553975857,-0.08311214480139269,0.024137376772006138,0.01888550172578599,-0.004403141133211302,0.002446373799002345,0.003609543312010754,-0.0712396898542754,-0.005510911017174265,0.0021145877271987507,-0.005403594343702896,0.00025601646906711834,-0.04903022459107849,-0.0033429487163050362,0.0004208216887541868,-0.0043154324658137375,0.014572351015765837,0.013714403503482908,0.016037106339531936,-0.010495020456294165,0.006343087827525375,-0.00424306085686386,0.041721027183534196,0.08129574465841312,0.09089112112749602,3.273157,5.9930997,0
2.6673,38.0,4.608365019011407,1.0342205323193916,1129.0,4.29277566539924,33.99,-118.19,1.423,33.99,-118.19,-0.030895347060100047,0.009486124780343134,0.0008340882809174158,-0.00029482521411078495,0.05627268656338444,0.022226675340329717,-0.0034657676824866998,-0.0018720616048932663,-0.0005352392731169428,0.0007954405285330281,-0.016224799162751657,0.00048112982463865967,0.00015787728763140899,0.0011857747632571954,0.0004634900181987359,0.006698909310121841,-0.0020386586781181333,-0.0012222778190210438,-3.537102986444178e-05,0.002595355638774678,-0.0007733499896842995,0.0030086802448475525,-0.005797131625831361,-0.0005428868512727041,-0.0008935908389411492,-0.031799267357887503,-0.005804503571572954,0.054281900171208354,9.51726,1.2114153,1
2.5395,26.0,4.5285996055226825,1.0532544378698223,1777.0,3.504930966469428,33.99,-118.12,1.91,33.99,-118.12,-0.002974921627083561,0.002123123804264269,-0.001850588859277968,-0.0020012357820171486,0.05207387816565699,0.02887953593808279,-0.0034432978476015095,0.001521017055864314,8.009204334002713e-05,0.0001447079362329319,-0.0023932400841215696,0.007550197789282369,0.001702597317366639,-0.0006569535641752808,0.00026428027226748117,0.0041564693959008385,-0.0015288585550997376,-0.0014108044830196986,0.0004325532117914197,0.001595133213924939,0.0003640051977819557,0.0033727556798264996,-0.002814014717582769,-0.0005731009509935212,-0.001194786339333725,-0.024965245699738375,-0.002059850976878959,0.05478714144738346,8.254084,1.9932415,-1
2.3472,52.0,3.812807881773399,1.0295566502463054,813.0,4.004926108374384,34.03,-118.2,1.352,34.03,-118.2,-0.02656317028929747,0.03735957684334144,0.001399884692840344,0.0015387314088572827,0.04851917040408629,0.02982523596763849,-0.007132322232341702,-0.008896296608077316,0.0029503414324941156,0.000926562331744886,-0.013202436065918552,0.0003945231279139576,-0.0020514768503248513,-0.000342870366051279,-0.0009567425252997493,-0.007479187205729739,-0.001095463427359203,-0.0031367746274537345,0.0001294777501936396,0.0060063764688402166,0.0010676542045526044,-0.004970140408418524,-0.006546789853973598,-0.00015967974118421223,-0.0006017693224029244,-0.029629363918769757,-0.004736542637828932,0.047657650298670265,9.128454,-0.19767292,1
2.9185,27.0,4.408878504672897,1.1378504672897196,1339.0,3.128504672897196,34.21,-119.19,2.245,34.21,-119.19,-0.00535742699569174,0.018410317953336055,-0.0024055712359081984,-0.0017160034857805575,0.03522826747613751,0.03213180916349829,0.01358712459568398,0.0018268425165042929,0.0005868869726803279,0.0006389404871660293,-0.006112710495541245,0.007084464377434279,0.0016815863016003776,-0.0005464010726604493,0.00015061695123646447,0.006112926342095326,-0.004299785352618149,-0.0008108617677339184,-2.8543452276389105e-05,-0.0022748140409489955,0.005522444277111458,0.009403559724069135,0.001199547043846382,-0.0003785692141689625,0.00022739458489691138,-0.0022522456944204525,-0.011400191294590339,0.072481781302846,6.6170506,4.013372,2
2.9076,24.0,4.220496894409938,1.1164596273291925,3018.0,4.686335403726708,34.24,-118.53,2.753,34.24,-118.53,0.0005914164132923217,0.0417439143451399,-0.002297806069782864,-0.0013894740068092644,0.03991327452604273,0.03187846336854011,0.0170422156030653,0.0019471571670683224,0.0005316194485229663,-0.00025897770795628607,0.020493969458214134,0.007067778999411685,0.0024265921144998007,-0.00047823605718182866,0.0004075678305088899,0.0029724302024433965,-0.0072548234811655714,0.008094668006487015,-0.0013755877367739953,-0.0017976027490669215,0.006310712287274728,0.00962941748711277,0.009004511816999454,-0.0015884067542010973,0.005070262091879704,-0.030223718463239076,-0.02500537975892367,0.027868755229442144,7.504375,0.6910978,1
4.0987,35.0,4.434782608695652,0.967391304347826,887.0,3.213768115942029,34.09,-118.07,2.024,34.09,-118.07,-0.0030874316530299186,0.008592712297704605,0.0007178361266299256,-0.0017865614187488942,-0.046804859897425465,-0.007901272849958688,-0.00016340656803663645,-0.0006707181112849597,-0.0005416548444881636,0.0007386874579795701,-0.020076638005279538,0.00014873879211658824,0.0005835628577101854,0.0006521824290229517,-0.0010861120201585968,0.0010176886844158765,-0.0015874239618067526,-0.0014778473046468657,-0.0005157672248907785,0.0027732944559191704,-0.00023404501164857132,-0.00608785910819378,-0.001957850065767662,0.00010268051228871262,0.0003087476926074458,-0.009764579578698477,0.00178097785941989,0.06447222209723497,-0.09112249,5.9828906,0
2.6019,31.0,3.829145728643216,0.9623115577889448,1257.0,3.158291457286432,34.42,-119.72,2.5,34.42,-119.72,-0.009350325424364318,0.04940635313962716,0.001401639595259947,-0.0018997702629952892,0.05110543092370853,0.03684414839932706,0.019582228601733257,0.0021663028526982537,-0.0004489694963577819,0.0006629125685119105,-0.009628792835295927,-2.835558073293663e-05,0.0006473792177362761,-0.00028418036281699225,0.000478714887348392,-0.00205111078885751,-0.01092123357088486,0.002407219614048441,-0.0004969614421770185,0.0030803742186895,-0.006150051429530182,-0.00787552449241023,0.00018757753438881,0.0006371991518216275,-0.000591044815463263,-0.004784647990117734,-0.009520865378865217,0.03969800146654858,8.138509,0.0047139637,1
3.3864,25.0,4.436055469953775,1.1140215716486903,2077.0,3.200308166409861,34.21,-118.48,1.974,34.21,-118.48,0.0043081068726297505,0.01580453403099484,-0.0015181062073220263,-0.0022812737348891637,-0.0185640806828149,0.027425869589835866,0.004731209409486534,0.0016620903331957854,0.000532410674653245,-0.00018801934339408686,-0.011526668726061368,0.006690750392901027,0.0014318775852404694,-0.0006428816923872648,0.00043605925328151835,0.0018719792819963522,-0.004354509314129592,-0.0009347134177405071,-0.00026318745989594946,-0.0026454793970259777,0.005835022569195875,0.009357171144415397,-0.0018708782492819894,-0.00036965532951193324,0.0006838206423112041,-0.010605921918407151,-0.008548711924721567,0.08008707712111816,1.5385947,4.488344,0
3.3009,36.0,4.371428571428571,1.0065934065934066,1668.0,3.665934065934066,33.79,-118.28,1.68,33.79,-118.28,-0.014270321487518523,0.022174512043883796,0.0012560875563269115,-0.002310768776136095,-0.006299716700859837,0.021286581130076445,-0.019679609264133913,-0.001770862643275418,-0.0005360392102786214,0.0005470605313526442,-0.021769365516763665,-0.0005928606434206605,0.00040920625826523327,0.0004899213140571626,0.0005950257783152239,0.001683815079216128,-0.0023588458755016755,-0.0012949319768546235,-0.0013298688855107475,0.00011688439708524225,0.004471845872032409,-0.007035128555677512,-0.004004158103179418,-0.000678184454091173,-0.001277705253505679,-0.034467490310080666,-0.005630965036242534,0.05021384738968847,1.2368428,2.8183284,0
2.9422,32.0,4.931608133086876,1.1256931608133087,1512.0,2.7948243992606283,34.1,-118.03,2.331,34.1,-118.03,-0.009892888043006453,0.01474975165413202,-0.002533730759162511,-0.0015648255301949211,0.009601324156290721,0.027779698688712502,-0.0069571642538981335,0.0018260824520251622,0.0004577778554601263,0.0007090313127205212,-0.005453858973522322,0.0018079922596440552,0.0011474699966754498,-0.0007110467078658856,0.00016919035645105663,0.004165990900500892,-0.0014508924351616427,-0.0016792059315346504,5.206327181674193e-05,2.9551037404754975e-06,0.0015415472522213008,0.008164832464690828,0.0004179781316815444,-0.00017240308994647335,-0.00012150321052709737,0.014462227859728434,0.0126890017565722,0.07417043124467375,6.368572,4.564824,2
3.3214,33.0,4.419811320754717,1.018867924528302,1216.0,5.735849056603773,34.27,-118.42,1.313,34.27,-118.42,-0.012491111929891637,0.012949684213726238,0.0013308335718255709,-0.0021543525812736143,-0.00809316884650412,0.024486441756746875,0.002193069724196935,0.001446273451036069,-0.0005360392102786214,0.0007811576380994943,-0.021587555869152626,-0.0011612032038588235,0.0003190157423663905,0.00047381953539174,0.000498647082918478,0.001701762471078521,-0.007869603692789379,0.0024513268440167274,0.00014655783869529316,0.005742786154178763,-0.005389849886307466,-0.005491204928193587,-0.005781950497030256,0.00023011821262128545,-0.0015860673270659562,-0.03733235397574158,-0.02752845807719583,-0.001376564734690736,-0.008215595,3.0276535,0
1.9923,21.0,3.355828220858896,1.0828220858895703,2265.0,3.473926380368098,33.78,-118.26,1.647,33.78,-118.26,0.008798357908490173,0.04458805762816969,-0.0028293838649314468,-0.0034897560681864306,0.04317587160750278,0.028472122490047668,-0.001332207235578753,0.001762199909977281,0.00023644223812951937,0.00030149139538256526,0.014866889081826212,0.0024343366647659693,0.002819103391646403,-2.8453113798581622e-05,0.0016752721985269984,-0.0009628653250009918,0.0005569344366677621,0.0014074727972762998,-0.0013277986927379705,0.0003634296977802971,-0.0011526094357790988,0.0040493586918968535,0.009775178337172865,0.0003474553145798201,0.0022672415425912364,-0.02343917844977741,-0.0007278641809261544,0.05236338969860955,7.374622,0.76576596,1
1.375,35.0,4.058098591549296,1.1161971830985915,1978.0,3.482394366197183,33.97,-118.28,1.0,33.97,-118.28,-0.019553118375406024,-0.020586846424330098,-0.005180898398665372,-0.0020830941022052935,0.05712851043595782,0.02733295380304051,-0.0008619814939091734,-0.00021517431118194685,0.0003584100516337844,0.00018749881060486212,-0.013786563588593446,-0.0007509903901690515,0.00035590559563091894,-0.0005250267900455607,0.0003896810993013894,0.0011105074707161017,-0.0016236699523383886,-0.00405618814705426,0.0004544110783291056,0.0006468929915420371,0.000589599274887106,0.008123891477952769,-0.003292525347470651,-0.0016546597670833967,0.0009402181178819049,-0.03002375263387735,-0.0037059109782027534,0.054946503469765616,9.22102,2.9527023,2
3.3654,15.0,5.356401384083045,1.1153402537485582,2855.0,3.292964244521338,34.14,-117.89,2.221,34.14,-117.89,0.02665318325157624,0.0067939196005517835,-0.0002022864399365154,-0.0023323658306249237,-0.019630089409785726,0.023040044401472934,-0.005252190777792522,-0.002492909500832594,-0.0006121201614893085,0.0001477679422678959,0.03270521573735195,-0.0002779627914575129,-0.00019542080360699174,-0.0010751945208387831,0.0003458035076909515,-0.0028158361317019314,-0.001365884002074892,-0.0019783673076278836,-0.0002891771573804695,-0.002012370673334375,0.001019430459903778,0.007903947061133492,-0.001813990983564436,3.159174079601283e-05,0.0006737059740726859,-0.0054585344229007415,0.01143853138203135,0.06548952256257157,3.0031114,4.5497346,0
3.0417,18.0,4.730769230769231,1.0769230769230769,121.0,4.653846153846154,34.11,-117.97,1.375,34.11,-117.97,0.001473212326330431,0.017321558496429044,-0.0008566989494568125,0.006345648364076634,0.04033365295258083,0.025263554190068472,-0.0034003763896477118,-0.001659107064843823,2.8426223115001316e-05,-0.01249881373451156,0.02054575755249202,0.00298546905195257,0.0015801603674086416,2.095924694914287e-05,0.008088173619906821,0.0109290545091178,-0.0023877287492351396,0.0014294102425480223,0.007814888213467082,0.0007639891010408483,0.0005301251863758727,0.004860075783355903,0.001210397265676763,0.0124240596549034,-0.04108450873446523,-0.02441542323444033,-0.0055280318865043206,0.05257640701648336,7.7924542,1.6182468,1
2.6742,25.0,4.328928046989721,1.0748898678414096,4149.0,3.0462555066079293,33.89,-118.18,1.319,33.89,-118.18,-0.002030028201379844,0.01648767748599549,-0.0023819653594799413,0.001079521935283463,0.03557124960242011,0.02324351050615264,-0.004062727635556364,0.0016707351792117106,0.000318950839856172,-0.00037778682118036835,-0.005023300334731052,0.006671745477765626,0.0014771678029504702,-0.000516665168788291,0.0003722716812564793,0.005302049118421771,-0.0017470236308966287,-0.0013976901792753257,-0.0003191593340059289,-3.0325532718843832e-05,0.0003760831127214719,0.0030629451043750963,-0.0023553658870621432,-0.0006989013289781242,0.001466461377927932,0.0004568674269181998,0.003963581152741809,0.0568663866111455,6.415885,4.2883906,2
3.1551,16.0,3.7899159663865545,1.1148459383753502,1211.0,3.392156862745098,34.17,-118.3,2.05,34.17,-118.3,0.02125149356131027,0.02137970569686202,-0.0007705413077207963,-0.0008340269323772226,0.002785198273104069,0.023914788885799558,-0.01431129581117077,-0.0015666741354793292,-0.0006113289353590298,-0.0009461541347745121,0.03331232813146715,-0.00019003048539621324,0.0011152854774491895,-0.0004038148248904582,-7.885783175237309e-05,0.0027514852536694536,-0.002669229438010571,0.0013075860456207712,0.00028214757664895814,-0.000503712322145987,0.0028453735436166855,0.005998215710012946,-0.0027462111831881276,-0.0005535755385094613,-6.847862071336861e-05,-0.023124670788845385,-0.005108756245839183,0.07635187894681145,3.1820567,4.3613205,0
1.6955,43.0,4.797872340425532,1.1340425531914893,1568.0,3.3361702127659574,34.02,-118.31,1.152,34.02,-118.31,-0.04010882581118858,-0.03223185718580788,-0.003109063172044839,-0.0017742574598178932,0.04254438415216133,0.0293753844665242,0.007764400071641067,-0.001479607827219765,0.0005333807487739814,0.000697664483467056,-0.011416260251402771,0.0017398233224541514,0.0005571890882163638,-0.0007432095423683385,0.00015293561850803213,0.0004165705513137573,-0.0019888693026739934,-0.0038264431047789946,-2.9606141340379512e-05,-0.0021255872333238468,0.0028466940173054187,0.0062797551247962356,0.0014582766100858918,-0.00016711745876935252,-0.00029535814856468905,-0.019614348907791554,0.002518993861621732,0.07666889184643302,8.18139,4.415536,2
1.9127,15.0,2.843642611683849,1.075601374570447,1549.0,2.661512027491409,33.88,-117.89,1.75,33.88,-117.89,0.050399752638005134,0.09363540171418623,-0.0013354458858038862,-0.002496217494183725,0.00037589385196657615,0.032471442884481554,0.014237707189293786,-0.0016065870799137287,-0.0008239975440258243,-0.001103430021342082,0.0033727893269708755,-0.003439818429080574,-0.0008987261321139252,-0.00047539384061137885,0.0011223307949260299,0.001341615050110823,0.00028383536358670737,0.00024361741783882637,2.6332555339788815e-06,0.0013369197150110705,0.0007373305203402502,0.003427414502966718,0.0002486033193244402,-0.00019675129972803482,-0.0003833465825975823,0.01283858533849896,0.013603329731330927,0.05669873870164162,3.8871076,4.8585434,-1
1.5898,35.0,4.176678445229682,1.0777385159010602,977.0,3.452296819787986,33.95,-118.3,0.94,33.95,-118.3,-0.02034558791527747,-0.022633627329674912,-0.002819741931229782,0.00033418239832022493,0.05787334613678137,0.027926716015150992,-0.003732982958612959,-0.0006339807373725808,0.00015157170608448052,0.0009242284252499401,-0.013667418951550393,-0.0010328264069932817,0.000336294731401524,-0.0005611581673262145,6.2779501482329e-05,0.0010670585279160404,-0.0016231721054106195,-0.002271504758033567,0.0004325532117914197,0.0012605794552764526,0.0037310492708663855,0.002489870547627048,-0.005401329793224943,-0.00020249874567778217,-0.0006790446106518562,-0.029145918407286215,-0.004973564162292639,0.0527816043513393,9.338025,3.001071,2
4.1118,5.0,4.99009900990099,1.295929592959296,2485.0,2.7337733773377337,34.05,-117.8,1.259,34.05,-117.8,-0.02038310994095898,0.016575178925912433,0.0005859677816489441,-0.0015024309832844525,-0.03909830668709084,-0.013925567288027468,-0.015653866808771608,-0.006360678929303599,0.0023548381949377996,-0.0012039658979784357,0.012846054164552523,-0.004381299424578708,-0.0022136158186330354,0.0005305367782250188,0.0003615271278939417,0.0032332576306646375,-0.001999451826483082,-0.00917563926493012,-0.0007509591556491937,-0.00023973224219508537,0.0009497630739996354,0.005230275746151027,-0.003021122059480661,-0.0009489786575673335,0.0006212351904536121,0.0030780987313760912,8.482425625416664e-05,-0.03817247686816297,-0.09398226,4.1494613,0
2.9292,33.0,4.066666666666666,1.1148936170212769,1774.0,2.5163120567375885,33.89,-118.14,1.834,33.89,-118.14,-0.02270733792849269,0.03379794118848065,-0.0021953095927340783,-0.0023679519920883113,-0.03508830831159921,0.026096684628211898,-0.010988657222473594,0.002316843786613378,0.0004577778554601263,0.0006768217781947731,-0.0018176594352871773,0.0026746529993532013,0.0008017032213314759,-0.0004805337915076372,0.00020389328430825776,-0.003948627623744495,-0.0017375882087062185,-0.005702086976680254,5.206327181674193e-05,-0.0002953495521898003,0.0016072776769228791,0.007948028982247437,0.0007692605744244309,-0.00011339726618529814,-0.0002669994518844433,0.027074612693387085,0.008682713489729436,0.05432263496565733,2.282858,5.6682076,0
3.4107,29.0,4.256756756756757,0.9797297297297296,378.0,2.554054054054054,34.13,-117.86,1.708,34.13,-117.86,-0.007401355615414769,0.0351559482794496,0.0003496894749209032,0.001604036780289283,-0.05884419271384379,0.024927734457519675,-0.0014541269559355142,0.0012019805664041264,-0.00036731067047896475,-0.0017540416988052927,-0.014816773541250028,0.004637535343526917,0.0018323526827005757,-0.0004864637823183473,-0.0008022418415039609,0.0015944727274007633,-0.001156331328134221,-0.003281046591983654,0.002650072867132764,0.0006539431904325723,-0.0012479147083344607,-0.006879659833637643,-0.002501790415117945,0.0007445616919737462,0.0022197567091228484,0.010738035127006955,0.0027099937727118927,-0.007681799583044189,0.18791527,4.7722754,0
3.6583,37.0,3.625,0.9679054054054054,2009.0,3.393581081081081,33.96,-118.36,1.773,33.96,-118.36,-0.0115331556365456,0.014076572959036866,0.0008176688102654016,-0.001723951000439203,-0.01390834167767425,0.023435882394103113,0.005578485699353054,-0.0014108924265356577,-0.0005416548444881636,0.0002507128825003076,-0.01967135207350322,0.0019116068513175385,0.0005654820414868651,-0.0002548325223656662,0.0013375433137681456,0.002390572539011026,0.00135484461610753,0.004613143696945733,-0.0009884630879362873,0.00045194899836460873,-0.0037870756667506625,-0.005281564629072827,-0.0012472396292421775,-0.0006217336513802814,0.0006567063748899969,-0.027310830395645,-0.015216752361419778,0.10956357501646735,1.3196113,3.5817783,0
3.0724,45.0,3.0350877192982457,0.7368421052631579,230.0,4.035087719298246,33.98,-118.24,1.107,33.98,-118.24,-0.03375390022829716,0.011772271993780292,-0.00011133698931523468,-0.0006686237391499662,0.012359119572159427,0.015795124182793822,-0.013166705053456131,-0.0016729723153538617,0.00020565505327757274,-0.0010202527157145086,-0.022480927165395893,0.0006880100622463262,2.002014732174069e-05,-0.015935994392924657,-0.005433180948566801,-0.00691555658734205,0.0004255370475645646,-0.0015024015262650608,0.009421516863300944,-0.0032268099217081505,-0.006994823628970582,-0.059894312661107854,-0.0018286526435902209,0.0010852253725414337,0.0016604523387738926,-0.0341978217541516,-0.0059625347529883585,0.0426238421231009,1.4920703,2.6782026,0
2.2788,47.0,3.7745664739884393,1.130057803468208,1499.0,4.332369942196531,34.04,-118.21,1.396,34.04,-118.21,-0.04011657884007098,0.04142774459517134,-0.0021862227725220275,-0.003699469740896406,0.04112914673932342,0.029959811731698066,-0.0052354616056207335,-0.000630775517706501,0.0004291248845864922,0.0005707699748430163,-0.015238287535379928,0.0005636278725721884,0.00018950207498297087,-1.3015695778702838e-05,0.00013269833899426083,-0.01947824359364298,-0.0009539343446558923,-0.004657371793572246,0.000381660570584932,-1.3352639110375886e-05,9.831800085289988e-05,0.0075342146720490935,-0.0026354891251665694,-0.0005703289036951904,-0.0012050486420129905,-0.031556103952729044,-0.004946314129689675,0.05445700289317406,9.155865,-0.5559313,1
3.6944,29.0,4.048744460856721,0.9852289512555392,2449.0,3.617429837518464,34.08,-118.02,1.752,34.08,-118.02,-0.000365528355949075,0.027781699960500984,0.0009590487321990691,-0.0005053252684023731,-0.015411335018409252,0.018200437137132888,-0.015563396664230565,0.002035249025368504,-0.0005376987138367708,9.697863968055815e-07,-0.009648866401649279,0.007000127485724128,0.0019487654686009025,0.0006135990049211353,0.0007915708266901285,0.0026104364585764804,-0.0012536365808532024,-0.004180731621408765,0.0020906577223843725,0.0018521923742571731,0.00042442455791450286,-0.006013354768549994,0.011766706181921962,9.544602348596871e-05,0.0037602540293477636,-0.030146600777375576,-0.0004056979079448882,0.0701760477192531,1.4768586,3.441232,0
2.8445,35.0,4.636494252873563,1.0761494252873562,1881.0,2.702586206896552,33.88,-118.3,2.421,33.88,-118.3,-0.02456236219606286,0.018291174751591196,-0.0020425983002367483,-0.0024453284234811903,0.0038259525334908406,0.027221200445002598,-0.007295223994525057,-0.00047320269175110197,0.00016260064506667946,0.0003235113710964476,-0.004666814879020555,0.001963409357939686,0.001149218094761462,-0.0006813108039937274,0.0003777061358944121,0.005705069998717334,-0.0019126445377305027,-0.0041740992086841885,3.020540527905602e-05,0.0002668437595886295,0.0030390877597606665,0.0019728141834441408,0.0004450222533700948,-0.00031591911387538407,-0.00024680484688949694,0.013631151578703152,0.010040462206254921,0.0546142681537481,6.314518,4.5953407,2
3.1786,41.0,3.079136690647482,0.7985611510791367,585.0,4.2086330935251794,33.98,-118.17,1.321,33.98,-118.17,-0.033540968423470076,0.011971269599946216,0.002141406247757163,0.0006949430299477984,0.013916813039490557,0.023227072291885,-0.019115569398181185,-0.0017529132621304556,-0.00043067889850032236,0.0005163824236713981,-0.020284656617842147,0.0007719676573452533,3.930718730435025e-05,-0.0012601262338033199,-0.008056246625483193,-0.0059756370402522605,0.0012131614598506171,-0.0015459983657873607,0.0032470579923875036,-0.0010660488013407095,-0.0035805015968024137,-0.020255846197647743,-0.006893998595585458,0.0007855083568495396,0.0018476889793721696,-0.0341978217541516,-0.005775154325151014,0.045033978376013466,1.412934,2.6725018,0
1.3971,37.0,4.642857142857143,1.0942857142857143,1243.0,3.551428571428572,33.96,-118.26,0.898,33.96,-118.26,-0.019977555757464325,-0.03339177496668884,-0.002843527253300618,-0.001519042452261396,0.05657185317117558,0.02749207249968631,-0.003440674090937597,-0.0015152285898945648,0.00016193350461446914,0.0008029725911688861,-0.014561716613059631,0.0004778452200890012,0.0002182764973034829,-0.0006896724252509971,9.801675894533307e-05,0.005061067234133845,-0.001961917471302009,-0.0007641791969607574,0.0004544110783291056,3.635522334587363e-05,0.0014185969043984728,0.004333685908577529,-0.0040350771029364595,-0.0005735030795575514,-0.0008973978331971746,-0.0316660476902607,-0.003308904067660361,0.05410864675090525,9.327709,3.1420333,2
2.9028,11.0,4.013207547169811,1.0962264150943395,1989.0,3.752830188679245,34.22,-118.37,1.741,34.22,-118.37,0.039675873786174445,0.04182944803000618,-0.0009066755169331467,-0.004041395443066295,0.027949422744796445,0.03146229552966542,0.01581613429348349,-0.004056050367341148,-0.0009814725321372762,-0.0008942673225566726,0.034061881697944024,0.002070203073844909,0.0013854696172277963,-0.0009177648700941839,0.000240172560877639,0.004354951124213606,-0.0024088670714909255,0.002139331633874745,0.0004268389285840284,-0.000682664343393774,0.003388726471733188,0.00460121727235052,-0.0035485014389332473,-0.002186926156083007,0.0012289795178043743,-0.029194718839108146,-0.024211953609131486,0.09242265610573866,7.0744705,1.2688364,1
2.2083,52.0,4.107438016528926,1.0909090909090908,547.0,4.520661157024794,34.03,-118.21,1.463,34.03,-118.21,-0.03467925953972828,0.00980267592167251,-0.0023101456670734577,-0.0004941605928270125,0.04908311483903952,0.027805376882893702,-0.006514956686680646,-0.0022830964086380185,0.003502411275297765,0.000827706019205625,-0.014156912319458512,0.0003945231279139584,-0.0020514768503248505,0.000150791171424254,-0.0022793839906592563,0.0021711419396121044,-0.002188984771406324,-0.004192137596204375,-0.0011830537637195582,2.0258082618577356e-05,0.0016158423224469606,0.004403316193761601,-0.005614979637673648,0.00011295559774705253,0.0012200916480186437,-0.0316998391889977,-0.005326334462998428,0.05705897292934751,9.591902,1.0752089,1
3.1304,44.0,4.181208053691275,1.0251677852348993,1951.0,3.273489932885906,34.15,-117.99,1.856,34.15,-117.99,-0.03350325978172573,0.04000227531706718,0.0014050839965622094,-0.00262428270727228,0.0059978503931164,0.023517366566860157,-0.01221326552632392,-0.0013206403335810158,-0.0005352392731169428,8.85458444152525e-05,-0.017811536269710118,0.0017439623048204338,0.0006579411563648071,0.00047759115002169177,0.0007410452158838348,0.0010583136608248171,-0.0017489495635185572,-0.005323382171053114,-0.0002648367481601643,0.0016257375058520798,-0.0003414071784092922,-0.006136453978177214,0.0016780358923700564,-0.0005024613346802881,0.00025145632209773076,-0.006466692283481328,0.0062517427916635665,0.07162924744425934,2.4819763,3.4180517,0
1.8875,34.0,4.247126436781609,1.0603448275862069,1735.0,4.985632183908046,34.02,-118.19,1.367,34.02,-118.19,-0.01827525517494735,-0.00927435593596225,-0.001478093175591198,-0.00394303280714984,0.05675531017996828,0.029702881321757156,-0.0034639505787895097,-0.0008447116212708432,8.009204334002713e-05,0.0005127403668583326,-0.01459927088024999,-0.0010816937572726794,0.0002558961069755604,-0.0004923079289698443,0.0002194244219339551,0.003845516622632384,-0.0016388110807652888,0.0008032620930521555,0.0004325532117914197,-6.892041741042496e-05,-5.827420009001369e-05,0.003285890403372055,-0.002685713266090097,-0.0005738221792882843,-0.001197362837948081,-0.03252443912439761,-0.0049613182999337585,0.05651078610356909,9.33544,2.716283,-1
2.375,32.0,3.256756756756757,0.918918918918919,1799.0,4.8621621621621625,33.79,-118.25,1.28,33.79,-118.25,-0.00907563686996935,0.03388868382194862,0.001308323747272397,-0.0016288617203780017,0.03839596810714474,0.03094892991371545,-0.005825961428009888,0.0018506333195005002,-0.00041768681563305487,0.0003618348837610306,-0.011464684951328007,-0.000909731204993408,-0.00015471509657488647,-0.0007984534983719605,0.0018745605133542547,-0.019009875654699235,0.0012612751392211798,-0.0006962573008140838,0.002675532951652598,-0.0010011515143173912,0.0023455477183274755,-0.017231589621439922,-0.0045257376031255115,-0.000559714253082657,-0.0004846193424277436,-0.02996726598639378,-0.005475543985468539,0.035897971324681525,8.330511,-0.6186475,1
2.096,34.0,2.466893039049236,0.99830220713073,1987.0,3.3735144312393888,34.05,-118.3,1.875,34.05,-118.3,-0.016974765548692886,0.1327357825454551,0.0019026362278265728,-0.004236512544258208,0.04458926559774191,0.02811904490705177,0.00407401377598201,-0.0006994799004967573,-0.0005360392102786216,0.0002592225283870585,-0.012102631564401108,0.00028886446333662054,0.0005759564372808236,-0.0003703573183692333,0.001998920582416002,-0.02709698396790429,-0.00033085858979560445,0.011870527512335789,-0.0004992577157722223,0.0025071706765668867,-0.003334421831426576,-0.0030372047477975695,0.002390552220573011,-0.0007238200593818895,0.00015600404976926413,-0.017941770358349117,0.0012690402137156755,0.04305119650101967,5.800837,-0.81030625,1
3.7527,38.0,4.410596026490066,1.0364238410596027,1627.0,2.693708609271523,33.87,-118.18,1.619,33.87,-118.18,0.0025067322932508028,0.008368205237508653,0.0005650944177521744,-0.0016206465713939652,-0.05250556769116609,0.0005283429883212095,-0.006806049966717551,-0.0013960696687420862,-0.000444391953847647,0.0009063086666157769,-0.01853982777359217,0.003980532153827316,0.0008850481351506667,0.001075211612886449,0.000588755944754753,0.0027495707676703485,-0.0021504049416628604,-0.001192522204653017,-0.00044042420767175026,-0.0008903820000117196,-0.0011457914198805142,0.002760097349197116,0.00012795667527744174,-0.0001071136480402834,-0.00029387376133169354,0.007530344850675423,0.010669549134448742,0.05416053457894752,0.46177688,5.8980885,0
4.0729,38.0,5.271875,1.0484375,1906.0,2.978125,34.13,-118.01,2.123,34.13,-118.01,0.011285804952721573,0.012041963584472844,-0.00253800421923086,-0.0019991842590905847,-0.03483188060423898,-0.003266982363391765,0.0061117008898009815,-0.0011745073424481412,0.00015778494801881645,0.00026346120185974836,-0.017210130224287135,0.0028289108815465836,0.0004398822939274423,-0.0006839116265720307,0.000380624545462313,-0.0015370741930677552,-0.0015390548589988226,-0.00023844059713255938,2.951179600522182e-05,-0.0004193037826916503,0.0003871146392670308,0.003141911038955795,0.0002445008494925486,-0.0006736592388194751,3.0166720270468352e-05,-0.005878180058901875,0.006239656187861008,0.07322719574118841,-0.043623123,6.221787,0
3.1012,34.0,3.692307692307693,0.9467455621301776,1960.0,5.798816568047338,33.9,-118.18,1.404,33.9,-118.18,-0.012053356598144119,0.019328549679586474,0.0017011529132005456,-0.0027012582796527907,0.013465567077495135,0.015611051026641707,-0.012747544984504616,-0.00037028433648708046,-0.0008246112785232056,0.00017986256932668918,-0.02044998651761029,-0.0009232880576296624,0.0003523886278039631,-0.0013636288123293019,0.0010923392402659698,-0.006215458841230416,0.00011221956766019483,-0.0015950475055908483,-0.001209013843115078,-0.0013984259871309603,-5.769677372901834e-06,-0.00455853388827106,-0.005975672143866548,-0.0016261034967115057,0.0007843103179427776,-0.03465984233074757,-0.0055136888782179915,0.04369620775737307,1.2942088,2.749442,0
2.8727,25.0,4.365346534653465,1.007920792079208,4579.0,4.533663366336634,34.23,-118.55,2.451,34.23,-118.55,0.002027997710181348,0.02631947818589605,0.0012198115553173977,0.0008707003355320741,0.03988970773537655,0.03113982625584232,0.013366060810046862,0.001423942071130918,-0.0003749416587074579,-0.0004201522900825521,-0.0018586409862782656,0.007887596325511729,0.00168952322580589,0.0004775911500216921,0.0007903253075363272,0.004126201029213774,-0.004410197616290804,0.0007426604868192338,0.0025924306698268704,0.0019101529444202198,-0.004858624907234785,-0.0054136129295500775,0.011567711362465583,0.006921227739610437,-0.00195549980772084,-0.028154580794105752,-0.02227593713596546,0.0455679827284411,7.909537,0.9233849,1
3.1378,13.0,4.135957066189624,1.0590339892665477,2038.0,3.645796064400716,33.92,-117.95,1.37,33.92,-117.95,0.0264061063842163,0.03992778337904933,-0.00040040296742251103,-0.0032036859722812177,-0.0021274119257777306,0.024572201993021764,-0.00688939284388296,-0.0015505397011296982,-0.0009065061457524763,0.0002961556940755576,0.036346161326961696,0.00215499387580145,0.0015431061163837915,-0.0009246207574213623,0.00037198272780444895,0.0014416258574617177,-0.0016039924032505994,-0.005696203094986841,-0.00021712369132422874,0.00011798830971437563,3.931309420975484e-05,0.0030223461635831787,0.0015168530217677491,-0.0011580010939059725,0.0015761815860554636,-0.028803455220990707,0.0010986035651818398,0.06015817877451964,3.182524,4.3667135,0
3.9559,42.0,4.6528662420382165,0.961783439490446,986.0,3.140127388535032,33.88,-117.99,1.611,33.88,-117.99,0.0043033734340672345,0.008028980700318971,0.001244759047246752,-0.001089517631873956,-0.03564674329237026,-0.0030654553071214935,0.004312522673348191,-0.0016335618349248744,-0.0015425370333514207,0.0008633069131015356,-0.020221878928374966,0.0027905096261762992,0.0004039979592558389,-0.0003252623419662252,0.0004382096500434767,0.0023468392448009576,-0.0019266954306250495,-0.0005597028121110352,-0.0004578396483852159,0.002753720520821825,-0.00016007002004582042,-0.006253188983946591,0.0003575418902793303,0.00014684329791047013,0.000191281754420193,-0.007760227668434332,0.002916696737991532,0.043322199059902596,-0.017851202,5.765267,0
3.3534,41.0,4.318367346938776,0.9306122448979592,778.0,3.1755102040816325,34.21,-118.61,1.805,34.21,-118.61,-0.033975335897068394,0.024194218721736212,0.001901846687122074,-0.00026639110928352813,-0.011116753731340918,0.026580149325886676,0.003945524283208602,-0.002078216496045456,-0.0011437889562806742,0.00043869230025913805,-0.018750775170755494,0.0017862904841295202,0.00038318085907367944,-0.00042556927959593613,-0.0010080890015186526,0.001988438553309114,-0.004968462337804649,-0.0013316635599209417,0.0034502550866246377,0.003907773908533706,-0.013326614311470798,-0.029042418120290726,-0.001055961178558331,0.00027090520397483875,0.0014505639277186892,-0.010820433195694753,-0.0067444746293907395,0.05336794650646849,1.9150358,3.3168144,0
2.1836,24.0,3.107438016528925,1.0611570247933884,2646.0,4.373553719008265,33.98,-118.18,1.62,33.98,-118.18,0.005895803642985167,0.08109795403247237,-0.0020689889523928624,-0.0029184493700580906,0.03147184833984998,0.02876141083253256,-0.005054589268487478,0.002007072234296406,0.00023644223812951959,-0.0002773387971607953,0.015868754026329375,0.0072741219964431265,0.002460840998464693,-1.8723772341414405e-05,0.0016639392333950888,-0.01639682120988952,0.0008634207933124689,-0.000857659112652981,-0.0013974456033116812,-0.0006759474328649497,-0.0002873018513013304,0.0028967765505765837,0.009470440081977371,-0.00025663687486121686,0.0033641698562596493,-0.025802093889270752,-0.0024725136488581378,0.05634812102355075,6.6162925,-0.034417305,1
3.9808,35.0,5.3099630996309966,0.96309963099631,804.0,2.9667896678966788,34.07,-117.89,1.886,34.07,-117.89,-0.01166158709703964,0.009798230616312057,0.0010117648690985653,-0.0015496842878006064,-0.03516717242568805,-0.004373262692979557,-0.006117692973107821,-0.00048318110063812095,-0.00045914624276151126,0.0007617820541440351,-0.012865821824912542,0.0019486637466811587,0.0016890828341910578,0.0006507033650177908,-0.0009379667703650715,-0.0014438226956989182,-0.0017172331557863266,-0.005770600918257242,-0.000529473701178171,0.0004471057634754529,-0.0010484101849972914,-0.006510865725232977,0.0019662530109572827,0.00010132420279426048,0.00011455446510318784,0.003465868632055165,0.001299815282388618,0.04592011061253676,0.078843266,5.6249213,0
2.5197,15.0,3.8697318007662833,1.049808429118774,649.0,2.4865900383141764,33.67,-117.82,3.5,33.67,-117.82,0.05158709624127488,0.05216325858280824,-2.4502875614106426e-06,0.00026357009495141107,-0.018105957535883857,0.05034992553521036,0.01600150813985472,-0.001310044110603812,-0.0008239975440258243,0.000397818586830946,-0.003123179704470938,-0.004406870597807708,-0.0002876689905263629,-6.406107976395477e-05,-0.0027988907748117964,0.0029626313756067855,-0.001491135009375545,-0.006837842736058016,-0.0004295981911433056,0.0003867926875254814,-0.0012195933648971858,0.004786077864326936,0.0015998634172604055,-0.0015895051492170252,0.0037158366037370752,0.02613048876217785,0.015154388362100238,-0.0006500570607174103,3.6179862,4.9156857,0
2.3674,18.0,5.348453608247422,1.111340206185567,817.0,1.6845360824742268,33.68,-117.96,2.192,33.68,-117.96,0.035998362874940834,-0.029182048672789663,-0.005044390719828805,0.0017798470373022542,-0.10846934381240954,0.029661107919840803,-0.00876859503492184,-0.0017298289051494156,0.0005515841008870274,-7.197091852876049e-05,-0.04668413044807672,-0.004894004410054788,0.0020544813784423004,-0.00020244762338722945,-0.001062573695775291,-0.004858503734452183,-0.00138800718984084,0.0009389367637411602,0.00016018575184376566,0.01772360630536638,0.001160779369297468,0.0037968449207479125,0.006396464632362559,-0.001973044860124125,0.0003035900243974647,0.022759470387247453,-0.04103347735313058,0.051923418774956064,0.7115343,6.062703,0
2.0217,43.0,4.718220338983051,1.194915254237288,956.0,2.0254237288135597,34.01,-118.33,1.875,34.01,-118.33,-0.0733222658660593,-0.029715723786059283,-0.0059039856423706745,-0.0045232639710376665,-0.13401695177924267,0.024257039570956825,0.0021379456161660215,-0.0008581240756472807,0.0006250784666406381,0.0009483424931346337,0.03597321443231876,0.0048473476512637115,-0.0005275115557950223,-0.0006746616875928178,9.431780440786783e-05,-0.010679546335639445,-0.0017664983400787124,-0.0034957818870728894,-2.0559360997285644e-05,-0.0012503792704008324,0.0031302780391187866,0.006938685067662745,0.0028567686827886156,0.00015594144283534355,6.029935434432266e-05,0.014149728602628744,-0.010274051583655418,0.07371769639035049,1.9711818,6.83055,0
2.9338,18.0,2.866228070175439,0.9671052631578948,884.0,1.9385964912280704,34.0,-118.41,2.763,34.0,-118.41,0.0068166027490761845,0.03291976151869684,0.0031172102276785666,-0.0014974066566243668,-0.03898878080195674,0.026337454695580624,0.01894894656388011,-0.00045658138710797985,-0.00048259617790372817,-0.0002016901189644327,-0.06470112183000461,-0.0055909805994925526,0.0019341028490511187,-0.00044698336145412333,-8.050749882671119e-05,0.005912500082145632,0.003748978565929334,0.011955022884942053,-0.0005300164171301557,-0.0006410479186016537,-0.004737160791633028,-0.005149628597142485,0.0024675405390718113,0.0008437889364246753,0.0010782897104131654,0.018942200657250014,0.024802563788245118,0.17639441861798122,3.7184606,7.0044584,0
2.2234,19.0,2.752393980848153,1.0013679890560876,3483.0,4.764705882352941,34.2,-118.39,1.813,34.2,-118.39,0.008721364952253396,0.08690995044328016,0.001388911184677828,-0.00359975530815045,0.023749410326384564,0.034608516276652325,0.020364196925330095,0.002477418642358632,-0.00034706572931837866,0.0001539893875911187,0.01641249876477486,0.0022403098871352995,0.0016139652794376074,-0.00038350615272535193,0.0018844902905175835,-0.023036962124718542,-0.0019410559049746453,0.00901010643410943,0.0020919677823465883,0.0022436546145326425,-0.0037814394734255467,-0.004543950605493977,0.011860742201238669,0.0018653526608360949,0.0016650547259854029,-0.025238311877709342,-0.022623704223821813,0.057446376964855494,6.672096,0.024485106,1
2.824,36.0,4.467775467775468,1.0956340956340955,1359.0,2.8253638253638256,33.97,-118.03,1.679,33.97,-118.03,-0.026367555081901712,0.008183096183531633,-0.002673458842212783,-0.0018008061597106137,0.026963693042683576,0.025067372856561337,-0.0015252463243439164,-0.001492252603904174,0.00017296244359666808,0.0009389851516604717,-0.004029329260945393,0.0022220681028054827,0.0012419200598943346,-0.0006451794267130736,0.00013313661941448697,0.005228354969232945,-0.002018245192806515,-0.0017530396112147414,5.206327181674193e-05,-7.254417324866094e-05,0.002307000635867584,0.004661008738300437,0.0010200025750678257,-0.0001519788464023843,-0.0001605184571765737,0.014176523699599158,0.013005723491196637,0.059657415791558026,6.6224346,4.588089,2
2.6862,19.0,3.9668141592920354,0.9889380530973452,1222.0,2.7035398230088497,33.93,-118.13,1.958,33.93,-118.13,0.005671081646693854,0.038702613662438344,0.0015450694109980909,-0.0008216501535504182,0.010472759882472753,0.024991395830180015,-0.005832084301544716,0.001864994991443397,-0.00026851325824311874,-1.4969945847669012e-05,0.005838436852236859,-0.0025556395707027066,0.00020706615866283808,-0.00021664612803725931,0.0004793991044607158,0.0038831326259065207,-0.0007065903535880647,-0.0041408594139694995,-0.0005123477413712331,-3.947988693730949e-05,-0.0007135193496367858,-0.005979396407080993,0.0013596560572412648,-0.00015348481543300265,-9.085842715406242e-05,0.011444742822834036,0.010069028887234236,0.05151841715155128,5.6048117,4.4476886,2
2.3241,43.0,3.556962025316456,0.940928270042194,1590.0,3.354430379746836,33.96,-118.21,1.593,33.96,-118.21,-0.04013691996707307,0.04985169237637042,0.0011925970480950031,-0.00022343352716510558,0.04819384437518156,0.03012841709784555,-0.006596599863582807,-0.001385057519589426,-0.0004306788985003225,0.0009234044905416777,-0.011357987068182217,0.0019236656343426415,0.00022699066210960813,-0.001336853665196439,0.0019167560498283666,-0.0025548298003267847,0.0009653833323618138,-0.0033967252442514135,0.003469060869338398,0.00206356522207731,-0.002587789104969762,-0.01636472141474511,0.001244161266024634,-2.076765050893425e-05,0.0005816552570554644,-0.017410309766771683,0.0036479830032862715,0.04117511557661317,9.102561,-0.7733756,1
3.5234,31.0,4.220588235294118,1.0833333333333333,1675.0,2.7369281045751634,33.91,-118.35,2.65,33.91,-118.35,-0.005289218642998953,0.03807578442350339,-0.0020546202916452987,-0.0017836701507125447,-0.05058559805926797,0.029239726686903188,0.0061045963017907915,0.002217221961056149,0.00016260064506667937,0.00046090107261424697,-0.009379781737764598,0.0017972628810537321,0.00112544363678781,-0.0005166651687882909,0.00020389328430825776,0.0031186547296405743,-0.0012499953137654904,0.0018978917188841728,5.300735110612744e-05,-0.0009788340610924378,0.004896207280232766,0.004224750742171748,0.00039755748386468003,-0.00015374665107394057,-0.0002242521915206746,0.00956483025235648,0.004133753855934209,0.10801119596200784,3.1784253,6.572126,0
2.9384,38.0,4.30186170212766,1.0226063829787233,1284.0,1.7074468085106382,33.77,-118.16,3.041,33.77,-118.16,-0.05545122987520364,0.01642256894189421,0.003031460984900337,-0.0028137987953367983,-0.09280015066529301,0.01745311274300701,-0.020358085725001394,-0.0007735838786610763,-0.0004996451223825613,0.00111607555135829,0.06350906099055417,0.0049277050583523205,-0.0005559901708067966,0.00010255412599844896,0.000383170816171753,-0.011002503391632336,-0.002016227719769499,-0.001280956026956245,-0.0004734040494336039,-0.023995156241801253,0.0005617625876689268,7.279233287835169e-05,0.0024080662793893506,-0.00018302540674734792,-3.5873836100137835e-05,0.01780465700466297,-0.025976623312948942,0.03725939269704968,2.033793,6.8555837,0
2.8835,17.0,4.447674418604652,1.1744186046511629,883.0,2.566860465116279,33.81,-118.0,1.965,33.81,-118.0,0.04729592441716276,0.018644879677708493,-0.0009582952615324449,-0.00025911486607232037,-0.02026827325566989,0.026207988489437596,-0.0021742936175314707,-0.0024137499424662762,-0.0003997112164121759,0.00039851444512288656,0.0003469318340349177,-0.003587609737587716,0.00016173921275741953,-0.0011088156663903472,-0.0011352457949476403,0.0008948190373815528,-0.0015440214984073072,-0.0007437258327919108,-1.8454640146264132e-05,-0.0002966861190824544,-0.0012061405313676323,0.008209774419621898,0.002014954905664117,6.733713591896648e-05,-0.00015480828678895054,0.015124112472075823,0.010006160955968088,0.05318623384033685,3.325229,4.925725,0
1.9038,39.0,3.77734375,1.0,903.0,3.52734375,33.91,-118.26,0.931,33.91,-118.26,-0.038552629169974366,0.047794564582883704,0.0018920690222979889,-0.0018316117504929153,0.04974472194861869,0.02956310871699825,-0.0027491187321625893,-0.0013368249565814813,-0.0005352392731169425,0.0008791989455884889,-0.013424790749759516,0.0006050504488109216,0.00020950714352356602,-0.000338026084575423,0.00044908957934805776,-0.00769395137027501,-0.0005542903664947932,-0.0018848382792100015,-0.0012517868741402105,-0.003173266210091197,6.493998979614069e-05,-0.005873121390791164,-0.0061600171887402615,-0.00017292805716301297,-0.0007338340397321799,-0.0283374298042764,-0.003447270333104093,0.041923697681553594,9.236614,-0.8455516,1
2.3375,33.0,3.636363636363636,1.0267379679144386,2649.0,4.721925133689839,33.93,-118.35,1.706,33.93,-118.35,-0.017950211481301066,0.04416698714528893,0.0013893946179497115,4.88301958230555e-05,0.03974056011018843,0.03686293641120918,0.01990287657033012,0.00189155029375637,-0.0005320830796272289,0.00037229437340757245,-0.01505996329617498,-0.001025251035893516,0.0001769946486397123,-0.000338026084575423,0.001306771741018208,-0.01927664951820139,0.001939942707376751,0.006190677190112075,-0.0016929356899711503,0.005492227338659773,-0.0033844916610511503,-0.004913360990478024,0.008459360924520567,-0.00021492256730238808,0.00345205969706997,-0.03420594594441097,-0.0192696147848005,0.08046569746226569,8.640356,0.818924,1
2.6226,40.0,4.071216617210682,1.0504451038575668,2747.0,4.07566765578635,34.09,-118.18,1.488,34.09,-118.18,-0.038945058961925766,0.03420152480747148,-0.00205981124857065,-0.0018661015563548426,0.049254365987364004,0.028728416372038386,-0.005543660015469319,-0.0007794202118783343,8.010075437142746e-05,0.00011306416012924457,-0.015681493179913204,0.00048112982463865967,0.00017204639086880236,-0.000504638093005315,0.00035402594516022244,0.002542178068105781,-0.0019932101421798066,-0.004319061500024973,-0.0013974456033116812,-0.0006795523280996047,-0.00012400462479159218,0.0031243969503901656,0.008948068919819138,0.0008141954530170775,0.00266024916958182,-0.030228160431386486,-0.002867675735189886,0.07237883335804796,9.377847,0.52046937,1
1.6331,34.0,2.283471837488458,1.0812557710064634,2655.0,2.451523545706371,34.09,-118.32,1.625,34.09,-118.32,-0.02373042972164892,0.16268709633146794,-0.0032451024848531916,-0.0018126880785883062,-0.0332388422115518,0.02930345324214771,0.014644880385489422,-0.00032522090335988064,0.00019001185959502775,0.0003413836653647046,0.001291993637474055,0.002822484926927729,0.0007441468279895528,-0.00010295549609712056,0.0014940028625155686,-0.021864899005050436,-0.000967977374265332,0.01127012493193173,-0.0002548943418604207,0.000166575917500502,0.004060741809676464,0.0027449240546877397,-0.0022550931516569974,-0.00015491181524299484,0.0007123097273236472,0.029080093413894403,0.0016617293514669595,0.09497402584828936,5.463786,-0.49608523,1
1.7132,38.0,4.408740359897172,1.06426735218509,1714.0,4.406169665809768,34.0,-118.24,1.082,34.0,-118.24,-0.030842502494391945,-0.028605070427861378,-0.001478093175591198,-0.002965255231060801,0.0582670929729788,0.02926823780629248,-0.003492354452260223,-0.0015459513785782543,8.089198050170601e-05,0.0005405494876641473,-0.015021595481672293,0.00048112982463865923,0.00018169062909547388,-0.0004923079289698443,0.00022951170813893885,0.006724929833361427,-0.00196894091927431,-0.00043386021377573463,0.0004325532117914197,-6.932038599126435e-05,-5.931544560528523e-05,0.0033885737408031052,-0.003092428399427572,-0.0005738221792882845,-0.001197362837948081,-0.03251646385938958,-0.006129344724667188,0.05584901782766649,9.533511,3.9134285,2
1.925,43.0,2.3435582822085887,1.031441717791411,3920.0,3.0061349693251533,34.08,-118.29,3.0,34.08,-118.29,-0.04067659604573092,0.13971459163509387,0.0015552413344098344,-0.0015006804438422723,0.022734078857160136,0.029201160216015758,0.006516995902538019,-0.0015505702780209624,0.04212496098010643,1.5185631715904953e-05,-0.007735843071796503,0.001899238426374235,0.0005268679955936657,0.001536465605479406,0.002042994412047296,-0.027401101390328617,-0.0012351903674674217,0.009241569280372777,-0.00056135284264709,0.004322040419504385,0.04631950153619485,0.001066381065543644,-0.0030210212442227926,-0.0009044638966742287,0.001460016608177243,-0.0009165613783769235,0.006340016064326627,0.07329942600874276,5.6970162,-0.74689466,1
3.5268,33.0,4.022964509394572,1.0062630480167014,1623.0,3.3883089770354906,33.98,-118.1,1.52,33.98,-118.1,-0.011944404707818592,0.033582707544167624,0.0007450010290695646,-0.002173049625156926,-0.008959820200144382,0.020934839907153325,-0.019784159244598157,0.0019508782460215396,-0.0005360392102786216,0.0007467806931225684,-0.019001867023094345,-1.3154910345873557e-05,0.0005505422063760331,0.0004899213140571625,0.0006166205383646215,0.003276046293388311,-0.0016036479692423601,-0.005643999798344679,-0.000990759361531491,-0.00047859612545527065,-0.0002740127126817891,-0.0061951373323448486,-0.001830917848287615,-0.0004796814907951348,-0.00043231171781054267,-0.025434547014487833,-0.002446985113787711,0.05630338225761591,1.4856422,3.127942,0
2.7125,14.0,4.094262295081967,0.9508196721311476,1037.0,4.25,33.93,-117.94,1.661,33.93,-117.94,0.03376380242450926,0.04261644180247425,0.0009525209433267512,0.0010931624639397082,0.03259551114623107,0.023722219979645864,0.006300516994676392,-0.0007806787149442445,0.0007581072432677302,-0.001071292060371218,0.028142809309430618,0.002515147809645,0.0015694402160892035,-0.00012091922430796916,0.0002705831418602754,0.004433234746644179,-0.0014721672387155722,-0.004918910336285585,-0.0012122869637167049,-0.0018145465939883214,-0.00039551303820186437,-0.005145783022092831,-0.006959860406354611,8.48899389979065e-05,-0.0008037518783004333,-0.023754600805338283,-0.0012989558116919514,0.049070852186212835,7.165981,1.4170413,1
2.4167,36.0,4.732984293193717,1.0,627.0,3.282722513089005,34.19,-118.39,1.929,34.19,-118.39,-0.02195379438245778,-0.0038044642658768045,0.0012152069234393473,-4.240747121197686e-05,0.05321187422062792,0.037733316816310716,0.017988786402868464,-0.0019378469568090226,-0.0005360392102786214,0.0006166808303807748,-0.012181016351822933,0.0004235061245704711,0.0006327740677420948,0.00011185366659980021,-0.003743758254427744,0.0008116119051371609,-0.005087052954801091,-0.0010963487262863707,1.8585168826081007e-05,0.003194643140649261,-0.0048782221214650435,-0.005211566132535137,-0.0009522913128097623,0.00020575071207277237,0.0023817135595465763,-0.005674063441800012,-0.006682124473328839,0.0621950017487882,7.861262,3.6483717,-1
2.6654,52.0,5.0091324200913245,1.1506849315068493,997.0,2.276255707762557,34.05,-118.34,2.594,34.05,-118.34,-0.0256743282744712,-0.020523756319647337,-0.0019711268937326054,-0.0017110788280125233,-0.06041914981870351,0.02506020435618129,0.006664229675927452,0.005449430979014879,-0.0027790167201612852,0.0011765019951886298,0.011156428709513293,0.003767312045062899,-0.003066020166500371,-0.000836053312079551,0.0001783538707415264,-0.00904103517212242,-0.0013477982544586777,-0.00147635649806071,-2.27475181096524e-05,-0.001541742072211877,0.0023362757665926263,0.006667486957353543,0.0020543146212941097,4.704669706468989e-05,5.4454199827193066e-05,0.03225354757845846,0.004886597548421796,0.09415113657037413,1.8012676,6.453051,0
2.2321,46.0,4.927272727272728,1.3454545454545457,150.0,2.727272727272727,34.15,-118.09,2.375,34.15,-118.09,-0.03152479350473642,-0.010961005379026261,0.0013488224063775158,0.04544952350779805,0.01331061718019485,0.03065706441947817,-0.004609443159994921,-0.002622062923702967,0.002689645900821866,-0.024098449429777676,-0.005912093464084877,0.0034624861192690025,0.0007416572246684441,0.007855521750584965,0.005627866220081119,0.0022631504612888407,-0.0030919551021796124,-0.0001192933047974179,0.008594327711856663,-0.0004926918896907976,0.0015684250206635046,0.0055158752060746365,0.0018993208089166612,0.011404073147805524,-0.03952846824271969,0.015021585372526854,0.013848685059952957,0.05630552808682295,7.199915,4.6214767,2
2.1859,38.0,4.472222222222222,1.0462962962962965,389.0,3.601851851851852,33.89,-118.16,1.438,33.89,-118.16,-0.03125269617649096,-0.010106018859822452,-0.001818458832663506,0.018931469701593186,0.04640339428268365,0.028035770024045413,-0.0035609726478541305,-0.001747834330235492,8.089198050170601e-05,-9.617007315712827e-05,-0.014446376483182777,0.00032676286508843115,0.0001219929529598065,0.00021278970763022477,0.0006289926477754193,0.005639180068332148,-0.002449101077423259,-0.001105041557115644,-0.001514311421240755,0.00047694704146922755,-8.148453152430988e-07,0.0032987316652823774,-0.004082486909715491,0.0007147930714869094,0.001649355299691657,-0.03109970066322459,-0.003651651294058323,0.05049297296265437,9.296516,3.740422,2
2.625,42.0,4.788203753351207,0.9597855227882036,1318.0,3.533512064343164,33.91,-118.27,1.011,33.91,-118.27,-0.03946556785717372,-0.0010932914905718628,0.001530453954497494,-0.00213508588789077,0.05346452010440145,0.028714209319534556,-0.004291373665298341,-0.0018765695280416328,-0.0008238113413615268,0.0006261731630596648,-0.014180955057862417,0.0008342128508356664,0.00018569380205950124,-0.0004397461616872485,0.00045798106520433736,0.004978056851556578,-0.0023057394624977417,-0.0014936818255645585,-0.001209013843115078,-0.0021170810732733295,-0.00044778549921924263,-0.0070803913968378075,-0.00523619839119411,-0.0005474256666358762,-0.0009338352680067283,-0.02738655032944848,-0.004198232913254637,0.044593824576681484,9.163322,4.5248003,2
2.8342,35.0,3.923076923076923,1.0671550671550671,2401.0,2.9316239316239314,34.16,-118.3,2.568,34.16,-118.3,-0.021274213921657136,0.04019650714410159,-0.002256894086854304,-0.0015796147581140633,0.022990902162040083,0.02641925788597906,-0.006847779525880583,4.4674150093657974e-05,0.0001618094189364009,0.000331494885985559,-0.007548504375736999,0.0018916406885964802,0.0011864061241619289,-1.2531930623706276e-05,0.00035817804923852435,0.003940394243528928,-0.0013007677610579933,0.00115131494918158,-0.00027536017311936985,0.00041249706385431366,0.0027556711528863515,0.0018094785136320882,-0.002968817193917458,9.013173811409e-05,0.0007380498782921172,0.00850371525538424,0.0035947078940049603,0.07513606190179728,5.8013725,4.1401954,2
2.6312,28.0,4.169312169312169,1.058201058201058,891.0,2.357142857142857,33.9,-118.31,1.713,33.9,-118.31,-0.014593677332052286,0.024130912336044325,-0.0019900484498276945,-0.0014734063099735156,-0.04917831481816776,0.028504672750356445,0.00825860205467737,0.0023658097556762295,0.00016260064506667946,0.00044118440717997394,0.007158157647567471,0.005715328586251781,-0.00014338816695632077,-0.0004981589740731636,-0.0013930942958989946,-0.003018277016575442,-0.001530928292171586,0.0005091735354022933,1.2093231839130143e-05,-0.0005161040332759933,0.0028487648535490827,0.0025162755172731793,0.001902857333643871,8.261625089385618e-05,-3.7012300344708086e-05,0.028757630467730128,0.0062447945441009775,0.07498387097551679,2.3923287,6.2902727,0
4.0625,35.0,4.794466403162056,1.1225296442687749,742.0,2.932806324110672,33.93,-118.34,1.599,33.93,-118.34,-0.012674250700213139,0.011705787328969664,-0.0017724233472800504,-0.001721022731206232,-0.03414247011532256,-0.006501478023586209,-0.009870896151648458,-0.0002925560704474029,0.0004521622212505844,0.000779002412999672,-0.012029746416258256,0.0020311617946146866,0.001068143440249918,-0.00027641567927095493,-0.003203196213104574,0.002226744373795617,-0.001361171082891732,-0.0006122839137113276,-0.00033762915657638444,-0.0012266570739574915,0.0038044250415367226,0.006427268484652058,0.0017259429357823382,0.0003598208914635722,0.00012486937532626958,0.004715359554938759,0.00236886442056318,0.08139441783427434,0.21601951,6.470859,0
1.625,38.0,4.052631578947368,1.0736842105263158,402.0,4.231578947368421,34.04,-118.17,1.297,34.04,-118.17,-0.03037828697822948,-0.01550787561076221,-0.0029855965991068337,0.0035319840052011864,0.05574425060301044,0.02763578712228155,-0.0028417412430957415,-0.001215598216763921,0.00010909442116033296,-0.0004694597000584589,-0.014445734711591586,0.00025499419574522404,0.00018169062909547404,0.0003067486552428265,-0.0014785782207404653,0.0032862794353943625,-0.002202874311000685,-0.0005255715849282847,-0.0015124749720042904,0.00100447125677064,-1.1585432287681642e-05,0.0034105706809231325,0.0012177243237504506,0.0006762114912698232,0.0016810447313969385,-0.03181509093576005,-0.004947658349515466,0.056460200554970065,9.200142,3.726428,2
2.8438,32.0,3.851985559566787,1.032490974729242,1053.0,3.8014440433213,33.95,-118.37,1.817,33.95,-118.37,-0.006791980182800606,0.03329751588016376,0.0009300235329268826,-6.738762784662489e-05,0.03993252402240367,0.03133912585645376,0.01614961591050508,0.0019641502928808294,-0.0005360392102786214,0.0006864927666000222,-0.014504904224303833,-0.0013903656058835679,0.000319015742366391,0.0015965735719906168,0.00045804167929901,-0.002213852493316724,-0.0008030369320014489,0.003655453027582262,-3.537102986444178e-05,0.0020126374957482505,0.0018180254153368008,0.003438889438062394,-0.006013191056026227,0.0003999285071907984,0.0003480590609140933,-0.040322255613637115,-0.029530842006625462,0.14640735851440126,8.633211,1.157479,1
2.5833,37.0,4.158536585365853,0.9829268292682928,1839.0,4.485365853658537,33.92,-118.21,1.327,33.92,-118.21,-0.01946289389487064,0.023726024829661633,0.0014759359071094514,-0.002321946604338785,0.049420419873679726,0.028748612186443236,-0.006010115527078256,-0.0014873065759879816,-0.0005360392102786216,0.0005473102884267539,-0.016024526647000277,0.0005528984939818673,0.00014188104584154644,0.000625929168956606,0.000604466578766128,0.002527454548016186,-0.0023114360803606184,-0.004202806768795828,-0.0012517868741402105,-0.0009345118179667323,0.0003999332798540539,-0.006171529193617855,-0.0039798854112992705,-0.0007496284145952289,-0.0012120475698255903,-0.029658331229526637,-0.005545845305343212,0.04434902171126303,9.022767,0.18702246,1
3.2202,24.0,4.4,1.0775193798449612,2151.0,3.3348837209302324,34.11,-117.92,1.262,34.11,-117.92,-0.004751347421385987,0.01833981831904836,-0.0024646847287762355,-0.0014007899479341135,-0.009620277311105372,0.02030264925041017,-0.006151774615406539,0.0010938873224493849,0.00023644223812951953,-0.00025804239285142033,0.019497009774736094,0.005705936970933926,0.002105696899231254,-0.0005143674344624822,0.00042558749777996796,0.002755387159794479,-0.001310822429827956,-0.0025850155533353705,-0.0002844069534624638,-0.0008226483537540072,0.00037851095453246157,0.0034483580803136857,-0.0018028564981386875,-0.0001648989568959824,0.0004126649598217065,-0.019934079769613193,0.0056218269455481,0.06530915838098456,2.569275,4.7051344,0
4.0474,22.0,4.745070422535211,1.0859154929577466,2751.0,3.874647887323944,34.28,-118.88,1.821,34.28,-118.88,7.292823536331627e-05,0.010142955103629532,-0.0017105537140633797,-0.0009827669369190846,-0.03938879514108734,-0.01360191610489151,-0.02424587731178767,0.001387538063429795,0.0002405135729314373,0.0002455094519519106,0.02439911598607999,0.0030223255069057914,0.002813946891362188,-0.0006827846842978704,0.00043175590464618763,0.004532063259927065,-0.0077511696763347656,0.004969596433217806,-0.0013746436574846098,-0.002412785074003638,0.002222700472129611,0.003559676248224207,0.009324335524802769,-0.0015843015490677197,0.005049908908764102,-0.03398021707532393,-0.026041914700164887,-0.003696471904770135,-0.26891387,3.9185834,0
1.7052,48.0,4.238095238095238,1.0453514739229024,1834.0,4.158730158730159,34.0,-118.27,1.074,34.0,-118.27,-0.04591111841785492,-0.011843368543892781,-0.0014292224352736042,-0.002975994657338954,0.056732618315785396,0.028735223132702357,-0.004411583333794718,-0.0010626432023394085,0.000634033648445016,0.00035029295336628065,-0.013633442342317907,-0.0014059369212022434,-0.0030618521597033455,-0.0004926146752277362,0.0001763055812333234,0.003737141365816271,-0.0019773434306220527,0.0007383395269431238,0.00043242533686127364,-0.0003904414867897489,5.75532312007676e-05,0.003752781115107701,-0.0030490671939691375,-0.000776024927247637,-0.001176389183984586,-0.033564020169551664,-0.007570059871481024,0.05652612759525673,9.168781,4.238408,2
2.9688,42.0,4.536931818181818,1.0596590909090908,1311.0,3.7244318181818175,34.08,-118.03,1.628,34.08,-118.03,-0.038105700148959094,0.018782590041434552,-0.0017530531643266515,-0.0022251025591304946,0.045342625444309836,0.024854188861989163,-0.006053516562782404,-0.0014809064347870323,8.089198050170601e-05,0.0006238141049160806,-0.017662358869401384,0.0005677668549384696,0.00031406748459547953,-0.0006692837282107514,6.236160480416615e-05,0.0051456964482104505,-0.0019948039333532556,-0.0011467107830049467,0.0004325532117914197,0.0005221736663864937,-0.0001240046247915913,0.0031456433430941478,-0.004657857271551728,-0.0005125261132574635,-0.000853672810247456,-0.03206669222550355,-0.0036074387088135813,0.06917140783927986,9.465131,0.6935801,1
2.7813,41.0,3.446428571428572,1.1785714285714286,1209.0,3.5982142857142856,33.77,-118.2,1.292,33.77,-118.2,-0.03986755419252598,0.04871687496322215,-0.0024878104761211135,-0.0022302359272256926,0.04343940440451315,0.022058653578135558,-0.004033015055749438,-0.0011187753470649176,0.0005051783081153545,0.0007687277218397374,-0.015773381313456656,0.000944622770480323,0.00030980793727543863,1.4042291588738912e-05,0.0014325396896157684,-0.016658678872029313,7.932199105240782e-05,-0.0036736286176775215,0.00042957748955110256,-0.00027031576097948144,-0.0025191408588404233,0.0075938390627649744,-0.004584336313547861,-0.0008234106865055097,-0.0009380145937811193,-0.03227034294846765,-0.003459236965161478,0.04865962282680707,9.192482,-0.6513213,1
1.5972,34.0,2.510250569476082,1.020501138952164,1325.0,3.0182232346241458,34.05,-118.29,1.688,34.05,-118.29,-0.020139703051219,0.16507167558224023,0.001864612858881574,-0.00133016744064326,0.016546676767872835,0.027265916460337828,0.005355444968286092,-0.0005272680570854501,-0.0003820509458075158,0.0009316535721839805,-0.00863168125707304,0.0003331302399132367,0.0006164675540711569,-0.00044410611362971566,0.0017134921646327413,-0.02384464423159262,-0.00030968029649219115,0.009848293412661075,-0.0002654981025244561,0.00047862305541216467,-0.003188804440857049,-0.0027078529709879213,0.0009507516312361529,-0.00037126408656852763,-4.8884479351433053e-05,-0.0015236115135323358,0.0071493964665010155,0.04593686605697873,5.6579194,-0.7512964,1
3.5757,35.0,4.539087947882736,1.0407166123778502,1923.0,3.1319218241042344,33.99,-118.09,1.779,33.99,-118.09,-0.01493743681964054,0.014103311152184049,-0.002675428010513135,-0.0025147935394836804,-0.020383026416919196,0.019181210552885217,-0.01947145174077522,-0.00046594194105602964,0.00015698501085713757,0.00034815305727111366,-0.018521039878965286,0.00015434122751010055,0.000777629396380418,-0.0006715814625365599,0.0003777061358944121,0.004059458508918871,-0.0016894421844069175,-0.001465174097291872,2.1527704726118352e-05,-0.0003804526062893543,0.0004610896308697828,0.003228981778635583,0.0005614070457989197,-0.0006514231151048169,3.9032748362409715e-05,-0.0038794053461747528,0.0025729440862368837,0.06311173442233875,1.8183695,4.2059774,0
2.0187,39.0,4.8760683760683765,1.1025641025641026,1313.0,5.611111111111111,33.94,-118.23,0.901,33.94,-118.23,-0.03962529265435536,-0.023419221456859866,-0.0027010290280273953,-0.00378440870716957,0.05646404486915727,0.028366630539321685,-0.003295521689198692,-0.0015179596007523384,9.125377903169464e-05,0.0007608706069646068,-0.014566251973279131,0.0004811298246386601,0.0001578772876314091,-0.0006305515283517942,9.612459426432735e-05,0.008429355388010729,-0.0019592115778171424,-0.0009922661186997635,0.0004544110783291056,0.00018807639659589853,0.0011435333717115645,0.005282427707147149,-0.005362494101500583,-0.0005735030795575514,-0.0010108500453406871,-0.03164478164511166,-0.0072325928717913825,0.05452930630955515,9.521709,4.188861,2
2.4432,24.0,3.399168399168399,1.054054054054054,2480.0,5.155925155925156,33.96,-118.16,1.875,33.96,-118.16,0.004100960627252629,0.04081906703503528,-0.0020689889523928624,-0.0013640615794107609,0.031932499754854675,0.030407800684688957,-0.005054589268487478,0.002006802710313966,0.00023644223812951959,-0.00022554851673673728,0.01654181152665412,0.0072741219964431265,0.002460840998464693,1.4426131773043812e-05,0.0016515812435984798,-0.018700653851327048,0.0008579988398581237,-0.0019657293388164144,-0.0013974456033116812,-0.0006759474328649497,-0.00028741089197412915,0.0028637356871349245,0.01194888746398595,-0.00025663687486121686,0.0036706015184316326,-0.025615971932720673,-0.0027789453110301215,0.0563536520176779,7.1758413,0.49478343,1
3.5865,35.0,5.372972972972973,1.0972972972972972,602.0,3.254054054054054,33.89,-118.1,1.78,33.89,-118.1,-0.015615910442132713,0.0059083442513489185,-0.0016625887935393718,0.000725327827825218,-0.01751440621319771,0.019653239720603056,-0.019263314662349623,-0.0006535055845834787,8.483820766047386e-05,0.0006582931183369683,-0.01916632226344651,0.0002246869146054955,0.0007417450617088152,-0.00026178778090967555,-0.003107480899113452,-0.0039263788946545366,-0.0022373415395754836,-0.0012643522840522826,-0.0003955007362524299,-0.002439360331613765,0.0017923433447887417,0.004243159273148928,-0.0012835902439028357,0.0004394207847141196,0.002065243588139032,-0.007534731571290952,0.0064505579002050294,0.05943635517603884,1.8726524,3.9817278,0
4.1026,25.0,3.5496828752642706,0.9936575052854124,1314.0,2.778012684989429,33.65,-117.92,2.115,33.65,-117.92,0.014990673114498265,-0.0026682973727812573,0.0006893516696409644,-8.145809340431729e-05,-0.042509205224607834,0.022253948416882788,-0.00195688580689542,0.002074681868224261,-0.00029231785283028046,0.0005706045494589165,-0.012816289451248075,0.004107425635668997,0.0006355520690730465,-0.0003526539829367023,0.0017820298394451309,0.001399735504979631,0.0015528798137088389,-0.004808507772413547,-0.0005917398127039858,0.0003712283219975436,0.0024970003938493334,-0.00633496266195625,0.00012739947733339302,-0.004724537231562146,-0.0007879775020129832,-0.005584172341401649,0.0039060196278568942,0.045375441884536794,0.13378991,5.590559,0
3.9583,35.0,5.3828125,1.0,379.0,2.9609375,34.08,-117.93,2.06,34.08,-117.93,-0.011726917235970857,0.009903648111405369,0.00030343178889001544,-0.0013596421279882785,-0.03578961932122077,-0.004276042351869569,-0.006226754434292209,-0.0006761461236076254,-0.00037292630468850656,-0.0014099203896488666,-0.012231356258511829,0.0019486637466811587,0.0010365186528983564,-0.0005231457216107998,-0.0010805813553858507,-0.0014944853131748904,-0.0018927513355201768,-0.005725462496549375,0.002650072867132764,0.0005346255755425257,-0.0011343186676747827,-0.006657454975715597,0.0014312235248314462,0.0010385380730137269,0.0025627657686025512,0.003465868632055165,0.0006736331599917735,0.04701199731152036,0.1982486,5.593105,0
3.9833,21.0,4.311871227364185,1.13682092555332,1803.0,3.6277665995975856,34.25,-118.45,1.625,34.25,-118.45,0.0006123705517351921,0.017430571494968992,-0.0016071986346503056,-0.0005842787694288446,-0.0386898734419197,-0.013657326898901635,-0.024157618341082654,0.0013884143339991666,0.0006655911266753643,-0.0004034101004281273,0.02431094277409963,0.0031048235548393178,0.002831402575476355,-0.0005355447889291217,0.00024386330530387144,0.0032359410858230054,-0.0077514545072279095,0.0049574601885374195,0.00038273252480446355,-0.0013707233945794263,0.00614631470381956,0.009800275972487019,-0.0026918090198871335,0.0001937145190424406,-0.001879656684114803,-0.03472543021403562,-0.0281954380782839,-0.010421226110722884,-0.3481832,3.8951082,0
2.9479,32.0,4.306709265175719,1.022364217252396,2330.0,3.7220447284345046,33.82,-117.91,1.846,33.82,-117.91,-0.006562780932275089,0.028763417754478996,0.0015307158408579952,-0.0014912362836530363,0.03922221720262102,0.026057281249488376,0.0039552093437077935,0.001458571845140292,-0.0005320830796272289,5.8984587439693694e-05,-0.015227853732019991,-0.0010894345345156147,0.0009498646922248797,0.0004899213140571626,0.0007774700387578144,0.005291118435602104,-0.0016187559382269396,-0.0016669176772087892,-0.001771017701341687,0.0036490579800193216,0.004586074084704267,-0.005877249296604398,0.008960618049133874,0.0005065302399186048,0.0023151043287589147,-0.02940998293675153,0.0020598866623877253,0.045701969185267144,8.444818,0.5306611,1
3.9167,28.0,3.675767918088737,0.9829351535836176,1377.0,4.699658703071672,34.26,-118.44,1.539,34.26,-118.44,-0.0008211163539075697,0.0032399110787468704,0.0008924148257640609,-0.0010352704508102062,-0.03771231868360396,-0.013143763766552501,-0.026551048914777373,0.0017482670234206664,-0.0005416548444881636,0.0006785839210282135,-0.009223471009211918,0.00686237554910637,0.0014937396267108054,-0.00021812000834140215,0.0008898789640097689,-0.004529830810695162,-0.005523276342348245,0.009186486098402205,-0.001252480483414045,0.000469270498237792,-0.004861933494355204,-0.005776962577229524,-0.0037285274114791343,0.00023988662658334313,-0.0019332230472865874,-0.03480464808236409,-0.02767017367710754,-0.027410107814227286,-0.28302494,3.8350084,0
2.6618,19.0,4.666666666666667,1.1421319796954317,2047.0,3.463620981387479,33.88,-118.28,1.797,33.88,-118.28,0.0053687006062754965,0.0089744425871411,-0.0020048878030091877,-0.002882765338957752,0.051905983232530595,0.022307505408557415,-0.0032596691715030173,0.0010215520146161605,0.000689395721262526,0.0005131311308198707,0.015000839200451728,0.0016560284592878035,0.0014362891192222175,-0.0006840886454691356,0.0004291062149721356,0.006061533485801845,-0.0018593050687821318,-0.0014285651629308029,-0.00023969985716711142,-0.00019490503637993692,0.000914022198874426,0.00826280781500709,0.0018379336189234057,-0.0011157117198197567,0.0015796897764566024,-0.024931385542545315,-0.0032022855047725363,0.052344714445784826,7.8109803,1.7382233,-1
