feat_MedInc,feat_HouseAge,feat_AveRooms,feat_AveBedrms,feat_Population,feat_AveOccup,feat_Latitude,feat_Longitude,price,Latitude,Longitude,shap2_0,shap2_1,shap2_2,shap2_3,shap2_4,shap2_5,shap2_6,shap2_7,shap2_8,shap2_9,shap2_10,shap2_11,shap2_12,shap2_13,shap2_14,shap2_15,shap2_16,shap2_17,shap2_18,shap2_19,shap2_20,shap2_21,shap2_22,shap2_23,shap2_24,shap2_25,shap2_26,shap2_27,umap_1,umap_2,cluster
5.3994,23.0,5.019157088122605,1.0229885057471264,910.0,3.4865900383141764,37.44,-121.88,2.379,37.44,-121.88,-6.76015938043073e-05,0.011293157344680109,0.0007878078053048874,-0.0027516055569358384,-0.07478154004725092,0.018230127830985432,-0.014260554629503631,0.0014645331697261117,-0.00029818856085180387,0.0012036159875566557,0.009152668842636972,-0.007108336237214319,0.0011588131266335217,0.0005315656648012584,0.0007917623179453503,0.0012666234957328165,-0.001011611769302577,-0.0024749546546657406,8.464308696908334e-05,0.0021698482659402146,0.0023233577614708684,-0.006926855201807705,-0.006845445923307807,0.00035880417683762484,0.0012581622946402163,-0.0030967734185547704,0.011104703049339368,-0.05553900541588508,3.0744648,6.3267984,1
6.1593,41.0,6.2154696132596685,1.0773480662983426,356.0,1.9668508287292816,37.89,-122.25,3.44,37.89,-122.25,0.1050213289295484,0.01778866115888081,0.006234139382006171,-0.04770181512392837,-0.034497751688466784,0.01248096536908273,-0.0031521031052368477,-0.005333538052128012,-0.0007106007206054091,-0.0026435007871183623,0.07113008235825657,-0.0028702720682194215,0.0027631439881492035,-0.0014672943563767203,-0.0012429165032426654,0.0024511230767505737,-0.010797656250892573,0.0008270466366859964,-0.013354891124531428,0.0012250659548640763,0.00043896761595765496,-0.0011917143310584714,-0.01705990126562745,-0.006414845493056313,0.0005808305646715036,-0.0027207579038025223,-0.01724984757303422,-0.12107678929674694,8.175484,9.044598,1
15.0001,26.0,12.5,1.25,17.0,4.25,37.13,-121.96,4.0,37.13,-121.96,-0.003233363369993651,0.03353531387820109,-0.07130410693143281,-0.3908845937042155,0.10919808215561524,0.014543597334082869,-0.013084846640849565,0.0027407196005925743,0.0021246360096594547,-0.0014318206897618016,-0.003860968657617742,-0.00459193806224693,0.0003256700960558749,-0.0013970256698189142,0.05202272195485785,0.031428608915314966,-0.011817909317458242,0.03509104218639559,0.006405069443134041,0.00034708068875862624,-0.003506427676449457,-0.017181306267807638,0.12103390672900134,-0.0017516339824157556,-0.050564760852649486,0.009990718461432013,0.040463451914293944,-0.03740247759280939,7.5392356,7.1985345,1
5.2421,40.0,5.330935251798561,0.988009592326139,1050.0,2.5179856115107917,37.43,-122.2,4.445,37.43,-122.2,0.0815622322673687,0.018337586633904297,0.004341101998956262,0.0005241863221436159,0.14239008935502712,0.02303429060108281,0.013239304521054936,-0.0005806156564895885,-0.00038170841189470224,0.0017271480009800463,-0.009587145763615437,0.006765542953038906,0.0008128488204819517,0.0011776722578670383,0.0008378182964152566,-0.0005512677263072542,-0.0026955399376557285,0.00019282453628148284,-0.0002883258683386685,-0.00018273497496440485,0.03601151415082969,0.036675220028697636,0.002614468744055137,-0.00012144044588854096,0.0006311708984070179,-0.0029730732567665548,-0.01602035541896229,0.025490444829258815,9.39332,6.234945,1
5.2417,36.0,6.005813953488372,1.1656976744186047,942.0,2.738372093023256,37.11,-122.02,1.964,37.11,-122.02,0.034560943777851065,0.01905242786536501,-0.001897648397442894,-0.0008964118415333714,0.05843552155505347,0.01892072690441189,-0.002327672143167224,-0.0020522029966885762,0.00010716962960159496,0.001611074602309714,-0.003212237562884661,0.003888831588094084,0.0011071950255014675,0.00010820336703365832,-0.00011294256545973794,2.659018653509101e-05,-0.0020750211833277694,0.004981142823209681,0.00041661044556849734,-0.0011516599976555376,-0.0053729223961003795,-0.0014688293297517388,0.0009957565403215737,0.00016163982278369387,0.0009355265280829114,-0.01737741395856341,-0.002298281256289069,-0.049245612248022756,7.0022664,6.993273,1
6.448,30.0,6.641025641025641,0.967948717948718,467.0,2.993589743589744,37.34,-122.02,3.606,37.34,-122.02,0.021848573735241003,0.01666473293118364,-0.007994860801636578,0.0011109419886507369,0.038597979562543544,0.02389723790923653,-0.004523162491691128,-0.006637875613990612,-0.001277769286077754,0.002297498213881283,-0.010970853688816867,0.004371269441297574,0.0016000230277396989,0.0007114343929524767,0.011563875204209095,0.0010243408832732517,0.0186770604411545,0.003230053919154319,0.0036766271617904548,0.0007672210548567088,0.0014702970782826438,-0.0033008012334179446,-0.0012322958725434,0.00042276571595264875,0.003713159586087365,-0.005238289649142307,-0.013317037773335998,-0.0318126984000661,6.156381,6.539731,1
6.3923,27.0,5.907356948228883,1.0272479564032695,2009.0,2.7370572207084467,37.32,-122.02,3.483,37.32,-122.02,0.003016510592225984,0.013401967450562737,-0.007669749331930273,0.009206204423170241,0.04153071373431281,0.019936755723990437,-0.005628724523298796,0.0009639642701989065,-0.0012794999060304298,-0.0005358191422056636,-0.004390009175503913,0.0018950148631947182,0.0011348727962267264,-0.0002457871812627119,-0.0005189197190393999,0.00014780494338646665,-0.0017828014837505287,0.004547475439189816,-0.0008287193337927062,0.0004753016263888094,0.003283670774521147,-0.003916846821730176,-0.0011332117299850753,-0.0001100397081315369,0.0004897141283175425,-0.013363483893969502,-0.0027127543733943835,-0.050847381460472345,6.188083,6.7486625,1
10.2264,45.0,3.1666666666666665,0.8333333333333334,7460.0,1243.3333333333333,38.32,-121.98,1.375,38.32,-121.98,-0.03549973505628182,-0.4681399347529277,-0.02776223161749775,-0.15088934524560355,-0.2591146645523125,-0.13019501194357963,-0.02198282229546791,-0.00806014967411736,-0.0004118903331388349,0.00787409068769737,-0.017405692279811435,-0.017261980417040898,-0.001081781233867304,-0.009960715017240778,-0.005096268426762832,-0.01982333673753569,-0.016198899367442433,0.0010772492805347339,-0.036029875601625,-0.0028581276726922637,-0.013766581899755556,0.013848928887771547,0.0009143915745833079,0.014591659930923175,-0.010157945010408963,0.05694178423496506,0.009041279321501384,-0.10048682426059762,2.262251,6.8702517,1
5.6344,24.0,5.276053215077606,1.0210643015521064,3188.0,3.5343680709534366,37.41,-121.9,2.287,37.41,-121.9,-0.006950845075502389,0.01360880433035299,-0.0022712152508776013,0.00810712127368441,-0.08737890335746831,0.018024655538408957,-0.014745760388785906,0.0010592290123975017,-0.00029423243020041117,-0.003016868081202765,0.008033222069760997,-0.0035185478308457896,0.0010138560262979227,0.0005315656648012585,0.0012975754695593936,0.0025498524792599403,-0.001078611172451128,-0.002478631478163687,-0.0005800884151729508,0.0022814516188919584,0.0023755860076736086,-0.005332476160003282,0.0029152171563419393,-0.0008978523729126615,-0.0017364765700190405,-0.005797433184577461,0.011753784529869048,-0.040726513524747536,3.1802485,6.1831226,1
6.0936,35.0,6.46524064171123,1.002673796791444,988.0,2.641711229946524,37.28,-121.89,3.654,37.28,-121.89,0.0959658964536576,0.014441503823205788,-0.009083521870588529,0.006090018291063188,0.10792135387924794,0.021023082331916163,-0.015091245287999855,-0.004096494828217737,-0.0012777692860777537,0.003646430899111066,0.002360878008476866,0.0035334717126216915,0.0015590495862694634,-0.0017046443247163414,-0.002953726653056457,0.0014481407693215397,0.0034408343697677375,-0.0010675603793185457,-0.0014045483214057987,0.00018859519114741623,0.0032836707745211463,-0.005074044758943557,0.0019778097624667218,-0.0004221259719577536,0.0010164242327878835,-0.014302665825805291,-0.0018893366596809478,-0.04751598591745867,9.43015,7.088386,1
5.7979,52.0,5.981432360742706,1.0875331564986737,823.0,2.183023872679045,37.88,-122.26,4.153,37.88,-122.26,0.08447997924656221,0.012882634238609948,0.012441981498576815,0.008884718085551462,0.021364960986855582,0.012951820831164446,0.0037031509288496557,-0.0029102837689172364,0.0036003789364636688,0.004109610746599005,0.003417899901350389,-0.0018563468195897392,-0.000789587451469775,-9.816238980441027e-05,0.001903322218750623,0.003528102774589753,-0.0010522865872829965,0.008512297820763813,0.001274865868045618,-0.0003517276485314938,-0.001707313134149122,-0.0024891404046462956,0.004712747047157991,0.0004624549551906587,-0.0008383407623740204,-0.0003778306052056198,-0.0015225070181304418,-0.11254620449861523,8.32057,8.985705,1
5.716,27.0,7.15625,0.9375,492.0,3.075,37.4,-121.83,3.483,37.4,-121.83,-0.02181757159349291,0.02695725654687634,-0.0028898286965537787,-0.001767456451419257,-0.014371756458524754,0.019630655458149165,-0.019006916260920544,-0.006751325266354711,-0.00043476181402747843,0.0003016285126658891,-0.008133551972366784,-0.0010654487118872478,0.0007304567884730146,0.002444446159412524,0.015435314267867477,0.0031974248033022367,0.010695821738281949,0.00519433888630302,0.008363182464983035,0.0016479350565992514,0.024165586483025952,0.026038033429383677,0.0018872509641447595,0.0019816172442514114,0.0015641932064070377,-0.005340331058887892,-0.01973945765392523,-0.023336932576003677,4.0788703,6.1801505,1
5.6413,35.0,5.361702127659575,0.928191489361702,1023.0,2.720744680851064,37.44,-122.11,3.766,37.44,-122.11,0.08654202450579872,0.011807229937966976,-0.006579837293371057,0.004613598282662508,0.08538744803036837,0.013211620728697445,-0.012852971369318442,-0.0005891035954437771,-0.0011699358238328249,0.003450732898751628,0.0013157741154962454,0.003641974818996863,0.0014238346313287151,0.0001562875703538352,0.0007887009248776209,0.0006571025097378043,-0.002469727667515591,-0.0006248074301557247,8.329126270082729e-05,-0.0015452422566198825,0.03671607962264158,0.05252010796146441,0.0019858877633335925,-0.0007038532667065481,-0.0005641927218269818,-0.01944441229773647,-0.0025502236898459533,0.027380117017087875,9.5557,6.003718,1
5.8322,14.0,5.689848963821566,1.051282051282051,8117.0,2.8510713031260977,37.57,-122.01,2.818,37.57,-122.01,-0.08394838159434113,0.01452233557535856,0.00995999858287576,0.013077715482902309,0.010733175745461251,0.02123446249928442,-0.013597869151402864,0.004888129135390376,-0.003611441903310256,-0.017083564887977673,0.040517407482377456,0.0024764121049153415,0.00033977304331695666,-0.0007252377822653015,-0.00581192587496201,-0.00036730095815433564,-0.004542284927526999,0.004972708590152002,0.0005285685081733722,0.0019353917305730375,0.0008052091961109906,-0.0018562349008659472,-0.003394826178767235,0.0035558797433152267,-0.005306227766095154,-0.012781368763733456,-0.004090812365649301,-0.04597077973253544,-2.308779,8.027066,0
6.1183,19.0,7.013274336283186,0.9823008849557522,1344.0,2.9734513274336285,38.66,-121.26,2.216,38.66,-121.26,-0.03197433237264709,0.021401656610900197,-0.010682190663707562,0.0035600920212822485,-0.03283420108911824,0.06851733152478011,0.005766390358977279,-0.003239399461238068,-0.0010830649667574435,-0.0017862960230193353,0.0002604900807991256,0.015511183535858689,0.0019945268500590344,-0.0017026219421195654,0.00033779710357274384,0.005770569616125103,-0.02065558615378501,-0.001362772819146249,-0.0015090555847326274,0.001442974736352879,-0.0010741794061346938,0.00014456139591145355,-0.0006056694929497974,0.0020451637411999955,0.0002129724437964111,0.017076343671881232,-0.004309601615752792,-0.10554842766223303,2.9411118,7.150694,1
5.1385,17.0,5.295238095238095,1.002930402930403,2455.0,1.7985347985347986,38.56,-121.41,1.795,38.56,-121.41,-0.1351837762874029,0.01779104971514543,-0.004096889700604475,0.007860183398298247,0.047879908620417626,0.023633785676067623,0.0011517886934801708,-0.003958538379333795,8.59640276817856e-05,0.002451774040149172,-0.1715240769652523,0.039275781524546846,0.0025683813608373216,0.00039974491955220527,0.0017389632015340903,9.110966529070149e-05,-0.0026445779190273134,0.00016900056825814338,9.308169727445745e-05,-0.022866621660800404,0.009487047378103708,0.0016879110595176493,-0.0018499962381766815,0.0007643701090999258,-0.0010832062568453733,-0.06650563487423507,0.015511251540980748,-0.1341468453162381,-1.4344275,8.521551,0
6.0712,22.0,5.658008658008658,0.9805194805194806,1240.0,2.683982683982684,37.23,-121.91,2.718,37.23,-121.91,-0.02509592517543021,0.013803622733704083,-0.009286839402824973,0.0038268657856308542,0.08819812889168942,0.021009000850454592,-0.014874637548261366,-0.00016170456592461588,-0.0011126715160991992,-0.0018736694101143514,0.008603050353991172,-0.003024732016773304,0.0009757381531398456,0.001203635287301419,-0.00027651509663014694,0.0005730762148039352,-0.0034881642673770938,0.005609316563708891,-0.0005869932716285446,0.00023908706975130277,0.0035280492763790994,-0.005060087750254505,-0.0006010056005091608,0.0002279149863387905,0.000831925442320261,-0.01141088963145263,-0.0023762286743151803,-0.05074511251420694,6.5746984,6.3606997,1
5.7201,8.0,7.867768595041323,1.0537190082644627,895.0,3.698347107438016,38.03,-121.35,1.557,38.03,-121.35,-0.07798472692657456,0.026804626617879107,0.004296019103930346,-0.003677691004022717,-0.06779978558061046,0.04654802979850874,0.01583509446992498,0.02058986153994498,-0.0004507958083538873,-0.0059481307500764405,0.04865032569746455,0.009687519305032952,0.002121498611376649,0.0012866609927184697,0.004139510843854367,-0.0035933943279206778,0.00619635799971047,-0.007875245462966198,0.001166018294770589,0.0012759806140510322,0.003633718895321417,0.0020330306009510614,-0.008917472386646273,0.0014238211102725272,0.0013259977292371184,0.04872532194690607,-0.013977614655514328,-0.11241597227971735,-0.7843813,6.6383696,0
5.368,18.0,7.858356940509915,1.3937677053824362,1283.0,3.634560906515581,36.89,-121.89,3.52,36.89,-121.89,-0.009610662591977152,0.022351713413642064,-0.0013923270652568525,0.00185805737720387,-0.06335591176288012,0.022521820505886005,-0.009267572550909764,-0.00224788021423234,0.0032478888051814263,-0.0009385512745639424,0.012128792739701192,-0.008446192008034897,-8.280796006404627e-05,-0.014853262210868261,-0.0007279428680529237,0.027598769305392314,-0.00036376657080617616,0.02143084615900966,0.0007328587323482214,-0.0009599525321855575,-0.001739713081786862,-0.0011574007682036487,0.0015665605430470336,0.005422370262691371,0.0028659872070325074,0.008568445488779029,0.040764558774076795,-0.014010948591269091,3.4590232,6.0760627,1
6.223,10.0,5.740869565217391,1.031304347826087,2190.0,3.808695652173913,37.27,-121.8,2.607,37.27,-121.8,-0.08323249529427454,0.012089634867924578,-0.005215459905597989,0.01046079157183649,-0.01964059322883328,0.014913070720382579,-0.027180234900624108,-0.0029365076463857176,-0.04061484571965499,0.000781232175262639,0.06562670018640059,-0.009351449847182836,-0.0007399572736099216,-0.0005004602224596724,-0.0019375044561887017,0.000812448210429059,-0.003345562636281772,0.002810430175365309,-0.0011750815994246385,0.0029300317307054194,-0.045258737475269505,-0.0021198829868424307,0.003454875993207877,-0.0030392962340230903,-0.0005191840272824484,-0.0019132898371600393,0.012448429743794485,-0.03730920829843019,-2.5075324,7.327534,0
6.4667,17.0,6.236363636363636,0.9636363636363636,1365.0,2.757575757575758,38.5,-121.53,2.168,38.5,-121.53,-0.10499727183973136,0.015492906828427947,-0.008341490074910217,0.003907025214708366,0.002296095794317438,0.0749137771497582,-0.006547150370016006,0.0072380226879537775,0.0019113403111904763,-0.003779222672164942,-0.00811750401343445,0.03057276380168414,0.0005364052614780581,-0.001915375805440057,-0.0008665172039876036,0.0005839384657497475,-0.00711343143234588,-0.0031510551072776805,-0.0012010269332522747,0.0008957169121088342,-0.00027240882882542287,-0.0003648961955334491,-0.0010709740562209421,0.0015476742452484745,0.0005829788579320112,0.0038035728228695952,-0.0004985510016779125,-0.1169255651215366,-1.1696378,7.980507,0
6.1091,13.0,7.133079847908745,1.0874524714828897,1581.0,3.005703422053232,37.42,-121.82,3.294,37.42,-121.82,-0.08765981618726622,0.026460701386355454,0.012916269823097905,0.003269270324283816,0.014693424562914899,0.019828297527336655,-0.021893280736015396,0.005443178142373918,-0.003420971911723308,-0.00349042687576618,0.04116277068126233,-0.010120759079713933,-9.523617372039817e-05,0.0020285649015522353,0.00025995785111775955,0.0016282405420379787,0.010583284786841085,0.0036672085438838116,0.000911312293627902,0.00010871187896910357,-0.0013760274367840691,0.002235098190936601,-0.0011397676180176326,-0.0011417404742455897,-0.0003785133717918895,-0.006006581267137562,-0.013398878060724675,-0.03540801271284084,-2.4259384,8.13102,0
6.1359,26.0,6.0,1.0,23.0,2.555555555555556,37.75,-122.4,2.25,37.75,-122.4,0.03200114887420119,0.019904763426123222,-0.006289030081892622,-0.2485228536902311,0.1198664724277849,-0.029181362251045825,-0.13963474079430707,-0.002594966647302845,0.00012091877572450126,0.03027463564227957,0.01085487747233649,-0.000555728425523299,0.0015269143142658068,0.0012991326514584388,0.01034428207566602,-0.0011664052659976591,0.00815653856374138,0.012699976430537515,-0.005774753656095264,0.0021823660806078774,0.0011105475225126058,0.012219206536004841,-0.038859114259073874,-0.007149726278302008,-0.05318243375653692,-0.012251800429713867,-0.0032413295849427794,0.021183765232323053,8.705905,4.7360773,1
5.7204,15.0,6.553191489361702,0.9929078014184396,786.0,2.7872340425531914,38.37,-122.65,3.441,38.37,-122.65,-0.10877853382144843,0.016517787093899967,-0.0053889302590452905,0.0018144994612067267,0.07116840543750916,0.08544774092371482,-0.0773259699390358,0.005334222177228509,0.0018898175405637208,-0.0024565353740316595,-0.0008012735708304965,0.025745217718479624,-0.005881885041670329,-0.002440268753671645,0.0029297195178423995,0.002201143731465492,-0.05073118673574675,-0.02944890135395497,-0.0011404852208119723,0.0010534360733802782,0.0019862719023084332,0.014102580484702087,0.0029061536075393924,0.0017430287737664597,-0.0011651609757286148,0.008272122457055015,-0.00418032952532098,-0.04096643057876212,-1.2122484,8.054168,0
5.8948,52.0,7.740088105726873,1.0837004405286343,585.0,2.577092511013216,37.83,-122.24,4.578,37.83,-122.24,0.09206076189288034,0.025127237451486623,0.012067471608794622,0.0073715411325683084,0.17699060564339336,0.02041126717664129,0.002595506523356668,-0.0010034615881771801,0.003589079471093293,0.003980033250068412,-0.006939092908667468,-0.005604489419753561,-0.0005681672637639363,0.0003456227570903003,0.009621581070796493,0.0031404278163143754,-0.002187258048315513,-0.001500710398255411,-0.00029718845297734047,-0.002592208267528488,-0.0023605577482173597,-0.0044026247542326,0.004308412537109486,-0.004494122637328509,0.0009886905925027129,-0.00675504667273372,-0.00439641906970921,-0.09859160293991485,8.681953,7.6803474,1
6.4599,15.0,7.8125,1.0220588235294117,857.0,3.150735294117647,38.07,-122.17,2.197,38.07,-122.17,-0.0637002004473103,0.022850889248588416,-0.0041600032332318165,-0.002007751290014307,-0.05907538897393968,0.06685552421482599,-0.017353354705632523,0.0021553538957126673,0.0019113403111904758,-0.0033482264662492013,0.0462759305153041,0.02476142364745284,0.0010593372888710764,-0.0016842651403836876,0.0012728988722798453,-0.019836457768355405,0.004030600498248887,-0.02355401242124567,-0.0009743884016286525,0.0018010965283956457,-0.0005264004176791478,0.00685271035697518,-0.005483118825180555,0.0009759953810873625,9.057702698520153e-05,0.0266068673341829,-0.025587868663721973,-0.15566693931964784,-0.5452244,6.976955,0
5.8127,34.0,5.424,0.9573333333333334,1016.0,2.7093333333333334,37.31,-121.98,2.883,37.31,-121.98,0.08887551619241428,0.008414910490891093,-0.016413716834820527,0.006666014217863925,0.09782160062250578,0.021570125489805397,-0.014031131401526998,-0.0002692172706928671,-0.004619663509825746,0.0040660907837474685,0.0035890842722807524,0.003688593909267536,0.0016769884149888848,-0.00180272443841809,0.0007593254357977591,0.0006651179507732096,-0.0012766487919544192,-0.0031395151132227496,-0.0005112097875817509,0.00043185887648582757,0.003699766642422247,-0.0052411539199459225,0.0019858877633335925,-2.232735224205019e-06,0.001143653034779383,-0.015403036178087852,-0.003212805424272409,-0.05175363851127566,9.341766,7.124965,1
8.1221,15.0,6.894366197183099,0.9929577464788732,811.0,2.855633802816901,37.55,-122.27,4.833,37.55,-122.27,-0.031219310381003108,0.02743113966469141,-0.0041675609454649605,0.012644914391905668,0.04823291864213329,0.025060090782041314,-0.004645502127201503,0.004713097056824887,0.0019113403111904763,-0.0019135629307068286,0.010057179914817775,-0.005148624951586971,-0.0003203101020448985,-0.0020286966751455263,-3.889382179207067e-05,0.001204252999591259,0.01297404163376539,-0.0014744643021099946,-0.0013408189805395121,-0.0007477143101335426,0.0173065678497435,0.023746200148983192,0.0014041814634199264,-0.00020743599304429562,-0.0007551102921948973,-0.015822420472329655,-0.012179962934967559,0.041205938975073526,5.993169,5.626748,1
7.6917,32.0,7.179841897233201,1.0039525691699605,1393.0,2.7529644268774702,37.88,-122.17,4.018,37.88,-122.17,0.027580393563508724,0.0244056787755832,-0.007510693026927622,0.01063330427128407,0.027520791051302354,0.024429417779713622,-0.007337261016538814,-0.004898808298524919,-0.001277769286077754,0.0017142898233104562,-0.004457429577907418,-0.0012180659866524478,0.001727134584000123,-0.0009580232638262204,-0.00041019388778850205,0.00261356956369888,-0.01978476797370274,0.0016011548579815296,-0.0014250689980900664,0.0008869183328486132,0.00038193123354832636,0.00771886955281954,-0.0011827000866061882,0.0020593837094348396,-0.0006820312590675832,-0.006044667073901109,-0.0022634723699657597,-0.1131465549080881,7.5329185,8.491581,1
7.5813,20.0,8.197943444730077,1.0796915167095116,1234.0,3.172236503856041,37.36,-121.81,3.741,37.36,-121.81,-0.024069566496134988,0.04150849027206121,0.015170616941738444,0.008097759620955955,0.016664379256378904,0.01948676044487312,-0.02742807765133182,-0.005775885997779945,0.0018267837796054757,-0.0010953130719792647,0.006520888547065892,-0.006110823938662966,2.4100379141431202e-05,0.0013114867826033993,-0.0005704353347917864,0.01944940343760842,-0.002985783807912698,-0.0012021914790461656,0.001372957247531237,-0.001190911611917248,-0.0013626410697853948,0.0021951562798117044,-0.00025494066207534544,-0.0007327327803572387,-0.0002301088633245911,-0.005971697923103601,-0.007789715711297249,-0.031589880521178615,5.1347804,6.124327,1
6.7644,19.0,6.825454545454545,1.069090909090909,1692.0,3.076363636363636,37.0,-121.68,4.126,37.0,-121.68,-0.013434562700607793,0.023190768401550536,0.016785455408437493,0.007920475733306589,0.03497573166324743,0.022065645963244854,-0.012242687488051547,-0.0036476581443136502,0.00177808901410809,-0.0015620865026598793,0.002748047610998101,-0.008182777268641205,-8.830627661363378e-05,0.0013018950193658568,-0.001454392425943508,0.005470568385593928,0.010584321623513469,0.002448997013227402,0.001340255722200421,0.0009150673959073352,-0.004180285913748683,0.0014156633436154524,-0.0015559700263262444,0.0015182632245826831,-0.00010978640977296204,-0.0035084755126446668,-0.011726503865728322,-0.0366220664426061,5.3642173,6.2397537,1
5.678,28.0,5.859259259259259,0.9777777777777776,696.0,2.577777777777778,37.35,-122.04,3.701,37.35,-122.04,0.0026167117125011938,0.014455354301501867,-0.0026289538190322676,0.004815801703460696,0.2112848213852245,0.020522846726111273,-0.01062141664097028,0.0007570830196619929,-0.00036322577190184014,0.000980477961476693,0.011030216862131488,0.0019295611545105873,0.0011660300197996018,0.0011549153719806208,-0.0006465053098242865,-0.0015924662077361615,-0.003648406971025424,0.005402910436662582,0.00020264524742855615,0.0016619299258762725,0.0035627297206779177,-0.004522867073082865,0.004644187003340105,-0.00046274774489626653,0.00279088147110894,-0.009948724147214334,0.00011212542034971255,-0.05130579967931845,7.9367037,6.442597,1
13.4883,4.0,8.434426229508198,1.0327868852459017,416.0,3.4098360655737703,37.87,-121.97,5.00001,37.87,-121.97,0.009013267483693755,0.056439489021364156,0.002782602818080131,0.015963665421444707,0.08387498000293472,0.04241609279547331,0.00017069234374518516,0.01655487747444157,0.0019317242520325024,-0.005875107717712219,0.027156409265116428,0.0025978765728745016,-0.0002467237943878693,-0.0008254472217169345,0.01756401425304014,0.01726397316150264,0.01964908973832814,0.01791444687269603,0.0011690859370321815,0.0017184914639613623,0.0033283047194103887,-0.00039265434977813786,-0.0033863516839635756,-0.0048399943492744395,0.004691198476287104,0.0034279792428313534,0.01898538091773207,-0.0589334178113779,7.071741,6.2821646,1
7.6166,16.0,7.210412147505423,1.0390455531453362,1470.0,3.188720173535792,37.96,-121.99,2.604,37.96,-121.99,-0.0798930421074855,0.020691014871678074,-0.00485999428257921,0.006394249510961564,0.0003714494629276682,0.05837726500158151,-0.035293450263113,0.0044138828359530265,0.001906622503557712,-0.0029511703724768587,0.04010882932908127,0.017308979672020795,0.000679675990940467,-0.0035993783633568453,0.0013720970479263496,-0.0175855728876953,-0.03419104504547167,-0.0007932564096821283,-0.0010731077060966252,8.912050972055049e-05,0.003340009597561671,-0.0005222760291691155,0.0009661899896403719,0.0022944884176727834,-3.725275305127831e-05,0.027620885173296156,-0.00654296893011454,-0.11089547473682626,-0.83896327,7.4329576,0
5.806,25.0,5.4858934169279,1.0689655172413792,999.0,3.1316614420062696,37.4,-122.08,3.087,37.4,-122.08,-0.015624015024214758,0.008796629843799787,0.013955485088264682,0.0017274578490003433,-0.046510529527958686,0.0241753425503824,-0.009990634372898578,0.006243372574859369,0.004496032905039136,0.0005436718747564343,-0.006486492154760903,-0.0011171326755629013,0.0005163939016642991,-0.001578803805755451,0.0004122678377603239,0.0010749368519406607,-0.000529693216367218,0.002000256287036293,0.0007513031350916616,0.001104996032862405,-0.0020531999109736077,0.003960141764046997,-0.0020378246906662305,-0.00010958032519577015,0.0009757471894998516,-0.00630422359010433,-0.015788668109386318,-0.02868701951516078,3.5290995,6.2201724,1
7.0897,52.0,6.876237623762377,0.9455445544554456,514.0,2.5445544554455446,37.86,-122.25,4.462,37.86,-122.25,0.06550568972559996,0.026391009122245564,-0.008818456887418547,0.00686307332392025,0.0917209228681735,0.01478798106280389,-0.01088917670822576,-0.0026687642835987397,0.0029203585504678055,0.00394016754120662,-0.002933450383090735,-0.005953508999409073,-0.0007029659377125843,0.002183008266582337,0.015173781560646853,0.0004699363455481895,-0.025218169783116123,0.0023056950455635113,0.003719353320379037,0.0025188707815984633,0.0014807787087601234,0.006379732386509512,0.004576032691152406,-0.0032888508638581285,0.00042232294287406315,0.0023815916150455585,-0.010461915999975339,-0.09859987820145971,8.532935,8.131213,1
5.3683,34.0,5.81786941580756,0.9656357388316152,846.0,2.9072164948453607,37.56,-122.29,3.394,37.56,-122.29,0.035377512074722874,0.01872003802870272,0.0006123735928252025,0.00031216201946781104,-0.027449730271412905,0.021774140495186615,0.021415494254965167,-0.0015148366014619999,-0.00036322577190184003,0.0018450023387093992,-0.014863571962865809,0.004038656115749738,0.0014611958392973397,0.0014859899870929678,0.002019848538762848,-0.0005689927315623685,-0.00547886974086365,0.006536998171257083,-0.0003177608117505713,0.00021415282447873244,0.016845708096316844,0.0218913894442216,0.0027028298296095715,0.0006238321817713235,-0.0008909492616234615,-0.024018652652189724,-0.009306951779776139,0.016522611404864763,3.8373168,5.8902082,1
10.1007,30.0,7.843220338983051,1.0084745762711864,631.0,2.6737288135593222,37.34,-122.07,5.00001,37.34,-122.07,0.0023873748678636714,0.032007638624877786,0.003925589575045345,0.02150510812789659,0.05078317157524125,0.018709305502982446,0.0016145174634495598,-0.00699183955398577,-0.0012777692860777537,0.002085359031907793,-0.0028274771959840425,0.0016491147347760756,0.0016854708274143555,-0.00023911689939573236,0.00789873998732003,0.001446061523679791,-0.004567994598178452,0.0020590302143104716,0.0007861215008170226,0.0006909548614704859,0.0017905618543116316,-0.003377004698122267,0.0008551060297283212,0.0008086463685324467,0.0031995791186323363,-0.014410537068068566,-0.001958637078436908,-0.030552385590917035,6.102126,6.3347497,1
10.2264,36.0,8.571428571428571,1.1428571428571428,30.0,2.142857142857143,38.63,-121.28,3.5,38.63,-121.28,-0.05520854793281945,0.0685959243106738,-0.008360405270769682,-0.4555562072977861,-0.1586069077257267,-0.003955731898942633,0.030468182017991792,0.011727738924657009,-0.000645050329858685,-0.07479801708792172,0.01978226229365861,-0.015368118582851337,-0.0011133388045714244,-0.0014587898555040693,0.0617902785578763,-0.014922598668090772,0.04254832832986854,0.003647370054319689,0.007863275363756304,-0.004705914031239008,-0.003721046449242928,-0.0014265868956987024,-0.02879274889228228,0.11873961737308207,-0.05054120034855971,-0.047482595209990715,0.010299150957911427,-0.10335621966045276,2.6738696,6.207898,1
5.7078,17.0,5.395734597156398,1.014218009478673,1887.0,4.471563981042654,37.28,-121.81,2.17,37.28,-121.81,-0.05011147875474161,0.012490997538554986,-0.00308553029907044,0.011538247330428372,-0.046299879311969216,0.014010119587407993,-0.02231703187096118,-0.001672262437092674,0.000271959934448164,0.003561921017502686,0.07264469682019219,-0.009253277242782187,0.00031023134457459526,0.0007514850252988328,0.002348378332243421,0.001858564610689003,-0.0011073593577417902,-0.0050795812042021835,4.391671806469771e-05,0.0031475438830279577,0.001968158553498253,-0.006354329906044306,-0.0003572095160040058,-0.0005214368885254253,0.0007253287136831242,-0.0013407337181356178,0.011058690615530454,-0.05749897724475701,-2.3933184,7.0041513,0
7.0548,34.0,6.125,0.9879032258064516,1140.0,2.298387096774193,37.84,-122.21,3.259,37.84,-122.21,0.08212023749512595,0.013831500646715044,-0.006774015716670256,0.010742492299904623,0.026278218450426553,0.009098726671246471,-0.00018881176750478257,-0.0012531278043435147,-0.0012735955511139852,0.003867478186674565,0.011205486329496967,-0.0009571992265251185,0.0005317303779681068,0.0004789643788224476,-0.0007722701175404351,0.003285103429950871,-0.002553430549569689,0.008765318752798405,-0.0009976036250147883,0.002757869620246286,-0.0007085570739152835,0.008380157775958061,0.004688140921557485,0.0006261651939852465,0.00018594270799807908,0.008069842194886665,-0.0029962882672557724,-0.12791836233859336,8.259475,8.667908,1
5.6417,13.0,6.76,1.0635897435897437,4847.0,2.485641025641025,37.66,-121.84,3.529,37.66,-121.84,-0.13106846595187616,0.022233652974647845,0.002910217496859884,0.013261247128636959,0.08667667805073462,0.0038804527546616304,-0.014839533266049193,0.003441288788724447,-0.0004719709753261928,0.002114818459354371,-0.043208273613783314,0.0035583631763931455,0.00031752819196637436,0.0016738122976465957,-0.0010182698701875449,9.159417616161217e-05,-0.016853314833887165,-0.00014309627183894282,0.0006499399621294633,-0.0006745477515826564,0.0019982543750819877,-0.0005958554724329354,-0.0004500802799102023,0.007763057638282508,-0.0062226057690036255,0.0022607856235856852,-0.0057848955926819556,-0.04695759920193132,-1.7531085,8.542035,0
9.0704,36.0,7.252272727272727,0.9772727272727272,1234.0,2.8045454545454547,37.23,-122.0,5.00001,37.23,-122.0,0.02766421013645254,0.028152075948194244,-0.0021139898740814792,0.018946240745260835,0.0529317967801494,0.02190388957289773,0.007510699775177828,0.006959442548442513,-0.0012777692860777537,0.00259216131182628,-0.002696267539162501,0.0040854520893185454,-0.0010760693208732041,-0.0015839696720120154,-0.0020326309202597773,0.0028271531705746666,0.01245461827549176,0.009237900813335408,-0.0016441155667832408,0.0006387702591000296,0.0035620262903994686,-0.002025786625125001,-0.0011825195506755223,-0.0004300053061506701,1.7011590591132745e-05,-0.015516708765293548,-0.006731874959678386,-0.03322224570090666,6.583659,6.654368,1
5.2177,15.0,7.384449244060475,1.0161987041036715,3166.0,3.419006479481641,38.72,-121.25,1.627,38.72,-121.25,-0.0608057417531171,0.01686319986415173,0.0006795817214183724,0.004910204697346515,-0.04113355690565802,0.00784438964795603,0.011409830863922327,0.0018752003022670112,0.00014378414920491377,0.0029662937328290835,0.04694963504896163,0.018935926813408853,0.0018224573436700546,-0.0015559817785585081,-0.0013691409798902558,-0.0082138523358144,-0.021902346975624244,-0.0026368710574901965,-0.0023763855794779417,0.002082254012542422,0.0051621805413418495,0.0019000801788783674,0.00027702781917097975,-0.0036911613808463164,-0.0030553615981936057,0.06053543592729296,-0.008495729795534698,-0.08842721427463035,-0.9321756,6.6686816,0
6.0374,33.0,6.811881188118812,0.9867986798679867,813.0,2.6831683168316838,37.59,-122.39,5.00001,37.59,-122.39,0.08863370333301039,0.026513488355323956,-0.00763139892067854,0.005905322910838609,0.11584072610349125,0.0017498978110848434,-0.0917837472766294,-0.006523240029303038,-0.001277769286077754,0.003493513907385592,0.004424438679218805,0.0006872012630862318,0.0040994367172105676,-0.0016287786802267965,-0.0007351081308932364,0.003417299842022842,0.011118348691902206,0.01147907832558291,-0.0014283282575034313,-0.0007973218206153914,0.018690002451650974,0.020755200253023458,0.002651443878376713,4.1255190478500185e-05,-0.0014338085598900952,-0.017016710848822197,-0.01653268145812739,0.08240451050537757,9.015016,4.4312716,1
6.629,25.0,6.154545454545454,0.8727272727272727,596.0,2.709090909090909,37.54,-121.93,3.524,37.54,-121.93,-0.02654368467144322,0.01657799504212912,-0.011455124128119784,0.001922893877822351,0.03763881341727358,0.020916562337685525,-0.014005535188687577,0.0011614804292201357,-0.0013934791806497935,-0.0009266978965992578,-0.0042311205432509,0.0020591336082082094,0.0001395304480519607,0.00419821896490849,0.0033682866747501085,0.0003371319484898858,-0.002564789168659552,0.003570356152496145,0.0012664406182490765,-0.00044709560441672273,0.016398769735799356,0.027902867379398108,0.0018903814928962377,-0.0007810664555696816,0.001475085315420628,-0.013655729948280126,-0.001781089464710061,-0.02032794569249075,5.609754,6.3501067,1
7.3861,16.0,5.661596958174905,0.9961977186311788,945.0,3.593155893536122,37.41,-121.86,2.67,37.41,-121.86,-0.06231210158647038,0.0021563567580378646,-0.005860045592741513,0.00021036555451036317,0.009970614479038065,0.0158225615508136,-0.0245039593643994,0.002944503263342035,0.0018909375318528511,-0.0030876045467829447,0.05920010640865055,-0.008357828762599506,0.0003189322096207007,0.0006720026322857972,0.000824458362820855,-0.006848344801332838,-0.003525928052429658,0.0047177564625963024,-0.0004461362314679524,0.00031941772227029295,0.001831121631753923,-0.0022999785762340204,-0.008149550870094634,0.0005292675689916745,0.0018911492251492158,0.0011190271778905054,0.014494527032258024,-0.050343072753514496,-2.5685863,7.7202163,0
5.3988,8.0,7.043478260869565,1.0253623188405796,814.0,2.949275362318841,37.05,-120.84,1.655,37.05,-120.84,-0.09367910697800773,0.021586153438088302,0.0006287663773461421,-0.0017709322078940082,-0.009566536891525902,0.02324581473668733,0.012266750875214637,0.014388268273546107,0.00017592905932616143,-0.005348009175525753,0.041020203949186124,-0.008248967664107099,-0.0003945406665845227,-0.0013281524869783413,0.00132106655959234,0.003325050613245868,0.005663841183447716,-0.001961100308340111,-0.0010336056752890707,0.0007974121097827264,0.004701869528139561,-0.005251775654500421,0.0021006850640089923,-0.00011708023093346255,0.0010617840457927766,-0.018041468965926243,-0.0013607301356922837,-0.13411689403428045,-1.1562788,7.188193,0
5.2319,23.0,5.950173812282735,1.0556199304750868,2351.0,2.724217844727694,37.37,-122.04,4.301,37.37,-122.04,0.015215147578856218,0.018918049239226773,-0.002405638958006252,0.0020058811462727202,0.07486353083579486,0.019107080143774723,-0.003073762778516671,0.00010711710850050141,0.00016540097804818813,-0.001376505373342378,0.014336869525633405,-0.0031067050141810487,0.0011171583626231733,0.00010858720721796354,-0.00017662801828587755,0.00024108041542668103,-0.0016879845950966324,0.0057988938010080345,0.00033139890964556276,0.0008609769796051229,-0.0034449457789711606,0.0010582192801967636,-0.0017477981701737786,0.0005121224080183088,-0.0015880228326551839,-0.014005835810199985,-0.003074094889544954,-0.044964281471363075,7.074456,6.7094517,1
6.204,19.0,6.56420233463035,0.9844357976653696,893.0,3.4747081712062258,38.24,-122.62,2.018,38.24,-122.62,-0.02476868291091623,0.015111832844934931,-0.007149471991771007,-0.0019324966728679871,-0.06995059437420649,0.057593858317621226,-0.11103742066970447,-0.0032546906186634804,-0.0011017371261423923,-0.003038092114433447,0.0010383021655886058,0.003321409697098534,-0.006291301070612783,-0.0008941860615491023,0.002526596589035876,-0.0005368085974622463,-0.05830901468907841,-0.027659037698355704,-0.0016297750101164055,-0.004977896552395898,0.0009793030526360185,0.01322737886730602,-0.011433012903025484,0.0006643912556394778,-0.003001071387158561,0.06788425189011386,-0.0033905343342638156,-0.014973053068621602,3.3248284,6.0750713,1
5.5248,15.0,5.559077809798271,0.9942363112391932,1683.0,4.85014409221902,37.3,-121.81,2.356,37.3,-121.81,-0.07184049191313159,0.017442152479515034,-0.0006612301041931704,0.0033692588359247387,-0.03333188318671903,0.016650998472251197,-0.013089333517837013,0.0001918568754951116,0.00031042422654801685,-0.0007109766195346162,0.06519829472859115,-0.009253277242782187,0.00031023134457459526,0.0030156966520658492,-0.0015689231691194327,-0.006436267617538105,-0.004342094227527842,0.0022562368235311183,-0.00048708599349410193,0.00026570588053006486,0.001980134029045784,-0.0019495448672626214,0.0002621620744211224,-0.0003045522536752139,0.0014529728062561166,0.0010838533392885676,0.012539815098516463,-0.05327203877641815,-2.335499,7.1433897,0
6.0809,21.0,6.474167623421355,1.026406429391504,2670.0,3.065442020665901,37.08,-122.07,2.7,37.08,-122.07,-0.029251760153488633,0.014281257086895979,-0.00766093680081447,0.008761291576467082,-0.015221924929721495,0.023777503607381387,-0.008164983633822495,0.0006146044749619081,-0.0011069847654951305,0.00022833999620773028,0.0016788921633319397,-0.005259430199398304,0.0011946506040141532,-0.0017046443247163414,-0.0029355949757835023,0.0019182032783862826,0.003547641114642318,-0.0008878788577018401,-0.0014454443923139282,0.0006772645326296234,0.0023466428018825355,-0.003335401336476442,-0.002471308069163985,0.00047056744351283114,-0.0015391338213191562,-0.004835983077353484,-0.014891258353124033,-0.043092673092781246,3.9887993,6.6199946,1
6.7546,36.0,7.154471544715447,1.1504065040650406,562.0,2.2845528455284554,37.9,-122.56,4.024,37.9,-122.56,0.09205152154646634,0.030073624539564397,0.011955315467286048,0.007551961859248913,0.013157504818964867,-0.03690656996040205,-0.1905309548040051,-0.00013732121644273684,0.0017488772477396654,0.004003989136818912,0.007932551272093791,-0.0032937956078539312,0.001691050718346035,-0.0011585482011314862,0.012016700845003803,-0.000365134165207148,-0.08090046799942112,-0.04459400738052289,-0.002524604153754211,-0.003201712244201065,-0.0025849126028543003,-0.016595631561006147,0.0051426712626383006,-0.0021700851759913365,0.0016807985828303958,0.008873660848613855,0.01788592868537599,0.06277938187262828,8.42896,4.031123,-1
5.5519,35.0,6.416256157635468,1.0098522167487685,1110.0,2.733990147783252,36.6,-121.91,3.295,36.6,-121.91,0.063880374449258,0.018828543936193536,0.0003672779287734745,0.000298037651968448,0.08350583605306361,0.019531423843932014,-0.0007540812368539779,-0.004051037333006816,-0.00041018991744654976,0.0018531729605623204,0.0001756742334368911,0.003601234819170063,0.0015741815254800822,-0.0013030828064082016,-0.002941047716739181,0.0013636058175886053,0.0038987605616027637,0.0007715023697253434,-0.0011147288180149758,0.001859190401517433,-0.0009603163740702422,-0.005913163024589165,0.0013991646848067576,0.0023463987093279588,0.0016654590815043146,-0.018821676467797012,-0.004430005635371534,-0.036896089913603956,9.352395,7.0032573,1
6.0959,3.0,5.530586766541823,1.0499375780274656,2559.0,3.194756554307116,37.37,-121.88,2.727,37.37,-121.88,-0.10932148986084098,-0.001373007982882753,0.004506531531785657,0.011027223421370512,-0.0399658956700643,0.01928715093614484,-0.02517716207832861,-0.011237909129261465,-0.008088100421565492,-0.00203976963681187,0.05626199253146716,-0.008760189185687925,-0.00034371831642578425,-0.008932516913155525,-0.0016282612037420566,-0.0015266427011426218,-0.002354620528435253,0.002523428847340182,5.752910439304296e-05,-0.0007575275416702549,-0.0027553263675845893,0.0013300145833617064,0.0006940892528968655,0.0004858494992120209,-0.0010876218696534727,-0.006432713282099091,-0.006381588706670032,-0.048152158524392634,-2.4239035,7.4121485,0
5.2289,41.0,5.569105691056911,1.146341463414634,266.0,2.16260162601626,37.87,-122.25,3.846,37.87,-122.25,0.07242739095008835,0.02348148712058482,0.00028947077677774283,-0.014255128553663668,0.012253139733508831,0.01518194557036243,0.015157871109045673,-0.0004915155940510459,0.00013322556520246504,-0.0017850179345667513,0.01409532529138019,-0.001337390326874982,0.002486594416537955,-0.0002419781576007236,0.00898236256721662,0.014962151638780015,0.00012550556608039592,0.008009269786543849,-0.0028157407939592414,-0.0002438488167285754,0.013810942880259578,-0.02156348422709368,-0.011966909883609106,-0.005073860775290999,0.0004935934503082541,0.0054767609723263295,-0.0010582698182086412,-0.09889699944786903,8.121505,9.0775175,1
5.6787,52.0,5.770516717325228,1.0151975683890575,1633.0,2.48176291793313,37.74,-122.47,3.636,37.74,-122.47,0.07472346250804596,0.014131997890897736,-0.0022642428387069464,0.008015776257608605,0.10402373156870044,-0.03894400884797459,-0.16615254686251263,0.0017793457118573186,0.0017868987892836804,0.0030594422730861387,-0.008416073593335313,0.0013271187997139814,0.004880276765239603,0.002241187576722262,-0.0006527159114202741,-0.0018286820638032184,0.007335503082970816,0.004977562763934862,-0.00017358121365641877,0.001611259999659261,-0.00020813799707537252,0.013411277521455787,0.0008097697690999597,0.0006322323023246479,0.002621404684466331,0.002028723077816261,0.009449221842647659,0.0401735595414615,8.8874,4.3200717,-1
6.4865,35.0,6.842105263157895,1.0921052631578947,185.0,2.4342105263157894,37.57,-122.39,4.5,37.57,-122.39,0.1024638939021057,0.030951397565392665,0.00482061792420777,-0.046678013383279725,0.021756533890277343,-0.04054061473423861,-0.16267127324372965,0.0032325806814958373,-0.0007181070577830617,-0.002004318350100682,0.0026748348552130996,0.0025055481024603646,0.004203838732092786,-0.0011442134527901637,0.0037149223565647615,-0.003513961356645465,0.016040569924920197,0.020299235462772933,-0.014314154162522815,-0.0016132974242318047,-0.010115966618303355,-0.018067870110682737,-0.012794755742241733,0.008177038328983123,0.004777441754801562,0.0046341796840226246,0.018502870589237275,0.14341069532603762,8.828848,4.1716948,-1
5.8718,6.0,6.505962521294719,0.9369676320272572,1738.0,2.9608177172061327,38.77,-121.28,2.014,38.77,-121.28,-0.08961593121403012,0.01693608830344877,-0.010823583315432707,0.005009245956027077,-0.00608403396499151,0.0605978731626412,0.010289627453438236,0.01294794499185111,0.0015731585645398993,-0.0024770327873035484,0.040591128344460825,0.030421314076028796,0.0037521665240599945,0.002412202448320524,-0.003352717037799419,0.001444438023972437,-0.007212088115370476,0.0018193088454711724,0.0010770993216116034,0.0016208883742436884,-0.008373183608183444,-0.010850529211973749,-0.001158640233127638,0.0004238097965191187,0.0010970906767900238,0.01090127453601016,-0.0024489593249144544,-0.08339482645372277,-1.2430441,7.4629908,0
5.316,33.0,5.210862619808307,1.0670926517571886,1411.0,2.253993610223642,37.43,-122.12,3.981,37.43,-122.12,0.0445139305127008,0.01892977875780645,-0.004340813763114213,0.003087354466105706,0.06594320353853782,0.013325251052488482,0.008225025102481312,0.0026786815470059375,0.0002710144613608974,0.002270983274168288,0.024280393977377697,0.004360702397025681,0.000520815798638028,-0.0010387648554583476,0.000546505692040215,-0.0008285011672284393,-0.0010716915391461503,-0.0023203328359225174,0.0003683134044511513,-0.0026446501487768143,-0.024094072359699636,-0.01788421950538508,0.0004529711281813911,-0.0003691050609278384,0.000536232289618426,0.00535283842782617,-0.00369413696863198,-0.01045061421618561,7.7532964,6.7207136,1
5.3321,7.0,7.830524344569288,1.2303370786516854,3907.0,3.658239700374532,37.73,-121.44,2.081,37.73,-121.44,-0.07912842402530001,0.018937543835212543,0.0010122841496524237,0.01055375754038119,-0.025334276742493486,0.02173553787706101,0.013578929522375495,0.01768708223009342,0.0023976472547107973,0.0017055585455596953,0.06444002387397127,0.0008215274194485552,-5.798172431273075e-05,0.001320501045162275,-0.0037485635259514897,0.000954833380554525,-0.0007542792575816967,-0.013864786119991439,-0.0007272774637683763,-0.0008719557082057522,-0.0030878787908819342,-0.0023633793979609286,0.0016567297006489245,-0.005293806564285898,-0.0027620871797005265,-0.0036840866816924217,-0.016090482958751106,-0.09335055402728154,-1.6956774,7.033982,0
15.0001,40.0,8.584541062801932,1.0,577.0,2.78743961352657,37.46,-122.21,5.00001,37.46,-122.21,-0.027904030167956454,0.03430668490074709,0.0024210090072002695,0.019863927185754214,0.06165216237979763,0.019396721532319798,-0.008390467305190259,0.006679327935185487,-0.0012769693489160748,0.0022115027892351427,-0.006196147817442523,0.00620165395010726,-0.0011259515862652083,-0.0003123631918070928,0.011026839764014057,-0.007204758559798193,-0.004944538596204286,-0.004066601677375417,0.000787289885158658,-0.00037514124046288263,0.017292236654696543,0.020923522927852493,0.000517300269417788,0.0007188300680227455,0.0025753693567935007,-0.017498519060938626,-0.008377155826718623,0.017846705744791466,6.074924,5.7894297,1
6.1278,29.0,6.894736842105263,0.986842105263158,455.0,2.9934210526315788,37.71,-122.48,4.176,37.71,-122.48,0.011019272598972297,0.03150555654629845,-0.007727790446577,0.0006201133656820907,0.01807714124195106,-0.022009024832192196,-0.14901753705255538,-0.0050117184309713455,-0.001277769286077754,0.0016232720780384332,-0.011116018231006757,-0.001368175829617602,0.0031998338881704703,0.0012429782566451655,0.01796105438212133,0.0036085838629197355,-0.03967633002359009,-0.017365242136806843,0.0034698130634550003,0.0014389161065972204,-0.00035990948937979586,0.015584584633861618,-0.0005354570697683088,-0.002023878908441342,0.0040688865907847925,-0.0059855511120508525,-0.00622169208969713,0.022119396996331003,8.392378,4.169638,-1
7.8774,15.0,6.077160493827161,1.0246913580246917,822.0,2.537037037037037,37.21,-122.09,3.949,37.21,-122.09,-0.025584210177773934,0.020459880712034834,-0.004216571520183846,0.011413765736396065,0.053732646410191306,0.01604340871806569,0.004570805042018097,0.0037909671827845116,0.0019096096912377997,-0.002129109494637509,-0.0016426631501567782,-0.006069797246502811,0.0003279717714235302,-0.0006172678919848624,0.002364955605927917,-0.001135064602543956,-0.002094498811416619,0.006179488705886543,-0.0007444693162421519,0.001586543085638957,0.0038142568130892637,0.0026569069998558983,0.004689730160768022,0.000526059846010051,0.0009664825322991269,-0.0029299765578350984,-0.002034774423357701,-0.032322447235699506,5.9332013,6.1325016,1
7.218,29.0,6.594230769230769,1.0076923076923077,1518.0,2.919230769230769,37.3,-122.0,4.007,37.3,-122.0,0.013139020468457682,0.01396383502080704,-0.007698996965176022,0.008677361079207049,0.032975116874957425,0.020409048746984196,-0.005599672299005854,-0.006744490886213484,-0.0012777692860777537,0.0017163251915042672,-0.010666284940536425,-0.00011763055921726673,0.0019184430914031894,-0.001655982727822527,-0.0011273633088519888,0.004871706348272489,0.018097121609503674,-0.0007076541813218164,-0.0014045483214057987,9.256259840205185e-05,0.0031803994736748545,-0.0031167373987687303,-0.0012905276377550153,-0.0009811409971302563,0.00031338486187523236,-0.01613771490713443,-0.006111466315448023,-0.03342091115245857,5.86141,6.556666,1
5.9114,46.0,6.079470198675497,1.0562913907284768,767.0,2.5397350993377485,37.72,-122.47,3.99,37.72,-122.47,0.10672848860726417,0.016326486910655795,0.011972990071720632,0.008877078040415251,0.13520295957459813,-0.033414641621511386,-0.16097009456695188,-0.0015728874659447878,0.0013341533724192294,0.0037128335240196055,-0.008488784231629532,-8.662252273284219e-05,0.005973803448617105,-0.000209565387119534,0.0006820060657457363,-0.0013684805745123245,0.004860735285703642,-0.0030569492099652316,0.0012561363515808893,-0.0016128678699165414,0.0026879624167772827,-0.006568163763441456,0.005262476658178659,-0.0002788943641271796,-0.0013324982872836835,-0.004194162182466833,-8.325523333200861e-05,0.04127861154547995,8.997448,4.4128733,1
11.806,30.0,8.838842975206612,1.0743801652892562,742.0,3.066115702479338,37.37,-122.13,5.00001,37.37,-122.13,0.006511698747917328,0.03258174498413041,0.005314569820819989,0.021974676868314887,0.09357302711080795,0.019914991796969712,-0.0065939732652834275,-0.007380084328942767,0.0016320794602851653,0.002357452518513021,-0.00597974708814289,0.002918462318854443,0.001635897477137765,7.159088045812412e-05,0.005171326549841741,-0.006630633168256987,-0.005367995623473211,-0.0022904648526217946,-0.0006063237576584078,0.001506711271139109,-0.016253958992586276,-0.011417934973404372,0.0003653422817339494,0.0010499542167467545,0.0010462913302731552,-0.0038769213827790404,-0.01673068230559928,0.007446212017353069,6.6126547,5.745497,1
7.6659,35.0,6.840625,0.959375,800.0,2.5,37.29,-121.92,4.269,37.29,-121.92,0.07667509343209011,0.028851557278200525,-0.011400034820994272,0.012697927863837128,0.01826511789523588,0.008478788901400594,-0.007056180513844633,0.005990366750620754,-0.0018553402036034943,0.0037328796033442124,-0.007366138357509746,0.0029814788146662868,0.0026084339255273248,0.002911808023256392,-0.0004847981791608829,0.0015270942081652208,0.0116226551844187,0.012667569571229815,-0.0013947527000224202,0.0014334337406753702,0.003750575532454559,-0.005118548491459041,0.004662628580933398,-0.000828577217864071,0.0006417325781791608,-0.0002370185569896761,-0.005580458501438866,-0.031865457857302146,8.873657,6.9490952,1
6.6085,27.0,6.410891089108911,1.0907590759075907,1537.0,2.536303630363036,37.37,-122.05,3.447,37.37,-122.05,0.011919145681936357,0.01477121995905849,0.01230744136769025,0.010966300844652326,0.10815220831044844,0.01190436531069827,-0.00387351930135302,-0.0011364756370785334,0.0016384031455922439,0.0015054540558085221,0.007601993983646395,0.0019829330632904346,0.0010464751705504078,0.0011868555560736386,-0.001880073658891584,0.00031670653128005173,0.003235209025229357,0.0001312127102716586,0.0013991768713611055,-0.0022466801152813843,-0.0018374764804317263,-0.0009344272519300452,0.0014243404163381324,-0.0007957337877329699,0.0005304566746762509,-0.0024930440171117294,-0.001728404440669545,-0.037593922222422305,7.3679347,6.3633175,1
9.7037,8.0,8.94675925925926,1.0717592592592593,1548.0,3.583333333333333,37.76,-121.96,4.251,37.76,-121.96,0.011468572548001653,0.04812233244163738,-0.006623060154262287,0.013872997448873766,0.06561387367653969,0.02663799057764869,-0.005881744404522279,0.02261958746103012,-0.0034005879708812812,-0.005695960397829104,0.028966785168529758,0.0011336248608443881,0.0003161795299550076,0.0018161543167278039,0.0020677057669292146,0.008478995146513991,0.002878980528797713,0.012244624719332707,0.000768839297088691,-0.0009322038719349322,0.0033577221473173515,-0.0006410248085165842,-0.002425050576716788,0.0006783955559452909,-0.0001978234773995464,0.005172162445842398,0.0176126791146971,-0.0497608994942528,7.03923,6.3943424,1
7.4353,7.0,7.762408462164362,1.0528885272579334,3926.0,3.1944670463791702,37.67,-121.9,3.898,37.67,-121.9,-0.07239457291615224,0.028955613246868663,0.011044521311608775,0.010431321111144051,0.023494686484050224,0.024446569044964207,-0.024175904086325504,0.01898615426855029,-0.00340137919701156,-0.002173267610767345,0.03996723839723746,0.002745219160162566,-2.1264560162229622e-05,0.0020683443142675943,-0.004171934328302641,8.158573013800823e-06,0.009000538091744009,-0.002064805399774825,0.0006512615786406215,-0.0006726688258773928,0.0024293999707791286,0.00010373331157596497,-0.0015262833500006552,0.0016992687819577367,-0.002546447479971792,-0.007496021781269698,-0.0091489692281025,-0.0436531870361658,-2.4277859,8.151314,0
6.5226,21.0,5.392996108949417,1.0116731517509727,946.0,3.6809338521400776,37.4,-121.86,2.585,37.4,-121.86,-0.016077130240550044,0.010390062411146745,-0.00698876251839531,0.0017334826853459605,-0.023097737473992564,0.014617967625892639,-0.02196327269541554,0.0020761483674688083,-0.0025340701026031758,-0.0008993942449306403,0.010822476640527818,-0.007921929206527022,0.001208571126666278,0.0013985326761117222,0.0006947353545549891,0.00013786751970896967,-0.0010022128441610225,-0.005256580025198235,-0.0006992716784381719,0.0003291900699496099,0.0018191461562063916,-0.002451030404543785,-0.008191908773638363,0.00029871748283501204,0.00202418124735132,-0.0031206488172718103,0.01763488638542179,-0.054431679041875534,3.7564821,6.615104,1
12.2478,10.0,8.186224489795919,0.9668367346938777,1199.0,3.058673469387755,37.85,-121.96,5.00001,37.85,-121.96,0.010665808468783802,0.05209966893549847,0.006492272707321943,0.01830766894913113,0.07193590321370216,0.04265580685562427,-0.0004845914257374852,0.023355265746477505,0.0019503964114174514,-0.00443402608000044,0.011202915456939964,0.001805441168329275,7.033251847027929e-05,-0.0017378844487303488,4.2447344405168266e-05,-0.008466668556264845,0.011492153577908726,0.004282495049651453,-0.0012292709559653923,0.0009657401425950333,0.002310634533958537,0.0015972406569770548,-7.080066295790996e-05,0.0006424137087944774,-2.028942805408396e-05,-0.0018487863084037746,-0.017311184055132593,-0.06206931951769603,6.911125,6.203111,1
6.8322,52.0,7.320121951219512,1.054878048780488,812.0,2.475609756097561,37.73,-122.46,3.941,37.73,-122.46,0.06320981682403688,0.024695736649392824,0.011980149272579186,0.011255326154385566,0.04276357011130308,-0.04248609242758405,-0.19593964893859536,0.0005545856162897789,0.003589079471093293,0.004210353922924169,-0.003132415693505816,-0.004147757448757924,0.0045918387899747445,0.001260955605029519,0.0023923663759061586,0.0017266345565989443,-0.05358918792226652,-0.026041826451278696,0.0016044927887383343,-0.0017025176754702448,0.0022799664059036744,-0.006929419607788554,0.005276257571645206,0.001898582129443672,-0.0013864332549102382,0.0006189498104956235,0.009160883402366917,0.019316927448363184,8.573673,4.117576,-1
5.1696,52.0,6.115902964959568,1.0242587601078168,1004.0,2.706199460916442,37.89,-122.29,2.614,37.89,-122.29,0.059316125434197946,0.01801748489614727,0.0006835243239057586,-0.0007746061718344309,0.06750633553690732,0.01637608431305996,0.019629436479346396,-0.00308421903771584,0.0017868987892836804,0.0018009862791402093,-0.018558285935228316,-0.00241998196881866,-5.845579898746275e-05,0.001016702240835133,-0.0005811899057618748,-0.0003323772150240707,-0.004866633875254876,0.004610216628007042,-0.0005540301909341583,0.002037586240590973,-0.0007738772428177814,0.005821405517900898,0.0017233960966180873,0.0008459935049799786,-0.0016067203668027562,-0.007327896484939847,0.0012271241176464512,-0.12676492224132527,8.1532755,8.442193,1
5.3765,15.0,6.502976190476191,1.1488095238095235,827.0,2.461309523809524,34.74,-120.46,2.231,34.74,-120.46,-0.13883781273772947,0.021158789949210177,-0.0009583242737926001,-0.00021745469522967551,0.05793222340686498,0.008517079854471333,-0.0061683989728850185,0.008063110749454757,-0.0001212535191418453,-0.0013801794824568063,-0.041537428687514096,-0.008310954784017898,0.00037424805574266465,0.0014437016248452397,0.001032604471861215,0.0003032332631583804,0.00834517105330982,-0.003315869019405455,0.0006159605512369467,-0.00209862808721238,0.0037440002603000553,0.011607066962515528,0.003719568265290716,0.001117292978447415,-0.0004868114063391887,0.003305982231538847,0.009815787567241142,-0.14707030103796057,-1.3778384,8.432185,0
9.1881,52.0,7.255506607929515,1.039647577092511,546.0,2.405286343612335,37.79,-122.48,5.00001,37.79,-122.48,-0.005755192006567684,0.044050642540724834,0.01059636058279143,0.01565414814572154,-0.07328024762342411,-0.0275944961741625,-0.18937639274765616,-0.0010485842177700494,0.0035890794710932926,0.0029716642670634262,-0.0024692415336490265,-0.005289332938255445,0.0043699514041465465,-0.00045632936624749734,0.014109428044628034,-0.003337628002149917,-0.06686076708635973,-0.042863861743800837,0.0020438271206961625,0.0002921719229748193,-0.001453485711655675,-0.008452499804327825,0.0007045803528751399,-0.0030154514090491094,0.0014024246520110183,0.006109108150529553,0.01703441114356844,0.0939476502038256,8.282795,3.9443967,-1
6.3501,23.0,6.299479166666667,0.90625,1066.0,2.7760416666666665,37.66,-122.04,3.5,37.66,-122.04,-0.017666196996874196,0.017147797382371065,-0.010041351589461529,0.004457963327601866,0.03460207168476887,0.019583365210718504,-0.012492796856979784,-0.0003961213628662657,-0.0013917485606971182,-0.0004503213005600938,0.007024558490075969,0.007924042314937155,0.0010501137524121444,0.003034241626549613,-0.00214678676743303,0.0011278313995562502,-0.003431556679172227,0.0008220636117527111,-0.0011153221445503712,-0.0004328844249904219,-0.0013048973145233036,0.021339054521103424,0.001965155312642125,0.0006417433544810549,-0.0002735201028401152,-0.01385119769749569,-0.002910190468967076,-0.05576455571973058,5.628712,6.7830553,1
5.2285,24.0,5.932710280373832,0.9457943925233644,1466.0,2.7401869158878505,36.66,-121.64,2.481,36.66,-121.64,0.014937858403226882,0.01905424460600644,0.0008458403653186718,-0.00015485698349656875,0.05492005478020663,0.01970632201698819,0.00022917369771188382,0.0001390463244141607,-0.0006151220625214555,0.0009548362177938996,0.011008201662975519,0.0002901688196632716,0.0009399728036637335,0.0016219169328628327,-0.00042755080385649966,-9.549531911512502e-05,-0.00047114276120154377,0.001919659531667842,-0.0007263907782924677,0.0025855568537259646,-0.0007999459333120688,-0.006356427094060635,-0.001322452592503638,0.002620107743403143,0.0011994892620650582,-0.016335035023934123,-0.001184473953364729,-0.07051430027309821,6.899504,7.1468754,1
5.866,52.0,5.19971870604782,1.1772151898734178,1446.0,2.0337552742616034,37.8,-122.41,5.00001,37.8,-122.41,0.10618586764707888,0.010997157399022253,0.01021042339672696,0.011550330610886955,-0.0005397052901824739,-0.05138249314946934,-0.1623672620824318,0.008280523734871259,0.004122762665679035,0.005530334266397689,0.06306300083666481,0.0034250915340347013,0.0038807579329833367,-0.002688241092881162,0.00016729118680643354,-0.0005925032278777451,0.014233695359782517,0.007992382592987343,0.0009260488420515357,0.001535235974519785,-0.00035128329349175225,-0.011562364983934217,0.002929472131066474,0.0005347951481562846,0.0029825878147776786,0.020293385439625694,-0.01732076069595919,0.1207030374589119,8.711787,4.0653133,-1
5.4513,33.0,7.080213903743315,1.0588235294117647,1324.0,2.360071301247772,36.81,-119.81,1.433,36.81,-119.81,0.047113645818314856,0.01826488515062321,-0.0022026483621524697,0.0023149677090660245,0.07964449013240775,0.0015408113262552112,-0.014430124322656753,-0.009466556945651298,-6.922755013675651e-05,0.0018246918489699892,0.018942008073346443,0.002818426765037647,0.0011931521431294567,0.0014611858697034287,-0.0005467555711838533,-0.004912549337232391,-0.006738085716225837,-0.001256720599362889,0.000729743199513339,-0.00015885029510516457,-0.007895341540210975,0.0007079951139104377,0.000997834897002786,0.0005888385851340163,-0.0009819103737781457,0.00469752963007215,0.007786839649791919,-0.22938004782712404,8.053821,8.634476,1
5.9539,39.0,6.27027027027027,1.0324324324324323,508.0,2.745945945945946,37.53,-122.31,3.791,37.53,-122.31,0.10390028584816247,0.01596422502062032,-0.007216621947243708,0.0005969844576131971,0.10282890346672503,0.018532542970075963,-0.02208112680107401,-0.003934321537671213,-0.0012769693489160753,0.0035885794526310656,-0.010099777628266584,0.004654906906620805,0.003199990522455604,-0.0005534662019039118,0.01092768896255139,0.0006846833459865218,0.004171824380934445,0.0014833179343097958,0.001103403652048254,-0.0004668517303169023,-0.007893965355616131,-0.004030136581892537,0.0023506233848280176,0.001961368973136049,0.0011538495266485201,-0.01592281522330549,-0.0075325374521566625,0.008913165272607184,9.590527,6.628391,1
5.7876,33.0,6.117647058823529,0.9963235294117648,759.0,2.7904411764705883,37.27,-122.0,4.158,37.27,-122.0,0.08746964022352506,0.013554964285595826,-0.007669749331930273,0.006169659131444563,0.09434258068283859,0.02107309742227359,-0.008747502412540126,0.0006254515300625581,-0.0012794999060304298,0.0036169634383528206,0.0014355582388409266,0.0035254742055128912,0.001603891050923784,-0.00023893341467825602,0.00028639570251165535,0.00010583491905829522,-0.00263941463032582,0.004029188058935433,-0.000983803819968027,0.0002616846865720876,0.0032836707745211463,-0.0032189678081429723,0.001947023384385461,0.00024718413968820914,0.0010998960157392506,-0.01543879210882566,-0.00367945976834825,-0.05021968742102084,9.518635,7.069667,1
5.2533,22.0,5.257093723129836,1.0412725709372312,2983.0,2.564918314703353,37.27,-121.96,2.691,37.27,-121.96,0.009140086891167323,0.019782179607029528,-0.0022516317642580766,0.00520170736826685,0.16188808802485644,0.018718002466664746,0.001872084058905764,0.0010023361758782258,0.0003996600683632186,0.0009032275155418267,0.022136304837320937,-0.00304875342582591,0.0011149059363759319,-0.0007258723638019308,0.0008584783161157825,-0.0006689464326828001,-0.0011801210707145912,-0.0030413208594064272,4.49706645638485e-06,0.0005530171390334935,-0.0033079088572268303,0.0013325619419361126,-0.0002504536251845866,0.0006267441366128744,-0.0015557305805895462,-0.005418710288749052,-0.001640859342616902,-0.047163126566600475,7.811413,6.3748717,1
6.2154,47.0,5.953316953316953,1.0,1010.0,2.481572481572482,37.48,-122.24,3.627,37.48,-122.24,0.10377293382827207,0.013009750388614074,-0.006800973029964905,0.008108436073057985,0.08487251764354953,0.009619277923885696,0.014192778553962658,-0.002249182801671712,-0.0015012721645987028,0.0035495180174031095,-0.008390467641482243,0.005856532398991523,0.0015773974153911571,0.00013633776298573768,-0.0004513215274845289,-0.0014461933832612456,-0.0032626486068700828,0.0064795036609765185,-0.0009969642503640582,0.0003566825497632056,0.01726287803479431,0.022791996565686166,0.004665931632625856,0.0006207100034306757,-0.00027184330563673995,-0.0016812596585473521,-0.01058120971056139,0.015077967311190576,9.6933565,6.322625,1
5.2523,7.0,6.335913312693498,1.0077399380804954,2228.0,3.4489164086687305,38.17,-122.18,1.613,38.17,-122.18,-0.07661536896274793,0.01827672157203748,0.0003285478517463344,0.00482606380812824,-0.04554556764235354,-0.001857963611035614,-0.01903356718251009,0.010653875939688149,0.0001828402494318889,0.0025169829382072372,0.04542241799605936,0.008661698335334575,-0.004064565868035731,-0.0006286247583821764,-0.0031141600722839335,-0.002217798623218739,-0.007327911709648508,-0.0009466519932115061,-0.00013693430555418838,0.0008977247771860231,-0.000790226446451014,0.007080033504932095,0.006380157084148671,0.00096204072604549,-0.003075985528479024,0.06224663904953993,0.010819463562906036,-0.1702110909066157,-0.44276175,6.827801,0
6.6455,16.0,7.1695652173913045,0.991304347826087,769.0,3.343478260869565,37.31,-121.77,3.026,37.31,-121.77,-0.06435755671406626,0.019060154270672303,-0.005889293225987262,3.1848676456595177e-06,0.0036441485937300337,0.01457267147732932,-0.025259607730401857,0.003345714363510591,0.0018926681518055268,-0.0024867972717502605,0.048766790542664896,-0.009720547876724512,-9.523617372039809e-05,-0.001983480368046659,0.005935510792709604,-0.016242792409916443,0.01205088192864997,0.003766014498305484,-0.0011022313394821995,0.0017565328812076226,0.002596886620003624,-0.00469704041410902,-0.005851293323975368,0.00070579559282436,0.0008355621391907808,-0.002577086813640452,-0.008692889669423472,-0.0404834329766383,-2.4921358,7.702999,0
6.2275,34.0,6.215302491103203,0.9750889679715302,2865.0,2.548932384341637,37.88,-122.14,3.944,37.88,-122.14,0.08457623335455093,0.013751598267081177,-0.006735750393222711,0.011978465337679677,0.11576671408149483,0.011633533186117782,-0.0043807787414934345,-0.0019439040424074339,-0.0012738131554263612,0.001345015934377239,0.004111250675811223,-0.0012739995427425938,0.0014628575624784069,-0.0009669148363144629,-0.002148122924353909,0.0002137006801017781,-0.002927829041109287,0.004068206351696681,-0.0011718442591416788,0.0017809370070355733,0.0003747423698059896,0.007769871248964449,0.0002039394115999277,0.0024507244561734884,-0.0022880350686874562,-0.0013783241048707028,-0.0042677208715626675,-0.12467110356975916,8.539892,8.046111,1
9.5271,16.0,8.459251101321586,1.0418502202643172,2777.0,3.058370044052864,37.84,-122.0,5.00001,37.84,-122.0,0.0029830402256231345,0.0485040347964653,-0.004854134824784525,0.017483865407378407,0.06902990956339382,0.042341909240734464,-0.0013126318696456058,0.002729299629733813,-0.0034217631378535866,-0.0012069227851455497,0.01200965588619141,0.0026195740151958775,0.0004920662096080384,0.0019103067764760003,-0.0028709314801190133,-0.011436715869588297,0.01281856008728428,0.0011010368416453167,0.0004679448627036085,0.0004123550322016756,0.002871733366526728,0.00029734392740569037,-0.00031520051617187647,0.0014899494170544664,-0.0024239992745136384,-0.0013877951441655031,-0.013746004437567587,-0.05806108895145382,6.930311,6.1889286,1
6.8872,2.0,10.27217125382263,1.311926605504587,2012.0,3.076452599388379,38.3,-122.08,3.052,38.3,-122.08,-0.07941282978501686,0.05032476229847953,0.011046291812183433,0.005873500067822748,0.022626669141479365,0.06586654916700585,-0.03039844131471497,0.014238825684656956,-0.0005326815223013694,-0.002573529571396119,0.037140497692462124,0.025718413657491338,0.0017616692813795186,-0.014558841919281397,-0.00450248428468495,-0.013152147724627916,0.01851766434376014,-0.018163039715780285,0.0006988198453738352,9.684313613191785e-05,0.014473513921945066,-0.0189354723781185,-0.0010518671008008932,0.0013221611754783914,-0.0003971559813901668,0.015615778399196449,-0.010583813416345442,-0.12945767882282955,-0.8800765,7.50967,0
5.419,6.0,6.692551505546751,1.0649762282091917,1747.0,2.768621236133122,38.73,-121.28,2.674,38.73,-121.28,-0.11680069597990156,0.018806069428695886,-0.001436714684513046,0.0020427469574399626,0.05125477360462381,0.01729908565197046,0.009956419369971764,0.013031976416146085,-0.00043212364896893894,-0.001258068176185756,0.0016584588039882545,0.03036313104370937,0.003343257201172661,0.0017571837824333066,0.0005676309221480644,0.0018314108912064054,-0.011802901541794355,-0.004787093327853229,0.0007651127635612883,0.0002889628497948693,0.0014742407895708156,0.0018092123391995213,-0.0011409334000222848,0.001967256172562713,7.049679845958298e-05,0.007169463961608612,0.0015719894621886762,-0.08570615518626673,-1.4475325,8.394542,0
5.5632,24.0,6.343355965082444,0.9776915615906888,2667.0,2.586808923375364,38.64,-121.36,1.752,38.64,-121.36,0.006845900180456264,0.02005883676778121,-0.0012935905281047165,0.003906031104996069,0.12475153768307823,-0.0004257098869996659,0.004534084696465494,-0.000998836039133552,-0.0001907106313665406,-0.0016315348952666594,0.018679733672136375,-0.011425722144500165,0.0007807417094574332,-0.0010826655171356245,-0.002121917430468119,-0.0003754859713597089,-0.00739800210180792,-0.0035888696201822447,-0.0006613587284901848,0.0013205897429786123,-0.00015661598509085977,0.0003297253680436626,-0.0024414844502628793,0.0017190577698585625,-0.001024262882350448,-0.03038840042967539,0.0020889870840943726,-0.12771356978145953,8.059639,7.799336,1
15.0,19.0,7.626262626262626,0.9393939393939394,267.0,2.696969696969697,37.25,-121.98,5.00001,37.25,-121.98,0.011900835895306376,0.037196430605545346,0.005534835858882508,0.010442860544226938,0.035610500296285326,0.02329413341817241,0.001965339786899655,-0.0037468793153754916,-0.0004731459412660621,-0.002869694332387198,0.00562966656709167,-0.0037431752282655706,0.0007808438236616291,0.006463020812716949,0.007084527484460052,0.00031573663472931365,0.011095439857316322,0.014029735512535103,0.012979508321079877,-6.900591157778466e-05,0.017932425592602365,0.0303039276439724,-0.0014275390444410752,0.007610693516327016,0.004164786329109289,-0.012472529603597262,-0.00025748863178116845,-0.006735831381463707,5.8363256,6.01612,1
6.2073,31.0,5.934020618556701,0.9855670103092784,1276.0,2.6309278350515464,37.58,-121.99,2.825,37.58,-121.99,0.02039437752620233,0.014905289195931043,-0.009014970540114431,0.006028090838803419,0.09694539756573332,0.02173388334831248,-0.014896032170575108,0.0004709239575751803,-0.0012794999060304298,0.001700368958964978,0.0039502129304762055,-0.0006946174820173334,0.0015532187434615843,-0.00010977932636326883,-0.00038436489110216964,-0.001183280811215509,-0.0028813089121707105,0.005107770117734239,-0.0009027351139577984,0.0002747533460672285,0.004689927718652727,-0.0027753912196800514,-0.0005097524814454703,-0.0004352755696681486,0.0008160087804775844,-0.014201747896447466,-0.0018528967411852073,-0.055353144279329504,7.162261,6.759952,1
7.598,21.0,6.562162162162162,1.037837837837838,500.0,2.702702702702702,37.27,-121.99,3.478,37.27,-121.99,-0.02166600675199625,0.018771397677678825,-0.008492886435653118,-0.00011042163727856014,0.022991419537809563,0.018022961590009844,-0.016218835358270837,-0.003065154496533922,-0.001096986544394338,-0.0014052753057951237,0.006987229912581448,-0.0045090275830456505,0.001433127745450966,-0.000549634012348378,0.01225784435931188,0.0034127024407699757,0.019136526270296123,0.0009634963137255568,0.0009942267665650822,-0.000489661288147978,-0.0029791219285464866,0.0001435579033501473,0.0017001575394410455,0.00033245244244860657,0.0034407123060099286,-0.013137340829695372,-0.002985931694061415,-0.02568414714265492,5.2879696,6.288627,1
6.3624,30.0,5.615384615384615,0.7307692307692307,126.0,2.423076923076923,37.81,-122.18,4.833,37.81,-122.18,0.046111482962979906,0.01581697782010708,-0.002950359377549644,-0.0693411294874868,0.05600199572347713,0.009635977335285333,0.005762240415001438,-0.00018284223133767196,-0.00018722288514974047,0.006400145108460969,0.012976523084626277,-0.0006447852971260438,-3.0290160286232268e-05,0.024606585598119474,0.007984497687641076,0.0036916129752739275,0.00496314058957401,0.006844578844784402,0.021920031406967258,0.0016964833696167735,0.0021989990201817375,0.15600425481520636,-0.011942046122320847,0.00988489622077349,-0.00643314227745219,0.009737881475282307,-0.0006613348548159914,-0.12554146725141777,7.749141,8.132925,1
7.2477,16.0,6.660377358490566,1.0471698113207548,770.0,2.4213836477987423,37.54,-122.26,3.76,37.54,-122.26,-0.11479129978345395,0.01510501972657406,0.00808051990634259,0.00643501311631359,0.02426660605666956,0.007819850648227846,-0.01590986607847519,0.00896926520799249,-0.003420971911723307,-0.0029765752594228738,-0.041674171263302674,-0.005791319589572287,0.00018574729528786886,0.0021565372551453858,0.008080314996827336,-0.0027779505589534403,0.019255553522967744,-0.005938627968071494,0.0011112046267240158,-0.0006206675365262382,-0.009517015229502782,-0.007741942151333983,0.004806013374476949,0.0014357513187621604,-0.00017523196548961065,0.003286070313436992,-0.009815991317356186,0.021649982414458945,-1.9737855,8.662721,0
5.4607,28.0,6.122913505311077,0.9726858877086496,1881.0,2.8543247344461307,37.99,-122.0,1.923,37.99,-122.0,-0.017729659339656062,0.01859516807739729,-0.001365876375208587,0.002911576476951921,-0.04205936192764008,-0.0057033896174529895,-0.021416599002151707,0.0005651565373026824,-0.0003632257719018401,-0.0011917116120159972,-0.008433255756559298,-0.014157366260579174,0.001022656380222903,0.00032337733362831857,-0.0007600190652154764,0.0006374155785399084,-0.006246851795624831,0.0013721627693332014,-0.0006062611057580515,0.0012992979010726918,-0.00010780918184793124,-0.0006309584983460826,-0.0011631527346692844,0.00024073194194530962,0.0007792822794065981,0.00805002021917395,-0.0006415841466216549,-0.12566278634074865,2.3622723,6.708087,1
6.4789,15.0,7.909230769230769,1.0253846153846151,3868.0,2.9753846153846157,38.77,-121.14,2.878,38.77,-121.14,-0.06655929691059714,0.0313843198184556,-0.006188930038956339,0.012507810924757277,0.023729911319302407,0.07838832310943766,0.013512434369665047,0.0012664941021767347,0.0019152964418418686,0.0009591505934610719,0.03656219658431423,0.028853785525892406,0.0018257055778620446,-0.002198014685160527,-0.003975619124670944,-0.004649510083000395,0.016044679602290043,-0.0015577250798677394,-0.0008030861216101748,0.0008092941523541421,0.005250778464248057,0.0013165637081827715,-0.003628743129678475,0.0006006633773991193,-0.002097990582115293,0.017107270827939426,-0.002828093663814006,-0.07356128979381736,-1.326661,7.6595387,0
6.7159,12.0,7.289962825278811,1.0408921933085502,985.0,3.661710037174721,37.3,-121.74,3.627,37.3,-121.74,-0.059178737449279754,0.022531474232195394,0.011383778139563894,2.7623509293073863e-05,0.007345360027052442,0.01749705111537001,-0.015881828594697757,0.004582972470159528,-0.0034396440711082564,-0.0036113432476391903,0.054980925761358206,-0.009218086010828411,-1.760574775908177e-06,0.002010264257696909,1.7744174244539815e-05,0.013794166599532691,0.011149361885803578,0.023417927348778667,0.0009294455076576272,9.651648950301817e-06,-0.0021771784592049433,-0.00014097593433816386,-0.008028080830102187,-0.00016813371680280737,0.00013419907026223255,0.0019353204807080538,0.027617702159183372,-0.0333539767037435,-2.8057973,7.834493,0
5.6493,40.0,6.74438202247191,1.0758426966292134,894.0,2.51123595505618,37.59,-122.41,4.224,37.59,-122.41,0.09354707272762029,0.025880851505009482,0.0028519004965062073,0.005882075803748418,0.14325161900859085,-0.027023979877995492,-0.14923489850275637,0.007166605430634018,1.894371361590912e-06,0.002807866891624342,-0.008975527538028666,0.0030241893879340903,0.0030798447785944506,0.0015947903449740897,0.0007717635836578913,0.0024983034490887127,0.014184332443400324,0.009395047001850903,0.0011190603974099713,-0.00018348741265085462,-0.008221478964416303,-0.007679850317277565,0.005287225523810687,2.835616545664621e-05,-0.001854230952311744,-0.003493844001835655,-0.0017624037511143231,0.0868189183983146,8.925108,4.2916675,-1
5.5789,36.0,5.365461847389558,1.036144578313253,678.0,2.7228915662650603,38.01,-122.64,2.92,38.01,-122.64,0.064476082599013,0.017175619061595013,0.0007669671595757546,0.0009525173620812153,0.08278478285097146,0.012362673621816828,-0.06427419482278166,0.00023079985508459968,-0.00036855399730419683,0.001973160148077898,0.0013049754051666675,-0.010822659750177667,0.00221078989617252,5.862771739032792e-07,-0.0026388646250879,-0.00027884416931889895,0.01458765773812689,0.014018727382029757,0.00037061562708317486,-0.000598600605244467,0.003275132726429838,-0.0006841082308726379,0.0025663236007548887,-0.0014009994727168025,0.0014400989823224342,0.0036491021272888396,-0.008444889447250647,0.025967824060381398,8.972178,4.886858,1
9.7194,9.0,8.306260575296108,0.976311336717428,1981.0,3.3519458544839256,37.49,-121.89,5.00001,37.49,-121.89,0.012505121929661727,0.04389774632335454,0.007399439629152947,0.01452925073445693,0.09367852270822302,0.021329689697565272,-0.0038371758190234,0.018352264257590612,0.0019317242520325028,-0.0010563091054008001,0.017566194539609354,-0.008310925063358725,-0.0005292239344133406,-0.0018649794806293108,-0.0022069806572328995,0.026489000931898727,-0.006293746864216257,0.0011925108612998068,-0.0012217203979144723,0.0022431963899706988,0.0013060979541343,-0.0015265121276157147,-0.000613134308187707,-0.00046215960878148705,-0.00030368962899506794,-0.0024455475279351697,-0.011004615196908542,-0.026912193944026948,7.2240133,6.125029,1
5.6302,48.0,5.79009900990099,0.9683168316831684,1159.0,2.295049504950495,37.91,-122.54,4.89,37.91,-122.54,0.0739059498340645,0.014967007724473718,-0.0024334067794184065,0.0061372927487420665,0.07830413443841344,-0.013832535464310881,-0.15557543249962788,0.0003237840887825946,0.00016880275695091003,0.002917803360612384,0.0008839726334311105,0.0004231455546295689,0.0077537779665055725,0.0023161262000039196,-0.00043104490701090025,0.0015588703662316582,0.008509885352190705,0.017422377720801588,-0.00032004126488657185,0.003014789652222435,0.005392227636831923,0.02071647480149369,0.0053681889838513,0.0009381618000687722,0.0015732901265292797,0.004094597049086929,0.013633666940584698,0.11529167561862892,8.8554,4.2358556,-1
5.1991,39.0,6.309446254071661,1.0944625407166124,742.0,2.416938110749186,37.73,-122.49,3.694,37.73,-122.49,0.08120034334604197,0.02174151692027985,-0.0013543316378590519,-8.144678608133804e-05,0.09489375512105955,-0.021041210220824447,-0.0915778556898232,-0.004494854526305907,8.218056668669033e-06,0.0014604908506444026,-0.004902075754367371,-9.454366498343818e-05,0.004769126247314689,-0.00023366069130944524,0.004395209821295475,0.003990999572198053,-0.00027675716248257935,-0.0069799229389478495,-0.0007170921131883666,-0.0016760521049534523,0.0012841312014441253,-0.012204760002933052,0.003167300238474437,-0.0024788901364907207,-0.0011823393912869314,0.0070083904210195835,0.00868061190526098,0.0610178333659353,8.9376955,4.7387457,1
5.1629,20.0,6.178787878787879,1.1303030303030304,862.0,2.6121212121212123,37.73,-121.46,2.229,37.73,-121.46,0.007077014643514225,0.02057160761649277,-0.0017123650479914027,-0.0013574552105029725,0.13202602980076733,0.019065009911115798,0.012768409304349668,-0.0005952102388468368,0.00030187394892190495,-0.0007776854362328058,0.020115641293573707,0.004643308294690005,0.000530624759111622,0.0013131403974845168,0.002160056987255928,-0.0014079981205219806,-0.004648926172817688,0.0016187478548554094,0.0007596063191299589,-0.001592986748438761,-0.004147446744486204,-0.0019484281643522368,0.0009532750620870319,0.0008210811338326283,0.0010658684428330432,-0.01369185383880819,0.000729501755331695,-0.10915139507427982,7.9854164,7.660854,1
5.8453,10.0,15.115384615384617,2.230769230769231,247.0,2.375,40.23,-121.19,1.938,40.23,-121.19,-0.1327498254188411,0.04510075636924062,0.009633834209118416,-0.040144355550830776,0.06122448074648854,0.12069447267061355,0.009504333538949956,0.01653853030119269,0.00393458503294889,0.00438930711462302,-0.04953275839449574,0.014226597921077711,0.001447642700164481,-0.035477909357519294,0.0077622628504556025,-0.016804694027615835,-0.009609104972654318,-0.00597053849117827,-0.006955656308796746,-0.002991462509419259,-0.011031367828287269,-0.006101598202443259,-0.01886012751378529,-0.028787771304002577,0.005102598069520943,-0.06573513023649269,0.006249481597308915,-0.06809835116655137,-1.547517,8.291534,0
5.6018,16.0,6.767241379310345,0.9913793103448276,1014.0,2.913793103448276,38.37,-122.71,2.53,38.37,-122.71,-0.07029769840030159,0.023439172318603662,0.00013316447247720402,-0.0003640165696606033,-0.012388847921310923,0.06128426919487097,-0.06735640043460121,0.005785496278606547,0.00015850017793846927,-0.0024892800518729586,0.045600931165248,0.02552659856106273,-0.005796789859455921,-0.000862921505583157,0.001473946034011157,0.004880819169355974,-0.06764923328045792,-0.026181346673292298,-0.0011089811824888803,0.0018866461686458298,0.002534487755755821,0.013038568756335609,0.003069321511814423,0.002170100736741668,-0.002311957369830493,0.008217773983728954,0.004413118274015959,-0.04393582880851032,-1.4465514,7.2168,0
6.3967,36.0,6.666666666666667,1.0481927710843373,655.0,2.630522088353413,37.39,-122.11,5.00001,37.39,-122.11,0.11536435143807815,0.01768136074634983,0.016654858472040474,0.009134525894408985,0.12166442937128247,0.020784344403784273,-0.001907428460923604,0.006611235250668438,0.0016320794602851657,0.004540688975172779,0.007619864028397815,0.005369412809851974,-0.001044358308898132,0.00034249388587529546,0.008477293498848066,-0.000651215225939863,0.020962480599352202,-0.0047236493736786634,-0.00043370228856745693,0.0024342963502961444,-0.01671340797751676,-0.01266355250918468,0.0017872603900452397,0.00029814370777794173,0.0033889386083188508,-0.014010473399083703,-0.0032626888742521946,0.003677457081581034,9.680284,6.6754603,1
6.1551,11.0,7.25615763546798,1.0307881773399017,2327.0,2.8657635467980294,36.58,-121.67,2.918,36.58,-121.67,-0.08349295760582658,0.023880567370961038,-0.006815449719309005,0.009366090912249199,0.03069283593575905,0.017545164159012586,-0.018319669262942775,0.01325183595035022,0.0019056577765714576,0.0012089487059595016,0.04055619966873607,-0.008062909860280784,-0.0002897361863430272,-0.0021178400543315525,-0.0030834450613099525,0.00473891045790347,0.012516515646483905,0.0014697862888617395,-0.0012590438033510032,0.0013797046825785176,-0.002497251707213043,-0.0066174553732406,-0.0006950257410104333,-0.012230306771811562,-0.0026766081446796875,-0.011467090325139866,0.0008653395441989335,-0.04053650192188176,-2.5279613,8.19356,0
5.2527,25.0,6.770491803278689,1.0102459016393444,1464.0,3.0,38.28,-122.04,1.306,38.28,-122.04,0.003033982649414167,0.01679881270524509,0.0010040719763698444,-0.0004921748091793358,-0.060406605857304056,-0.012490883365733183,-0.021299293019288144,-0.004543741920393986,-0.0001946667620179333,0.0009356072855763441,-0.008232602941243637,-0.015395988770812531,0.0005543143883613586,-0.0014370682787108687,-0.00012155623541504904,-0.00030017943357879643,-0.02699813983155156,-0.004006377266552278,-0.001036022752428533,0.0018098452481570863,0.002436249793110551,0.0003549644392226575,-0.0007856051791399672,0.0022946112983119535,0.00033119051252671994,0.024707640514670687,-0.009624637207983578,-0.12218415977569932,2.253059,6.7374396,1
6.1668,9.0,7.596153846153846,1.3798076923076923,465.0,2.235576923076923,36.37,-121.66,4.058,36.37,-121.66,-0.1391693932652502,0.03591246759299361,0.011009434780221117,-0.00042874618833268314,0.02447575665282668,0.00718099887115434,-0.01152590298917363,0.02405294063383579,-0.0003944477975956376,-0.007403530620481149,-0.059069603435917634,-0.009047276509229572,3.160234418131408e-05,-0.016254898737974866,0.017727964306498964,-0.0018411042835197685,0.008242534529295227,0.0008016920833118121,-0.002929990243053576,-0.0036885589383881165,0.001221501511211435,0.005583760404561241,0.0022126708966022255,0.003972432462790039,0.006644291068043435,0.0007433882257920127,0.006044752040839501,-0.026333257606626803,-1.8427525,8.644677,0
8.634,48.0,5.615942028985507,0.9166666666666666,641.0,2.322463768115942,37.9,-122.56,4.635,37.9,-122.56,-0.002611799156549223,0.018198916174889515,-0.008153303855806874,0.019093986889934977,-0.08568344329795508,-0.034578874763490315,-0.17751844114288792,-0.00311376410371234,0.0015775987762121127,0.0023455135323659816,0.00525960006070036,-0.00011667196651299572,0.007909801531222758,0.0020393439193817325,-0.0006196885153148328,0.0041390131140829674,0.008727362143728254,0.01634434638572886,-0.000700350735515732,0.0028386345218093688,-0.010803749348290889,0.029226328841263978,0.0017408489087946735,-0.0026501587457926938,-0.0007561957782445725,0.006807802022213134,0.020735175056585356,0.12139245572611057,8.254529,3.9297438,-1
5.6431,52.0,5.817351598173516,1.0730593607305936,558.0,2.547945205479452,37.85,-122.25,3.413,37.85,-122.25,0.07843000057922739,0.015078820524145959,0.002950822781672717,0.0005765546148928545,0.15380026789449616,0.011503138488609304,0.008823953289432902,0.0013992044444839271,0.0020750651660877695,0.0032560664505246915,-0.008590004718440238,-0.0022490155827822006,-9.680140120412045e-05,-0.0004651628000194488,0.004042093274994616,-0.0011335997607315128,0.00289399512966025,0.007149146507190144,-0.0012945802823723352,-0.0011583173989013606,-0.0007992815857261675,-0.0006749719294234462,0.004380561900842483,-0.003060997273615803,0.0008429619361480402,0.00223996610801827,-0.006383337269189981,-0.11526812011351427,8.68187,7.792418,1
5.2879,12.0,5.410596026490066,1.0066225165562914,3436.0,3.250709555345317,37.57,-122.04,2.312,37.57,-122.04,-0.07294183885736288,0.01936952215525901,-0.0005557861376712769,0.011485036183858061,-0.03258460219404476,0.022076311981336038,-0.009704603436409139,-0.0017066183586692647,0.0002759160650995568,0.0049883891538920495,0.05649677444086675,-0.000805826756907431,0.0005388951656716929,0.0007514850252988327,0.002392026131590649,0.0011338187351059674,-0.002080365823837721,0.0002368829544733336,0.00019708497809394501,0.0017603098632104387,0.003463945372220356,-0.002335051848209256,-0.0012693789782320028,0.0004189410010175523,-0.001690835913174558,-0.010490146373708705,-0.006081597891667018,-0.050370308339932196,-2.3708534,7.0438747,0
7.9135,21.0,7.928571428571429,1.1114285714285714,856.0,2.4457142857142857,37.25,-121.97,4.964,37.25,-121.97,-0.010342425486055299,0.03303210945320781,0.018385741457327236,0.01299826451670687,-0.010768335060990902,0.007656226639858435,0.0064476498969176016,-0.004231200121237224,0.0017735664351276428,-0.0006651806184331712,0.005512545637511618,-0.004502693123621387,0.0014987072778721868,0.001208902286625479,0.0008708276457041556,-4.6564933739626224e-05,-0.0020849315836565093,0.008879795434073133,0.0011388095087501331,-0.0022156495727219195,-0.004836063866988948,-0.002908538962287659,0.002471762350479187,0.00025294573208539217,6.754749793875232e-07,0.003796336361438124,-0.0008352200721991209,-0.025055367209599562,3.9495523,6.3002534,1
6.1228,17.0,6.665079365079365,0.9984126984126984,2020.0,3.2063492063492065,37.55,-122.28,3.757,37.55,-122.28,-0.057447703722835884,0.014819628348987535,-0.004287216749080608,0.009327003593276331,-0.012140278007803405,0.025198058017943444,0.010145033167271715,0.0021808089459091763,0.0018926681518055277,0.0007454862352401405,0.061545144075832496,-0.00880661939893708,-0.00019511144809900916,-0.002124853820350067,-0.0027057799752672296,-0.009474228656230302,0.02121032465561083,-0.005853029829667091,-0.001116031144528961,0.0009884239898211927,0.01649267941748395,0.022938456439540122,0.0023993665995014255,-0.0019725867555751755,0.0026605499579677064,-0.0027799239995880886,0.0037317765392286205,0.0507543785325564,-2.6586874,7.417231,0
10.7339,35.0,8.570048309178745,0.9903381642512076,588.0,2.840579710144928,37.57,-122.36,5.00001,37.57,-122.36,-0.009353239960914528,0.034216034722424904,0.00242100900720027,0.0198589416190623,0.08369303552353367,-0.009910394331023436,-0.09130894461955992,0.004949253358131352,-0.001277769286077754,0.0024000998146336172,-0.0049740028728973195,9.933020763044993e-05,0.003546527484881681,-0.0001763553369076493,0.011184691855300535,-0.006184231067062659,0.0026536193262516727,-0.009127518892097923,0.000790751497382799,-0.0004207873301972203,0.018597992423206533,0.018370074115669693,0.0006430734535702287,0.0012426247992753843,0.0018598853972788057,-0.017895148892863404,-0.011810948067379997,0.07458657489339109,8.359923,4.619418,1
6.9051,5.0,8.527293844367016,1.3077816492450638,4276.0,2.483159117305459,37.9,-121.6,3.409,37.9,-121.6,-0.11972545084035986,0.03868747029243337,0.010629159636322267,0.01165205761659147,0.006556738032579839,0.017445814895157636,-0.0009704563577539371,0.01995645093403994,-0.0005334727484316488,-0.0021609727051438263,-0.0373326315778474,0.0020535087108904324,-0.00013846800690811993,-0.014547265342283983,-0.004322711463997542,-0.00610859818399299,0.0074205145785973085,-0.016938199225396626,0.0002922120219150178,-0.002129673405220361,-0.004003962279636965,0.003073199113129953,0.00013645069713536984,0.0014678246750915171,-0.0015314671772910034,0.0067407869287913254,0.00761407806069749,-0.07745416214721172,-1.6124743,8.568049,0
6.5,20.0,6.451612903225806,0.8064516129032258,83.0,2.677419354838709,37.69,-122.03,3.4,37.69,-122.03,0.03191225102383346,0.02069192239685391,-0.005975444604824215,-0.07141570623209484,0.0381989160320376,0.022848403225055013,-0.005650567956212515,0.006116674070214658,-0.0004731459412660615,0.04724051838039056,0.008680466873897612,0.005367285852391475,0.0008928548048008634,0.006050746792034422,0.019673269868956175,0.0016907101614739297,-0.002319201809769649,-0.0005369270425893034,-9.969142274429937e-05,-0.0005121358446556082,-0.0015304737842144766,0.02707847937565165,0.012523086995200898,0.021948752635240515,-0.040823647740816926,-0.01714527349916353,-0.0004759731992199258,-0.06966037178079013,7.0916777,7.3036222,1
10.4549,22.0,8.388135593220339,1.0610169491525423,1850.0,3.135593220338983,37.94,-122.12,5.00001,37.94,-122.12,0.023368182887365124,0.051183729498219616,0.0002983511785934794,0.018380999211340825,0.0846837157285536,0.09929836402178215,-0.016187280379998663,-0.004566314547709929,0.0017989078502163964,-0.0010056166058901783,0.006140901387923419,0.003988178686132556,0.0018129413204392383,0.0005397171397051941,-0.0010146898852148904,-0.006472927230283385,0.02524363454614292,-0.009183052376314393,0.0012469075330442392,-0.00010678582169713179,0.00016121128214699175,0.0010589035706600343,0.0006798229526310775,0.0009423453006382344,0.00010325496761426421,0.00957478709088218,-0.010648915637236838,-0.1410590358259583,7.28242,8.025753,1
5.7248,39.0,7.679775280898877,1.1713483146067416,1782.0,2.502808988764045,36.55,-121.91,3.988,36.55,-121.91,0.10527827081675054,0.02437403137827886,0.01426793082859225,0.010550674075304944,0.11035086284898417,0.008800967535891773,-0.01000918105687871,0.009182439238316922,0.0018855434938499537,0.003460364552812528,-0.008115854203756545,0.00863043485773033,0.0020192000873846517,0.001344372302011635,-0.001758009741290014,0.0008594751481292942,0.008693321314124354,0.0023864027138137604,0.001263724527163712,-0.002687868361178069,0.0010928513818823594,0.0003669706960287397,0.0008994345709532572,0.0018411718385477106,0.00023325862251834115,-0.002127146026772579,-0.01338223538021005,-0.01519962665018178,9.599977,6.66459,1
5.397,44.0,6.234299516908212,1.0555555555555556,1006.0,2.429951690821256,37.47,-122.16,3.417,37.47,-122.16,0.10686112329372843,0.01895923820410493,-0.002082964880773243,0.0010534968203728277,0.09853139510197141,0.010700680636595064,0.008130342592296497,-0.00358288032945661,1.8943713615908578e-06,0.0017408550887055806,-0.0048597962944037995,0.007599941722085382,0.00019897243595103526,0.0016047299929057186,-0.0018749221038368126,0.004384983680481899,0.003789004800753985,0.002049041946882668,0.0011022814901556933,0.0009645254920390195,-0.009158335092617289,-0.005717587873727508,0.0035851721423999167,-0.0005322119392307669,0.0006673487518647327,0.005826314467621979,-0.0041555784732681435,-0.014275627778626857,9.655161,6.715884,1
5.1616,29.0,5.518024032042724,0.9933244325767692,2023.0,2.7009345794392523,37.54,-122.0,2.751,37.54,-122.0,0.013389192330781582,0.018242447949635688,0.0004620762916090421,0.001584852483599645,0.07941530376518136,0.019497256220675403,-0.003484725378388837,0.001281523092261981,-0.000456569470373225,-0.0009819093288090464,-0.0018959227507611505,0.0029327610872504264,0.0014155198027109347,0.0004077884643846005,0.00038908696550321126,0.000737628986863704,-0.0024697895891045724,0.0010471697088548215,-6.665949884214385e-05,0.0011262492515948385,0.0015559789112766789,-0.003186231786309776,-0.0009976782789921433,-0.00044528668283199947,0.00024584886512093513,-0.015321278791289396,-0.0019364757926041735,-0.05169233175157268,6.9721575,6.859272,1
5.4675,32.0,6.169934640522876,1.0130718954248366,1790.0,2.9248366013071894,37.26,-121.91,2.611,37.26,-121.91,-0.005928176986618157,0.018929265545121046,0.0003902236309156039,0.0019357954732696489,-0.027903955042391484,0.020967460304282454,0.0010560299691490802,0.0008220763780975019,-0.00036322577190184014,0.000603555180900743,-0.009442267868718913,0.0035300955445132284,0.0015178341533646392,-0.001441155269885306,-0.0009841849251989326,0.00014670418158392186,-0.0022200474388338904,0.005357801294920622,-0.0011103705868012557,0.0010685878304108692,0.0030149519549219845,-0.0044735519226299925,-0.001129114150167496,-0.0002994716955675616,0.0008301091627083298,-0.021096099257038967,-0.0068066795034950845,-0.05154892386365474,3.5984068,6.586354,1
6.011,9.0,7.831223628691983,1.0717299578059072,1632.0,3.4430379746835444,36.8,-119.67,1.631,36.8,-119.67,-0.08653939337916025,0.024634422770174247,0.01123007189015319,0.005127100785050535,-0.038367913768453395,0.024490111003146964,-0.002627115097998989,0.020795209918896666,-0.00347090995521795,-0.004071831376264753,0.06052703849326882,-0.009236815318085869,-0.0007848955377237384,0.0019273242909740584,-0.0020077866150577657,-0.00653809545197967,-0.014238096291378923,-0.0063556398871940385,0.0011329754438983311,0.0012971993744703859,-0.007673431574481678,0.0009305968041638659,-0.0005473513926935614,0.0033525689589902295,-0.0017511408013290036,0.0029432228661595543,-0.015251178284837361,-0.2215456479483407,-0.33568937,6.9741125,0
5.4446,37.0,6.176691729323308,0.9849624060150376,620.0,2.330827067669173,37.81,-122.18,3.367,37.81,-122.18,0.06438283323826356,0.01887633435107349,0.00012334090703201695,-0.0019084249986530315,0.0788423056168837,0.010202788291500718,0.006459513658158958,-0.0010040301397908182,-0.00036322577190184003,0.0018402183693765404,0.01947746763548437,-0.0036243449376408797,2.9556855107833933e-06,0.0006195742136002891,0.0037464454908136316,0.0036422632321730496,-0.0009342767412426518,0.008482996719990078,0.0012508714993139244,0.002724799826420526,-0.0007085570739152835,0.00695895378588814,0.0036062932778057506,-0.0030183664308213497,0.002432123454557085,0.009097242266627696,-6.61258086270012e-05,-0.1270579026533829,8.336803,8.326337,1
5.2811,36.0,6.217252396166134,1.0862619808306708,828.0,2.6453674121405752,37.7,-122.49,2.877,37.7,-122.49,0.06436654851304345,0.02087266902361552,-0.0015880382505881515,0.00020288399766221866,0.09578849280182337,-0.01689056974853199,-0.10811712634232852,-0.00489512644442214,1.094434199912136e-06,0.0018214413836961998,0.0012791422970816787,-0.0005408822763063878,0.0030968222145473416,0.0009945382357078253,0.0008704428371709928,0.000456976864882799,-0.0001914645708789896,-0.007505418238017692,0.0011135419516736975,-0.00125055027246127,0.0012252915389311227,-0.012211944829484716,0.0027169447801131483,0.0012370495891598076,-0.0012738940627936525,-0.018057227464828234,-0.014215247553337104,0.05069821530171392,8.821757,4.6557446,1
5.5693,38.0,7.263888888888889,1.1111111111111112,226.0,3.138888888888889,37.99,-121.23,1.531,37.99,-121.23,0.06009122927823727,0.020706153177215577,-0.00022871688309176503,-0.015954893488226072,-0.08567883483339686,0.006652418930814347,0.0062797076160343406,0.004370926009072051,-0.00017141909960921036,0.00018874133576406605,-0.03286006010564164,-0.03120577996190936,-0.0013761924788357922,-0.0013067159817748964,-0.018210206505140273,-0.007061962868104892,-0.043688900012266295,0.0027275724431396076,-0.0059113843896366185,-0.0019907196762374343,-0.0030572191099470956,-0.001248320384756978,0.003437815637457255,-0.02322917251782866,0.005181554419840937,0.03330872314709944,-0.004882295613593887,-0.11141032556130992,2.319054,6.773224,1
6.4664,17.0,6.8609467455621305,0.9585798816568049,1076.0,3.1834319526627217,37.23,-121.81,2.783,37.23,-121.81,-0.06879383392689178,0.02209578384002133,-0.009035204350486107,-0.001777024777022325,-0.0077868040490746354,0.019707143594692715,-0.028310412464383216,0.004065163651201702,0.0018810780128398494,-0.003804739801911381,0.05294649552536737,-0.00971608263715456,-9.523617372039809e-05,0.0024715148284177916,-0.001329357035168348,-0.016268681209595747,0.011081866609567665,0.003724994364872413,-0.001084493951503572,0.001531856642651843,0.0028364087213971646,-0.004895250620567754,-0.005918398087610774,-0.0002055311884270647,0.00025039538761993874,-0.0068691754069282575,-0.007980557508369289,-0.041045193145010705,-2.4115293,7.519396,0
6.6136,39.0,5.891625615763547,1.0344827586206895,937.0,2.3078817733990147,37.43,-122.19,4.728,37.43,-122.19,0.07419998360986944,0.013214657319450296,-0.003861244070879549,0.010739102426614492,0.044595157979381114,0.006470649521967838,0.0022126898310699528,-0.002808197145325331,-0.0012647456171165658,0.0038765215567292217,0.006287894942360874,0.007013204848737048,0.0003103324416254923,-9.73990686063442e-06,-0.000220756929960491,0.020075883236307355,-0.0017338287969161344,0.007757829691177659,-0.0003452052452499005,-0.0028856239832681005,-0.01784325808311714,-0.012241584779039263,0.004622854491513371,-0.00023625565351318383,0.0006130520993729927,0.005978073467104953,-0.009391424810029497,-0.009079869035253655,9.016311,6.89822,1
6.3434,52.0,6.947890818858561,1.01985111662531,1061.0,2.632754342431762,37.85,-122.23,3.736,37.85,-122.23,0.08331353777700165,0.021946762783455122,-0.007648660680225366,0.008009502403075096,0.12208254335721372,0.021258308375902094,-0.0019201790919957202,0.0006712028676928195,0.0007536539340753604,0.004583894156837818,0.003936083813180659,-0.006179834088616082,-0.0006215812487810448,-0.0005142286041638238,-0.00035049632978085204,0.002375530042508586,-0.026222597601996907,0.002406133325745503,-0.0012756732986139794,0.0001696046197193444,-0.00010390012579339749,0.006795280921989056,0.0019221553184284171,0.0019438280563628429,-0.0018624352315520488,-0.007163250611657948,-0.002385030316914089,-0.10346228368520088,8.629183,8.003624,1
6.3716,30.0,5.510416666666667,0.9625,1506.0,3.1375,37.33,-121.98,3.305,37.33,-121.98,0.02587863617395526,0.011493709617693504,-0.008665539611723684,0.009765046998428105,-0.0019362694505428123,0.022780379008488616,-0.0088308057672336,0.0014882924138827991,-0.002766033133925469,0.002374994657789295,-0.007906075888971372,0.004948760461650846,0.0010670830765016322,0.0006500074180986011,0.00043710312262192335,0.0012560072946731717,-0.0024996617382177875,0.0011609534115220091,-0.0005264536989852269,0.0007091706674917529,0.0014239639712625622,-0.0049705552558059725,4.3479078709183344e-05,-0.0003058029693397512,0.0008646532718418421,-0.004706620787965444,-0.015870326550969233,-0.050866762710966074,4.5615854,6.7960267,1
5.2442,26.0,6.367441860465116,0.9953488372093025,1316.0,3.0604651162790697,37.97,-121.98,2.132,37.97,-121.98,0.0018849043862321445,0.018866897384011757,0.0012102856549376729,-0.0003489402668336542,-0.05994669881147289,-0.01842418007096098,-0.020456772338459685,-0.0006907537952565197,-0.00036149515194916406,0.0010811340606840768,-0.007909831831291628,-0.016140628056434726,0.00039975963844786203,-0.001218673372035068,-0.0019894879184754713,0.001529986292720512,-0.007872019609192996,-0.002383198787698159,-0.0010229776305054326,0.0014266621511011617,0.002595621682642041,0.0005072854814616775,-0.0001262720384129946,0.0013704689066294767,0.0008286968069170297,0.024782706682806185,-0.008509220073466732,-0.1181368258708584,2.3671367,6.8110843,1
7.6889,11.0,6.813688212927756,0.9581749049429658,767.0,2.9163498098859315,38.12,-121.3,2.293,38.12,-121.3,-0.06405195131963723,0.030854455306354597,-0.011308474899953957,0.0057323356872554755,0.030422393323900277,-0.04970802252931782,0.010634508595465475,0.015803298415934,0.0017587533069540573,-0.00547766917469494,0.008966553309748418,0.022597273649802033,0.0002525061747952481,0.0021881652945959867,0.005433021773642825,0.0049665606811323945,-0.026166779351919436,-0.0034075650332456723,-0.001219230490725513,0.0008060273409382942,-0.0004010138526308338,0.00010281231997865835,0.002191479465994738,-0.0017423574560753389,0.0014335397895542169,0.008880268801855372,-0.00045984418283169027,-0.11774093363766144,-0.72041845,8.230908,0
6.8333,6.0,7.009487666034156,1.0891840607210626,1554.0,2.94876660341556,37.2,-121.83,3.48,37.2,-121.83,-0.07965145529599088,0.02818379175104195,0.012916269823097905,0.005393426197725996,0.048617301256049565,0.019736566456696546,-0.018189979087941625,0.01560699654745374,-0.003381915811496333,-0.007449301396836431,0.03315189980260842,-0.00795871985969918,-0.0005596355010402172,0.0020090368514387473,0.0007249670186591,0.0010844664002148115,0.010691720269714261,0.004013847006976342,0.0008528408134582562,0.0005527326932452697,-0.001913493087789835,0.0022658809533800993,-0.001253010314662301,-0.00048804900827083514,-0.0003681070942263803,-0.015542148742892906,-0.009411248986914724,-0.03903313397058094,-2.409855,8.214068,0
6.7718,19.0,5.251173708920188,1.016431924882629,1158.0,2.718309859154929,37.36,-122.0,3.683,37.36,-122.0,-0.011907650946431836,0.010485262578776463,-0.006482156901568059,0.005875180478123134,0.031692814634874396,0.02044694932061787,-0.004710609528829708,0.0016918908394751957,-0.002423685571487444,-0.0009419909781160498,0.007469070231552385,-0.005790902921774799,0.0002099126881986621,0.001383904777750443,0.0007782834012555665,0.0007913401015912175,-0.0011001087464880307,-0.002920800752493663,-0.000346531273211041,-0.0004200455410498932,0.003127539302146165,-0.0041080752328073985,0.0018913410252733114,-0.0003722661661892755,0.0007453178265291797,-0.01241645667750798,-0.003037742994446922,-0.052801232163023466,5.604468,6.6365647,1
13.8093,7.0,6.517241379310345,0.896551724137931,84.0,2.896551724137931,37.31,-122.11,5.00001,37.31,-122.11,0.03512623495977452,0.028801969016459147,-0.0011289095430633415,-0.003776637370225033,0.07429470987031114,0.021669451058520653,-0.009042453591485916,-0.07183830948946276,-0.0009617670085639999,0.16013977162820778,0.0074075160836982335,-0.004971016799119311,0.00028966053948085296,0.005366750219500392,-0.11499860474863463,0.002600849535485252,0.01759738223372673,-0.0052179296234437424,0.003906954228656467,-0.0018723817565418105,0.0358833255060384,0.06187877194123437,0.006241079248932206,0.026375439533078457,-0.013594995351472171,-0.02408414837946182,-0.00680945414022539,0.04445804973610046,9.5226555,5.895509,1
5.748,28.0,6.002427184466019,1.029126213592233,2683.0,3.2560679611650487,37.63,-122.45,3.021,37.63,-122.45,0.0024778986385229173,0.014168283987639793,-0.006579023963338236,0.00941863552951547,-0.0527717535533699,-0.022270827528051824,-0.14906814995287257,0.000721777117194088,-0.0012942159347639857,-0.000669418553171734,-0.0065340240038870906,-0.002640748987244608,0.0029841358851181886,0.0002585588937192994,-0.00014211250774212678,-0.000741114981648822,-0.0005535776774196676,-0.0028573252756496892,-0.0010258230025302106,0.002502311462876531,-0.001019640316802192,0.015374107026342811,0.0012507893941567283,0.0011064961773805074,0.0021214925883275312,-0.011542256926607267,-0.015307787172103874,0.044997387555667935,8.198237,3.9333525,-1
5.6932,30.0,4.997521685254028,0.9838909541511772,1788.0,2.2156133828996283,37.33,-122.0,3.387,37.33,-122.0,0.004072865677644743,0.008976959336798573,-0.0027490555115492242,0.007287616092111029,0.09465612971825196,0.00889592356486964,-0.004851411709861537,0.002122051543565509,-0.00034511679225775064,5.8813604950929744e-05,0.024869456273287793,0.004618938256171826,2.9741030536542504e-05,0.0005820983950018343,0.0010684927634861169,-0.002413852590847766,-0.0008525929290861921,-0.004112706490902082,-0.0002628108213072861,0.0018563455606987588,0.002700754033815985,-0.005364515699583703,0.0015324756342467362,-0.00026758831620150804,0.0007832779763959412,0.00477002064747162,-0.0036452749737607825,-0.055788794327183186,7.464233,6.54782,1
7.8575,26.0,7.364754098360656,1.0,626.0,2.565573770491804,37.29,-121.9,4.246,37.29,-121.9,-0.01768392583529294,0.028000007036963193,-0.00797590104810386,0.012909202817205211,0.07478918651941,0.01846844320236152,-0.0035365745628561603,-0.0072894081113007115,-0.0012777692860777537,0.0002977560121672388,-0.0013286843272301777,-0.0001661294440308173,0.0001646908700535874,-0.000383999603511024,0.008861921480119085,0.001206350688554849,0.010631741254673177,0.005276399866670538,0.0007820394305898283,0.0013191803493098147,0.0033225041890059272,-0.004277317265664378,0.004614922495951169,0.00031868542851499836,0.0031295149660755697,-0.007698594966729263,-0.004893242853536191,-0.03307511941874192,6.527793,5.9903545,1
7.5544,40.0,7.631498470948012,1.0305810397553516,1616.0,2.470948012232416,37.83,-122.21,4.115,37.83,-122.21,0.07672543088272189,0.025020317371474154,-0.006652047219588772,0.012449190903547023,0.05241050138404777,0.007348058666773531,-0.00376124362702373,0.003498462635056305,-0.0012769693489160753,0.003359430036290168,-0.00483220994612064,-0.008714699681643286,0.00032280691142995524,-0.0009464466868288064,-0.0013322901334628192,-0.002660533494105131,-0.01671312935918103,0.00018700025623790139,-0.0012767053835522513,0.0023744300750529537,-0.001198693914543669,0.007153620053330342,0.0016005140072672308,0.0017268898225836014,-0.0007728821512418722,0.005071250422034444,-0.006976740957171227,-0.11068974610218871,8.350914,8.601563,1
5.956,41.0,6.851063829787234,1.0797872340425532,794.0,2.1117021276595747,37.83,-122.24,3.661,37.83,-122.24,0.11594908179754045,0.02300637927763079,0.012242073757385322,0.008634051872712012,0.048798122587851225,0.015654500623791253,0.005366143365414997,-0.00010882012868807518,0.0016459094827698962,0.003734476998133249,0.03949078869683398,-0.0056100561763926735,0.0027779609278879304,0.0009773777257531344,0.0023258421774827805,-0.00911240665052443,-0.02736829488267249,0.004223715190249979,0.0016195350357161686,-0.0029547681011930314,-0.0010752300234295024,-0.002369542074359135,0.00496037616043927,0.0018563444631522345,-0.0011665720676106975,0.00406658282824212,-0.0045852538739780905,-0.10130316196845929,8.464979,8.855548,1
5.9629,17.0,6.867132867132868,1.097902097902098,808.0,2.825174825174825,38.58,-121.81,2.86,38.58,-121.81,-0.09118850532896972,0.02488765465176449,0.01324285219502951,0.0016264508557045528,0.05240724433265378,0.05564873560210811,-0.04053608297497814,0.005329468178948387,-0.0034146482264162297,-0.0029584523651515157,0.01262912430308012,0.03050698567756413,0.0003105088458218287,0.0016668407087382735,0.00353107586266821,0.0019606873626239153,-0.02668780739962761,-0.005617716041846862,0.0009204677761934729,0.0004753298877300614,-0.0007742571429191937,0.0011435588231234737,0.0021680655552351017,0.002197245147576585,0.0010638603168447846,0.008801134216400589,-0.0041104646235948705,-0.10313991280557214,-0.9978325,7.91602,0
8.7589,32.0,6.895348837209302,0.9341085271317828,721.0,2.794573643410853,37.89,-122.16,4.345,37.89,-122.16,0.04901031683503355,0.03009531209544638,-0.009086669435754377,0.017084546390953595,0.041010526820578694,0.02561298981867423,0.0019952352077837335,-0.003959326945929083,-0.00155857695062835,0.002183235252388135,-0.0028905022140914846,-0.0012357664861906432,0.001427137849154257,0.0050829124892757165,0.0069484116794594954,0.0029593134537858196,-0.02468515632889182,-0.0017496103744282176,-0.0008964463982262319,0.00011327703274977611,-0.011854801755607405,0.0244767234840737,-0.0004129800101470512,-0.002692572193913432,-0.0007801818186135167,-0.006643315566046814,-0.0011603110610212796,-0.11279914308641784,7.9104543,8.571466,1
7.309,8.0,7.745454545454545,1.1090909090909091,241.0,4.381818181818182,37.44,-121.85,3.679,37.44,-121.85,-0.0624118973671158,0.033329194707677874,0.009541027468656314,-0.020297734833902528,0.029605770818191265,0.015119466435132107,-0.024773998163745266,0.0204853796422448,0.000833420088962456,0.01930739465333924,0.056814078127304796,-0.009089834732156347,-0.0003492825942508497,-0.0004413332901301978,0.013695124991617711,0.02572459474799453,-0.001124706224106799,0.02967206002996085,-0.007234799761393235,-0.000875902848224757,-0.003774364177038852,-0.0029395242177149917,0.008017150175823497,0.002902476684339431,0.005449721169536097,0.003167600708909633,0.03383237064433872,-0.029527562993156696,-2.8411162,8.011395,0
10.2311,31.0,8.24083769633508,1.0104712041884816,551.0,2.884816753926702,37.25,-122.01,5.00001,37.25,-122.01,0.004150772630904729,0.039597828761850806,0.0038378996712856456,0.017622395822515513,0.09158234268763618,0.021207977008798746,0.003453275910569346,-0.006992599618464901,-0.001277769286077754,0.0020833236637139816,-0.004151772839468542,0.0014363523878208378,0.0021448345835407656,0.0007091287357690796,0.014803862193095743,-0.002648000062264206,-0.005167948419138825,0.00848197383883795,0.003521767654661646,0.0007262900711671024,0.003124480152368293,-0.003377004698122267,0.0006389225722388473,0.0014676498226497419,0.0029824932184564753,-0.01817477335097292,-0.006748482228786969,-0.03208126871347611,6.7513146,5.894889,1
5.6642,22.0,6.940944881889764,1.0039370078740155,1660.0,3.267716535433071,37.95,-122.02,2.37,37.95,-122.02,-0.015274882678780003,0.014289523844286146,-0.0016277753532694644,0.003907728513374845,-0.09476581073344421,0.03279716838110375,-0.0324534251966852,-0.0033120738969895113,-0.00021333892140288152,-0.0021032606218434717,0.010402707120957531,-0.0010403735726872928,0.0014245791574625235,-0.0015589195837125173,-7.529688793620116e-05,-0.017280990948616334,-0.03499351429590963,-0.00044016617858022735,-0.001025601360030129,0.0022817533611848534,0.002350839421544849,0.00044580158076782685,0.0009443693301027891,0.002534499676065738,0.0001984068970373109,0.032088034180400245,-0.00806523028095304,-0.1147044267443188,2.3905714,6.8396926,1
6.4524,25.0,6.925925925925926,0.9290123456790124,937.0,2.8919753086419755,37.67,-121.88,2.969,37.67,-121.88,-0.029235995893704323,0.02633497443052102,-0.01152145501341826,0.004321933259268294,0.039449029922717246,0.02168436966134925,-0.02122928073307583,-0.00428253651929986,-0.0013917485606971182,-0.0003988611820832874,-0.00945011954958278,-0.0018904865665052538,-6.507760115486492e-05,0.0031263267612476127,-0.0002875124943590721,0.0031269414966113413,-0.016357340457232295,-0.00022398447690873328,-0.0011524053966030972,-0.000427824348879415,-0.001158645563145408,0.019568716464499224,0.0019023094781062892,0.0012475405563705342,-0.0010151199513171586,-0.017035476784384485,-0.00814173744498115,-0.04088500729929497,5.4998727,6.6780367,1
5.8509,47.0,5.251655629139073,1.0794701986754969,334.0,2.2119205298013247,37.92,-122.52,3.178,37.92,-122.52,0.10187122959400717,0.008230295921404864,0.003797491918955682,-0.052232958640878326,0.04386938987026026,0.040678634326159986,-0.13824478402018361,0.005227112632935136,0.0009552670507677219,-0.002705518037399275,0.00023742908782237182,-0.012932054414952224,0.005257416838904911,-0.0018380507664994615,-0.0006788416081359406,-0.0011667762587779617,0.01738441983954383,0.010067861474752249,-0.010860373668699361,0.00015909025403589166,-0.0019109540033000417,-0.01634074225707896,-0.015478847321602363,-0.003881938730570647,0.0019297802266240488,-0.03055212671948009,-0.0020224642767159733,0.0031038256950214984,8.971813,4.773027,1
6.7257,37.0,6.912650602409639,1.0,933.0,2.810240963855421,37.45,-122.13,5.00001,37.45,-122.13,0.09921451671012892,0.025325424879965548,-0.011473851912982934,0.008541285115286805,0.05247346988152722,0.014813867028084187,-0.00467481104261262,0.006892864753402559,-0.0012777692860777537,0.0038397504784452637,0.001412806568709158,0.007605960787228168,-0.0012249684102604037,-0.0017932238193228197,-0.002202137500376114,0.0032409752163123765,0.012004269267997672,0.0028709593475929056,-0.0015219460890188042,-0.0012463863375916943,0.024379894174740742,0.027794493916632017,0.0019969125200728654,-0.0009665722352142387,-0.0004508864676459177,-0.017818580245661773,-0.008320782998164735,0.027090895086875653,9.642597,6.165775,1
5.64,27.0,5.833865814696486,0.987220447284345,1016.0,3.246006389776358,37.62,-122.08,2.065,37.62,-122.08,-0.018396331791555275,0.011468771698169388,-0.0023075063975849966,-0.0020085783846154016,-0.07618707451493802,0.019542527186117317,-0.019821476458911632,0.00033656311565141966,-0.0003818979312867886,0.0004953435152704429,-0.00583018070762741,-0.00553612923834727,0.0011875417861294205,0.0016218346043644395,-0.00015542987461363922,-0.0007089195279405219,-0.009589298915067759,0.0072675850951751594,-0.00020804631025287507,0.0024277362572193697,-0.0009712019141083943,0.0025705854562657585,-0.005981537733228423,0.000369261011276396,0.0012779317497341124,-0.010474522828182583,-0.00510640651178112,-0.11183299629130157,2.5011098,6.7205915,1
5.6494,34.0,6.131645569620253,0.9367088607594936,1010.0,2.556962025316456,37.28,-121.93,3.762,37.28,-121.93,0.07708943837712998,0.014321139956647357,-0.0019104463959896435,0.006139855153603739,0.1879836517504555,0.017432070354343125,-0.008077309750315743,-0.0012892155374713355,-0.0004364924339801546,0.003124789272431065,0.002052235656757826,0.003778602664710514,0.0014004686158040468,0.0016344129464960235,-0.0004591220372561697,-0.001256412167708054,-0.002518486980998203,0.0037371407531408382,0.0007791838685457853,0.0009104939898426505,0.019022023713330654,0.02870938740426317,0.004675485417815626,0.0003564131784238497,-0.00023846310095599867,-0.009528633561638564,0.0003642363415355403,-0.02733573243562872,8.718713,6.512539,1
5.6754,5.0,6.682702149437052,1.0337768679631525,3071.0,3.143295803480041,37.03,-121.61,2.985,37.03,-121.61,-0.0805338933251389,0.014743359943265456,-0.0027907363983382867,0.010289507737228277,-0.0336783749372172,0.028238367994514183,0.008328882158527746,0.012572719881815577,0.00020151240881683728,0.0016656912822052372,0.05221734099060692,-0.009685850049715984,-0.000443137712140432,-0.0024475044609895873,-0.0021531955713929816,-0.004097838431614627,0.01672959943693161,-0.009737034687151426,-0.00153064471952455,-9.64947557486625e-05,-0.0012068286027628722,0.003515496119025307,-0.001690951133539914,-0.009526664404661897,-0.0030874904583022274,-0.0030761761008414323,-0.004661533797540339,-0.051215876145044144,-2.103113,7.3274274,0
7.439,21.0,6.494584837545126,1.0577617328519855,576.0,2.07942238267148,37.46,-122.34,5.00001,37.46,-122.34,0.004333905404433449,0.021682692534494983,0.011449934551555888,0.002608041552136567,-0.06616769343313292,-0.016558510309965784,-0.09116506416291474,-0.001091159383563832,0.0018119379355394478,-0.0011871116686452345,-0.015410728319364745,-0.005430673367586539,0.001687179357128647,0.0005119435791396347,0.010509962699394146,0.0037098341017268313,0.004827665343526931,0.0020767565152743713,-0.00043093011095156423,0.00014109592497665995,-0.012246898876399383,-0.008451263995978172,0.005406136426590977,0.0016135064545055105,0.0011451943045209464,0.018421345499155414,0.02498647677789054,0.01473178544759702,3.9631796,5.67877,1
8.338,52.0,8.297101449275363,0.9637681159420288,334.0,2.420289855072464,38.54,-121.5,4.058,38.54,-121.5,0.0050375563761741364,0.04565557155718031,-0.004835723111747704,-0.0006190872979955806,-0.013794477338223384,5.484741365968113e-05,0.027212405046074493,0.0014387755073719155,0.0021267386195066395,0.000600354301688741,-0.0023281008970357266,-0.028199540048420634,-0.004454413412876042,0.0019828738386369216,0.013159777216885521,-0.004157453199275376,0.01930557477974098,-0.0057624896101350275,0.010256914119721931,0.0021016098900350495,-0.001059031391549063,0.00036143915059829606,-0.009522848210961674,-0.006235679055245722,0.0021874731301488757,-0.05186547145495306,0.005229085666034212,-0.10815825701938248,3.5676715,6.9967976,1
5.4609,28.0,6.80359820089955,1.0269865067466266,1996.0,2.992503748125937,37.27,-121.9,2.636,37.27,-121.9,-0.018267021727338743,0.018218542276043744,0.00036097599766985486,0.0027738063620110984,-0.032736306095900274,0.021587983679943475,-0.00028123357888701,-0.006831356666125898,-0.0003614951519491641,-0.0012880290666768476,-0.007869499568279616,-0.001047748212349051,0.0010304535233188793,-0.0013184160086033188,-0.0024891862405795996,0.0015259327409470626,0.010086483827552692,0.003676274657342669,-0.0009620069722634408,0.001849321902841327,0.002569169057957996,-0.005195973893338334,-0.0010492405325588127,-0.0007983015789567344,-0.00033359221242832516,-0.010468980460924204,-0.013218912030204606,-0.03473232325731649,3.8391435,6.3839173,1
7.313,35.0,7.061482820976492,1.0216998191681737,1562.0,2.824593128390597,37.43,-122.11,4.637,37.43,-122.11,0.10121842910298744,0.020887321349731373,-0.011473851912982934,0.01008074680611438,0.04663038476934985,0.010081265512177301,-0.012126827626018074,0.0049843076029849635,-0.0012777692860777537,0.003830850967687021,0.0013075281375558793,0.0027141299686474878,0.0027215296264339385,-0.0017932238193228197,-0.0021722342970245407,0.0030196712806653445,0.010291833373948763,0.0015180131361539999,-0.0013894588286840661,-0.0019231882685303294,0.028520667746762315,0.030221390592634893,-0.0012553066403600012,-0.001190616808287895,-0.0008097010910017833,-0.018694059033439337,-0.007498189232386912,0.036878035971667215,9.790185,6.129237,1
5.1702,18.0,4.333333333333333,1.1508295625942684,1243.0,1.8748114630467567,37.76,-122.29,2.654,37.76,-122.29,-0.004045457225685992,0.016601717296154214,0.003655683567713044,0.0010270179573799417,0.07714165753534172,-0.00600862585286997,0.0069057647265272195,-0.00127547914906437,0.00032205011957632697,0.0004312725061936663,-0.07606265527280073,0.001355677549228584,0.0004013048095792742,-0.001463552150563432,0.00015827828237008148,-0.004218569221990803,0.003937529042489138,-0.001743881369979009,0.0004690397008401218,0.01096428767900779,0.013800500124914938,-0.021020038551781577,0.003961685407890062,0.0007035090281022615,0.0020879961971901027,0.017237399393208456,-0.019710984998147305,-0.09717302478028732,6.728351,6.8586354,1
5.4719,38.0,5.890080428954423,0.9571045576407506,1228.0,3.292225201072386,37.52,-122.28,3.979,37.52,-122.28,0.06516784313644287,0.018614727849230694,0.00020443273604687218,0.0032262212445878153,-0.07292152925645017,0.022737213666049142,0.016332633888349983,-0.004521321978477834,-0.0005710749436808533,0.001917741076451076,-0.03468024257855869,0.005308957820876427,0.0031455885648456936,0.003067211604818587,-0.00029738757894416917,-0.0034694041215830277,-0.003412639282610576,0.008191135829779693,-0.000283113244399992,0.0006187962531383846,0.016649987627957313,0.021943220449412913,-0.0012072546196080353,-0.0015206391243595457,-0.0012380861225658106,-0.005150555945664554,0.0029293792420746006,0.028020569204119997,3.7900388,5.850141,1
5.1534,19.0,5.6280373831775705,1.029906542056075,1665.0,3.1121495327102804,38.43,-121.95,2.328,38.43,-121.95,-0.004625894332534995,0.01882334244965015,0.0012151420554020846,-0.000831549562361706,-0.0648020266850746,-0.009594183253450756,-0.023907171976795937,0.0001591847059499505,-0.0001685214525815301,-0.001215958224967444,0.0024523146522666905,0.014580247585299674,0.0007887405100401804,0.0015535983850832494,-0.0007001155656140435,0.0007709658941269168,-0.001431385807445087,0.0016298569640629831,-5.644251550198191e-05,0.0017180954743005613,0.002600478083106454,-0.00014430623053750532,-0.0009719987852472079,0.0005419602290769521,0.0006622833056861649,0.021800590178651033,-0.008478567378365508,-0.11601392528079822,2.2279048,6.6736913,1
5.2957,18.0,6.483931947069944,1.0198487712665407,3205.0,3.02930056710775,38.09,-122.2,1.719,38.09,-122.2,-0.015035624164657917,0.018930218398687276,0.0008691055335407152,0.005908395354911124,-0.05402373980076111,0.00204070548559516,-0.01491814770109153,0.004077170442717067,-0.0002028568455542974,0.0008071449326127396,0.0034605301659422845,0.014922872596838523,0.0010503064905668835,-0.0005801154001471141,-0.001878891806684623,0.0015949539783530705,-0.007703029160903268,-0.0003420676799593477,-0.0011706005157532953,0.001407058416982659,-0.0008171886146865,0.0062227180511873394,-0.0027573875637307483,0.002285931273122042,-0.002093526031483719,0.020878810243881583,-0.01248843437408342,-0.16571854491806118,1.9247522,6.623762,1
7.4863,23.0,6.585023400936038,1.046801872074883,1782.0,2.78003120124805,37.33,-122.03,4.123,37.33,-122.03,-0.023932212223097746,0.016313245158663198,0.014382061753693146,0.007664377918485576,0.0287462419758915,0.01802296159000985,-0.01275477525037357,-0.003115646595833699,0.0017989078502163964,-0.0012586695833415131,0.006458859003006189,-0.004507604600797839,0.001433127745450965,0.0013756191599119559,-0.00021103295984377303,0.0033515385927894393,0.017738079826871426,-0.006863129364108254,0.0013266746599564286,0.0015722899804201883,-0.00455904882343301,-0.0019248566013526276,-0.0012426040366320082,-0.001037971573601294,0.00011870538537654958,-0.013125590964485057,-0.003027131547340197,-0.02547242791795231,5.347188,6.178692,1
5.3755,20.0,7.09375,1.03125,601.0,2.6830357142857144,38.13,-122.59,2.909,38.13,-122.59,-0.010690886966970794,0.021584714479436072,0.0006374657332771948,-0.0023465733058257517,0.07743332843968802,0.01746018637105029,-0.06889710205581823,-0.0024085270705556205,-0.04274052635347418,-0.0009324978393804355,0.010829192008666031,0.011680219910375917,-0.005670848580863987,-0.0019145728696298337,0.012330058900709694,0.004114271133364113,-0.07011773125687074,-0.028323464150844635,0.0009917629423888052,0.000902831327657185,-0.04017055193232588,-0.002672080433605014,0.002711556747532178,-0.002750354297376195,0.0018133540099842574,-0.0030214189492408635,-0.011321145085606988,-0.030276131821878684,6.371134,7.066088,1
5.5842,5.0,6.92914653784219,0.9871175523349436,2206.0,3.5523349436392917,38.04,-121.35,1.591,38.04,-121.35,-0.07991927045354336,0.017961623001804494,-0.0017147578629413966,0.007835211747695506,-0.0373141859864525,0.019230079265393534,0.00792932332008933,0.012209406474019285,0.0001828402494318893,0.0026439269299803154,0.053039154969864576,0.01279291405553298,0.0020669633967481866,-0.0014395019737725523,-0.0006825088964665242,-0.0080029524216829,-0.02637140252500524,-0.0030121565859350247,0.0014079014421514153,0.00020629666412085205,-0.0017223608021291357,0.0006428480026032786,0.0077071818713264715,-0.00373228178701724,-0.001126193383169483,0.049094271495008696,-0.009519801533486423,-0.12103043769027731,-0.8400151,6.7963743,0
13.1499,7.0,8.802531645569621,1.0531645569620254,1216.0,3.078481012658228,37.81,-121.91,5.00001,37.81,-121.91,0.006446973062516083,0.05249889904815833,-0.005165390228585117,0.018298058655800302,0.07280944124479737,0.042201729611941456,-0.0009272951694226668,0.023756492792439687,-0.003381915811496333,-0.005878043912900225,0.01122072433974806,0.0023471072082119917,-1.561521633715093e-05,0.0018907787263625127,-0.0005659594771307268,-0.012925721083092138,0.015728306357974887,0.0010732696203656282,0.0006607549565093109,0.0002956307090550582,0.002871733366526728,0.0005121942843034305,-1.1659797827675647e-05,0.0006414853412178849,-0.0001653929298959379,-0.002270178797883011,-0.017191383100785225,-0.05544272178301354,6.9459205,6.0689325,1
6.0132,21.0,6.146341463414634,0.8878048780487805,583.0,2.84390243902439,36.77,-119.68,1.508,36.77,-119.68,-0.029723924336575395,0.016486331862677617,-0.009788554854017938,-0.0008037209209164855,-0.014273621928304307,0.023601469763820257,-0.002688924507509472,0.0006923628567618369,-0.001463801164986462,-0.0019670030831488118,0.0010117852301938907,-0.003652719737225122,0.0011364892828772386,0.004731797421079945,0.0009997336572896078,4.848635483075747e-05,-0.0027433362167501203,-0.0009808319878418558,0.0037296665946776014,-0.0028716998978977303,-0.0028223701368568525,-0.02016689572566197,0.001853414029084671,0.001675598235673958,0.0021093386130088807,-0.017299825544400814,-0.0007732096525459234,-0.24656726148068894,0.03927115,6.995641,0
5.156,23.0,6.197718631178708,0.9619771863117872,704.0,2.67680608365019,35.27,-120.63,2.513,35.27,-120.63,0.016835245006830223,0.019158260775051755,0.0008353078631535158,-2.2137456422887205e-05,0.08097430815176787,0.025554117100615028,0.011241399164700119,2.4942191925951578e-05,-0.0006367492813607386,0.0008473628767965662,0.014280029866112603,-0.0033555263573289895,0.0011368748620540373,0.0013609652493325342,0.0033899560320211687,3.774283067963272e-05,0.0011865148993946374,0.002682446754238822,0.0009434371517138109,0.0025220821663370233,-0.0023415403191974883,-0.008941026743132779,0.0011430042657196082,0.0011147633543466826,0.001405099396397276,-0.01169481423733348,0.006097584362028176,-0.13651116082312648,7.790922,8.090418,1
6.1388,30.0,5.93026941362916,1.0031695721077654,1721.0,2.727416798732172,37.33,-121.98,3.024,37.33,-121.98,0.015833961659646033,0.013386441659257526,-0.009083521870588529,0.006445538106798172,0.06596871750462645,0.020297133988851964,-0.014935136790629884,0.0009639642701989065,-0.0012794999060304298,0.0011305416154878834,-0.002496732454662089,0.00373965953471594,0.0011445272947973727,-0.00024578718126271233,-0.0006676978488484856,0.00012031685968255952,-0.0017868620753226613,0.004547475439189816,-0.0009676181244646464,0.0002616846865720876,0.0017612032344093947,-0.00499625234342726,-0.001204758098886497,-0.000299966394303684,0.0007503609227843574,-0.015445566939710411,-0.003543917903431411,-0.05083217689350009,6.814216,6.8137946,1
8.7939,18.0,7.96875,0.975,999.0,3.121875,37.29,-122.02,5.00001,37.29,-122.02,-0.012905155365970615,0.03212646580674302,-0.0021091334736170675,0.01655594228302261,0.08326795891985982,0.026741554919908542,0.012204608669926271,-0.0009547298646459366,-0.0011230871103342795,-0.0014222897741468959,0.008001665639899454,-0.005838973748326509,0.0006853384056329251,-0.0015893513274577438,-0.0026546073686349596,0.015377472890474708,-0.0025049528893941854,0.0070474861598446405,-0.0016275873526245795,0.0011277543989982926,0.0029926220072884935,-0.0017946770969492468,0.0003497594635770039,-0.00038783806017881456,0.00018780686431103601,-0.005401280790017687,-0.01585276209134972,-0.03180579460572485,6.830716,6.0660114,1
6.6712,14.0,7.454308093994778,0.9921671018276762,1420.0,3.70757180156658,37.27,-121.83,3.115,37.27,-121.83,-0.055148513742212454,0.022328741612724957,-0.005810649778862594,0.006493161073810541,0.005986737350454395,0.013888755788330884,-0.022622884554771152,0.0031646442963351425,0.0018926681518055268,-0.0029340855056144374,0.05514011465862167,-0.009267768237251065,-8.365300506014294e-06,-0.001990334134631115,-0.0010216249070201316,0.013595533304837213,0.007777144686680915,0.02183253647376049,-0.0013221627614148524,0.00014394278350236977,0.0020404467685364073,-0.0023798687235441094,-0.0007585973912705418,-0.0009843629297811142,0.000466801409888767,-3.6084873053194655e-05,0.03408665522310873,-0.03926056191288712,-2.8364725,7.6795387,0
6.7821,16.0,7.516372795969773,1.022670025188917,1317.0,3.3173803526448364,37.95,-121.98,2.659,37.95,-121.98,-0.06070541476235965,0.025168376348509238,-0.005116619618416296,0.006441172030937316,-0.011271593684960881,0.06927089516576099,-0.0311509711512049,0.00278468213090276,0.0018926681518055277,-0.0029548558499582467,0.04708229524322051,0.024404039189022647,0.0006142720510806428,-0.0023388155793272634,0.0007782724791451276,-0.017733491839192116,-0.012104084038733188,0.0012877999355289517,-0.0008727990189341564,0.001294134538882536,0.0023508394215448498,-0.0007974138005488947,-0.0005396462365138267,0.0021920613422173668,0.00036375684143034675,0.028769114176927364,-0.006975316948517824,-0.11034112550201289,-0.7190031,7.3298507,0
6.0115,3.0,5.533980582524272,1.0563106796116506,1024.0,1.9883495145631067,37.98,-122.33,1.75,37.98,-122.33,-0.1703345476565902,-0.00056026200480026,0.0018398764895667375,0.00342664716372812,-0.018091904288607744,0.09609075940248799,-0.04267088165006081,-0.008986918633825624,-0.00810082247624295,-0.009797435376274777,-0.12837609132531763,0.02945967436510305,-0.005663019488882509,-0.009563668921138302,0.0005127542091145474,-0.0005388576877983994,-0.004998243745720927,0.002917632204388095,0.000499433758026272,0.00198366706770432,0.0007798292231605994,-0.002054983511304576,0.004307318121545017,8.812277515096755e-06,-0.001705102484321916,-0.06642802666545337,-0.007484273120997041,-0.22869357270327997,-1.1567472,8.176726,0
5.2078,30.0,6.3323170731707314,1.0426829268292683,816.0,2.4878048780487805,37.0,-122.03,4.405,37.0,-122.03,0.019998026928908643,0.019363257827157705,-0.002138144134772073,0.00012209308291861922,0.12843680180026742,0.012406316910900965,0.0014487200680838672,-0.0006173752585216678,-4.76003312974736e-05,0.0012325723798982638,0.011117912804422285,0.004267522734993898,0.000803564913831885,0.0015650165406733843,0.000442886544551474,-0.0001573720375614841,0.0033260491283745915,0.00017372011435542092,0.0008069803785140161,0.0003603874815623064,-0.004913418192084163,0.0009206142157920543,0.002405919973666084,0.0018954812394850252,0.0012737589036198684,0.003943823927908883,-0.002048104152651856,-0.04073982000941908,7.680445,6.435087,1
5.3245,39.0,6.508474576271187,1.3728813559322033,264.0,2.23728813559322,35.91,-120.51,2.5,35.91,-120.51,0.09955491332203525,0.02468722983552667,-0.00025800761275163295,-0.026488861268441726,0.046251938544422916,0.0053914187401579595,-0.005189828903608412,-0.0049524742468942074,0.0030182672150828025,2.685391442744427e-05,0.0033484817507207537,0.008034008858546486,-4.511982246437376e-05,-0.017594339708624014,0.0012995819490050511,0.002213096960000895,0.001951219140387077,-0.011216678133527785,-0.005233795401821998,-0.002825118939224466,0.0024584584126034104,0.015832349650525917,-0.010769040768690077,0.004354617082404238,0.0023695322539460406,0.004450339053953767,0.010143111590964673,-0.17704118246932718,8.30447,8.640649,1
6.5322,14.0,8.079681274900398,1.0159362549800797,781.0,3.1115537848605577,38.76,-121.17,3.94,38.76,-121.17,-0.05957497095009419,0.04354377353243815,-0.006023786540247301,0.0040092780624159715,0.017807466266519006,0.08792898949575588,0.022265474894255746,0.0027949306304685933,0.0019113403111904758,-0.0025401775236667946,0.036875704618109545,0.028843289270698153,0.0018313549216871232,-0.002191160918576071,0.0009012688964956267,-0.004984291978587438,0.022077731134260363,0.0015949035390475392,-0.0009827809175314756,-0.00042612023538720484,0.005250778464248057,0.0016944228640434816,0.0016941618122879262,0.00025357894108580137,0.0007140515541375395,0.01372933805023059,-0.005401963300591627,-0.06921833302285728,-1.3850144,7.7084403,0
6.7836,18.0,6.667910447761194,0.9402985074626866,1803.0,3.363805970149253,37.24,-121.84,2.741,37.24,-121.84,-0.027732470101584725,0.018687663836629873,-0.010891013354762207,0.007741209165244864,-0.010727338823801754,0.015281112015132896,-0.025360951746910085,-0.0009051330738304244,-0.0013389441510990624,-0.0024705269211946486,0.008733614736834166,-0.00835295636722459,0.0001241873449725094,0.0029655628290283114,-0.0013151330254847697,-0.006127504094912785,0.01788077714895925,-0.006536166499318143,7.79094300211925e-05,0.0022452422918065795,0.019461582439036215,0.026047949334580805,0.0009444983690064649,2.3865661791563203e-05,-0.0010609582849465992,-0.002758582286716457,-0.009379840869058678,-0.01735193518113629,4.2869225,6.254277,1
5.1335,29.0,5.146883005977797,1.0204953031596926,2687.0,2.294619982920581,37.4,-122.13,4.612,37.4,-122.13,0.013960442479085212,0.017786048896143384,0.004431454830562419,0.003400745740376967,0.09849026731404745,0.019469797438450256,0.011999379578608544,0.001980872466101761,-0.0003726478634885438,-0.0014363430478468342,0.01916453355729257,0.0031068747037205,2.524170559857498e-05,0.0010549787914435186,0.001202661796619867,0.00026755971080676035,-0.002034308572175462,-0.0015968660266737686,-0.0004391441520986367,0.005696023701673058,0.04057803322185843,0.04108160641203258,-0.00020347608120120615,0.0006667242572463539,-0.0018668702598934406,0.015877768235681097,0.001661498190282001,0.034851286446903815,9.223564,5.947442,1
6.7042,18.0,6.197241379310345,1.0482758620689656,1784.0,2.460689655172414,37.53,-122.33,4.13,37.53,-122.33,-0.016814425761194428,0.013241150170544513,0.012085732122799987,0.009526038345719696,0.037391761950954304,-0.002492067999756252,-0.0812009939511389,0.0023915469443185236,0.0017850310160759642,-0.0021852152382158783,0.01706803382948258,-0.0053630997713351196,-0.0005462481227965398,0.0012737741319556021,8.041344964987489e-05,-0.0016448296883381551,-0.0025707178440719522,0.0057003358950734615,0.0016069768947350827,-0.0005686015316568407,-0.00949391350620056,-0.007675783013227002,0.0008033970391994269,-0.001592151697971568,0.001992534914608024,0.004664526432217281,0.014913369238115384,0.005347804525680572,5.521915,5.8120236,1
6.381,52.0,6.662337662337662,1.0692640692640694,1005.0,2.175324675324675,37.89,-122.26,3.422,37.89,-122.26,0.06991695332495754,0.013797391668267687,0.011462241925936765,0.010903461154146038,-0.033806888913637735,0.009906886557046234,-0.007855595027934493,-0.0015927848609506223,0.003602109556416345,0.004855220393862168,0.004961949097865717,-0.006000301810832237,-0.0008474263004501886,0.0014783134179200067,0.0018878186998154503,-0.007798580967583341,-0.02433345214514299,-0.009545080052191155,0.0016060549114521214,0.0013765522019916969,7.505659872831884e-05,-0.0010073981018232112,0.004750803925684801,0.002175315580574738,-0.0011582579123828008,-0.005362003585771604,-0.00567170840907677,-0.11159948736017596,8.154914,9.040479,1
5.6895,24.0,6.571223021582734,0.9899280575539569,2102.0,3.0244604316546764,37.27,-121.88,2.89,37.27,-121.88,-0.009190996103415545,0.013326014054778276,-0.0031218373062335517,0.006206141430201173,-0.025375653916937614,0.01952914110219697,-0.01929038670709001,-0.0029575293950228954,-0.00019071063136654086,-0.0021546283014909884,0.0020676433850442114,-0.002420071425314465,0.0006883840092104871,-0.0011184133546149433,-0.001111951806564075,0.004175298008815887,0.017654437644760056,-0.008748462028692972,-0.000761990469767054,0.0004962922213545295,0.0025120903206354048,-0.004334598031943985,-0.0025851838079981285,-0.0018816508535144899,-0.0007936652062219153,-0.006213942315425891,-0.010166237728787782,-0.04541084532817767,3.8800352,6.5463448,1
7.0712,24.0,7.589506172839506,0.9783950617283952,916.0,2.8271604938271606,37.77,-122.13,2.93,37.77,-122.13,-0.01882021645396401,0.023218987526436714,-0.007626542520214129,0.0048620638337596505,0.027943701154704598,0.020309500997495514,-0.006507871136627143,-0.0008103131185552637,-0.0011109408961465235,-0.000953542465702567,0.003513611181512611,-0.00232055069895594,0.000986757807887257,-0.0008220154089267771,-0.0006681928647784204,-0.0015037412519300184,-0.013002340958551604,-0.0006158810950643255,-0.0015219460890188042,0.0008679178954372136,0.0005258505216482988,0.007954809531383835,0.0017402968180014967,0.0016936193091926708,-9.13360381427701e-05,-0.012530608693072444,-0.0032333672928461805,-0.10959759871512507,6.8690524,8.142029,1
6.0666,10.0,6.526518391787853,0.9730538922155688,7266.0,3.1077844311377247,37.97,-122.27,2.724,37.97,-122.27,-0.08560495410770283,0.014264449079724649,-0.005817080835589661,0.013285837591599492,-0.016206359171367504,0.04898513278892408,-0.005312296946369385,0.023554545527823104,0.0017664043965648496,-0.0188295958970739,0.041512213019759936,0.01922427157365581,-0.001410112151973356,-0.0028624626759446384,-0.010248460673870228,0.0024888273309237375,-0.011745357146558421,-0.010826393638130323,1.6652483847662784e-05,0.0005285591271153429,-0.002178588270532523,0.009604456855588632,-0.004272243660927428,0.015460399564919106,-0.00395089259147815,0.017309372659397613,-0.007263380632837564,-0.14094986640254556,-0.6617323,7.187299,0
5.6506,10.0,7.092150170648464,1.0392491467576792,1878.0,3.204778156996587,37.99,-121.79,1.786,37.99,-121.79,-0.07687293225783498,0.015988610848407435,-0.0015469888834748874,0.008383153763964372,-0.07028902051545123,0.03281368334621412,-0.03488407785576644,0.012342301703997171,0.00019283847053268126,0.001742921486335619,0.051639375536317374,0.025385538523185758,5.272943583855351e-06,-0.0028360726127015777,-0.0008363662564694452,-0.019602431273536742,-0.030288263578341256,-0.0042987713255210015,-0.001058466213404724,0.000392900039820926,0.0033400095975616717,-0.00016769936595917244,0.000953829433499386,0.0020759636349807027,-1.1682649384499307e-05,0.03417105244752538,-0.005547796960994431,-0.10398236167756304,-0.79385173,6.563203,0
5.2166,17.0,5.078073089700997,1.0066445182724253,2030.0,3.372093023255814,37.28,-121.83,2.309,37.28,-121.83,-0.04562542048375786,0.019093714464521978,-0.0001314834097662511,0.006864136804545884,-0.03679707168416207,0.015092363555528374,-0.011263060627245598,-0.001671413857274365,0.0002719599344481639,0.004279793144093866,0.06912720565600698,-0.008990826821312331,0.0002714397143045066,0.0007514850252988328,0.0024163781123055354,0.001780334556106765,-0.0009917720424636818,-0.001036539255765942,-0.00010899356201070287,0.0017089917509893263,0.0030717177583538505,-0.0056536455540363816,0.0009109438722698809,-0.00040800189274059614,5.3162223215093636e-05,-0.004037089144701369,0.003915038955492729,-0.06065141165042753,-2.2643209,7.150843,0
5.5376,42.0,7.0,1.020408163265306,116.0,2.36734693877551,38.04,-121.22,2.125,38.04,-121.22,0.08958180421932013,0.020768587013722254,0.0001815149746192318,-0.04683140023860461,0.0760831418009322,0.02224364427400153,0.004239554162301306,0.010792248264442552,-0.00027447527671448064,-0.036614821263239054,-0.003292771743066984,-0.03496308734555959,-0.0017410550680917692,0.0015544466427558105,-0.06575766758635626,0.0011653650489832261,-0.02882882884805472,0.0005058747090117381,-0.011347579284889149,0.0006500433813530417,0.0020631587357665742,-0.001278127641417866,-0.006771452097378082,-0.00485236469447869,-0.0470846347728812,-0.0692765342260351,0.006025561795357075,-0.13630124583702982,8.080685,8.385291,1
5.7476,19.0,8.04535637149028,1.1727861771058314,1412.0,3.0496760259179267,37.73,-120.97,2.486,37.73,-120.97,-0.028631599117838195,0.026768034281276856,0.01654655633337968,0.004393775305593955,-0.013801121793293928,0.02985900441218352,0.015846089902208798,-0.004788139456937356,0.002006290844761129,-0.0016489657869957787,0.00053669318801937,0.0038035350164077643,0.001675801001878133,0.001030540788016379,-0.0008169322259386298,-0.004076598695053505,0.0018703310321526495,-0.0067059497458128265,0.0012416487568457436,-0.0002367125461112076,-0.0026525957453528695,0.003944110694256553,-0.0011490986887096306,0.0011651524714768181,0.00013365084679861405,-0.006257494407736253,-0.009670408617703945,-0.09448049313586844,3.3528218,7.077993,1
5.7578,20.0,6.630366492146597,1.037696335078534,2668.0,2.793717277486911,36.58,-121.86,3.477,36.58,-121.86,-0.02519026572015856,0.01347628470296601,-0.008428933460165823,0.008834636145470467,0.07965713262648194,0.01767067470154571,-0.02555389317350264,-0.003259413369356655,-0.001118596606632923,0.00023685403861200248,0.005477225908863569,-0.006066235991719929,-0.00010579223672451178,-0.0028338575709136245,-0.001140728344266909,3.5066998100507e-05,0.019884474051080802,-0.006819467388198238,-0.00163201605515929,-0.0009094585252086276,-0.0029315495523794346,0.0012425051915125249,-0.0010474961641551582,-0.009835378300620203,-0.004020443397780486,-0.01404784019372475,-0.007751590147930917,-0.026380174325783202,6.2738876,6.09426,1
6.0433,20.0,6.470756062767475,1.0099857346647647,1812.0,2.5848787446504997,38.07,-122.41,4.359,38.07,-122.41,-0.017690213799294308,0.015802529067502354,-0.0064869307138099835,0.006163957884513767,0.1677071672143886,0.07369370567393214,-0.09286288614878423,0.0008087002478924164,-0.001083064966757444,-0.0023272856067320462,0.019913443483082143,0.011439443013124398,-0.006064417982927251,-0.0009969562311122342,-0.002146450121105652,0.000546612879618306,0.0004487140426766705,2.358918094609927e-05,-0.0014209909351775437,0.001953144763329324,0.00237876186253052,0.007715462161683478,0.0007989242821737669,0.0013277977026978683,0.002836026846970471,-0.02395752276153802,-0.014493029632468712,0.035501492352795094,7.96119,5.311494,1
9.3959,52.0,7.512096774193548,0.9556451612903226,1366.0,2.754032258064516,37.85,-122.24,5.00001,37.85,-122.24,-0.04148476392981666,0.03968213187853629,0.00033849028691035826,0.01865570948275718,0.05611044187063701,0.035886434153691235,-0.01626779445766011,-0.00242831612135418,0.0029203585504678055,0.0027970474868105172,-0.004896935521290404,-0.006954760986830961,-0.0005803524041702657,2.471782296729452e-05,-0.0009490645607485621,0.0012399099737873819,-0.010682436434453236,0.001794287081333507,-0.0015769242996816328,0.001694494541235495,3.5162761842162204e-05,0.006009873801204786,0.0013949987039480322,0.0018217165734937025,0.0018097705416665788,-0.00916540317493783,-0.006400044246936342,-0.09819761155639245,6.5618825,7.8177204,1
6.0901,8.0,7.5360623781676415,1.050682261208577,1555.0,3.0311890838206628,37.95,-122.01,2.982,37.95,-122.01,-0.09339138485847169,0.03444021612593815,0.0107416910802862,0.0028112628379521063,-0.0032286780554087718,0.060138862723881144,-0.027840841648213474,0.019992611843305697,-0.003381915811496332,-0.0073833477730756115,0.04251713145340423,0.02525704941286401,0.0023254274837008443,0.0018174259818498804,0.0025765784952140013,0.0013684214525965014,-0.010559958941269394,0.0019018508006646742,0.0008957090014509697,0.001148769802721618,0.003431751142088898,-0.0026543103969050314,-0.001327932279196768,0.002226803512779158,9.289293772576511e-05,0.018912004305652864,-0.010448690236384457,-0.10725280228538024,-0.7287938,7.577644,0
5.7396,16.0,6.653846153846154,0.946153846153846,403.0,3.1,36.97,-121.59,3.087,36.97,-121.59,-0.06996052786510334,0.021713286184278605,-0.010053006878218942,-0.012661973575608401,0.021216566459690736,0.030067485995039153,0.0064777548306898134,0.003981605566395914,0.001671002441229696,-0.0037275099793257055,0.04396903874289135,-0.01007047841671645,-9.523617372039936e-05,0.005716053615977412,0.009654280334707416,0.0030416499679434394,0.017231867377146808,-0.00869112786841187,0.005413029314576207,0.0009252898094366739,0.001758769249684283,-0.0013730157296026918,0.006953906672200576,0.004364535133224268,0.003258782347812318,-0.0057036816096114025,-0.012616835544983477,-0.07124665152237955,-2.2771308,8.013244,0
6.0666,30.0,6.446064139941691,1.0087463556851313,844.0,2.4606413994169096,37.84,-122.2,3.115,37.84,-122.2,0.023890028401779898,0.013881901364344312,-0.006622799586343023,0.0065248034161608445,0.11412833632364229,0.010501006479328443,-0.003614040154220988,-0.0018004486660580241,-0.001277769286077754,0.0015107167045001414,0.010751672008167035,-0.0006651184063935108,0.0008495326593672717,-0.0010316780549423498,0.00023328076264415322,-6.884437191921394e-05,-0.0028243520462292093,0.0028949905096423544,-0.0014317898697275722,0.001955804312301605,0.0002356794821704289,0.007729076631059515,0.004643360706698372,0.0015892023220781294,0.0006067009901882444,0.007394654354128883,-0.011206236289298068,-0.12591525654622907,8.163606,7.872099,1
7.5218,23.0,7.7362068965517246,1.006896551724138,2024.0,3.489655172413793,37.23,-121.82,2.915,37.23,-121.82,-0.027876757242472752,0.026949585601431143,-0.00820074618153886,0.007244247298884558,-0.0006272826684854431,0.013806756995185144,-0.02461992065527235,-0.004776759131458848,-0.0011296130555314716,-0.0018685396905483655,0.005078219879977033,-0.007270550726234752,0.0007697201058151725,-0.001729057923058865,-0.0036480577452819656,-0.00868079574468799,-0.001606736443871034,-0.003486705368904677,-0.0012086633290570713,-7.856297836810392e-05,0.00239886258336599,-0.0030081476557610896,1.8345787679439314e-05,0.00019602092136910762,-0.00201694205825113,-0.0006738000546614757,0.006858559642004636,-0.03422460947727465,4.1962166,6.5558863,1
6.6818,25.0,6.345,1.0,1678.0,2.796666666666667,37.3,-122.04,4.113,37.3,-122.04,-0.025944128310739892,0.01383940778574749,-0.007664892931465862,0.006971053796579816,0.04466973177127263,0.02031765751502913,-0.006419135106739513,-0.0003005021621801841,-0.0011109408961465232,-0.0014424080442876326,-0.00487261294591746,0.0009741984100918807,0.0003746928231926249,-0.001704644324716341,-0.0032439517175667535,0.0009647711397086941,0.0031415396783323023,0.0002188563030009178,-0.0014045483214057987,0.00019180011780123152,0.003288527174985557,-0.003296627328712322,-0.0012060130830470882,-0.0007321541345944001,0.0007244015936480986,-0.012817374411779887,-0.0034626052391587515,-0.04616038559673105,5.661263,6.594157,1
6.3132,18.0,6.73536299765808,0.990632318501171,1395.0,3.2669789227166275,37.69,-121.91,2.592,37.69,-121.91,-0.04514708410873324,0.014358730615188444,-0.007924020918363906,0.005205890780587431,-0.025927699976245396,0.022328663794349522,-0.023158267194293678,-0.0004697476412235034,-0.0011417592697192279,-0.0026853547955648367,0.012835862866468283,0.0035632620422910237,0.0003248003459452733,-0.0037680853569092413,0.0038994341792225355,-0.0160664759871544,-0.00969356756466354,-0.009585290660996558,-0.0014104977873327566,0.0020500352118939095,0.0011550895279554268,-0.00046789540063149257,0.0009878166385328259,0.002284010752258526,0.00023080088043002015,-0.009578373296814066,-0.007817366835228844,-0.04941004600908001,3.849362,6.7654004,1
15.0001,43.0,5.6875,0.75,58.0,3.625,37.46,-121.87,5.00001,37.46,-121.87,-0.061594417767569576,0.02285939863450711,0.01098127810944531,-0.1011016769785138,0.12219822398760859,0.023915391833036488,-0.004790282373736734,-0.000651616734435044,-0.0003158500146739547,-0.06038190232504907,-0.01262333939377316,0.0062140367244262334,0.00046253969496025957,0.024071016430984145,0.0160435240678098,0.000625114029846715,-0.002611419399070246,-6.143105131994333e-05,-0.04496928357152538,0.0007452326114230883,0.008961340308447602,0.16619412796248417,0.09874116166407401,0.043527569769661,-0.005466075571166975,0.004605864592274274,0.022576713354634768,-0.054607020180442514,7.3770943,7.2949443,1
5.3351,14.0,7.714596949891067,1.0871459694989107,1577.0,3.435729847494553,38.29,-122.33,2.699,38.29,-122.33,-0.07065792525478806,0.0282872356537083,-0.0006174747005920558,0.0014982601406196227,-0.036029772426785504,0.02003413635665213,-0.006383685199119947,0.00261191373215811,-0.0004898519085808624,-0.001986659364583541,0.052323465455373676,0.015385393865640414,-0.001576925226462544,0.000879352706724563,-0.002030082098442174,0.001160423799673025,0.003707742811037476,-0.0008992553311576489,0.0012111147392408089,-0.0009487091598390923,-0.0012620540717264907,-0.003927394090843568,0.00046757495584408683,0.0018551626455054068,0.0032696869680968565,0.07779323691636912,0.010910753989933785,-0.1879096044750234,-0.4215142,6.8906264,0
6.4666,37.0,6.608910891089109,1.0132013201320131,1602.0,2.643564356435644,37.88,-122.11,3.482,37.88,-122.11,0.1083097417185211,0.014170039267573908,-0.007510693026927622,0.009724600030500569,0.03407328872682016,0.018353030791618735,-0.006287935943562708,0.0026656190684654028,-0.001277769286077754,0.004367706708217166,0.0015878430828636795,-0.008158621344124987,0.00026810936917851517,-0.0008940284647372887,0.0006537294568720868,0.0006797928915348884,-0.018787313874402228,-0.007054360520003462,-0.0015219460890188042,0.0008848586715466834,0.00031999609576132456,0.007815746643748277,-0.0011978391454530708,0.0021577866487066753,-0.00011868207989898006,-0.011880030011437911,-0.0013463580396669392,-0.11791371973105574,8.456232,8.900919,1
5.225,16.0,5.502906976744186,0.9825581395348836,1461.0,4.247093023255814,37.58,-122.07,2.137,37.58,-122.07,-0.048119954320316106,0.018855624528247447,-0.000704207677729203,-0.0006283511093146473,-0.03686544321473965,0.018515258929227448,-0.006357596025339766,0.0024194664600334045,0.00031042422654801695,-0.0016389407646723681,0.06954106864147076,-0.0007245426211455518,0.0006983534209407434,0.000659106473147594,0.001694289237591826,-0.00123277918182281,-0.003442924365231431,-0.0013231328103038115,-0.00037659994742484705,0.00010774477829055684,0.0033680843246683095,0.00023101528909008563,-0.0006844685036650462,-0.00043186430771145225,0.001549046438647436,-0.0014080453118261451,0.014359733120444687,-0.053917017980787754,-2.426539,6.9388423,0
6.0298,23.0,6.874251497005988,1.065868263473054,902.0,2.7005988023952097,38.48,-122.72,2.891,38.48,-122.72,-0.010702505765138485,0.024175863666327388,0.014352628716125177,0.0037082088882074305,0.08269505377206006,0.09278215216357982,-0.06862137950631268,-0.0027418879918469133,0.0017989078502163968,9.041950088377554e-05,0.006476162169351461,-0.004035416478248793,-0.005128281010102168,0.0005620221938414428,0.0013824760552933364,0.006742293004325634,-0.049932012786432604,-0.011968628760962623,0.0016086199378413087,0.0010380096411665488,0.0012931053688372731,-0.007420104597041044,0.0026100162201577706,0.00216240956974543,-0.0022169448759785724,-0.002091931231160692,-0.007313359881322864,-0.07257403513529849,6.547332,7.5202994,1
7.3841,40.0,6.698412698412699,1.0,158.0,2.507936507936508,37.65,-120.98,1.722,37.65,-120.98,0.018229044017326324,0.023892041674064505,-0.003954616784414832,-0.1638601411398612,0.04692746637243189,0.006989187420668564,0.016577748394956272,0.008256213793061972,7.44881176759214e-05,-0.08617219300395708,-0.0027122857622596894,-0.01174047898870365,-9.395850009325672e-05,0.00032617681537552504,-0.10115610587598292,0.003976979180670174,-0.03160056906678895,-0.006323095082237805,-0.005954953320424166,0.0022474797035598234,0.000776944527009042,-0.004305355565458556,-0.012290724867790998,-0.02288357942477198,-0.010909876393571988,0.001289197103911616,0.002945434166781029,-0.09895358490702529,7.4859796,8.049006,1
8.0837,25.0,7.587242026266416,1.0337711069418387,1699.0,3.1876172607879925,37.3,-122.01,3.806,37.3,-122.01,-0.020356167468919818,0.02259581449941906,-0.005071388697709685,0.01342868423830775,0.07961057451929103,0.025201027703799787,0.005175744890140444,-0.0061724411114710016,-0.0011296130555314716,-0.0009577694379355731,-0.005203085154490971,-0.003201804737875831,0.0010534972903253558,-0.00292588235531505,-0.003179942410355198,-0.013665191684738662,0.005845314997904175,-0.011738074808764628,-0.001628488732672221,0.000816362813725501,-0.001978083845613072,0.0029293814302051874,4.489319585002811e-05,-0.0010450444387569433,-0.0002310585543027532,-0.007083148703218039,-0.029266076450516307,-0.022988489028371077,6.4786167,5.804709,1
8.7382,34.0,6.4421487603305785,1.0041322314049588,600.0,2.479338842975207,37.36,-122.22,5.00001,37.36,-122.22,0.034531715954477876,0.018967648596588407,-0.00955913574695168,0.0148214741375186,-0.04284690823530384,0.0012788427098953687,0.0007013827230667231,-0.004034378783918474,-0.0012777692860777537,0.002437100908155176,-0.001347610855251444,0.002395399657123736,0.0017233946385778946,-0.00043033611672985345,0.008642235939473015,-0.0004232392043292349,0.0033197626940562443,0.0013365924186260051,0.0007456423997024841,-0.00015111829924284787,0.028481834332277536,0.03173332021673614,0.001037173169825479,0.001033082599364438,0.002537305847788582,-0.0036475137947698383,-0.008245943592391588,0.026280338545045977,3.8645816,5.814284,1
5.3363,9.0,6.284931506849315,1.0657534246575342,1142.0,3.128767123287671,38.01,-121.93,1.608,38.01,-121.93,-0.08334700100882811,0.021054354332454176,-0.0014074670512672972,-0.004475864929435216,-0.05000685883001564,0.0036679904239188695,-0.023050958015905523,0.012815775635489517,-0.00043212364896893883,-0.005109920593273502,0.053096818293336706,0.025411705836327216,0.0002493737421221568,0.0016011038486463754,0.0005959316187326286,-0.0017835229007393313,-0.006999746994056918,-0.0019751050396363276,0.0008505428675958746,6.60875185313497e-05,0.0036187088493715523,8.574033863732803e-05,-0.0018647510086619438,0.001416417207262631,0.000641478898623813,0.02906465964723664,-0.009448560733329763,-0.11271183518517819,-0.8994058,6.720544,0
8.2664,52.0,6.63481228668942,1.0511945392491469,696.0,2.3754266211604094,37.43,-122.14,5.00001,37.43,-122.14,-0.000227867028054802,0.015451071658465858,0.01543226013238124,0.01885084268375709,-0.06699124869628675,0.00712021278843751,0.009243164504793115,0.0030065315525855526,0.0035890794710932926,0.0029716642670634262,0.002561482476448433,0.006650062280679254,-0.005588205666731988,0.0007888535846620075,0.008239195490583022,-0.006077301009052555,0.01946511442569036,-0.0067817419986893656,-0.0005392284809830843,-0.004311643948016968,-0.02007922743514898,-0.014982884171615531,0.0010214979706817619,-2.615530885951656e-06,0.003078286366030067,0.003665191164927188,-0.002163236104165657,0.009569724840573262,3.4850688,6.064728,1
6.5891,17.0,7.254464285714286,1.0669642857142858,703.0,3.138392857142857,38.29,-122.15,3.288,38.29,-122.15,-0.06447167371528727,0.025652259153627066,0.01039437729292539,0.0015425018645642094,0.005777557019154648,0.06266341158059185,-0.019822675094103306,0.005483605501596733,-0.003420971911723307,-0.002949144237243603,0.04718158201589539,0.025469202688766332,0.0011247412287309017,0.0003856112053877044,0.006948108034180282,-0.0012254165891068315,-0.03050347367543251,-0.004801457233298385,-0.0007274135294171521,0.0006567887605883159,0.00016964483121426405,-0.003052064282736208,-0.00179402077568591,-0.0019229252062160612,0.0026956262275767743,0.024663172872103706,-0.01072913619336972,-0.15787468855277675,-0.6326076,7.284645,0
5.3015,40.0,6.696296296296296,1.1185185185185185,746.0,2.762962962962963,37.71,-122.07,2.549,37.71,-122.07,0.10185813849135739,0.0174100909308638,-0.001487829478846662,-0.00013442598648370964,0.06812053851628042,0.01815241566950271,-0.007189030072583784,0.0028238290270079236,-2.3447043727162354e-05,0.0016386342583913599,-0.015854100030359666,-0.00823605475743355,0.00016590040902039245,-0.0019648000445280545,0.010226472370044221,0.0006934203988361746,-0.016186203077723896,-0.008618068855499645,-0.001030186369383682,-0.00108464458409755,-0.0037371804593462985,-0.004012367050577907,0.0020433565048658783,-0.0014178725431781667,0.0013207028770648673,-0.01704559633156515,-0.006019865696241403,-0.06117033868529292,9.276203,7.234827,1
6.777,23.0,8.103960396039604,1.1435643564356437,1480.0,2.442244224422442,36.58,-121.94,5.0,36.58,-121.94,-0.006978777346561109,0.02927635473848515,0.014711755570189946,0.00912928111842222,0.06160326046269648,0.005726519637551302,-0.0076472306022342005,-0.000798406826828483,0.0020730947172462604,-0.00077960124703738,0.011656352613369695,-0.0032171531740389867,0.0018668386225416988,0.0011394998650505828,-0.0013686734574013884,-0.0049882250749822615,0.009810040541691685,0.020227341842584345,0.001263724527163712,-0.0028578965921499016,0.0010977077823467712,0.0005311105685647011,0.0009215470599323996,0.002242493660736677,0.00023052427175062365,0.0016341228522919757,-0.005518803582882074,5.3020772828559364e-05,5.769029,5.868428,1
5.2088,28.0,6.701357466063349,1.158371040723982,688.0,3.1131221719457014,37.27,-121.89,2.409,37.27,-121.89,-0.003347040141532933,0.0176441173041669,-0.0020545554075484867,-0.0007512196791622598,-0.047689550276119,0.020630728535980053,-0.002343117847611718,-0.007196650190924113,0.00010486213633136037,0.0011516958701884902,-0.008000395273074033,-0.0011304283738885852,0.0009255127860479939,-0.002215716032546992,0.01128869840973745,0.0012224793439454952,0.018502253490127903,-0.004575100339757192,-0.0011851409278495358,-0.0014158795020818187,-0.004789715648649044,-0.0012819604715686333,0.0009162767331512692,0.00010587746201276504,0.00339483118592821,-0.00847304118677978,-0.019591261870266136,-0.03323851670978115,3.5814571,6.223262,1
7.0735,14.0,8.056485355648535,1.1171548117154813,2052.0,4.292887029288703,37.38,-121.87,3.356,37.38,-121.87,-0.05900892170107721,0.03166534900433941,0.011394310982600658,0.0066415474681323205,0.0249467132191475,0.013644456799034288,-0.022519886662279116,0.0017590990494298759,-0.00346498548619701,-0.001678787512915684,0.05498807323713213,-0.009404384119713335,-0.0001355065423799779,0.0018891118399174938,-0.0037245947603252974,0.02701046481410006,-0.0029561260830558477,0.025561420292795817,0.0007904704079706422,-0.001060198647953014,-0.003999059335896408,-0.0022532054683739103,4.4271373585526904e-05,-0.000828090642249936,-0.001942030601394756,0.001939312649085515,0.033368687470167954,-0.029701395155479628,-2.9064999,7.9227943,0
8.039,20.0,7.432314410480349,1.0363901018922852,4083.0,2.9716157205240177,37.93,-122.1,3.822,37.93,-122.1,-0.019818183991526676,0.027367475590239065,-0.0013162160200196132,-0.034345990962127704,0.06771305583145798,0.06692587266479218,-0.0040596224234210904,-0.004410328669378049,-0.0010699018411355371,-0.00110829423644811,0.002998758811151339,0.009902862274652084,0.00042917164199973907,-0.0034725807262493144,-0.000371664540707981,0.001965655148309941,-0.021714629235125075,-0.006735702353216566,0.002783045491045697,-0.0011878901494643726,0.0019419566488668369,0.002427724445003533,-0.001303348171334961,0.003125080056095268,-0.002250493901803216,-0.0032636437097957674,-0.00630052923844771,-0.14212369083337023,7.1561346,8.065235,1
6.1043,36.0,5.545562130177514,0.9242603550295858,2254.0,2.6674556213017757,37.46,-122.24,3.435,37.46,-122.24,0.09517136070095608,0.014895363963717087,-0.009439954079010719,0.009920446170528403,0.10171724109873942,0.022044943987151063,0.01088456064771615,0.00017190617314111193,-0.003042884667824671,0.00139275855937718,0.0024146430135468786,0.0038212712745265445,0.0011180346598222033,0.0005328152743943943,-0.008784190411352496,-0.008167602840339143,-0.005914524242621657,0.00620101811078914,-0.0017349516102310087,-0.0026223489612686355,0.026333779741648813,0.04803173396529107,-0.0038027217950437004,-0.0033446153712336276,-0.0029304661867325904,-0.016343850258683467,-0.001728331317184057,0.032660730415663385,9.515284,6.0888944,1
5.98,22.0,6.586469534050179,0.9901433691756272,6693.0,2.9986559139784945,37.66,-121.79,2.45,37.66,-121.79,-0.029428876063972733,0.013693584675485447,-0.00891178433987292,0.01228875045233785,-0.015084555395242595,0.02261712998790037,-0.024393891849621575,-0.004862885641852546,-0.0010578499656280073,0.0034844726321126783,0.0010581379302885615,0.00539295263296148,0.0011968910395825155,-0.0020407424507117417,-0.02229086006016928,0.0038678666882351227,-0.009747954964111879,-0.012667110113272867,4.7116644765585555e-05,0.0003442296732152628,0.0011537076913800497,-0.0006655198660977874,-0.0026549090658522247,0.0037426763410264366,-0.005734894170522115,-0.007046308162688763,-0.010272730597183592,-0.044366765680115876,3.9332044,6.7366996,1
9.1531,25.0,5.811764705882353,0.9529411764705882,254.0,2.988235294117647,37.74,-121.77,4.188,37.74,-121.77,-0.026718026765337525,0.023077269582533016,-0.002041957889431496,0.005471265926768229,0.08590459179261947,0.022542874866168367,-0.005811944570091337,0.0009210076653722456,-0.00031715774819366,-0.0032756394324729705,-0.00492561251873879,-0.007113519360459118,0.0003325246407141862,0.0049541918071641326,0.0020858116895067893,-0.0003844361872317979,0.0036197122679048604,0.005993910907758424,0.006966986984322852,0.001602523586004346,0.002109313627130569,0.001159705639801985,-0.0013187625946366748,-0.004497213054885443,0.002281738332145361,-0.008440863146750749,-0.010148855417306432,-0.05687287901849705,6.643448,6.4754925,1
6.828,36.0,6.109375,1.015625,348.0,2.71875,37.38,-122.08,3.839,37.38,-122.08,0.09846910073112432,0.01587815192537649,-0.00355691472112066,-0.020894308050006697,0.03944534615898522,0.020094858708046223,-0.00491729717687372,-0.002121093605367276,9.358477940084955e-05,0.0009532321495529135,0.0015236909148022702,0.003957983601306498,0.0011970038235617334,0.0007314739997483564,-5.760678968032957e-05,-3.474851869580675e-06,-0.0025241129972560002,0.009110457223746898,0.008848246377527832,-0.0003498027963646897,0.003726705539049024,0.0015787244754068023,0.0028224090265807984,-0.001145509508844529,0.0022805002509301573,-0.015343662267902115,-0.0025372804504241032,-0.034770998430519486,9.117793,6.943423,1
15.0001,52.0,8.461538461538462,1.2307692307692308,55.0,2.1153846153846154,37.19,-121.59,1.313,37.19,-121.59,-0.08890813707121528,0.036482340762828865,-0.07231374801848318,-0.4817321045663778,-0.24192058662940308,-0.013320025424999465,-0.0015251947143316384,-0.0013301713056450698,-0.03509430464400482,-0.09314562692127201,0.003538394569678061,0.008825384617308871,-0.002240375895649583,-0.0008586983861131319,-0.07990677301836432,-0.029826037894886862,-0.012871747969693375,-0.012797816350978456,0.008971962984627649,-0.005240512006142118,-0.002350599694171535,-0.00889661364027106,-0.051015705800463926,-0.06793486982640694,-0.06370707920059371,0.00800129511781681,0.01280212069847856,-0.08228524621816113,2.5355294,6.2445374,1
5.9164,23.0,6.605194805194805,1.0077922077922077,1297.0,3.3688311688311687,37.24,-121.83,2.374,37.24,-121.83,-0.014896156284945158,0.015611598980464698,-0.00820074618153886,0.005679054652581079,-0.0751564250887005,0.01603356374647793,-0.024733894242047676,-0.004539282118673995,-0.0011296130555314716,-0.00020227895589528596,0.0023113614767642328,-0.005723400046615763,0.000776796438138506,-0.0016732730506321002,-0.0011318314941750696,-0.005571254654161823,0.017890471783033334,-0.005527850512671818,-0.0013816563678365743,0.001771330378214262,0.00232492291515569,-0.004666893177780418,-0.0005778213557217436,-0.00040582919886626115,0.0005292609222430594,-0.0042888667225012165,-0.00011297211253429584,-0.0396582096937908,3.2049072,6.222748,1
5.1878,10.0,6.7990430622009566,0.9760765550239234,657.0,3.1435406698564594,38.04,-121.33,1.539,38.04,-121.33,-0.07497937639379824,0.020039013883658276,-0.0015187180575813308,-0.0016946910533767812,-0.042951065907519285,0.007612375533519528,0.0042282921890712385,0.014799067254705374,0.00019755627816544485,-0.004203527640301276,0.04835398568428956,0.025729635747847354,6.560625608333657e-05,-8.485189098716913e-05,0.010384028544296634,-0.007326361753738333,-0.02735409147711086,-0.002158386476714351,0.0011321245837867904,0.0021131305223736864,-0.001172252123623443,0.000477196666018622,-0.00028580076300991367,-0.003265262049508424,0.0034934654449160934,0.033185711379750925,-0.004330211763177884,-0.12275536092868913,-0.8727144,6.761852,0
5.7415,37.0,6.424581005586592,1.1340782122905029,511.0,2.854748603351956,37.13,-121.93,3.985,37.13,-121.93,0.08788286309909121,0.016462807020448753,0.01675419288156904,0.0013540406024780515,-0.007742428978087625,0.022534111350771123,-0.01589743696904749,-0.005516445175176541,0.0017358471624166138,0.0038106695574847142,-0.012786288221671558,0.0066247389052816776,0.0009310929640486353,-0.0003617807442663913,0.008265109790658224,0.0015324051396941474,0.004862258532471029,4.9271915572680994e-05,-0.002807670171812987,0.0004263732774208285,-0.0049474357483873434,-0.0012169436201402669,0.0015428986191915303,0.0014382230673910198,0.0028287150614379614,-0.0153968199742823,-0.003474924737332806,-0.04066144784202182,8.809073,7.1177044,1
5.2887,21.0,6.4,1.083076923076923,1040.0,3.2,37.25,-121.89,2.645,37.25,-121.89,-0.00961953467352616,0.019380964406867398,-0.0016737662944280552,-0.0043357356101454796,-0.06318016940727147,0.023187067550489715,-0.010681011425548304,-0.001272584585484168,0.00014925066474619428,-0.0008721919284809292,0.01495433046994726,-0.005395524199434162,0.0010870322051640068,0.0015195665328247745,-0.001944553365257048,-0.0025212090638670266,0.0030602360554432525,0.00043276410282293233,0.0008281500249093339,-0.0016549573364775896,-0.001767977141583505,0.0023266624042977517,-0.005325949940552514,7.73724492109816e-05,0.001087665241365475,-0.009808369762881308,-0.005453471821734501,-0.037647762561891084,3.3744264,6.060744,1
8.9571,33.0,7.210696920583469,1.0307941653160453,1684.0,2.7293354943273904,37.86,-122.18,3.997,37.86,-122.18,0.028776090681573017,0.026560713769392057,-0.0034103965092257,0.016225126562260415,0.045437279978870634,0.02547493732832542,-0.003121321181838419,-0.00445444035064483,-0.001277769286077754,0.0019194431548162651,-0.0018860294278714785,-0.0012180659866524474,0.001727134584000122,-0.0009580232638262204,-0.0007086475949495097,0.002548555621202884,-0.01978476797370274,0.001614638729890349,-0.001485118744037916,0.0016409652188642205,-0.001198693914543668,0.006776347056973559,0.0013069673782088894,0.0020593837094348396,-0.0006106582609410908,-0.009504858145922583,-0.0030824006211968118,-0.11302540315526362,7.6791177,8.490223,1
6.6437,25.0,7.331775700934579,1.0825545171339563,1995.0,3.107476635514019,37.28,-121.97,2.961,37.28,-121.97,-0.026371583359328904,0.023368770153549323,0.01688322286843646,0.007161329984129058,0.03138281177727625,0.023939835959883363,-0.011120666094394074,-0.0066881688038826605,0.0017989078502163962,-0.0016186905100262047,-0.007771923594328093,-0.0016887509582892404,0.001049333852902365,0.0013018950193658568,-0.0011267039714593502,0.003140894680825441,0.010782851221743028,0.011332248166831116,0.0013327212999123563,0.00031304614084039575,-0.0012270150394922065,0.0020562716728758828,-0.0012479679308596346,-0.0008916140309832108,-0.0004783490927651651,-0.00429877524085047,-0.018652269887296208,-0.026991093849871584,5.261523,6.202614,1
7.6229,35.0,7.2251461988304095,1.02046783625731,881.0,2.576023391812865,37.39,-122.1,5.00001,37.39,-122.1,0.07798976501942309,0.024717060325532707,-0.010591124705609767,0.012695767305928023,0.08802897513551701,0.014210119651596452,-0.013763860687299451,0.005157500670247789,-0.0012777692860777537,0.0037317397480374085,-0.008315483774303937,0.0027790178329436446,0.002702003754865193,-0.0017863700527383638,3.4565034303753975e-05,0.0010657097957686567,0.010231316290549257,0.0020061466096422263,-0.0013961797003215722,-0.0008240452453747927,0.028453651293240442,0.030267991707395338,0.004598839331454435,-0.0009389288614551117,-0.0005524594698371136,-0.016360902705247118,-0.008318776019589668,0.038214732528734516,9.691001,6.0029,1
6.1642,13.0,6.541353383458647,0.9924812030075189,1432.0,2.691729323308271,38.78,-121.18,2.778,38.78,-121.18,-0.11482090829677759,0.014344040626820258,-0.006023786540247301,0.0032789369472259987,0.03430394094888659,0.07275235441623613,0.010412393970658919,0.005140667695576206,0.0019113403111904758,-0.002948483356233943,-0.010138210636036236,0.031678105844127176,0.0017659108637759781,-0.0032122471114465535,0.0018408200502609295,0.002708723316471676,-0.004080463938481805,-0.004966140766102999,-0.0012235261354291284,0.0008987173269179114,0.005385202958887073,0.0010336490610119433,-0.0010947655960462772,0.0016951288826059763,-0.00035293349643368685,0.00040375089177919403,0.0028779970048101663,-0.0818327724116505,-1.5330771,8.070264,0
5.6292,24.0,6.454954954954955,0.983108108108108,2444.0,2.7522522522522523,37.94,-122.04,2.314,37.94,-122.04,-0.006063145844505965,0.012746650366235405,-0.004848689679111996,0.006205731254196443,0.05863864883092272,0.0390721173656874,-0.028869411134955045,0.000765280602053846,-0.00019071063136654042,-0.0021508872498391726,0.004647439825336215,-0.011443454502263122,0.0008503530190473351,-0.0010826655171356243,-0.001964027278184952,0.0022803340325232486,-0.007321668426297719,-0.0018337477029153643,-0.0007006877573174319,0.0004653286729207379,-0.00010295278138351774,-0.000886609822654734,-0.002518751837747202,0.002469097523036406,-0.0017813874719443676,-0.0074860919699552535,-0.0011635269542404623,-0.11638190462190327,7.041828,7.966534,1
5.6194,32.0,6.746594005449591,1.002724795640327,1048.0,2.8555858310626703,37.72,-122.08,2.747,37.72,-122.08,-0.0026413271860622803,0.022613613555508102,0.00045587881505831614,0.0012800694409700053,-0.019127434959180952,0.013574040388050336,-0.003104086163488471,-0.0049199285983539546,-0.0003614951519491641,0.0009646395979358515,-0.008120239346779377,0.00016894692434211227,0.001710555511235666,-0.001177069550145749,-0.0006420344908022489,0.0021274290383169105,-0.0031982427477898444,-0.0024743869642405293,-0.001036022752428533,0.0012521453553682152,5.4845053707995795e-05,0.0025825617950351555,0.002125629617006555,0.002187178826000641,0.0003177875095611225,-0.01650943680251445,-0.0069415353136033555,-0.09137331808472461,3.4833703,6.9368234,1
7.3445,13.0,7.897727272727272,1.106060606060606,852.0,3.227272727272727,37.89,-121.93,3.667,37.89,-121.93,-0.0641080319554359,0.04511049876980901,0.01127307767336838,1.9383158931076606e-05,0.030812368392834032,0.03125035469563481,-0.021842928577783003,0.0035173360632977687,-0.0034649854861970096,-0.0030816645404131648,0.04659291220239503,0.0028831693357230306,0.00043197375892119,0.0019282919219745724,0.0019588797556905307,0.01934937649602527,0.005860322334896601,0.0011772681348801764,0.000896661425517179,-0.0019975738135019727,-0.004447018258786762,-0.00041752245710598927,-0.00557127094869164,0.0009854373429591702,0.00026257658593698783,-0.0024501746487239203,-0.009345644640874801,-0.07059311834566813,-2.2850964,8.082793,0
5.1691,38.0,6.854497354497354,1.1216931216931216,905.0,2.394179894179894,37.91,-122.29,2.632,37.91,-122.29,0.05604427213063392,0.01838701660436229,-0.0013695352018507647,-0.0003201186011098829,0.08372325926625396,0.005352326932247358,0.017896835574961915,0.0005249601171070874,-2.3447043727162293e-05,0.0015742914811458938,0.005435430769021285,-0.008571527400972348,0.0027969172154882296,0.0007821225879644037,0.0010269825020716758,-0.00587843323881274,-0.03307386463816409,-0.004651882906737377,0.001125777045256599,-0.002100171997490994,0.013820856345149448,-0.023933320629414865,0.0032026997646391773,0.002779057020681195,-0.0018580830326730426,-0.003390682990445746,-0.013070700605462275,-0.10291633942639426,8.306391,8.249992,1
6.6131,17.0,7.358344113842174,1.0659767141009056,2111.0,2.730918499353169,37.79,-121.97,3.125,37.79,-121.97,-0.10354982885220852,0.023527563193319966,0.012671290866646374,0.00681718627856539,0.019059996289829788,0.017963853944962405,-0.017988398491323946,0.004409195102682399,-0.0034217631378535866,-0.0018345154260693535,-0.010901181574204825,0.0035064284620900913,0.0004266221516968931,0.002107485641347073,-0.0008239760713792775,0.001214664205882403,-0.026231104892907874,0.00498194366378108,0.0007108829989243709,0.00159286962532876,0.002462407686895534,0.0004679771712962679,-0.0020599669218660088,0.0009949144935819882,-0.0011870507458985131,-0.013163296367066693,-0.0070820784665222465,-0.06234548340596685,-1.9328798,8.459752,0
6.0661,16.0,5.992537313432836,0.8955223880597015,1117.0,4.167910447761194,37.58,-122.07,2.47,37.58,-122.07,-0.05686893528697194,0.017908774637933753,-0.0067440882649542604,-0.0023221882196682885,-0.03923284686075936,0.019252234025278717,-0.013942744816794505,0.004872230950426958,0.0016937526504730166,-0.002925613853482712,0.07151658337852727,-0.0006469135585700968,0.0008623043482243522,0.003968940850202651,0.0006827715089873198,0.000999554807258691,-0.002746191844355838,0.002162124465123826,-0.0006216518757093208,0.0007416124776866597,0.0002206234952602524,0.020437361583663636,-0.007675371505548961,-0.0010810263973710216,0.00046197673999318653,-0.0007104992486935996,0.013308805368566377,-0.03717381416174611,-2.4251244,7.081416,0
