do_shap_MedInc,do_shap_HouseAge,do_shap_AveRooms,do_shap_AveBedrms,do_shap_Population,do_shap_AveOccup,do_shap_Latitude,do_shap_Longitude,target,umap_1,umap_2,cluster
-0.18337383074047447,0.1422515550584306,-0.04997328464356651,-0.017223404738404613,0.03194192490221823,-0.413050327805567,0.015681535893777993,0.09352872115341024,2.125,12.659961,1.3985332,2
-1.0097890067909594,0.06401433622840168,0.032860405035115114,0.0039267132166456165,-0.07328241290227076,-0.2580388400803494,0.010148717242554048,-0.05095904421334603,0.546,13.791154,8.538045,2
-0.027113193500577615,-0.012291065666608147,-0.044549757757721464,-0.0339536776181181,-0.008855144677465038,-0.6842976284136987,0.15580174436833152,0.05080590096723109,1.825,12.007758,0.5751769,2
1.0819963699748083,0.06950174780727572,0.0289771289250694,-0.06065435714217293,0.002036485595418247,-0.38257602348642294,0.08305067548268635,-0.15526585823612396,2.367,5.9243264,-1.2923132,2
-0.8284832835906785,0.14666066319293045,0.0109495054906939,0.024548233003031633,-0.051870030490756,0.04301538203839811,-0.01668518763600385,0.0316339282899849,0.672,12.277719,7.247708,2
0.3627308320692459,0.25671596735072166,0.08442718577220681,-0.057327846910245034,0.011084639232204596,1.0464443114260358,0.029055492093647328,0.14674182963333823,4.944,6.280916,4.271932,2
-0.05898373271947163,-0.052786762284529665,0.07985755524588345,0.018163446910794023,0.05007654905998557,-0.2816383863501992,-0.0677367017227892,0.04075935316412224,2.444,11.449073,1.6755517,2
1.1490227347318032,-0.34134576880750483,0.01722683858260779,-0.07417314109943621,-0.05674199303086919,0.14948085618255552,0.05991734780985425,-0.14836538464381233,2.606,4.787377,-1.083778,2
0.9887105140532844,0.00048782141832087733,-0.036942233916819944,0.04489434158915634,-0.02769714490140307,-0.3458025747336976,-0.06466433503678551,-0.10019206200192671,2.348,6.0450873,-1.2583545,2
-0.6478900612993083,0.08094943478236824,-0.1233614895393717,-0.04590916805650855,0.09916624491250434,-0.31673662760349186,-0.048062613709617896,-0.13222345408560676,0.546,13.883226,5.7897525,2
-0.8320239689552597,-0.08667441630459,-0.06162113241898709,0.013304629538628043,0.01742538246131553,-0.12176786451589275,-0.020607404419427267,0.0708631876435353,0.883,12.924986,7.5512824,2
-1.1318040565916625,0.00018853287083081538,0.0011445160421509754,-0.05371097529802624,-0.011006342601842717,-0.0450214399989248,-0.1321742257114753,-0.08361278382066413,0.603,12.602614,8.684404,2
0.44468038992862163,0.14571529370839692,-0.011422418820664082,-0.09646567632470379,-0.04469823153883426,-0.4290517583223894,-0.06544448796681232,0.1950218171722236,1.734,8.837105,-0.4485376,2
-0.6299148102688761,-0.03164069049505869,0.03357926126135305,0.06014481716959487,-0.052531892711640146,-0.19727795163009854,0.06165797184297639,0.008721473095219923,0.684,13.330538,5.977852,2
-0.5368069117834743,0.1070967470296541,-0.03344389939137585,0.06510560074009242,-0.013124497230741689,-0.004548419206976767,-0.08755591674819047,-0.08193881191812821,1.292,12.794513,5.870975,2
-0.9515834878096576,0.0076159000662117116,-0.008007230465558568,-0.0012662630093109861,0.018563981694188852,-0.11180150438719663,0.061467243387176324,0.09624752024046249,1.247,13.313932,8.23128,2
-0.16526210998727023,-0.09136422276838,-0.04396287124724141,0.005091863627719545,0.007039876912227766,0.0661501279022974,-0.015796358104559233,-0.0571859675033177,3.244,10.2771225,3.5123332,2
0.8210461722792033,0.11782386772514827,-0.008824509935748154,-0.020689135506999967,-0.03668113012287627,-0.45361387661412633,0.006613526006128301,0.033727268627422924,2.379,6.5551295,-1.2460092,2
-1.085900544040308,0.05096060257975543,0.004051100103545674,0.03130885504365452,0.025955063959896496,0.4127060448955874,-0.009955240961986273,-0.05189421884225329,1.625,10.748689,8.570235,0
-0.09375067607264326,-0.05039667196963832,0.007134273839984828,0.028178083046721758,0.03086476226347032,-0.34806359129519837,0.007040252167294703,-0.052091381023914,1.849,11.995558,1.523575,2
0.1270311145698202,0.09116057857185811,0.031987584055690604,-0.11251240784955374,0.014803231569790604,-0.7507087971959322,-0.008675723872166335,-0.030882900421937337,1.664,11.755226,0.3817066,2
-0.24193124608440528,-0.312147931202156,-0.030433472957758056,-0.014188524269649533,-0.11108471665000794,-0.09171393881013118,0.0049781809072275696,0.05134542130595998,1.381,11.158706,3.7048676,2
0.15299473824350857,0.15710870003859226,-0.08114275120805725,0.012964555084474833,0.03318785104842306,-0.2675420920599155,-0.18989898173974273,0.005116585591915107,1.75,9.93576,0.2744442,2
-0.740424490403413,0.13257793457064826,-0.10703870625822395,0.09861428470909803,0.008164233750644345,0.6033285971666767,0.018331318960435078,-0.0880558797908666,2.438,9.334251,7.721461,0
-0.037976670768854665,0.060790321794120306,0.004062319952823801,-0.04846063504956252,0.008026871792044532,-0.3688062539758459,0.021895238673675377,0.010690323041973177,1.138,11.770276,0.9612221,2
-0.5338821659531616,0.033148809701120746,-0.06933035567323076,-0.08425383285708984,0.05183107685513988,1.1681097673393235,0.0266983876947062,0.006203703891969725,3.75,8.729478,8.002183,0
2.204252471081287,-0.2577324542246193,0.01463647887889244,0.06450557460804365,-0.04222712547873764,-0.21735084738465452,-0.01620933376709227,0.06073893642907707,3.266,0.757435,-0.7623052,1
1.2312206808346886,0.20788967383831528,-0.0755090839599748,0.0486426394065492,0.004972086765386519,0.13874816249012495,0.06588174295468968,-0.07366282126986129,3.118,4.022287,-0.53338194,2
-0.19684231857842965,0.2188185387851062,0.1064568077078171,-0.06783964207114423,0.12744328492882132,0.19738242648128895,-0.02848731704712179,0.066686626417332,3.229,9.538149,4.0982122,2
-0.9525300963587768,0.032774752601058665,0.1282016806972252,0.042555708526487435,0.04018251513939268,-0.30106012263899345,-0.0151830340598057,-0.09439074448463447,0.768,14.085962,8.045761,2
0.5004462107522438,0.1191658510491706,-0.05451013748425068,0.0403144587253588,0.03413352663218372,1.0820195258764311,0.17140095198309468,-0.02595811211279403,2.939,6.2689867,4.135781,2
0.8588499274457361,0.2591423910269147,0.06529922081399442,-0.008601939839384842,-0.1167258629774782,0.010160868651516025,0.014443947540339896,-0.0033934232408469045,3.844,5.553321,-0.17263222,2
0.30848163669320605,0.17540689742440868,0.16181893415732568,-0.06543704971221156,-0.01637541019486674,-0.2817199607851337,0.07899373036231125,-0.048053466253293375,2.294,9.574603,-0.2248774,2
0.2182783123743645,0.17258390032529003,0.0213585308625468,-0.020810685995918732,-0.05390987571974448,0.12550828821442228,0.14902007643110654,-0.05340439530998986,2.013,7.9625225,1.3747885,2
-0.5233506354457431,0.051134399953359805,0.0395879168545914,-0.03304042523980702,-0.09494289249748358,-0.25488947807477114,0.06725559968923278,0.10458590231489828,1.271,13.874369,5.4697194,2
-1.1019372052054848,0.15199836804577582,-0.05719022717436541,-0.052538990175594436,0.14522465037826127,-0.35619868613692074,0.07619869538863777,0.10600108710941641,0.633,13.99634,8.602876,2
-0.07852784261889126,-0.2506573214143657,0.0403448155474552,-0.06262451518105963,-0.08980545265707462,0.3675036156001378,-0.04906642078655993,0.03912197808950996,2.1,8.283343,3.2331603,2
-0.47858616864705517,-0.08958597914812672,0.06145037813806892,0.07424691139707473,0.01686980898959714,0.07499038074727463,0.0013739750252678984,-0.017935514597112984,1.896,11.435258,5.6476717,2
-1.1220156512887183,0.1233212991993636,0.03968075673590232,0.10460736193502809,-0.011601776660565444,-0.3355400574990838,-0.05074164126980309,-0.056294450727214604,1.008,14.030802,8.580843,2
-0.5437243386748662,0.12113530257792929,0.034450322243817416,0.006565248767175069,-0.015911437757005514,-0.3123951130766471,0.0949258764404694,-0.0066737395517432185,1.768,14.02739,5.4439397,2
-0.2380382248618736,0.104854451861575,-0.0032029926353930316,0.052418435223449134,-0.003652657045819213,-0.17117071662603858,0.035549459529160166,-0.04614590225796433,0.798,12.576566,2.6804984,2
-0.5378772611407838,-0.05991132237711588,-0.017484045545341775,0.03782168884471429,0.00853220500149865,0.6777358143328167,0.0600225643056323,-0.09057781300538179,2.326,9.424675,7.688149,0
-0.35375309900294183,-0.0934421263022113,0.028290856417678728,0.0923220798627429,-0.14239549621246836,-0.07483375204172726,-0.0020064284268648813,-0.03261229879182073,2.848,11.844792,4.067556,2
-0.8937141310335313,0.04885914085519699,-0.0022792155702105604,-0.07305662269327007,-0.0695363423233285,-0.06723727966670254,-0.027236033525517706,-0.04932660909841831,1.14,13.029129,8.030793,2
0.3471445773490994,0.0918618238854832,-0.017364234899914482,0.005452163900784457,0.007886756613814633,-0.0027700101937544463,0.016151205224977455,0.0125584440193445,1.971,8.002986,0.79659563,2
0.4238245659093806,0.05794367710336129,0.020933408220127875,0.04799245569199012,-0.06551977784862306,-0.039577697451357946,0.034844524908292734,0.029762971302199903,2.913,8.297906,0.5113446,2
1.9179396483608835,0.12773779133829477,-0.15333834394632734,0.11180884942956124,0.032084106492593384,0.01922626383805523,-0.0036559536584106767,-0.04609159466844803,4.964,2.4176517,-0.68401116,2
1.0962774505637247,0.22980719109512399,-0.008641733555526776,0.11166397955474694,0.014770776803204433,0.7143229348364395,0.016515749164231763,0.1448993485040781,3.44,4.221992,0.35944206,-1
-0.36036963106817477,0.654452638475329,0.13318812877092634,-0.008658259222991738,0.045991178992201065,0.38697804993538587,0.0627174380796709,0.04855884218957554,3.563,9.63137,5.694515,-1
-1.2998960002563404,0.02913037573175535,0.0752266373616955,-0.017266332206463814,-0.06286467812375456,-0.02134140555830348,0.01804378611583246,-0.02180177565795892,0.641,12.276687,9.038056,2
0.1589961574941523,-0.18542923475058054,0.009362534758942304,0.009390729474532039,-0.08647031128094934,-0.12024813429941816,-0.08132040489697678,0.03242876136906747,2.241,9.611658,1.0259179,2
0.3812713467353313,0.05714639126130042,0.08042983108563154,-0.019168768267079694,-0.07663509339598651,0.14956613730358756,0.06930715816713742,-0.006123565838979411,2.925,7.739546,1.2295556,2
2.168451567196681,0.327016519344012,0.009871600592037483,0.005206495742230338,-0.03211332096311603,0.3124639740828767,0.1268549354567845,-0.002470832352154395,5.00001,1.9472144,-0.504686,-1
2.6852640606816234,0.07547874934210203,0.02575823270087399,-0.0037374503083522637,-0.007090645483387448,-0.507526152746988,0.0784509896984836,-0.010118181971434825,4.0,0.027179854,-0.72560143,1
-0.8125363031525583,-0.03195341402457624,-0.0018612801752264374,-0.014517901975556635,0.16184197165738873,0.08470907824369892,-0.13887257395346406,-0.08492529346939459,1.368,12.391869,7.4479575,2
-0.24890703503279693,-0.06056426629611944,0.00023443956896737617,-0.024263072586399287,-0.008065618803613367,-0.3354047034529589,-0.05677816055991666,-0.11519546711535636,1.297,12.18852,2.2610242,2
0.1911392770203694,-0.20845913510500505,-0.052589377590239544,0.04429887134266208,-0.0004047730914506775,-0.2890695391635464,-0.02320501534197239,-0.08627930244368776,1.794,9.862776,0.9306615,2
-0.2531799308623719,-0.12173577989232587,-0.10734783000943876,0.002950921814860008,0.009293835464270594,-0.2660542788318823,-0.03819412901429267,0.028333659059225108,1.018,12.285362,2.322619,2
-0.9472000598387638,0.08718291359337556,0.10934097472395413,0.11815636579560172,-0.008794212872601348,-0.36698084270382164,-0.059117227564322264,0.0632867158651446,0.914,14.153929,8.18916,2
0.4544519334710823,0.27262200254192387,0.08242655657575393,0.02703769458473987,-0.07092975640930987,0.12826541966150168,-0.016494118784069645,-0.03473652552887324,3.347,7.3484344,1.0807773,2
-0.6401871286756281,0.16906509048111515,0.0887935775852399,-0.13775509061114835,0.04537879774330053,-0.23818646459235202,0.04801378770970702,0.1160127411458258,1.381,14.126475,6.2528424,2
-0.6687583575017841,0.07619781288102864,0.01163658416920954,0.011788852816412926,-0.11105263212699543,-0.005585009887259795,0.08241218475557804,0.057619490072070956,1.613,12.586818,6.575968,2
-0.1897862977254274,0.5823213461962149,0.00029388898489679516,-0.03890983076450763,0.032814724745958035,0.0854449109296537,0.07421029083811273,-0.04459251610484172,2.724,9.34486,5.262672,-1
1.0023872203976212,0.26784299794052924,-0.019845234489623775,0.03805444970098701,-0.03666119769105833,0.41947011138575874,0.07289466367662237,0.21979100756207226,4.445,4.6400623,0.18804134,2
0.005158453592782136,-0.28873443234864965,-0.036813438877183885,0.03303786170824086,0.045021605541286785,-0.16096553122311022,0.1136775790958825,-0.022971928894803345,3.037,10.698175,2.4033735,2
-0.7834013876822041,0.021489713345807515,-0.03650186240121814,-0.08208196053909267,0.03823352797044183,0.35874463488339364,-0.021154283846743588,0.13356968073580713,2.52,10.9000225,7.1097913,-1
-0.24626797480959314,-0.2525103304698282,-0.004018299647200768,-0.10797767761397517,0.07291900683720406,-0.13796570949049516,-0.04720955440440694,-0.13818803136437519,1.412,11.182493,3.3608613,2
-0.28035632162350244,-0.26571419391978535,-0.0022042872250704337,-0.06878553829454981,0.007623439329462162,-0.12901292475052623,-0.03340743157286674,-0.13096267707040357,1.375,11.147941,3.4871802,2
-0.17466482083874635,0.0009287270312854923,0.02944904089081854,0.008343066459500753,-0.05470121504681444,-0.36694033696769923,0.06335377603823669,-0.021320843406290535,0.996,12.417789,1.505526,2
-0.7907780302203378,0.08471802163163522,0.03859235064539382,-0.03776001186854916,0.11372745808649215,-0.19608970830021302,0.027879893469909933,0.007245642883681153,1.462,13.846204,7.514535,2
-1.1322874005910495,-0.04072289816177596,-0.006849626708138559,-0.03684566956685614,0.11144092091160888,-0.04491572558671883,0.024463875787403874,-0.10942295548523386,0.57,12.64735,8.766899,2
0.848985194382792,0.0713794723326878,0.028391081345772118,0.0019067299044795982,0.031205469376996198,-0.031569919819425,-0.08808981108480762,0.012249786499935023,1.964,5.876137,-0.4391144,2
0.21706473643533616,-0.1358923934899138,-0.05691095093758386,0.054276230496600686,-0.020896042772105494,0.5391871829681356,-0.007592631773069541,0.07277857490868361,3.14,8.077862,3.2256622,2
-0.7001563082569833,-0.05975343717919196,0.0389870533579281,0.04182275736544336,0.00933179588229005,-0.06426882922878219,-0.0503540801292888,-0.010823168911975267,1.203,12.7611475,6.46298,2
-0.7431619594451331,0.1274126078265246,-0.024056892308673694,0.07684552369630152,-0.01174130789410821,0.6488346143193371,0.04386685554024547,-0.07346162058144717,3.5,9.246493,7.7570176,0
1.4576104168743882,-0.11301260844418407,0.05128763875897613,-0.011152978878035763,-0.07648946889251429,-0.07937211098933672,-0.027722628389635462,-0.04675823307422938,3.307,3.8298473,-1.6103532,2
-0.3695425591321407,-0.03027532130458846,-0.11883824240788965,0.13956575782423314,0.004689331184710432,-0.10339989347069814,-0.08910379416972569,-0.06009666177260675,0.678,12.116629,3.6440835,2
-0.07833757446878817,-0.07139164591579975,0.08330399308001168,-0.02689382718063607,-0.05073926221847053,-0.1913749473623213,-0.04189069111753932,0.219059931320986,1.697,11.303216,1.5553799,2
0.27487632260774086,0.07565367855770533,0.002515488222851775,-0.014786658066993169,-0.014180808555975477,-0.3294657819610221,-0.10028817236010906,-0.07978624226799508,1.425,9.752069,-0.15724272,2
-0.9866733786698728,-0.008936880374273051,-0.0396088189027648,-0.05752112446523387,-0.025534834788307828,-0.2082196464904712,0.06929634049483532,-0.022322540763024507,0.49,13.473912,8.396538,2
-0.2942566429839281,-0.0025046306186782274,-0.03816865519792917,0.005952972324136274,-0.09617792647651699,-0.3127909197154679,0.1399387052246158,0.06885254404929958,1.409,12.743153,2.3355107,2
0.3095314145676719,0.059833992410461445,-0.01311044989343163,0.025780751527620382,0.07219301181517285,-0.2245845808023949,-0.05892211372599926,-0.05816994947811038,2.353,9.551341,-0.048583727,2
-0.6163210704074861,0.029227557175058566,-0.08680200310288211,0.0552290964413894,-0.048101503166023546,-0.07667809745630028,0.08027983791483134,-0.05463392827393487,1.611,12.689257,6.132296,2
0.2616165582229142,-0.08894082389962515,0.021342558904330844,-0.019706674287068793,-0.037377097081185695,-0.13021183999211977,-0.02094404173713535,-0.07243220915009213,1.875,9.277997,0.60657966,2
-1.005327002443562,-0.07906763271625976,0.12456262227130782,-0.010675547779910671,-0.021690890987881878,-0.09074920861452515,0.03642023307277635,0.027921919292001426,1.188,13.280902,8.437662,2
-0.17451651683742123,-0.14305245359135532,-0.05712983685826717,-0.05859212317552953,-0.06689231079257171,-0.1199435585309589,-0.03886247105871607,0.06653471653364582,1.828,11.691184,3.1113062,2
1.2971612970744346,0.10522234496451363,0.01569516222908285,-0.00728986018679037,-0.015057311481153662,-0.13613974871002965,-0.07876388150013311,-0.03100165541956912,3.606,3.7311156,-1.3756965,2
-0.6822915469171791,0.1781162946589525,0.01893153969506789,0.022530871941697755,0.08702600118860215,-0.33370244380681074,-0.021300081083155203,-0.05074186706079442,0.896,14.315645,6.503572,2
-0.7729526735502171,-0.014485346101240026,-0.012853367576019903,0.04867294099193897,0.01283400624898956,0.001599010557148256,-0.047054083828517584,0.12340082661162038,1.107,12.667924,6.9261837,2
1.3413293555021142,0.0042171253039609,-0.15320793384258152,-0.017357137166629427,-0.09604849109124466,0.023263490500401746,0.05035425426168377,-0.08705068787919376,3.483,4.021292,-1.0383399,2
-0.7084474919837971,-0.08336191532090045,0.011850664022347884,-0.07290901470698175,-0.018011785015908638,-0.18657994364353253,0.043538408092819864,-0.04956403283286562,1.125,13.239092,6.5799603,2
0.13233363067311232,-0.044222866259988725,-0.027457497851699347,0.06145349280295667,0.03874932247946247,-0.46893431283414205,0.00962606953655204,-0.07252986758095781,1.542,11.1360855,0.30905497,2
0.03410003548613941,-0.0737953057028092,0.0023307369858406868,0.06280355129784898,-0.13413016555945464,-0.35818590667118255,-0.011753598037299251,-0.03695930071170431,1.904,11.260199,0.8868182,2
-0.5155866097068991,-0.09203949396560482,0.021364323702858318,0.051946558712838625,0.006116348174964731,0.05945589713821209,-0.0007466208035231126,0.00046420750641379405,1.406,11.511334,5.6691318,2
-0.568952342776299,-0.12183462116284285,-0.08812460672887493,0.08602922975626318,0.06989425401236093,-0.11657825794223522,-0.03868275306334645,-0.022353170482802526,2.189,12.641735,5.586951,2
1.7544147228275582,-0.11839376690763184,0.03833339867776944,0.031148495869073034,-0.07883151359184148,-0.20278819103123022,0.015816879388964616,-0.031749728653943765,3.491,3.423762,-1.5563616,2
-0.8674412644060385,0.25408533652213616,-0.03926104955137788,-0.03606600788564168,0.0978390515768206,-0.2377083600947886,0.0271567072868331,-0.03241123131283212,0.594,13.942096,7.8193645,2
-0.06842657454308992,0.06701698427582084,-0.005334051517577543,0.038334866795893596,-0.03064823370279432,-0.21522543232760302,-0.13750809722169213,-0.08656316050713725,1.712,11.582167,1.4679047,2
-0.25259856923210555,-0.13118856246100788,-0.014634974712024157,-0.020841156771694014,-0.07542098045460571,-0.2353187408864266,0.06602916550456533,-0.051479660812530414,1.381,11.649002,2.7564495,2
-0.9407210002796713,0.27917274417210297,-0.015513299977397421,0.0753504105463349,0.14690289826277236,1.1128596681878355,-0.07944339994926242,-0.19577148860781377,2.906,9.196679,8.3090105,0
-0.7091865161913042,0.0021109510940243714,0.08622876261366841,-0.1598753971506242,-0.014474369406875076,-0.11215717757706467,-0.10263952721322145,-0.015428642490533162,0.7,13.2370405,6.660017,2
0.18492410856980995,-0.3387169351888479,-0.00667625050310211,0.05760031769904678,0.06103516541957715,0.3241654721021711,-0.0096392561455593,-0.09287404031727112,2.75,7.978349,2.496789,2
2.281159488568208,-0.10662063996205376,-0.02236854315467579,0.07573465644566474,0.06913977882088099,-1.3956890395362498,0.0204147126913255,0.034710106330944124,1.375,0.51033765,-0.78873265,1
-1.0300927011736771,0.07548825978528419,0.05340362523640682,0.009402261661922137,0.04843795073616369,-0.2476052145810248,-0.07678917234133041,0.08721136403606039,0.57,13.837462,8.462555,2
0.8243414289949631,-0.061793061811574734,0.0053249979393875935,0.014313613344326737,0.032943229430538346,-0.30196012647104065,-0.08171784664723053,-0.0008566890772214453,2.287,6.3999715,-1.1242956,2
0.4533321549604549,0.13343715657937152,0.01497327612391014,-0.12898672157261903,-0.07592880489486528,0.20034486128026632,6.946779774696932e-05,0.1911892706720245,3.697,7.3239236,1.4752463,2
-1.005785698543878,0.08062923599033214,0.09961860016265883,-0.08992094547974933,-0.11602986082848968,-0.04040942942281703,0.07249512470034117,-0.020782132185749813,1.375,12.897509,8.593399,2
-0.48247465200593365,-0.09658019915718768,0.05758384544368314,-0.019409088298991517,0.011982875529354953,-0.03282298789733665,-0.08137986423197785,-0.038128918811976775,1.533,12.00551,5.064137,2
0.21867587327573762,-0.34486549909549624,0.1408479875677163,-0.0034899508070717344,0.03303388286007167,-0.32870020605714895,0.061091717515665,-0.023662212166865454,1.137,9.596992,1.0575075,2
-0.19546125095960493,0.03941856063823396,0.0011966853326273175,0.04216769826267991,0.04137928637966426,-0.5440758574302058,-0.04405205752255062,0.02050179734374666,1.184,12.420785,1.0423182,2
0.25946333726842835,0.17231706547554027,-0.017837818637373826,-0.07087261825468782,-0.07460883158288012,0.15506370945980189,0.060459297129236894,-0.034155167489851035,2.154,7.816514,1.4466625,2
0.09379862062785607,-0.2921173988140218,-0.022045610525889686,-0.007099260209006225,-0.08350921114962279,-0.12434301662376221,-0.08345999187253456,-0.10878014570393926,1.843,9.475621,1.348988,2
0.035699648447376,-0.1267061122527428,0.07123951718830998,-0.09188665954523464,-0.062102236206118655,0.3353957035579209,0.05074970888610367,-0.006624611254276241,2.306,8.404269,3.1717038,2
1.2000241301821983,0.40193203799904376,0.029985018000500824,0.13196711304124503,0.05818481957176336,-0.17087037267829822,-0.1186398276071077,-0.17349612670714892,3.654,4.7369623,-0.5270005,2
-0.5234295681654302,-0.11044586121663336,0.10060620840466938,-0.044601705216918336,0.043284933868442066,-0.10165940475346266,0.04746888944049105,0.05188488532872598,1.637,12.603601,5.415185,2
1.0220662777227247,0.3667611348426879,-0.016338626872271,0.029719119776845854,0.09703249092638436,0.09728248148661939,-0.01498090296870691,0.07550145031770181,4.153,4.983798,-0.1615606,2
-0.6351703696534631,0.043994424318098496,0.07804665595063218,0.04858140110559264,-0.07933857546615478,-0.3558100592581479,-0.025585327439944655,0.0246645491194617,1.417,14.261463,6.129597,2
-0.09984970817590022,-0.07810689867374354,0.15333038599928414,0.03452136555324159,0.034735810821052676,-0.18832200034391153,0.015878360738043718,0.031653147320414715,1.9,11.315477,1.8321065,2
-0.7673927285694708,-0.21767817351211444,0.0035766258366799752,-0.009492257383935415,0.04448596926671228,0.19012773813984277,0.07551921131080802,-0.10364150045357387,1.856,11.414869,6.709196,2
0.13289743707941876,-0.46476553625228445,-0.0027951607616548413,0.006712582153744567,-0.016552727572065107,0.5623788990052928,-0.10775991242609484,-0.11282383896165463,2.222,7.646832,2.9224472,2
0.6627252513929177,-0.6769836994132676,-0.013077247871127434,-0.017627183654920026,-0.040507925588712385,0.7751031414982786,0.027699875267322316,0.05392549094993507,3.326,7.0475817,3.018322,2
2.969019261720025,-0.02155338506577953,-0.08942150769440815,-0.02716311669589891,-0.08894028944788906,0.013048719564465294,0.032686509912579514,0.02790623926655658,5.00001,-0.5376993,-0.79067165,1
-0.704755208466537,0.005472212739166621,0.005860266071108816,0.02663152823198743,-0.0824965218400216,-0.2270642147528841,0.060905851992302334,-0.10577303937458696,0.678,13.670203,6.476231,2
-0.544763404553971,-0.11760665580282464,-0.08977791445332636,-0.03132268139945815,0.009392793615362133,-0.06093357648958267,-0.005957356103536621,0.020845987018316442,1.021,12.355679,5.426141,2
-0.8822364376363604,-0.3490170765415343,-0.04096257553193487,0.12197352567986997,-0.040541479008659065,-0.10096547082491025,0.018107001342549306,-0.025478429034578864,0.838,12.52085,7.5304656,2
0.8229856174714709,-0.0009699896637762606,0.11227573332686067,0.0980013002842901,0.11111409000614181,-0.056659120928716944,0.0073088537813228716,-0.04041467379638314,3.483,6.044029,-0.6139154,2
-0.004112562777772083,0.2880310380951123,0.03322856006676922,-0.01354431491350705,-0.08935276297959924,1.1463878065665059,-0.0031946363442503234,-0.06222235434639259,2.945,6.955026,4.637956,2
1.2688473522995214,0.08723683009073374,0.01707173503870893,-0.017183406317269057,-0.061122833069845006,0.18056288777060847,0.018410262630475044,0.13597575422173147,3.72,3.9419014,-0.56538635,2
1.2819689950602708,0.10128065855831095,0.014491189718566999,0.08483414656009339,-0.07126918744340502,0.09130361053488703,-0.12877025334243944,0.05444786965777873,3.766,4.019865,-0.6528733,2
-0.13907524496518137,-0.008417417860869858,0.0024795110090968797,0.013853335357211977,0.0023822190719015035,-0.4359565329276161,0.01720096177670366,0.03330240106159282,1.481,12.380942,1.2911882,2
1.0322080672179055,-0.2794902080585025,0.08065458228791272,-0.09530735324107084,0.013924800119583358,-0.04730277031041247,-0.01214786780914412,-0.03564207347602613,2.818,5.050716,-1.1763074,2
-0.4364668168203315,0.04696172651332586,-0.06645336175397801,-0.15030296874559942,-0.026967316003205177,-0.02897666267899257,0.06621667926064348,-0.09492417367830772,0.831,12.292559,3.94594,2
-0.3306194167436054,-0.3013338008433391,0.024498671205089084,-0.023193590069575415,0.08445334815148459,-0.04975483297306316,-0.03025119097246176,-0.038253161144887055,1.286,11.224793,4.174811,2
-0.7813243912081353,-0.304359720987091,-0.015905205165378605,0.015392607220597404,0.000632154213235564,0.4441709063022643,-0.03706039947840789,-0.15324219585046875,0.871,10.066785,7.8487434,0
-0.14026527776360895,-0.3238314051188964,-0.04847676284186411,-0.032353827612632,0.011584529112533881,-0.12053492443610908,0.0477577386769025,-0.04297736216125966,1.452,10.891572,3.0059927,2
0.10963874513233399,0.18914069177113846,0.02114504335923148,-0.10985207539866793,-0.1238461429962808,-0.2592261138083463,-0.038065526293990154,-0.15049965419333566,2.743,9.923643,0.35914254,2
-0.34534124067001193,0.4071362344767652,0.06885858551854956,0.0967876929747592,0.0912510580714086,-0.2560020123239166,-0.07351227659140855,0.18163260115791272,2.088,13.49371,3.2353485,2
0.9657727132507367,-0.007023851194648406,0.0602114297051593,0.1276878474879308,-0.06594902068343703,-0.21808612241832875,0.04583256246738984,-0.02917119245013089,2.216,5.8483925,-1.1222937,2
1.611143973960544,-0.08530477573178574,0.012595514804274455,-0.004255210891047745,-0.062486570133361424,0.0376235937161703,-0.005843393921340145,0.09439517535321079,3.801,3.2489805,-1.1910126,2
0.5559628327733953,-0.6959126437576972,-0.1161550859123569,0.14309704289819997,-0.011945864773537346,0.2986094694125423,0.034019133218408604,-0.027820651634922866,1.795,7.6583557,2.527659,2
-0.18309356430173446,0.04849149465985525,-0.01596139444878597,0.06851051784024462,-0.00190978710051401,0.2643868406373827,-0.06293645637621353,0.05917109089557529,2.38,9.308978,3.7461274,2
-0.060612174834909216,-0.232974413718028,-0.021643641208651365,-0.026950710094851338,-0.036283223253350705,-0.17735346312609812,-0.13045272599700367,0.005675308125171974,1.632,10.983501,2.4640384,2
0.2798312178699,-0.1771620183735546,-0.009329211276511123,0.004381176439874929,-0.007854783858141534,-0.2477199738309347,-0.004671539819960269,0.010646486269551614,1.639,9.603965,0.6439956,2
1.182588893911292,-0.053039273739026366,0.003494253887539739,-0.002932388645438405,0.04885114983366745,-0.14983336123722224,-0.01852585688359812,0.04155191403733721,2.718,4.63759,-1.1792932,2
1.5305193721496442,-0.21966929807335003,0.016962936801699635,0.029049892272205363,0.020672915806759007,-0.20375577512335163,-0.058084592522659156,0.06697684769190049,3.587,3.9394224,-1.6953498,2
-0.5357322514954866,-0.08353704446324778,-0.05367303421678536,-0.028800552366540014,-0.0035624905506370097,-0.2617609586278876,0.10497406350023297,0.010236084252727456,0.785,13.325324,5.1052446,2
-1.1324804562144173,0.2739869236257614,0.058806582793419576,-0.04460153541677518,-0.12632830568905534,-0.02206291292694046,-0.047322153564659575,0.0014906810623599442,0.713,12.928548,9.063816,2
-0.03033401710619696,0.08022630314153736,-0.05879066998163626,0.06968343051055328,-0.060967908160289463,-0.1596093992266725,0.06554778416312687,-0.11014774835803456,0.869,11.02162,1.1699957,2
0.7111815276021807,-0.32033986693827116,0.0041997553072344596,0.10067346024071225,0.03639636198761595,-0.3518774603567183,-0.04858077797213581,-0.033773180503691436,1.557,7.3565655,-0.41376272,2
-0.03316575059344412,0.035736489524744924,0.2579801730457555,0.04955830281193374,0.04202521572924611,-0.26795607473047167,-0.032151900322844096,0.015348814005454486,1.607,11.462507,1.710913,2
-0.7752600253864572,0.06301345986854572,-0.007922387723003077,0.01771653735566958,0.017548007887134925,-0.18164447247484844,-0.07022766080782236,-0.06346363077007781,0.662,13.619471,7.2748585,2
0.4367919753930931,0.20209602369954172,0.0511178414058136,-0.01217656486842586,0.029376409899875888,0.2173825892558282,0.05355017933982997,-0.04130445437311356,1.623,7.2960796,1.328623,2
-0.545284519875398,-0.02233300555413234,-0.011129956219365994,-0.02769189922023879,-0.0041328381185376795,-0.10405193063010384,0.027453834075206712,0.11856705693254624,0.802,13.088434,5.457404,2
-0.0308330088808155,-0.09288155389029332,0.0898837500194106,0.05024988520322557,-0.07240471499934747,-0.015270127851496479,0.006042235711685551,-0.10733926999447727,1.5,10.120328,1.9334786,2
-0.9574025134709265,-0.3838480067315263,-0.09528830841727763,0.01752451113306812,-0.020206366442876836,-0.06669833905430314,-0.11743723554200504,-0.03777315924920625,0.575,12.511496,7.7696404,2
-0.13770629143811108,0.1515244928212421,0.08407319193164406,-0.02310840991916785,-0.004141480786099133,-0.34490649418402763,0.04447145983396211,-0.09777455508708599,1.269,12.463574,1.4122251,2
-1.1273299120827462,-0.0007358302721378884,0.040491412612161465,-0.003928175231027439,0.07388182864058697,-0.15984953325959084,-0.04930978099007538,-0.10439884403226414,0.574,13.002826,8.684158,2
-0.2970534603461673,0.23156131209664998,0.011420578640730566,0.057177845699115215,0.02916181262541162,0.03194641045326002,0.1303131694200081,-0.11672750948790844,0.933,12.610519,3.4600742,2
1.263022717530368,-0.231986063145452,0.09619362489200281,0.016626548980998135,-0.008498069235070488,-0.028645514672057032,-0.040265688708634895,-0.04380230382421735,3.462,4.3840666,-1.5269451,2
-0.26992131738789804,-0.3411511261841642,0.144168862480992,0.11445431859588251,-0.024114000554187,-0.1623284969553261,0.05617791438300107,-0.03411429427666296,1.629,11.169522,3.1487632,2
0.39861192146439484,0.2237968700130247,0.01587410245442558,0.008490470013866491,0.04142165162413006,0.045149656381979014,0.027178133726975334,0.07596337915345933,3.039,7.558391,0.9195045,2
1.7282486115364346,0.08169760563279749,0.1069001875525312,-0.12016204224816832,-0.022714479765663098,-0.16057023002440282,0.026746234906500244,-0.06592532768774825,5.00001,3.2792583,-1.421591,2
-0.6094789992996534,0.010388853714999868,0.01069325700603288,-0.04341755990945331,0.17056516547354794,-0.17823987187143173,-0.009909926403557312,0.00391989664854131,1.5,13.739439,5.6037793,2
-0.6593329371186963,-0.0775586047931309,0.017361625010511694,-0.00028722747744752697,0.05829365891648802,-0.1933908423817001,0.08898990042567975,0.009973066527180802,0.892,13.075049,5.959883,2
-0.16124900599972677,-0.003170787455005264,-0.06311797508507566,0.00508334256338705,-0.0821984505248892,1.2114868197900135,-0.0061378925871961865,0.07730006412882151,3.184,6.858149,4.572875,2
0.03811529549546602,0.16209999663779903,-0.011882633195741038,0.03268967831007785,0.15894820378319402,-0.20043651552186087,-0.07088272459992484,0.09358094789004315,1.663,10.967656,1.1325939,2
0.47313346505082265,-0.3602178828029979,0.039425982173457386,-0.06981764217633418,0.06227072405388695,-0.1549605194068858,0.021445039873377453,-0.002032402486453949,3.257,7.885099,-0.004464862,2
0.3092456237088123,-0.1708920243183014,-0.011426806948476975,0.05190887929879248,-0.025026159653919994,-0.032766356728053,0.0357823149255341,0.034969331282289295,2.363,8.723766,0.80206066,2
-0.6526962303791661,0.023609784793258426,0.03627774855834631,0.08250673268329972,0.03227901528261759,0.1261721602746929,0.00010350796461433553,-0.08781479215786206,1.459,11.681268,6.6720343,2
0.1332191732795959,0.139988355009899,-0.08441824881908086,0.11096247602708137,0.019545949681492897,0.6472731125320845,0.07933028157445171,0.00022944859692991537,3.321,7.7723603,4.109434,2
-0.8262289918395699,0.14592841545694488,-0.08260517517216523,-0.01024491055391441,0.002173696413787868,0.8897920809756934,0.021055452709491357,0.05794966998340423,0.713,9.112505,8.024396,0
-0.9883066722668625,0.17581175111202407,0.017869733648637795,0.05860439789053139,-0.058147778792908916,-0.05582864011838566,0.05339439068334213,-0.007079145038324283,0.815,13.071841,8.812313,2
-0.028312486167737738,0.1148651758505016,0.08152669621323583,-0.1528465122026312,-0.00033759733331706343,0.30957769748532726,0.05580872268335685,0.04615134691084516,3.693,9.005707,3.6355388,2
-0.12350784865229428,0.1286856571169197,-0.08909303500752006,-0.11430017190631928,0.04822023198069936,-0.3036390289274652,-0.02382528764532163,-0.09183494608735254,1.104,12.147296,1.3313894,2
0.39261620025750543,0.4931783211934148,-0.10196968223187056,0.06091667817376095,0.03387585818345856,0.3640920852599838,-0.0192288986018202,0.24521603977310408,2.949,6.9564705,1.6693712,2
-0.7561200116434001,0.056608472729395065,-0.06261446833284762,-0.05554430096615784,0.07180898838331609,-0.03313735114094035,-0.004871180827198299,-0.14015454852755518,0.714,12.445711,7.049728,2
0.37705652759275177,0.09219497691512407,-0.0916043630545374,0.00023845341365952288,-0.12566672343462304,0.2843037365045118,-0.10613391766492064,0.17814859495801721,3.955,7.303308,1.5948434,2
-0.5996364550356191,0.010471437325258764,-0.01336430384957732,0.04352422568303019,-0.0925104008662333,0.26524075604051556,-0.007408286285673499,-0.0009328564737367262,1.981,11.171992,6.589374,2
-0.00045731981260893617,0.3392831594071946,-0.05080888326795141,0.0018619312058852089,-0.05359488443135957,-0.1513782282746515,0.10544727756803471,0.008920650246967865,1.83,10.009811,2.255091,2
0.24460953638836955,-0.00808932728008066,-0.010550106940884041,-0.01729521797443212,0.026862835099851268,0.12961988383747444,-0.09520258793554953,0.015080673706006797,1.807,8.2982235,1.3697425,2
0.4823440574669543,-0.18271569846438532,0.0032243264959318507,-0.023096762546087113,-0.030028544439824723,-0.22364049333027924,0.04533102154986418,-0.12124825181269636,1.577,8.332119,-0.23169778,2
1.9131583630945401,-0.11834677005872979,-0.060251940734745185,0.04412609618760266,-0.08715978174441694,-0.10024307964008825,-0.06573789607596423,-0.03685570382956149,3.489,1.1103002,-0.8162443,1
-0.037715633770754126,-0.026971254430948888,0.0869168087090168,-0.025525567292742163,-0.035605910147253894,-0.30216791353067707,0.12514638732069241,-0.06711573636108653,2.68,11.596481,1.3044728,2
-1.047673981574761,0.0071353854051533355,0.09701193801302908,0.01651687878592252,-0.03101625496567416,-0.2074613842480004,0.02180246319584303,-0.00015458443179845738,0.89,13.648012,8.582059,2
-0.004130157423665182,0.060121723787340264,-0.04228916160081464,0.013528597935918735,-0.05348358596461533,-0.2936335196016894,-0.028609439734808728,-0.11629366310059783,0.96,11.395235,1.107603,2
-0.8992509903331185,-0.47287816092758544,0.06393775773632782,0.07961459556100023,0.06160947817390405,0.5468713417299604,-0.025477353151711457,-0.010268846007631866,1.554,9.907146,7.995985,0
-0.9466427949639541,0.08708255898422103,-0.05865346331666535,0.07219348886552454,-0.20384456583026472,-0.4493236313986405,-0.03468439795935119,0.040345685033671294,0.415,14.184225,8.211528,2
-0.19622603521404103,0.04763910180103498,0.006431977439833952,0.05527859015389425,-0.03117721629122097,-0.4710219596689536,0.09182998114127838,0.05166432374664898,1.538,12.563054,1.3145746,2
0.07225301326597655,0.4953490756973391,0.05788044814442042,0.0013099092482191654,-0.10690405472287234,0.689982056900285,-0.04729773122317993,0.04927009916635461,4.179,7.663434,4.4557433,2
0.8600833694478607,-0.016886830736344893,0.011429545837366606,0.025208351152839537,0.05014106863024584,-0.15553420393066053,0.004929149724420684,0.09271226406715666,2.715,6.133711,-0.7919814,2
1.0184517242748194,0.2856179880829354,0.015035772788858454,-0.16220873870288932,0.009232503578982282,0.9982503070239724,0.05837221740308696,-0.028981974440020097,5.00001,4.1596813,0.50598013,-1
-0.6381028328779357,-0.5240691017351382,0.04534896962303095,-0.041182349891363684,0.029503884400595315,0.5024317408514127,0.06421450794815936,-0.043515368336421334,1.089,9.899211,7.8170767,0
0.3075267898185026,-0.02490011605657133,0.000263870774609265,0.10167421073720406,0.0843617042436278,0.32957142058797345,-0.06905081649010855,-0.04448050485102001,1.265,7.8042574,2.3152525,2
-0.787315283283979,0.104963145297337,-0.06735650725474773,0.014093973101327817,-0.026202446099871102,-0.0071056978889733335,0.04198412155464337,0.0412360819330094,1.058,12.553281,7.0524983,2
-0.46673542247741956,0.11332649331928052,-0.07104563000264794,0.0038250655849841886,0.06299947192124777,-0.2642981275005162,0.025250251588045364,0.01513332008629853,1.937,13.626457,4.673115,2
0.9025715080573067,0.1486867731419772,-0.06804516612509018,0.11439529637305168,-0.03558742345742566,-0.4094437643116402,-0.09168392949727949,-0.070420289217353,3.52,6.1850615,-1.2114836,2
-0.7566417826185783,0.15725925081312372,0.026252692057211396,-0.06028468883095328,-0.007365035687976057,-0.36547354709241475,-0.04677807282198307,-0.034556075195782965,1.188,14.387236,6.661613,2
-1.0055049885077527,0.12566845620359562,0.015744206822862886,0.04232099447978793,0.03659010233840845,-0.2084107505688254,0.17274545463237928,-0.08499203488196018,0.875,13.877927,8.296409,2
0.22798831730470526,-0.07812715043737745,-0.001270610142806411,0.04519615827720966,0.0759733778682557,-0.15296527038980198,0.022012433361410177,-0.10988276903695152,2.399,9.511083,0.5678093,2
0.0022237469853637337,0.25337470461618594,0.007442027958355274,0.07164302058064986,-0.01642475286499523,-0.060276401270377505,-0.021943884689872545,0.11688182139661557,4.786,9.753686,2.4508548,2
0.08306708581638503,-0.033032897637107955,-0.038681604463429164,0.004834047169920863,-0.03780077879742494,-0.355130524463743,0.12068320852277867,0.02919704694038111,2.316,11.151361,0.67903346,2
0.5264707585018948,0.33442007646000327,0.06615406704072574,-0.04233559473209547,0.036480421240287414,0.12034000700327899,-0.014690317675419035,-0.03579098153256963,1.842,7.2830563,1.0725099,2
0.27802726915566806,0.24967863577227017,0.007775602346017763,0.019258295022072852,-0.009044251881031695,-0.07532956697705265,-0.0611224873794107,0.08280251668570207,2.737,7.762791,0.79748666,2
0.9524478145506153,-0.2334658049750955,0.04344865610587059,-0.009165589337757601,0.12823263299813095,-0.2824326651234631,-0.062207621599995655,0.00566876419632828,2.607,5.94061,-1.177491,2
1.2387790117674295,-0.3713536627244104,-0.03119566163862475,0.07270229809093359,0.0904671599897505,-0.11950009731446853,-0.010011472907110408,-0.1528006346007099,2.168,4.549559,-1.5195094,2
0.894557297702793,0.19803835232173167,-0.0026913854094692824,-0.029571520701209164,-0.03280151333671255,0.8128416393661064,0.019975200888305678,-0.05298800335938911,4.184,4.265616,0.47607437,-1
-0.013558891749107183,-0.5257105146863092,0.012094461793879352,-0.04843650046677661,-0.034157459869336854,0.7273241143826594,-0.016777518459610813,-0.02785523719697014,1.82,7.302737,3.3498538,2
-0.023034731993489432,-0.15121935126282376,0.09594675058187929,-0.007659777591796396,0.17363029293987592,0.16138233772329305,0.00908682198362809,-0.0878452433041636,1.621,8.958975,2.464524,2
1.0049642901923164,-0.0717321917569422,0.020555380135366064,-0.01942171241968485,-0.008777193840732916,-0.09421707277768829,-0.04948207329954768,-0.05940640678845541,3.294,5.3059444,-1.0988655,2
-1.0751518686149462,0.12553410540837798,0.09331864836309409,0.013961439100396711,-0.11099610381583122,0.0663573449991533,0.01707447115037361,0.03331839674975787,0.632,12.30444,8.721123,2
0.0786007781803221,-0.047223856261448316,0.03779709768718162,0.08788555591923886,0.09293468920886797,0.07339595531238069,-0.0038161129804871186,-0.20316950136300146,2.203,9.275047,1.7031981,2
-0.04593555392962667,0.39657165832916735,0.07243184322527049,0.015391908016801764,0.11792296589940579,0.09760828710289679,-0.0023110401232065703,0.0476065708898063,1.793,9.392111,2.8247845,2
-0.2518980465422692,0.09244561019044523,0.026347090570925102,0.0033472703634281897,-0.05230805189282678,-0.2526917737713499,0.12023217568949376,0.018626618098614073,1.67,12.688635,2.14903,2
1.3776036233413285,0.3907352369721607,0.05184446772988305,0.01924600587634656,-0.055505156721352394,0.8465137262977606,-0.060251571733421466,-0.06245870151643118,5.00001,3.9060245,0.26109356,2
1.0137554553780896,-0.04300505127381726,-0.007685711511606297,0.09293905966774135,-0.04735837082535305,0.18110835371335066,0.031673229735975195,0.0761771944576442,2.25,4.948899,-0.35295904,2
-0.07369922216255859,-0.38801105408166936,-0.009679059000429063,-0.008296335785729692,0.020753111047281725,-0.31058108410634255,0.0761631703210505,-0.08764284499755928,1.272,10.798271,2.1669686,2
0.3502862693774893,-0.1657933855451894,0.04075855740231349,-0.09637933652222389,-0.11969669812399902,0.12032594619488302,0.010816108846624789,-0.09463255495250059,2.374,8.532947,1.4577569,2
-0.9941854755923305,0.2114712862535038,0.04223620897076566,-0.003953223777136597,0.02889555349923051,-0.17454744541595535,0.08505970680649919,0.1343666308258931,0.634,13.594099,8.627684,2
0.24798986025918013,0.18465884607981653,0.01395532274685074,-0.031615548625942735,0.043812570899787795,0.5693823976426435,-0.05811102766762449,0.11478719248297559,4.167,7.7634068,4.052715,2
1.0295165004929854,-0.10297667223837864,0.03691956754055084,-0.013974071990244252,-0.013899652684151026,-0.24341335368210792,-0.044690914010861366,0.00329478285114998,2.594,5.5419564,-1.2299975,2
0.07765299705130468,0.0782227777149353,-0.016579650193920298,0.07790962103436372,0.08260240832788632,0.8567160457580898,-0.034422047127257493,0.02384747572850701,2.356,7.2416153,4.4623947,2
1.1080161422160892,-0.4543681930248352,0.019285009245896934,0.062354006587106825,0.023601444175786884,-0.07699594742675878,0.04473155739077139,0.13175771626374688,3.441,4.8351636,-1.3343852,2
0.040560706571783955,-0.618143653740329,-0.038006774749214794,0.034820972909739706,0.12161408331404236,0.3207582599089812,0.0036978477988325598,-0.04180330792819162,1.875,7.9832535,2.8074625,2
1.3227648474751799,0.39763519172627815,0.11404703249735432,0.10050179640663984,-0.033114657161686434,0.30678398460857953,0.010019479568538076,0.22212452429430668,4.578,3.7187278,-0.18951443,2
-0.9340419707860063,0.11123119701110987,-0.0885951905383747,0.04108848248910464,-0.0815508329809832,-0.18380050593012004,0.0369489654190453,0.0018906570327340555,1.428,13.477205,8.224478,2
-0.2295740741019137,-0.4187504851266511,0.06342662450020203,0.0623552995016661,0.058001809464290094,0.2511753349380537,-0.008473512783998077,0.07829412930184093,1.945,8.3826,3.0493205,2
-0.42328355349975,-0.043140931107855884,-0.05784168794474656,-0.07888808490792168,-0.06283922996062294,-0.13873941185598362,-0.0020627970436372933,0.2325142501284866,1.714,12.822985,4.469763,2
-0.3658935857814538,-0.1095376356703191,-0.05544321838798755,0.07593480187336443,-0.05111371989525351,-0.3236913824715403,-0.07079249330415746,0.042138307663939806,1.138,12.692089,2.6936548,2
0.27819114893930563,-0.09654237692681861,0.015095802254544127,0.007844660616903337,-0.026312418378745428,-0.4662410054482561,0.07399336989961039,-0.005098648525817928,1.579,10.584529,-0.012421119,2
0.8668514772724986,-0.033733906997195695,-0.07284710895680083,0.07768575830198621,0.05033870780483518,1.9158284118219118,0.025715188277348755,0.08523412442177303,5.00001,6.224755,4.4990535,2
-0.5499386975949518,-0.003717337996226311,-0.014755338941366575,-0.07914737794281346,-0.0011636309265599665,-0.19932356998127054,0.01180527802502257,-0.03516591221756851,1.538,13.517734,5.17622,2
-0.6962521673329314,-0.3025864427580941,0.06331993456912151,-0.011033971459663672,0.025809347090438944,0.05332715104478655,-0.02055727740894843,-0.11082726926992512,1.077,11.875432,6.1466928,2
-0.09037564236871815,-0.4052542724289157,0.06133076830226378,0.056030839899980006,-0.066083607090099,-0.2828460012782129,-0.10346820707028298,0.07584209198854239,1.194,10.862592,2.4787576,2
-0.7674771607645404,0.1178497868855416,-0.026144090053450586,0.018720780502827356,0.030129480588814955,-0.3080668898665738,0.045816865336854806,-0.010059420781406037,1.466,14.194412,6.775242,2
-0.3269576477810193,0.059824824774337926,0.20057275559548784,-0.008522811923138168,-0.08385204837141119,-0.3427320796743426,0.15039215229862002,0.0698097378308464,0.882,12.899336,2.1837485,2
0.3209068934820978,-0.06959429397519545,0.03158093560137745,-0.02574193266173269,0.12793035389263802,0.08359589328468581,-0.05505551738571396,-0.011157322419310917,2.821,8.328652,1.2645931,2
-0.9463064410042822,-0.08864347194298876,-0.09862143504106129,0.07724694678926017,0.041965528805961175,-0.11401223554892444,0.039980305716800946,0.028857947018226693,0.525,13.064749,8.178587,2
0.05111853836129415,0.3601151380028317,-0.07576747673810205,-0.04548569101632549,0.020604350038050917,0.2225834352099095,0.02029878055812992,0.0822117060711271,2.768,9.047395,3.0757482,2
0.5074990691452215,-0.08365972788107992,-0.042621258342327856,-0.08933524859643657,-0.0016694527102361634,-0.33611288131574624,0.07256540616637272,-0.08744816016191911,1.514,8.449851,-0.4961178,2
-0.02628368391686603,-0.0038721728619195983,-0.03741573317128871,0.09952694396847045,-0.0014068676435799454,0.33204867251305764,-0.02942519506123148,0.020508984537587704,2.161,8.770412,3.549385,2
0.6112989466504553,-1.100165825553727,0.04594111512320337,-0.024482675337352433,0.02088674880952396,0.34843133064250914,-0.018997649637565645,0.04197538757731925,1.878,7.496166,2.6731021,2
-0.10892919974948823,0.018794638258026908,0.07359672742031784,0.09073859174564022,0.08042214226123767,-0.032433727970148235,0.008502154883471252,-0.027277042242608684,1.66,11.258359,2.6422353,2
-0.5380567688908682,0.09685644038641561,-0.039726880467721826,-0.07172026430409983,-0.05120486117169859,-0.14788185252213487,0.0900376310764486,0.060503042510512556,1.533,13.415603,5.3835497,2
-0.5827249366501731,0.43356920931335097,0.057376794120337304,0.02299154943614723,0.03446683582630694,0.19241703282543068,-0.08985176788237512,0.152824446602046,1.643,9.92096,5.9057574,-1
-0.6148962366372437,0.13386637280257913,-0.011512857155425743,-0.03145198979140504,-0.046778339723899054,-0.23481746968662318,0.039585095238719614,0.01893908556384677,1.364,13.98231,5.867868,2
-0.30691735625257877,-0.2824914633726547,0.13178357039843516,-0.07394208816240788,0.019539374181044677,0.17513792726085964,-0.14985263353309417,-0.11117326555159088,1.509,10.414702,4.0629873,2
0.07829511430314329,0.141870632621371,0.008487129019079831,-0.010069270570215089,-0.08215587051272355,0.02342954113221743,0.017925832768662775,0.07043591423086049,2.978,9.615217,2.5068648,2
1.5662607127696726,-0.02328972330838794,0.0012201694090512583,-0.0035706353842947514,0.08716632694045126,-0.39116161166755614,0.004642972462664652,-0.015129663432394747,2.956,3.592032,-1.7086841,2
-0.057338034885918904,-0.027183691290250916,0.002299473089830445,0.009185101441762406,-0.07487490555370233,0.12454087530640204,-0.09834970884607103,-0.06326177217236034,1.207,9.807224,3.1235528,2
0.1520852204385444,-0.11730957301463357,0.05073791712583181,0.037201424606747885,-0.04873626377919241,0.18771352007747535,0.00589910122309123,0.0494698506368719,2.239,8.698609,2.1598265,2
-0.44933174654096153,-0.024678012854209508,-0.09217544819776238,0.07192762066173691,0.06621676536800822,-0.2457359554119773,0.07144018197752841,-0.027838366696774086,1.343,13.260376,4.358975,2
-0.22780021635306896,-0.1078453868233352,0.07088920996834647,-0.014333223162318026,-0.023592786875781008,-0.2964256684722527,0.05223809691937861,0.06273659417912911,0.925,12.439422,2.2551389,2
0.16492207897732208,-0.12204161348463399,-0.010606328134920295,-0.024250959799195754,-0.0018699760339176141,-0.2012565847727551,-0.0493429890222456,-0.0742019905871707,2.107,9.809887,0.89064693,2
-0.11848060662929114,-0.2603926502446782,-0.08063025068203386,-0.005300575497280496,0.0194919849984799,-0.3716609058532754,0.0013690677507715576,0.011847993570530346,1.543,11.0531435,2.1223586,2
-0.6510321723939029,-0.011247160327912425,-0.0023775184339890343,0.1304661937675095,-0.1019148815864821,0.3619152192114983,-0.1120293971668091,0.0752241235974041,1.574,11.080487,6.686565,2
2.7708021166068377,0.13864482284048818,-0.12250089376540732,0.07467295369283486,0.11920959147975671,-0.019138928924161525,-0.06984591510055613,0.05397719695758904,5.00001,-0.3287413,-0.6677636,1
-0.13002495498701383,-0.2068866649847901,0.04882466833815918,0.028812768639101982,-0.06288726870730421,0.5996060103890796,-0.07024239556297723,-0.09727119414480723,2.55,7.917994,3.4713378,2
0.2646233311771312,0.5527051916329405,-0.05217932919289578,-0.029232769104922646,-0.09194391332724416,0.288323772699233,0.04093156265923803,0.1275405943286182,2.682,6.9903355,1.6920023,2
-0.8051323068893927,0.25286625392612316,-0.0369760455069178,0.08824430963788185,0.07161595067557636,-0.008469132201011087,-0.006576782437897805,-0.06551536981841974,1.101,12.038977,7.0017724,2
0.2922310531927115,-0.023794338936254877,-0.0016767310165288207,0.023941523112497948,-0.006619386185815701,-0.14785089423704503,0.04110882102982538,-0.05897327368889524,3.177,9.372765,0.26779005,2
-0.6006376970812751,-0.09113026172005029,0.07904326194109634,0.05855797987303557,0.047467885652877434,-0.1337254677177522,0.14392009504628042,-0.05409415448178059,1.226,12.956878,5.7735486,2
-0.5910113969383852,-0.02605113568056247,-0.03871879228439645,0.008466214145273071,-0.006509693665110422,-0.010304769496577548,0.07357455731602347,-0.019431783282398085,0.628,12.465739,6.005247,2
-0.5573361991999797,-0.08444974365780852,0.011272838952149256,0.10147845337942354,0.032327888205870015,-0.18435236756741208,-0.023002391766920205,0.024745702108948664,1.448,13.067428,5.6860485,2
1.5891824919459312,0.07105066110588976,0.0728129248508087,-0.11110599785343361,0.07235741360655176,-0.24801737935513818,-0.10553641945361392,-0.031499840477550445,4.39,3.4977393,-1.5605615,2
-0.24078038212606334,-0.13359540840320516,0.08532076894070495,0.019468234105434606,0.09467361102838587,-0.006276598569307956,-0.011412034416161426,0.15464477791042455,2.674,11.458684,3.4690068,2
1.1143465867705744,-0.5117821693246217,0.06467841749478592,0.03788805443051421,-0.029621947319314224,-0.15002473028083618,0.01777738624635264,0.11583864831818746,2.197,4.8183694,-1.3713335,2
-1.1103662021793532,0.3032342938206569,0.02866741803580325,0.0031391416613979484,0.03420801378501115,1.0950238013943867,-0.008481233697213292,0.03990373251196122,4.5,9.302126,8.49502,0
-0.6722500915692466,0.03941601522878849,-0.013568154845409797,0.057974963232260784,0.017704483335319238,-0.2878034949807422,0.07083974921796565,0.15236948199397482,1.629,13.824085,6.208546,2
-0.6551487167241485,0.27507399893705253,0.07274558293919109,-0.10165062054776589,0.04238708347034861,-0.29881757254986946,0.004846558533087381,0.07565824912283922,2.438,14.408968,6.4699097,2
0.39682582980652814,-0.18893175330604484,0.06269219186126973,0.014366576887108073,-0.01382990090390429,0.40517388203425975,-0.009915329085902203,-0.08919627266723515,2.51,7.686033,2.11499,2
0.3037227802861178,0.07246991852269,0.00864175083093563,0.06092661043676645,-0.052107903589838606,-0.14596858544256058,-0.06262751716584347,-0.26210643816943824,1.586,9.549377,0.092555285,2
1.5129552250925675,-0.091863473138112,0.07131909920962715,-0.031213520210092494,-0.08259281046863282,-0.15311228097626106,-0.013774697175799738,-0.021188139411693063,3.32,3.6817985,-1.6619843,2
0.2929423218097452,-0.051648072434217956,0.005916344526837064,-0.0569348280932227,0.016488412971681438,-0.9059402682936072,0.030314616836583597,0.016781002183801214,1.625,11.622251,0.24223377,2
0.3417056695413173,0.43337201133927866,0.06814915641940864,-0.0018173891849427304,-0.06374075612817062,-0.46783197597876597,0.06225697687731238,0.17598253193650362,2.7,10.93567,0.54754096,2
0.6949785528271364,0.0716683575098819,0.14935049734182232,-0.06900190718267143,0.03561837324234243,-0.40882054380996136,0.0579001861975926,-0.0661435245917858,2.221,7.1600304,-1.0289627,2
-0.5861132379396738,-0.47581521122394266,0.13031868498262264,-0.0023604713992810555,0.04067463217910064,0.6339426290544403,-0.01617718982371491,-0.04647539715412058,0.917,9.8504095,7.8256955,0
-1.106754029707742,0.13267243718560756,-0.02242471137785805,-0.09876515276983695,-0.10957106346242261,-0.2709286267939343,0.026491751664344865,0.05016677526147821,0.925,13.589125,8.798788,2
0.7192451667202128,-0.39115105622141133,-0.05677904255151678,0.05372409644886189,-0.01771670876807871,-0.42119772227151664,0.010001430149646579,-0.0025407911118841553,1.13,7.364409,-0.4138863,2
-0.07021670201700156,0.31670690215594954,0.06986569018413025,-0.03716919404614896,0.020000737686634934,1.6602024940742763,-0.029242902954394134,0.05406859700118313,4.833,6.472522,4.738938,2
-0.8775246464782854,0.14499908932089414,-0.007858057008598901,-0.03278155966338753,0.02843256858042753,0.16470834620897717,-0.09747202532246857,-0.06808267810080737,2.5,11.698051,7.460673,2
0.4924331372933488,0.19342539000498443,-0.044588603562063955,-0.07311330847152031,0.029894015070806468,0.14972715462981728,0.1264343496166926,-0.08789712815163037,2.796,7.2132487,1.3019193,2
0.047595133887058716,-0.11406732356697877,0.11449574053716782,-0.11402678604017369,-0.06297879333182377,-0.5063350415146635,0.10705642380483682,0.0011183985521953377,1.513,11.655101,0.7912031,2
-0.2763312352094046,0.3689050699718808,0.11696921951395764,0.14376418104326802,0.1279472935351861,-0.9670989920779579,-0.052934175356239066,-0.13852327238010553,0.8,12.424337,0.9066768,2
0.07508961306826295,-0.07229547609542028,-0.03675644757297847,0.006921936300339854,0.1541699871278298,0.442382732186039,0.01664884449106288,0.049772455022096346,3.5,8.339686,3.3765144,2
-0.6076637885966287,-0.07190103293101424,-0.08486120290013721,0.07272992620215693,-0.05162049896184401,-0.031740131072133276,0.004841438167806716,-0.013473893570732143,0.738,12.559138,6.102164,2
-1.2506725362130036,-0.027696693522084925,0.006529806374964323,0.009993477797227326,-0.029669703554747587,0.16400622318617125,0.04843208025192017,0.07494566375533732,0.761,12.087118,8.936912,2
-1.2998216066299813,0.25453176659587684,0.019619475250075014,-0.08824597678564478,-0.0373015235443383,1.2599823015001883,-0.005763412370956511,0.07958333900353468,1.313,9.2546215,8.577873,0
-0.08462389641308876,-0.29569748601098855,-0.009356017657003113,0.11695262035811801,-0.007643833412155077,-0.1346200827477535,0.044299380782652,-0.05489065689472833,0.931,10.913692,2.7571235,2
-0.1895836886669957,-0.034586186496969706,0.02938773891052862,0.19617177605818253,-0.09342273097725387,0.2218057058679021,-0.07986060532841063,-0.029755780942951587,1.052,9.78699,3.7189205,2
1.8896107092983971,0.45366851092582416,0.03192575055300373,-0.009646326260497079,-0.15155386888327224,-0.01046127282675599,0.043945828527225506,-0.02109235828358888,4.414,2.6437278,-0.7406293,2
-1.4340562557377352,0.08871743555873672,0.10153465873470309,-0.04037384866220406,0.0806384532763259,-0.12681081601913766,0.08226970208249897,0.03152043236289637,0.462,12.381874,9.113635,2
0.34509833312557203,-0.08117509374799889,-0.032289261802354974,0.009992931559590718,0.08277125044515501,-0.11949438912917656,-0.07470282821211743,0.05559147876516071,2.242,9.068423,0.39430696,2
0.2999964031462778,0.1524553628139591,-0.00463010516767326,0.04247551778937486,0.0868188519997361,0.06887633270291199,-0.05678430826475045,0.004524287361840351,3.147,7.819354,0.9708381,2
-0.1916750738495369,0.13590921582307558,-0.0241382678476888,0.07350770200866344,0.151730427927323,0.273535198537583,0.03158182455956224,0.15240991618367683,2.435,9.405401,3.9908333,2
-0.6999966204698975,-0.06028371691996634,-0.13893648406391415,-0.014456153753304057,0.03304059778731422,-0.12628940586732626,0.03773247539505423,-0.012969413467738,2.215,13.086909,6.4497,2
-0.26923765292377616,0.11116013087003201,0.05379365459055971,0.018827596822957815,-0.013302578087881406,-0.2722353109623332,-0.04399705221975189,0.084607223888827,1.576,12.918256,2.4334333,2
-0.3655078153975795,0.4941281771097431,0.02523755276652684,0.017689204173944956,0.09525417890550386,0.0519051254728749,-0.035068123084446234,-0.0029860115353753103,1.823,9.693174,5.589637,-1
-0.2832941627212668,0.25926275494242906,-0.010555368036996304,-0.0522476595409638,0.02906356500557894,-0.10734154696728276,0.033871188869182306,-0.03598743159129364,1.549,13.019609,3.4287407,2
-0.386829888048823,-0.18316980609218775,-0.0746429073179318,0.05254130776905261,0.04865944202488939,0.004428839503681781,0.10450750548688309,0.025702356408085963,1.188,11.640589,4.5002007,2
-0.09742832136901247,0.15440781146913574,-0.029071503411179117,0.10773697490645395,0.013069922038767723,-0.324604191987772,0.011230814049108695,0.007135964076260937,1.294,12.294203,1.3943069,2
-0.06745244188079924,-0.31239955352764665,0.010221528821666992,-0.03317217352664162,0.029891779994523,-0.11324223442306144,-0.02689073548568094,-0.20976778059273357,1.924,10.895735,2.9529548,2
2.309299662453583,0.1880427515357886,0.0612020168469925,0.006337292686335372,0.02798829882106349,0.17466188812863837,-0.1580444855188072,-0.027191217215370267,5.00001,0.99650264,-0.5444044,1
-0.8684696877716003,0.34220311624850486,-0.03803029943000019,0.009017728853164847,-0.0188044404722372,0.41350411880722243,-0.10937151239476675,-0.07007598589227973,1.211,11.042788,7.539294,-1
-0.052688816152457046,-0.3245415983304444,-0.06188043808336849,0.09355205729167002,-0.0619762698466268,0.1939750688745256,0.001429634434522764,-0.040017166995955034,2.152,8.724095,2.8187501,2
-1.103663291250185,0.014030118315126128,-0.08040900038103453,0.02068973603220542,0.049271694020414536,-0.24538669621208303,0.025369516103196127,-0.05108025387810483,0.615,13.554418,8.723474,2
-1.10496786387872,-0.04350516866554616,-0.04520613230858973,0.08021243572786886,0.05697319962561666,-0.16423222091706044,0.024277017682559188,-0.07561402295886487,0.608,13.0816555,8.638714,2
-0.18345166552801018,-0.09323599667844917,-0.011011172427272342,-0.04303977806449441,0.058407143741424195,0.19288121822575655,-0.06745348123584219,-0.03224691863581941,1.486,9.781253,3.5910256,2
-0.04825414974499273,0.1151210742691543,-0.006264891674491679,0.07114282515266784,-0.06210346776458492,0.14250046952930082,0.006533170508395414,-0.10791514993625723,1.652,9.36882,3.251868,2
-0.497422756675572,-0.237491771855486,0.03157400023512588,-0.012564670745290912,0.07934877523889247,-0.1793642150365187,0.08799541146494383,-0.021542456498442775,0.7,12.001524,4.9485755,2
-0.15019515283767906,-0.18965743091206805,-0.040410229974413125,-0.003175522245093376,0.03963792801717675,-0.23344489007061614,-0.0007893240609645746,-0.08333933519945941,0.98,11.231768,2.6116588,2
-0.657693548984025,0.19332648494731097,-0.015422765448432463,0.0151527995653504,0.22382580037652133,-0.08875440579038868,-0.02506182614418795,0.1422407130896361,1.6,12.733175,6.6338887,2
1.3252757903200505,0.0884030050827353,-0.014959850281091702,-0.04760807414588633,-0.12258938608238143,0.014048532884541165,0.049123766295875004,0.05695071334136148,2.883,3.81816,-0.861843,2
0.00713331555308197,-0.11748899842382524,-0.028261905420526257,-0.06454436329517727,-0.01703377174366333,-0.11863899718437382,-0.018271022977618845,-0.11586765710133884,1.259,10.377891,1.5435078,2
-0.7824257432010744,0.3575118028590615,-0.01952998495404007,0.04073180045198754,-0.07110482107038127,0.585364933987571,0.08050726262810126,0.019103875360931638,2.354,9.222809,7.7625537,0
-0.09736629201393471,0.03999314872369322,-0.06928777618979517,-0.03867013200539668,0.12445064843522091,0.15080988555253896,-0.05766063304175864,-0.041059472640282674,2.385,9.637731,3.2615426,2
-0.29752700893715506,-0.04041065406703567,0.018273141553581507,0.049256574099658196,0.0763735418701886,-0.19933084674084323,-0.029286391748064355,0.027674697552001554,1.443,12.219444,3.223028,2
-0.24750395879719025,0.08610526760023648,-0.027435315989650738,0.034728672728860654,-0.08496087614538578,-0.3436391900561744,0.0264064096166865,-0.12465341849333272,0.718,12.765964,1.7943609,2
-0.48044439701947206,0.0872500340978001,-0.03660109183911178,-0.046774137204287636,-0.05108868115727219,-0.24806525401722462,0.03595802180777202,-0.08062583715397909,1.319,13.535842,4.7275496,2
-0.7459823521169886,0.2746269097290576,-0.0404985197996626,0.029163501473086967,-0.02744607344175015,0.14862519123448503,-0.08954554892032457,0.08115734033176844,1.643,11.808697,7.090276,2
-1.1725378831142748,0.28302627509475503,0.0277239853473442,-0.014777067378368897,-0.1385855500659857,-0.24517545746358438,0.04849581050016229,0.003839276406293571,0.95,13.119752,9.15528,2
-0.24227078870421354,-0.2763357361709201,-0.021216403563408204,-0.058323234215764824,0.04075824883865206,-0.30823435220731166,-0.06931024572887676,-0.15964001964198607,0.816,11.262449,2.8884122,2
1.0206547664275407,-0.042758609496953426,-0.058481682490557324,-0.048248600733144964,0.01044980694304204,-0.41690709282613575,-0.10197071491082807,0.009233089579549408,2.621,6.095689,-1.4034537,2
-0.22919191307034925,0.20593856173222705,0.09148462357724468,-0.046919424708077806,-0.07101624552574373,0.3493821157402362,0.015295529670006774,0.06674713152694356,2.512,9.160497,4.043688,2
2.3483540383293464,-0.15573969961854925,-0.11518600837491991,0.0834482052981439,0.03519388951014224,-0.07035285649976336,0.0434038091787908,0.053339627182009575,4.833,0.7957211,-0.6684942,1
0.39176209825611186,-0.0011896220112476985,0.0714143907669208,-0.033112495396397185,-0.006187810460490384,-0.2256767780517656,-0.04612828663788221,-0.07136823142965845,2.137,9.090309,-0.2508467,2
-0.1831246492880561,-0.35190185897405846,0.007976723081352166,-0.05294395506057817,-0.04065516611330486,-0.09078726458481207,-0.049923935423007354,-0.14684777214644046,1.471,10.823977,3.1892645,2
0.43377142052086554,0.041607177438532345,-0.11379210218745531,0.05856693407038671,0.0039930554372507865,0.06102171961141434,-0.036649042744447385,0.04603998303892523,3.455,7.941507,0.8391907,2
1.676170275465617,0.022961214424861626,0.02496618930480221,0.0297714163280417,-0.014778536468116665,0.10309894623884605,0.12604359357665446,0.12237349655899041,4.018,2.8534684,-0.83853275,2
2.159654523347065,-0.08144858991974141,-0.046020024874010856,-0.04290549333151425,0.05785701693814729,-0.22212982893745165,-0.017496058993242747,-0.03963758835316375,5.00001,0.757907,-0.7654857,1
-0.27980728215848377,0.08137042348618276,0.06023714723395651,-0.0317847846163711,-0.10921660151375845,-0.44025991762645983,-0.09478895440571314,-0.10134248084121675,0.906,12.925295,1.9232324,2
-0.4191179258056519,-0.23672592821393884,0.005400125086083951,-0.03007161718969853,-0.012824167681334375,0.5186093489280812,0.01770627792197038,-0.06511057501029688,1.656,9.773125,4.4949913,2
-0.15667674328169348,0.0122104108420302,-0.0730659733446167,-0.14888780093503712,0.10331921835011054,0.40061922619725093,-0.15680319672901172,0.035639288351031084,2.189,8.890077,3.8615625,2
0.26366503173744604,-0.932801893242361,-0.05685107869549649,-0.06982688433211193,0.1019954837573761,0.9435142949171011,-0.04860728908656467,0.21455717677864516,2.692,7.1973367,3.194893,2
-0.5623807442489603,-0.1389246543306864,-0.07938077879873046,-0.05071722699368317,-0.10321594279943871,-0.1707453226740334,-0.0809137556114514,-0.09475520634896348,1.625,13.025059,5.326278,2
-0.5429976996075812,0.07995198257008984,0.0007159809525179583,-0.1020238044307524,0.08082083409568047,0.027968351261650953,-0.003709223219770297,-0.04949440662326865,1.829,12.439196,6.1688066,2
-0.3011452672146809,-0.05298034060812587,-0.009014915834363535,0.03544860695202351,0.026379399778900386,-0.02252865797870035,-0.029150846120704454,-0.013938873190541462,1.761,11.579494,3.541016,2
0.15411801893097374,-0.119089313206966,-0.06421462479196854,0.06938471721484224,0.001739503093284217,-0.02818397607910217,-0.023111600366669927,0.0678606635210178,2.103,9.7708,1.2538792,2
0.23101856589083353,0.03317350617163639,0.0943888341854911,0.06191282555380151,0.0967947334118883,0.3264430557512511,-0.008096752017853037,-0.004016636716965116,1.594,8.22403,2.7182798,2
-0.42059717894482673,0.11357159357977051,0.02022174001814603,-0.14212677098211063,-0.08497440006419119,-0.3969799903324628,-0.0652842142351526,0.021761171714049538,1.361,13.26318,2.5754287,2
0.6598901354838606,0.09610906753303694,-0.08256019866922004,-0.031202231299541222,-0.03798826162751626,-0.5250796549264415,-0.02235379480669622,0.08484119862238637,1.914,7.072063,-1.1676128,2
1.6112214648068028,0.14567299548159388,0.05372191045586461,-0.09864656084924933,-0.018967087713725933,-0.31846567236756734,0.10534255221969357,0.02054455728978996,3.741,3.420605,-1.601185,2
-0.9040518099686361,-0.3885398186741065,-0.02609449542590203,0.007676825633417844,0.042825372436558956,0.7419156940859025,0.11947219138125625,0.09271993103593662,2.375,9.774077,8.043563,0
0.332082900180493,0.1159916742742596,0.03702187220696024,-0.021741009376791492,0.003992013351938217,-0.06228991612277601,0.07504051799596911,-0.0387156344465272,2.418,8.151016,0.6296524,2
-0.6060708662895559,0.0643110900361607,0.07523746680570634,0.11343720766198098,-0.025526465135965876,-0.3360171198071593,-0.11419171590036536,0.183107888315025,1.339,14.245449,6.1486673,2
-0.8768850188013974,0.07600732950959965,0.020159344033370413,-0.02950875417368959,-0.005458137990427603,-0.14030316164950124,0.0014159566231581044,-0.026773270304290317,1.313,13.535984,7.8161163,2
-0.5900704231106193,0.06865074600659551,0.01722943340881719,0.010916591316025098,0.041270863369639366,-0.04010257717919946,-0.01017898983424298,-0.06026120390669551,1.336,12.833306,5.8395715,2
-1.0271564537402895,0.14042192457504968,0.079951964815435,-0.004425266400632066,-0.09771344412850302,-0.05806174821647907,0.02597297595718273,0.0501992984977471,2.0,12.828922,8.7604265,2
-0.6054373220082059,0.05682223807144715,0.01585735777981509,-0.039465419482928504,0.06766302135381669,0.1772442061473643,-0.12724308983196544,-0.06640061288060448,2.688,11.438036,6.7040305,2
1.991226100935764,0.17945799909178378,-0.01717883227765815,0.017524837661336057,0.037456445984370146,0.24873927093522813,-0.00045591141212708575,0.09430836698430217,3.609,2.0349784,-0.5173613,2
1.249067639404219,0.32544641564602295,0.07012812274119468,-0.09745433153583877,-0.08904522052815877,0.6540802900017533,0.008151651826258821,0.06363216748008721,4.167,3.9693997,0.22606382,2
1.4666260928589172,0.136865744682437,-0.047617031484245786,0.057863905036977886,-0.0023279764753484644,-0.0937197223819379,-0.11811517286854825,-0.021449623046115585,4.126,3.4497077,-1.3405409,2
0.3378801601028591,-0.3628118793843551,0.013285306615153425,-0.11960615856623355,0.07754072298568487,0.42721223014360776,-0.014175611490687134,-0.22214671950461734,1.968,7.86591,2.5182304,2
-0.8863942643328456,0.16770611858620416,-0.010515473857064375,-0.005885095034105975,-0.03653308049416151,-0.28906839263452144,0.017612642947959556,0.024122062151637536,0.938,14.000687,7.994369,2
-0.37833310709243817,0.11691698776626555,0.052165877404301675,0.12610699464549774,0.026468249209498584,0.22131246527248294,-0.0446047882966458,0.006580164718021059,2.67,10.087351,4.614816,2
-0.4171462458934603,0.0913746295897365,-0.06149900506449968,0.05422247499716795,0.020813931212485925,0.11407516393754757,0.04134460735235315,-0.007197904028085705,1.631,10.3373375,4.6301856,2
-1.265902162370126,-0.08026333836868041,0.03313984741181883,-0.07631297790433833,-0.05776746299433512,1.1387648368798986,-0.10393696928883732,-0.07113998697632339,1.681,9.349612,8.601197,0
1.422064608533175,0.08944034042488708,0.016718757419020486,-0.028213665221848178,0.026107037235143155,-0.13347931762555154,-0.009048630974252403,0.023740338468866667,3.927,3.5587645,-1.452667,2
-0.14051168221367277,-0.19116743532659913,0.02321701490795469,-0.025540566290037175,0.023394200471550913,-0.3447653972916249,-0.0094601765551163,0.11237479886017976,1.917,12.016342,1.7459008,2
-0.08289169612469421,-0.3851484217685449,0.0007722030215864262,0.006125262206120585,0.04198483613577347,-0.15352362421602678,-0.08704694944988753,-0.04108457464701104,1.782,10.834108,2.598179,2
-0.08429947515048761,-0.2725253679315556,-0.032169242192187,-0.039950511174129316,-0.08899876211550226,-0.1711085844896827,0.042888243571460705,-0.07934110148267426,1.651,10.994098,2.7454114,2
0.15594557039941737,-0.12197060079996189,0.03837406091711709,0.019345576161346106,0.032458962127572294,-0.27703699281987737,-0.021870929440483022,0.12041458666574284,2.171,10.732608,0.58745444,2
-0.14374709139549652,-0.06419531752552135,0.032838365928470836,0.07883805054017992,-0.017290912737653208,-0.35404167690652333,-0.017385550645423187,-0.03995081261875222,1.592,12.214498,1.6136712,2
-0.7686655423288896,-0.02147932367455649,0.04134067039222464,-0.08265347973578421,-0.07877212806598444,-0.07985263828148542,-0.014329954613277546,-0.04622055050500812,2.111,13.132349,6.6861444,2
0.04488268259157929,0.011216141078974035,-0.08944674260359387,1.0687789748498044e-06,0.05625171679018531,-0.15530469058849236,-0.02766748330468008,-0.05073262025249475,1.91,10.628363,1.2599204,2
1.1671931588957094,0.3624547114313698,0.07985593267562668,0.09254542063795404,0.00260604159183378,-0.057247716666318504,0.018573860535150366,0.037086487438653504,3.091,4.865647,-0.46213278,2
-0.3293298586403147,0.02561493985690727,-0.019774468046104138,-0.06573045459291924,0.008375480550044723,-0.12047101911492361,0.016311403994305834,-0.07034518355414965,1.614,12.352205,3.4654672,2
-0.28390567115935,-0.03533038890617585,0.02387828315982382,0.00038670261050466337,-0.04971266500347499,-0.20804404914708,0.0151978066104205,-0.0030940579175999794,1.677,12.463838,2.713081,2
-0.2910410498985141,0.0709427317335162,-0.005059244666452689,0.0439725928392683,0.02423497664270141,-0.1227487578078241,-0.05206284759220872,0.024073034076924377,1.692,12.3338,3.2735226,2
1.17638316799475,0.060082311108070746,-0.055379983845464,0.004231078821470086,-0.03428518986112292,0.04175888948449194,0.04013664013201412,-2.1440136273864763e-06,3.701,4.2282205,-0.8102851,2
-0.49670749018471216,0.01909062462465569,-0.03852219715403643,-0.034434933376738225,-0.020503810610897844,-0.1865878513473403,-0.0034130770076902517,0.032419842249908126,1.292,13.394104,5.0899925,2
0.8119947258711055,0.1907347730679878,-0.02741097421979774,-0.030888128508787277,0.07184407758159336,-0.1990818024391891,-0.02391427128131024,-0.06406456155202425,1.825,6.2834516,-0.73535734,2
1.4543406097745715,-0.3157060161471192,0.03316449250448983,-0.10311846957423867,0.042947282023199834,-0.2679861077125929,-0.12393837055581072,0.02295349936667901,1.856,4.1178803,-1.7426056,2
-0.3661663116615129,0.14176324277511035,0.11694720190193283,0.0793440296208813,-0.08244746092033328,0.04148413356835379,0.022108677277543898,-0.025624503919530667,1.16,12.441437,3.580691,2
2.967820987669377,-0.11137102553972839,0.04783537364218682,0.0016458563256556702,0.03180052730287489,-0.345854406338692,-0.03034297935542654,-0.0446212631043284,5.00001,-0.47814712,-0.8125112,1
-0.23276896748166823,-0.1386848343657003,-0.016309253566792803,0.0680592769737133,0.04104296145586431,-0.04418118468612439,-0.005118721933583231,-0.023888966712388993,1.173,11.398516,3.4620247,2
1.1876094297420117,-0.056905253425351604,0.050785390073808806,-0.05611920510005203,-0.054908890855012465,-0.11160531039108496,0.022011377808441424,0.013069333066594163,3.42,4.628271,-1.1976683,2
-0.3324077050801463,0.35524066550088995,-0.04295396639188076,-0.05564663197031791,-0.049648685451969043,-0.22176154675973764,-0.0237250556876977,0.0646178284509358,2.75,13.355261,3.2761097,2
-0.636186463015847,-0.0035562433158867757,0.0008429250084377726,-0.06537483149315701,0.014075016339773067,-0.10248554602841178,0.06601920350959709,-0.1151174830747532,0.942,12.811356,6.1456094,2
2.6256885737810536,0.09319830125282541,-0.04568734944645392,-0.07219312637186276,-0.048841083001905816,0.030410699973108246,-0.02601788151209139,-0.007340234109838695,5.00001,-0.06907543,-0.5494537,1
-0.551958492290594,-0.014579965457431177,0.053435377204810536,-0.009001390531275966,0.052144178629733945,0.16583257826214837,0.0036245480899856908,0.10325551049272882,4.5,11.32663,5.968298,2
-0.011270760385293732,0.03978568388258191,0.18329931001719463,0.0007733542513884417,-0.007480572265987612,1.0671110844859881,0.03679272534961475,0.056416553955691257,3.294,7.006794,4.5469866,2
0.49218466151973805,-0.060676938850050016,-0.018055334904194503,0.005164731668268779,-0.0012533335137716872,-0.1846294568757241,-0.03652540128224338,-0.048071429722918335,2.715,8.429338,-0.17825486,2
-0.7775430604874071,0.43514585636001113,0.023422163225579384,-0.03278022117588761,0.0020735324004009237,-0.3084292447686716,-0.007556282447499479,-0.011277414980212619,0.813,14.541535,6.4755907,2
-0.4450354604519525,-0.12251566574583203,-0.047116177828906064,-0.002592247501299577,-0.059363282455555444,-0.08816573396484242,-0.005290344225872323,0.15847975194397715,2.175,12.633213,4.7551246,2
-0.20742088055799923,0.043686178532806624,-0.0050928693345621,0.03803193104970923,-0.06804914238715212,-0.22980463253120015,-0.006467387414502479,0.012076969154084988,1.631,12.54411,2.2476795,2
2.0417327516936887,-0.08903214488659031,0.028608474147380075,0.016543789903222417,-0.0003663475156463203,-0.36493281002349587,-0.048989683501142633,-0.09136318876968094,3.4,0.79499453,-0.7820715,1
-1.3907027562359213,0.2084097959226159,-0.015302115864437443,-0.075883191133029,-0.006588576654278422,0.8922406535602689,0.001875020405598532,0.041059439387228086,1.75,9.833702,8.691674,0
-0.22708822232275075,-0.7321035793280248,0.010260744532576305,-0.17949332210106692,0.008954110175539237,0.6362556635513607,-0.07746746978665017,-0.21820553392472236,1.199,7.428056,3.2788157,2
1.5386293030896774,-0.260110054020385,-0.05246537186538741,0.01656413561633907,0.003860169236824834,-0.16843299348851207,-0.1128235009830616,0.05642993889302081,2.604,4.016122,-1.7142637,2
-0.5050320190909277,0.0067400812939060195,0.0404328855061486,-0.08023574790594973,-0.04231927774595695,-0.09617585438909784,-0.011014020468671448,-0.012487670998243577,1.617,12.849702,5.1414123,2
-0.9533494525212689,0.01052448187354034,-0.03140995842291598,0.007113016112540102,-0.02779369026082819,-0.14100629854947105,0.06631379394218744,-0.022251414955786017,0.63,13.379583,8.281428,2
0.4023444825310638,0.1998265674870292,-0.01247193492626214,0.07427494366783222,0.03355525721005603,1.775076393759803,0.16522417900145825,0.08563235886216497,4.5,6.323898,4.630284,2
-0.08164832494638705,0.18806261602618551,-0.032799311763646394,0.03684284026510651,0.09393293622352522,0.003877141060444095,0.040809223519507554,0.0908069339057172,1.742,9.866558,2.684279,2
-0.3977620433654726,-0.27215146943630353,0.06634890085116874,-0.03308242975939671,-0.0006355925702377363,0.2605958345316133,-0.02375107419028999,0.08740151127690271,2.519,10.011177,4.370138,2
-0.33854300783005187,-0.27087027739402914,0.06873874275575406,-0.034390553850245614,-0.02508296915342978,-0.10972527350373004,-0.028399871185206038,-0.03888920929197495,1.063,11.346804,4.069052,2
-0.45023441083300975,-0.24750624666629506,-0.12087206550140431,-0.011338630687344975,-0.0028927550632728005,0.14945624080108802,-0.00036870622555032484,-0.07691630834462065,0.875,11.254908,5.9080606,2
-0.06786102201915845,-0.01089589230531468,0.024149173221157755,0.030673667094072238,-0.10648137001692212,-0.43253337528214253,0.09544759989740761,-0.037193257676002206,1.589,12.092198,1.0847243,2
-0.7059106334757702,-0.026054246734981967,-0.007970058868851743,0.0018124200328801243,0.001287886403402022,0.2869833409441515,-0.03792731769143326,0.09080593042287097,2.045,11.116221,6.705198,2
0.3643900625412696,-0.28350301898159924,0.06264548621248905,-0.02648188558441772,-0.0033558279525929546,-0.08531567364103942,0.06903324464173369,-0.01739230221979421,1.644,8.628792,0.70599914,2
1.002809615142929,0.13514590946511912,0.08166848771524926,-0.05495481219344736,-0.03086304825490066,0.12446778942913245,-0.013760051971633575,0.13239255943657344,2.396,5.0092797,-0.21550742,2
-0.10937362282005775,0.1246021868499117,0.024813082439205936,0.0046390088416038144,0.09017164952832615,-0.35361248759723984,0.1035078606825641,-0.08660816533119886,2.0,12.353764,1.3869042,2
0.36609170753611625,-0.013099299739972758,0.007691104102787227,-0.0289442368856562,-0.015344748214304427,-0.1691012266884244,-0.12816997176561767,-0.07487602434744633,2.218,9.18365,0.061443146,2
-0.0391157637985097,-0.1640896669717273,-0.0710612218233038,-0.03730030691621969,0.016497617603407955,-0.17486624780552992,-0.009363808740847857,-0.0680555517433685,2.647,11.059913,2.298547,2
1.1170372285676313,-0.18787043361533784,-0.05891719149487626,-0.0958335029388277,-0.12518021421582815,-0.30463859999954346,0.004838479892715769,0.11268337687451652,3.087,5.187558,-1.5038316,2
-0.13915550664156343,0.29412941465643117,0.09563251266321762,-0.15699508073337898,-0.0289029459617966,0.5985370573693771,-0.0002204735852647799,-0.05341699777935133,1.571,8.08934,4.276734,2
-0.1974074688973983,0.048036642909536215,0.015283906484731824,-0.019103204971169074,-0.06784240949338094,0.06487414653269272,0.018919787951111433,0.03851865655329051,1.841,9.962189,3.495218,2
0.49432610295062196,-0.2657778881717433,0.005466131339455976,-0.001257203099755938,0.0558370884991192,0.32227222426440755,-0.04504874775957665,-0.04775208043680357,2.371,7.7019124,1.9622614,2
1.7373638658739299,0.14960443355148031,-0.07974909206746231,0.10144149427863436,-0.04581167752463558,0.22699384331773298,0.02214589503142117,0.04617366376161716,4.0,2.6075635,-0.58858067,2
0.4681904485705825,0.00831883376427095,0.007776676400249705,-0.02834561382766107,0.017525606696090823,-0.02662541397684756,0.07703209225978819,0.018353863846017643,2.288,8.335205,0.4795489,2
-0.3624240681699904,0.18923633151485098,-0.022186095502690822,-0.08429622272084814,0.04722615921976761,0.03172157635881531,0.08690243872162834,0.02103363241477746,4.167,12.564171,3.750442,2
-0.24183615878775416,0.07924597129175551,-0.15419079902552896,0.01536614742061515,-0.049249827198459495,-0.20496515478762153,-0.046286727322187,0.04501278590872734,1.79,12.46502,2.5644376,2
0.3281196501960252,-0.06286740665835075,-0.0488038687999634,0.05023608105151156,0.10337899390988939,-0.18195954533470401,0.015192645999413112,-0.06295915896138024,2.15,9.409754,0.22762312,2
-0.4804035588778577,-0.059864101990450946,0.12875251730862766,-0.002870061782407618,0.01785003539859692,-0.1955736381637316,-0.06509290885614238,-0.04705886316025301,0.645,13.025225,4.8378625,2
-0.7108658481069555,0.31707063773719124,-0.009402473829840136,0.0074422774314739926,-0.09285921101877848,0.8294531246559014,0.04624545886320841,-0.11415689740208482,2.477,9.1051855,7.829696,0
0.3419563710419556,0.8225001253113882,0.05252787215146751,-0.14009941158348033,0.05800470735786001,0.26914141710502326,-0.006238534683480984,0.06806261579709166,3.803,8.860837,4.9878163,-1
-0.6008420967119509,0.03677453479774548,-0.0031087012812919257,0.01748644441303618,-0.0011007444569838543,-0.06906363340086324,0.0017149255208493142,0.0032614584131711866,1.225,12.912389,5.8771815,2
1.309729771096566,0.2852819196240652,0.0737772006832571,-0.009739618427815011,-0.05796091993706484,0.453850709519061,-0.09012626252979111,0.08841050738307452,4.462,3.744578,-0.10517208,2
0.2853845424633365,0.0983386704896261,0.12295949863818123,0.03662009989896309,-0.004281131786941339,-0.13305626923380376,-0.06826469854975853,-0.001337929184846487,1.613,9.383926,0.0775714,2
1.1532892068048919,-0.16687522559386983,0.026942450302219006,0.08817968704386583,-0.08598943387423255,-0.15519809470031384,0.015945447248930655,-0.029269608524372492,2.434,4.8023777,-1.3682773,2
0.8863117626522303,-0.0633706912357454,-0.010757020426111985,0.03862712669984089,0.04451289937402941,-0.29707157387572486,0.02734092703114463,0.07561951847536005,3.394,6.2704444,-1.1555281,2
0.2077226830609829,-0.06811414851028569,0.040124693046352744,-0.17157775663701796,-0.037615820813651696,-0.15310910614759518,0.04260590960104471,-0.06028385841004347,1.688,9.364268,0.6908629,2
1.1557647955429036,-0.13243630757489824,-0.03182893524656541,0.018195773292438017,-0.03331787427532884,-0.039480653865814924,0.05977475116879405,0.0399523932725859,2.829,4.6667814,-1.1696521,2
2.6936199674796355,0.002897081137903934,0.013430567406427174,0.04126902193535609,0.0066646962245713315,0.023474847031793478,-0.08779146124263487,0.06254119172980105,5.00001,-0.26232696,-0.6223934,1
-0.308081524167225,0.0631614080968812,-0.10154111954405773,-0.028854020799939345,-0.0862203229489246,-0.22446739218384223,-0.028910896602640318,0.03881149527129879,0.628,12.728586,2.5939982,2
0.06490422437137927,0.05687520940373039,-0.09938656173246668,0.018091769109154082,0.0725654654953759,1.1749415969706214,0.038718578331973286,0.12030013584150956,2.691,6.8337784,4.474225,2
0.29772324805358125,0.16615006507448457,0.0008783272466613978,-0.06485770987006093,0.05093138624939597,-0.029802710616526534,0.052365346779496336,-0.03131016772516493,0.976,7.926794,0.82263243,2
-0.3542433054169146,-0.12389982605278352,0.04493687248096834,-0.06812338185143141,-0.13662566779835403,-0.14540454467692068,-0.031798291555692026,0.008136220911652559,1.167,11.819594,3.957636,2
-0.4217019132092749,0.33875457156143385,0.10181275566804299,0.1068877675802492,-0.13808945111061832,-0.2535320659442921,0.04271877518547912,-0.06962152139801528,1.316,13.4978,3.3782032,2
1.9408891310237208,-0.12191297748929408,-0.1234927606431474,-0.0796631760702318,-0.05740572526064025,-0.39819588889120466,-0.00911996618674732,-0.026103455948283505,3.449,0.7945815,-0.7857081,1
-0.6565146869504017,0.1502019781725884,0.0012580774252849425,0.07051209265722447,-0.022158864737739148,0.8927236465218678,0.0475195335019504,0.2033285441345908,2.434,9.040324,7.8647823,0
-0.5384246538679045,0.16250675773296158,0.07663801720757188,0.021742522959627864,-0.035006117712425705,-0.05588657227633029,-0.013185819326369363,0.035541257208990845,1.371,12.783874,5.588723,2
1.963382523930783,0.13985233564846428,0.03551851982060372,-0.061216753411732244,0.01554098368350934,0.4411839561375577,-0.056372378853758426,0.061240737447242594,3.5,2.02858,-0.49950144,2
-0.2495770034159641,0.06026389410025254,-0.0845499000832329,-0.04791558539298213,0.055088994716227496,-0.3572801756923948,0.028825450148908582,-0.01941021745596877,2.386,12.750788,1.9888647,2
0.8512128744472264,-0.06806645814268153,-0.02159022503764446,0.02963726462088187,-0.03208502882075512,-0.2599701056314564,0.01525449313870611,-0.07177143729381052,2.17,6.2509413,-1.1097703,2
-0.3428635713672983,0.09066336465564356,0.0512684661157613,0.03912507748361124,0.0010794195753448532,-0.04696239096903962,-0.04138348810605777,-0.06160657274598863,2.901,12.445293,3.4142034,2
-0.7247091312654119,-0.2689824528903807,-0.07218763063338793,-0.014858169678583541,0.02232240975922098,0.12916316920127757,-0.0768254976756512,-0.056834120360634566,0.608,11.650316,6.439005,2
-1.1640872631835668,0.16825343210338878,0.03920709019181645,0.00546462943262635,0.1555503758404142,0.09537628382848042,-0.03741538346052897,-0.039165570308479114,0.675,12.311474,8.9016485,2
-0.1664090308710532,-0.07536578964547014,0.013435709801105533,-0.008199444429096009,0.023125762824168117,-0.13291084987164306,-0.1104703605100115,-0.07085613445508873,2.35,11.714785,2.749981,2
-0.6589881609760602,-0.2584681981857225,-0.029878917397395066,-0.003407149538786264,-0.12531607449544618,0.02564220569344669,0.04423053939510013,-0.1795737287439283,0.961,11.952425,5.864184,2
0.5993756640715662,0.11712949189936261,-0.017792670911066982,-0.13471696234634264,0.0496108394059539,0.030072890448586853,-0.002118948602150339,0.1283346701080669,3.871,6.4405932,0.027038531,-1
-0.25874974924690525,-0.11792423529156529,0.0457409833517316,-0.040084712703300635,-0.048683662517410325,-0.2767583223100065,-0.08431125433536527,-0.013902322238642129,1.176,12.254547,2.3839166,2
2.797652192657753,-0.28817053955198,-0.02244104105839509,-0.035694992795469505,0.033856238911642106,0.15666283936984074,0.011168032562148544,0.17434412306310626,5.00001,-0.42430517,-0.71230316,1
-0.8032967581943141,-0.0802476560983247,0.05077463291776434,0.07482188165604613,-0.09628885780702126,-0.0986663381711697,-0.07740760895206336,-0.04460073879621841,0.783,13.1559105,7.326276,2
-1.1609273315401674,0.04029653759410046,0.021352367377365677,-0.08903302377098761,0.06015433167692735,0.4707655030157586,-0.058805123764336595,-0.07542707827149003,0.697,10.501151,8.627596,0
-0.11172961125139932,0.13739246203458147,-0.06402823972260158,-0.07220643958783748,-0.04063396179644618,0.8819794389397801,0.14083304557365572,0.08983833224957077,2.205,7.313919,4.5547943,2
-0.2123800540888307,0.06340629315460364,-0.07253484677661551,0.16647934602638892,-0.003105649845987657,-0.08305747342257222,-0.016893408375733,-0.10520128726477337,0.878,12.365959,3.1040046,2
-0.2002636696078572,-0.2783926277565917,-0.0308348290600981,-0.007332814519938974,-0.015350071250105318,-0.03895209582908518,0.06760323106137897,-0.05022844855600808,1.188,10.835515,3.400552,2
-0.5765720260740599,0.1603018285382492,0.05460134414011969,-0.014998382518069786,-0.06517580083039218,-0.2762947363129059,-0.06558563898687897,0.10951718993769155,0.936,14.19953,5.7834992,2
0.6097455763902283,0.3749533085954523,-0.02884784322272782,0.019701570068661384,-0.012002331708794112,1.1344384232963267,0.0026594524994690005,0.10205817657582297,5.00001,6.173743,4.261077,2
-0.22934814058098293,0.04086008930106674,-0.06617266033144803,-0.022038996027143015,-0.029855396180376498,-0.12650412579324521,0.025534720004350003,0.040724090062529056,1.896,12.167164,2.7054222,2
-0.23328717517422298,-0.06910993605993773,-0.12433986401197103,0.011531745945720678,-0.12519666126002965,-0.07899140522584366,0.16416978037766414,0.006479837947035966,2.047,11.655789,3.0669968,2
-0.965772500321248,0.04112024686356551,0.12914457908403032,0.09983441123583955,0.0768179509301537,-0.26344410146284425,0.13482715904523124,-0.06038965286304035,0.456,13.960966,8.112173,2
1.4368976326079812,-0.030934715985312028,0.011236195856762499,-0.1534432996076349,0.02928826920489197,0.3239131673760619,0.010656650846345261,0.08828845115499342,3.259,3.5796678,-0.4534805,2
0.9682870584595562,-0.19022344588550905,0.13526896970081953,-0.07594393647737405,0.0465750772206765,0.4200908312152281,0.07841666193386712,-0.12712809155763732,3.529,5.1665773,-0.29608753,2
-0.383639644798018,0.08301069424802532,-0.1183478862593493,0.08479740536401492,0.04708870315082267,-0.1991535519020757,-0.028917315001310062,-0.07549113271454011,1.006,13.301407,4.151999,2
-0.17188555838279193,-0.04080896869753342,-0.05736763733377215,0.04433139399332045,-0.0837705649629735,-0.46025803922810704,0.09274347097167304,-0.11922570672479171,1.805,12.328302,1.3333374,2
-1.1067685098633602,0.22012764097995868,0.001026430274921608,0.03180457061687364,0.034160049505503276,-0.04739915217788722,0.005971256383211318,0.011684805342209281,0.975,12.826957,9.105371,2
-0.1304765401532642,0.03573600996237683,-0.003315836716201531,-0.011868163182299801,0.03927853109509055,-0.3454123289807164,0.0494724033142413,-0.03937022977582311,1.587,12.364154,1.4419235,2
0.5114461459634776,-0.1318150594847276,0.020607760299961475,0.031363319175363974,0.00025441997069122757,0.09277533675915181,-0.02460246141314343,-0.08434727660766994,2.179,8.160526,0.19925089,2
-0.7454082546442916,0.08901414406363448,0.052198564964820615,-0.102529811335554,0.08399918003255036,0.8637352791245838,-0.06641568118227206,0.058624676224707906,2.583,9.18698,8.030395,0
-0.07399163467018924,-0.13466992530177355,-0.018771405863329205,0.048351946905035664,-0.002456300608394052,-0.626171181373721,0.0889068382316808,0.08174009875869492,1.585,12.02206,0.6967645,2
0.16460673168647566,0.0032067789648713707,0.05495964813827625,0.031322217535688396,0.013074812194181273,-0.038260289843802836,-0.04814750107566099,-0.08474920866572791,2.186,9.863423,1.1289786,2
-0.1743529920230186,0.06619768025824346,-0.027711893681965777,0.06581500908861915,-0.022631626911094993,-0.33056501315272663,0.046250574256965854,0.07222139467836591,1.76,12.591336,1.6891795,2
0.5075750357900266,0.14108094559374607,0.033431114757973585,-0.012965913916794525,0.09980542191527986,-0.460914120971071,0.08288181795104738,-0.05724678965427571,1.969,7.845266,-0.90243316,-1
-1.0572398300873074,0.051079313585456115,-0.0984695048810534,-0.020946254747836485,0.10000567241427377,-0.19431047211542937,-0.03025251662196078,-0.029575132291604855,0.696,13.494363,8.6549015,2
-0.8145274588797611,-0.09094457473130196,-0.05646032161566274,-0.15055472044298074,0.006296781431006426,-0.09288521657985283,0.00438753947268139,-0.07469030333747773,0.675,13.056747,7.289516,2
-0.31130887183417044,-0.07165230505574097,0.02893909217841073,0.06931937830757676,-0.0026077578063768425,0.15901025401084362,-0.028908967421672677,-0.05587799724750514,1.563,10.17577,3.8642392,2
-0.025867240012001053,0.006430077743970725,-0.003553877382301035,-0.027286090572530397,0.009609553629602585,-0.2028751282514721,-0.03213699717299087,-0.036203449877525024,1.572,10.974978,1.3078892,2
-0.30781342943721257,-0.027777397604918375,-0.013898009322105331,-0.0831540254841105,0.016220558979700928,-0.25381292278703305,-0.014081183666217939,-0.011911297855667441,1.42,12.519149,2.5840924,2
2.614892818204755,0.08213506116136926,0.04798793429973841,-0.024697559304098976,0.03554780537970753,0.1548254015781323,0.09199285818703373,0.006358965487047424,5.00001,-0.0012943276,-0.5059235,1
-0.13322588099201965,0.13203169621625313,0.03618877699774889,0.09749184926643062,-0.005298341067064338,0.4967650803225303,-0.05048031544953524,-0.008194371037690579,2.451,8.680372,3.9162116,2
-0.613760023891357,0.3921604115610326,0.002426474312286958,0.0772088290144621,0.07457316460581798,-0.0195769126550642,0.03480085435615504,0.09081065352391926,1.406,12.058253,6.810389,2
-0.3507969771092018,0.09533523776972017,-0.07507737195963457,0.10928193063796371,-0.06626023780836054,-0.35737772449538074,0.06143092632239833,-0.16549330100752585,0.675,13.047373,2.1077738,2
-1.0416388016709626,0.027868323210426316,0.04785433509165532,-0.013629800228494943,0.017755277945918135,0.7666451819142712,0.024336156052723573,-0.009760306974544497,0.786,9.772766,8.557985,0
-0.5586388114656118,0.661477115640192,-0.05164673714516843,0.07484021145135783,-0.004583027301419407,0.27271418581180285,0.051912959321635754,0.009113425947473663,3.375,9.803578,5.867617,-1
0.11903328603809127,0.15686981865421115,-0.03743696530770588,-0.025414616263312123,0.108530188514421,1.8414795800314794,0.03801661889115457,0.15855295663960803,4.923,6.3920116,4.720657,2
-0.7224781443986357,0.21375053376081238,-0.041636868740606625,0.05423789242884247,-0.015171427501990686,0.003861253859618302,-0.012516211850094494,0.0418241025123374,2.961,12.073662,6.984915,2
0.33631357631519865,-0.3536276079523064,0.04961887884576005,0.010643974032766873,-0.01231724497999076,-0.2976504640411972,-0.05287513886976389,0.018623610091771603,1.627,9.398016,0.7924178,2
0.639989196033379,-0.23505403342348938,-0.03447546954170255,0.06406614945067643,-0.009180656331418707,-0.1636104371908292,0.039677663639045596,-0.15311219169800197,2.549,7.604366,-0.23100957,2
-0.7157691050754214,-0.0835715606061661,0.016500369455663744,-0.007917766233332152,0.015901810051053844,-0.03753934298424838,0.01782902792151056,-0.01626760637123789,1.284,12.588649,6.5947914,2
-0.6794462631324565,-0.054983714049050475,0.04686065515231963,0.11868995179989694,-0.0040315455280484636,-0.05194414501220235,0.08670343146597534,0.058871363814487654,1.353,12.903365,6.369627,2
-0.3971387771992745,-0.02359045325934056,0.05149889971366242,0.0011993770294945194,0.05063360399676811,-0.3322318600920222,0.03504975855569731,-0.004485675058989863,1.607,13.1082735,4.2680216,2
-0.278597293790255,-0.19778187753345813,0.007505044723392695,-0.0357869170335319,-0.12061570786740883,0.20740415733531573,-0.02254073188569472,-0.042669720211087864,1.688,10.216167,3.910688,2
-0.4632873334881609,-0.2771475124161249,0.18947761002275076,0.08177079292681508,-0.014137208902088694,0.02241016124724543,-0.0462397524575788,0.008699958683956122,1.009,11.387169,4.5721316,2
-0.7991786194953951,0.8083478760675382,0.06051709135546052,-0.05406540801902071,-0.028998175766870082,0.21205846396318445,-0.03293506451164499,0.04063409365505799,2.438,9.89535,6.003869,-1
0.7342740808653466,-0.003261327639855288,-0.014641895538951621,0.006664780274993259,0.008935453371121782,-0.23168372898266465,0.025087109964339604,-0.029254686451306244,2.976,6.537119,-0.93887436,2
1.2989348083822414,0.059162301649869686,0.002733289670534045,-0.10422162295421122,0.006038977903481069,0.06710374113677467,0.08873905565629661,0.03629654335835453,5.00001,3.913651,-0.8522415,2
-0.29076622520187667,0.10570938752101822,0.15151806076765797,0.005665590675701132,-0.022751857720311297,-0.286937650438933,-0.02654702236789916,-0.16650234088421337,1.173,12.994426,2.2489376,2
-0.7820505141727304,0.07693092125112586,0.05330810656046861,0.06202263703148239,-0.023568591983076648,0.0419295524134404,0.040351431428162665,0.10274189416842092,1.373,12.53361,7.0143824,2
1.5973233213085145,-0.013303513495256047,-0.036006055752171084,-0.009948962669233424,0.11357415100335327,-0.05588618724115213,0.028086742252322994,0.0664546594915231,3.524,3.271474,-1.2389371,2
0.23255266959278925,0.021761519428243975,-0.06918219229196598,0.06113154643222091,-0.1495007515476931,-0.316052641297048,-0.1125308430655515,-0.042140393506963025,1.877,9.754573,-0.12097943,2
0.13743614299272996,0.030359926327734515,0.06382147317675688,0.09809342769036433,-0.06956997766279838,-0.1419221764334092,-0.09521293046703777,-0.163237749799907,2.5,9.95311,0.74881655,2
0.09740294580018571,-0.29767316267482735,-0.1396433494040378,0.040572979728678016,-0.00295741078246603,-0.2743503101782262,0.01891030114838274,-0.04463309368725679,1.403,9.824238,1.2922657,2
-0.637154980395081,0.29435681651326473,-0.02652986773999963,0.16859938818320536,-0.001140630786065966,0.08159339774836391,0.07783119566462476,-0.15563801774189776,2.393,11.907788,6.9714246,2
0.04829549105802966,0.21696507872976362,-0.0003913048580356515,0.062814132614786,-0.03329036642580399,1.4591874772838758,0.09094131160223506,-0.05918669740138566,3.853,6.5303907,4.700449,2
0.612168527641703,-0.03132653955570286,-0.010936012121209676,0.046136547817071716,0.05997935886253572,-0.4420828559687721,0.04660174283974988,-0.01011905516257755,1.815,7.383412,-1.0769333,2
-0.5496085637260724,-0.008905802188631046,0.027727067640087533,-0.07565620361737002,-0.03244435094339476,-0.20552865222642422,-0.12787145723143845,0.01641229045933007,0.746,13.356697,5.3253226,2
-0.1633757566235942,0.0029866989722788784,-0.06067509373144192,0.030116885666209736,0.022517888237513134,0.5379704645704122,0.010220196864389741,0.04304607726878554,3.141,8.461761,3.9513729,2
0.2528615427188624,-0.07977374584975627,0.02439704268382456,0.0715646684664823,0.03994891026239111,0.4810712904232273,-0.016833997323677213,-0.062023280948327514,2.291,7.9451013,2.8024406,2
2.199223018456768,-0.245143388682357,-0.09863073649506013,-0.0814871532113619,-0.015626361506228814,-0.03510777156976605,0.12580572931603068,-0.02896393619636395,4.105,0.8721805,-0.6944822,1
-1.3294890432992497,0.18796764784343117,-0.03116968636326725,-0.011001620232501313,0.018296160207897705,0.5674934499713025,0.11273954953373269,0.0915082871572741,2.417,10.271617,8.823176,0
-0.17313337786998317,0.11175790074471109,0.12256911758056338,-0.03796552614563398,0.1326159872477486,-0.2443311852256085,0.006968049666812498,0.02818408669917033,1.819,12.450046,2.5972693,2
-0.8434695182242263,0.2619007789608131,0.03820562123788385,0.0710830984689543,-0.06434137460909004,0.9389960963922994,0.036499780282834154,0.11989945730076548,2.25,9.110147,8.066924,0
0.6601971475513924,0.2811251679624255,0.05386094791521509,0.01394618753464183,0.1559908550786686,1.3732016990600793,-0.03065361451932433,-0.17178851256911237,5.00001,6.188864,4.342576,2
1.4284326991524294,-0.0791888932198673,-0.00667729185577301,0.0108582496906319,-0.07927608348378437,-0.3377407845244424,0.025007934107880103,0.05037701299272809,2.67,3.7780817,-1.6692398,2
-0.7478009005290474,-0.13252068319757954,-0.03247891123571359,0.12501741507619513,-0.031475453309701334,0.16999661243003972,-0.04442753891100934,0.03894325027955958,1.089,11.630106,6.6787605,2
-0.4029526414681907,0.12828206240508647,-0.017315656742093344,-0.0214602093454046,0.019110901792336543,-0.18368287734982167,0.10278843917235353,0.027438980913359445,1.816,13.133996,3.8682575,2
0.14263690936048884,0.09817939089546818,0.062446191984526916,-0.020783805713984,-0.0045536498103287415,0.11477586744667054,-0.049190097313203424,0.09808179030194719,2.894,9.134581,2.50559,2
-0.39082818066310354,-0.1799887124338594,-0.04040654200384575,0.006667279475910309,0.06035028957948549,-0.09662868444507067,-0.013564095429035056,-0.09929902588841694,0.732,12.006263,4.4908657,2
0.866650177776624,0.07865640969912716,0.11256286571594912,-0.0005223563328248249,0.08082656957587186,-0.359145886583463,0.025812056607963513,0.07812630260215939,2.346,6.4007764,-1.2186022,2
-0.7873092170573037,-0.035752229195820384,-0.04331515903275003,0.07729803663114007,-0.04972113647611674,-0.2847620564565362,0.022553755874805043,0.08215129723821528,1.073,14.016041,6.9503193,2
-1.0283056097958165,0.09621531921230435,0.0724515788020082,-0.06200609872088872,0.06154667087249904,-0.1968932791307223,0.08409567324724813,0.062207832576534644,1.227,13.72006,8.541278,2
0.5363157467321966,-0.46048086280914435,-0.01534694569518813,0.037888519913925056,0.0058159222645016995,-0.11132919940385766,0.011188361815412079,-0.05137445914931002,1.655,7.7838407,-0.047927365,2
-0.8638708244368031,0.11199234411470119,-0.025578274560277448,0.03610961196140716,-0.00999424145369765,0.3322864238009905,-0.054403345276963166,-0.056267641233798266,2.032,11.07584,7.666848,-1
-0.11824444313396393,0.11986987284596132,-0.03950640694118035,0.038919650244483045,0.030070002467105367,-0.3549292539638398,0.014954162445082825,-0.14543199460085723,1.214,12.343098,1.3425026,2
-0.5518842310204487,0.14501309396043166,-0.04516282172475816,0.017985180940543327,0.032300822486216935,0.047939479249399564,0.1337021829450227,-0.027372438860746806,3.5,12.243064,6.5052443,2
0.16459599616202952,-0.14504094562069716,-0.18521477867999586,-0.018495616968765533,-0.08355379009100605,-0.21844635054612907,0.14879982556902982,0.10836742312156103,2.66,10.321192,0.9459519,2
0.6673671203207047,0.49074520199138677,0.03247389283176047,0.04561954961216391,0.07475255959379856,-0.07637708395630552,-0.026108017651888887,0.14494833553589176,3.25,6.8530807,0.16423595,-1
0.5458580700942346,0.09315266357730742,0.07267558995235382,-0.04372767693965285,0.011576394035187676,-0.3059855771909086,-0.0905234976258309,-0.038928717286971615,2.417,7.5385427,-0.84384215,2
0.7483780425774432,0.12075997525739754,-0.04433367801758442,9.92823904189255e-05,-0.03236407409999262,-0.051195132218963074,-0.017845965292025617,0.07930719906188421,4.301,6.154362,-0.36216158,2
0.40312853120234393,-0.024467052767999653,0.027514664560909285,-0.06819163297138753,-0.03177474640088271,-0.33391351460160745,-0.023744705509888553,-0.0634544173131164,2.006,8.94137,-0.425888,2
-0.07042016614727961,-0.33767232519074564,-0.0013835825438938687,-0.0675934770488385,0.03559964618563907,-0.0946488695308299,0.04144624174359898,0.06870979750526654,1.297,10.731529,2.8193367,2
-0.9593878852940443,0.11686577812545998,-0.02624402715102679,0.04991608136893838,-0.14016597003122017,-0.16319955477690967,0.048274808618601686,0.10460114630741767,1.102,13.506003,8.315174,2
-0.677679801056293,0.2387676821307006,-0.02790848357051856,-0.06108561047514602,0.056929349940935764,-0.448052070499411,0.03022014220500116,0.04582316642175088,1.237,14.466476,6.515847,2
0.4420761220178138,-0.02500620973827067,0.09150138487529963,-0.10579079082943108,0.12001997657863406,-0.23412560760985512,0.061874443739526025,0.02162919579829628,2.349,8.885388,-0.23022023,2
0.3087128906878053,0.13238249925136822,0.12134430530923226,-0.024152921898545704,0.006065872429617258,0.06290258232890061,0.034897383352417266,-0.0871587837882486,2.053,7.959695,0.987553,2
0.8448118825494744,-0.18696184014250522,-0.010099598534218435,0.09340447229746479,0.05915889967013302,0.41805909712201256,-0.032026119819067056,0.19396565700676105,3.1,5.2854357,-0.003474237,2
-0.05087836118931324,-0.07106062765798835,0.08810888846359399,-0.020521864966170894,-0.023298225508897458,-0.2796621551842645,0.001393277782625324,0.05574028630197864,1.154,11.383577,1.5883702,2
-0.8680290953049323,-0.13386340538488956,0.047232386959457806,-0.10550325923710918,-0.01809969599065138,-0.06659697445754427,-0.007633052626439749,0.015743720992400054,1.063,12.786265,7.572661,2
0.852779798897382,-0.04763708196776684,0.015705737672349673,0.024033378672563444,-0.01630320090798451,-0.30596850971637,0.0335829906578225,0.03637039394496361,2.018,6.389355,-1.1227045,2
0.4959528531653841,-0.2867759164366983,0.026337409455366806,0.09215694959174214,-0.15032838221232891,-0.254279928541269,0.05758568293386593,0.013531674642900365,2.356,8.187044,-0.05766328,2
-0.4653909075985452,-0.2331390806768155,0.051791152256005224,-0.08197240953028695,0.02201744861979188,-0.159330230236758,0.032981776768182564,0.09990341857579224,0.775,12.038564,4.772321,2
-0.16275135105781202,0.1852686108258531,0.019803874555678863,-0.08566615647381809,0.0450075307520264,-0.20438431906786003,-0.04906697179749381,-0.08215336331399029,1.938,12.502594,2.5883374,2
-0.34754780944018465,-0.26478874326322177,0.038721513377113936,0.07536974751407866,-0.06459458792122277,0.41611014250873546,0.11818781048435673,0.13698112655087005,2.027,9.848423,4.4633107,2
0.434302341853223,-0.022476513923156333,0.060089483170732816,-0.002769864896626867,-0.022754712333170835,-0.4311010464786278,-0.051790515413800725,-0.06396323785541685,2.154,8.866225,-0.62098116,2
-1.0436103469200693,0.2904435684303786,-0.0010281927069640262,0.05271929143941842,-0.012668461389194863,1.4903859737397702,0.031728830102780436,-0.10497669788368014,4.5,9.0772915,8.381451,0
-1.129185446258341,0.030841637483595113,-0.02801510181140543,-0.058451947479491353,0.08130439997823188,-0.004978242643069994,0.048255300712676766,-0.03525351085253235,1.0,12.4489155,8.870538,2
0.9294460496915382,0.06543007642636656,0.005288885603598359,0.013890612457783669,0.019138588325695566,-0.23842027646467528,0.0785070432383509,-0.04906311006531927,2.7,5.9697537,-1.0732045,2
0.13419834159694682,0.39393513385209783,0.07807612477251219,0.06456951338563943,-0.008046976761185098,0.0336036003441495,0.07984342223453333,-0.10887713061359977,2.365,9.400147,2.5086422,2
-0.9845715527128331,0.28523134692828944,-0.02129571838118524,-0.07380059160838967,0.02785659173653507,0.48413714178200856,0.04241345173497446,0.0553441632259781,2.254,10.720484,8.640882,0
0.09017562508014754,-0.17576466215182857,-0.01138871971784991,0.02175778908778689,0.02266166078673107,-0.4491407925714168,0.0387983578969138,0.05549423292162978,1.914,11.214741,0.57080036,2
0.5124016819935913,0.24069558272281427,-0.003186211123112681,0.024344989301218423,0.09029665223454192,1.0099580328764022,-0.053569491391797286,0.09552247112475543,3.398,6.235367,4.216373,2
-1.2829342490257005,0.06959462629662072,0.04215327243963837,-0.09558981273499814,-0.06761785327273398,0.5066947321533001,0.014078108671041312,0.01821423395473909,0.175,10.344819,8.781735,0
-0.037748259977545606,-0.14817274419415224,0.027599256055563015,-0.033585165921971916,0.040104052296552006,-0.45121303593357076,-0.010344714124229853,0.060223947435415676,1.643,11.61924,0.9877855,2
1.1177905989443797,-0.15380830277618557,0.10329154464391926,0.03716254339283978,-0.04781065212086927,-0.17718847526547993,0.05918519927012755,-0.0776095149030708,2.293,5.121572,-1.3555497,2
-0.35458972155209173,0.006630641014870459,-0.02603624484147868,0.055411582287656524,0.044784844981535066,-0.20354204512593652,0.06657643690186599,0.003998346091298399,1.585,13.019451,3.8986049,2
-0.21270657465736537,0.19386384463425238,0.11348041065610456,-0.08566464776387034,-0.06248135655913298,-0.03107050079809509,0.07648995191641372,0.07375071739885242,1.521,10.293365,2.9206655,2
-0.2166687187794948,0.01295311608818367,0.03606933430432685,-0.07536497681796334,0.01708634042967183,0.3317901242866794,-0.058001548709363776,-0.09896356079482596,2.705,9.150647,3.8501403,2
-0.9065177969358466,0.08491949317114568,-0.0005045383499742984,-0.061037122711630726,0.006556879244706951,-0.18422229000328227,0.04232429207578181,-0.030891485192347856,0.654,13.697111,8.0546255,2
0.1704842351192956,0.09007880259797468,-0.04839041917134429,0.0026634548558698845,0.02160866101697334,1.2821765528422042,0.016158813036379727,0.14041450503607522,3.821,6.6446433,4.4799285,2
-0.2873833372155193,-0.0013051850718102664,0.008631461255776435,0.07475733272410914,-0.011812319025800017,-0.2697492121721837,-0.03214102221980428,0.007116479380144619,0.913,12.63442,2.7016547,2
-0.31484713534048314,-0.03475256825075157,-0.08417732579988446,-0.16336325512077185,-0.016340944172330202,-0.04511942582367917,-0.009166393259671474,0.06481231869742338,1.665,12.178032,3.6673498,2
-0.918349546795332,-0.01713909127047261,-0.023634520705054188,0.02454590184088548,-0.013617340685303986,-0.1761904132592977,-0.0037195337069515777,0.007459683659867614,1.188,13.420226,8.084544,2
0.4328316495848675,0.10746214338785703,-0.03871921558284727,0.003963498287851308,-0.006479688062597022,0.07948452830020988,-0.012741554426921625,0.1049409680002798,2.307,7.692882,0.96437,2
-0.44271918106664554,-0.039510964003023535,-0.0260501831601673,-0.07943408539409275,-0.027673939866043218,-0.09084705756156897,-0.02427063080725614,0.03962305262634214,1.761,12.625917,4.7136855,2
-0.5474608571912053,-0.24040600791371375,-0.014749648799688375,-0.028291792609813127,0.08485073456558478,0.22695291220999095,-0.006963918390712698,-0.06752749486767715,1.786,11.159817,6.020002,2
0.02392994175468313,-0.06180249661528475,0.0003049523216942518,-0.009160511731125393,0.10841650231745889,0.6552169583501574,-0.023872947524650162,0.041288444417548004,4.0,8.046767,3.915877,2
0.12963229634044146,-0.0623635361015111,0.05233488125887678,0.026105931261870052,-0.20558760857836858,-0.38095481342714677,0.05144508736763154,0.04591180483241225,2.339,10.952767,0.4276226,2
-0.13275823062883607,-0.6390327584690416,-0.0786067540884797,0.04720346035160747,-0.2328610495435567,0.8171234187578422,0.03558446021485337,0.13874722660322217,1.865,7.2947626,3.3782299,2
2.915791341175681,0.03616680505359529,-0.011837263406551918,0.012777029719993754,0.034052443464997806,-0.17720175898378246,-0.004193236243889786,-0.026656273126178215,5.00001,-0.48156247,-0.7894259,1
0.14192732496309818,-0.3717623186585385,0.02716280983594152,0.00593379508634817,-0.06154743263113699,-0.1978265469590299,-0.08617947903152343,-0.09240423217871477,1.063,9.555463,1.3642896,2
-0.15320693660542684,0.1518569288104865,0.059498025392796305,0.10051397766689446,-0.06635593390753591,-0.17344693884848827,-0.04532201622014448,-0.03405953804733325,1.823,12.61669,2.7178361,2
0.06668836323133606,-0.30633546209258294,-0.0670200315184265,-0.0902080684431796,-0.05948971775749437,0.07996797014095408,-0.04650931605915068,0.11226165897171175,2.231,8.928039,2.119334,2
0.6075832747535438,0.21201436473522722,-0.0047387175157843076,0.044383382254338744,-0.018944764825738925,-0.18657853556177972,0.016798228901376777,-0.08109652894543606,2.472,7.006633,-0.5922357,2
1.3806108798493046,-0.033497709086787814,-0.026173524196152848,0.06234407558484081,-0.09853864528943493,-0.18492077466869222,0.025883288558512463,0.012782184544012892,3.604,3.8361723,-1.5402049,2
0.16187505788301254,-0.4240238769037509,0.04181535594417504,-0.0499669236023674,0.030314798571773244,-0.12609993308781978,-0.008601941152375309,-0.03282720363395705,1.984,9.400786,1.4512422,2
-0.578734236468804,0.12344948165525538,-0.04631554123930623,0.044287668484620096,-0.00677562323490552,-0.11513945958815239,-0.047199055234812104,-0.041793258968259916,1.162,13.235423,5.662009,2
0.371514338531825,-0.05679603354696294,-0.013539961675327561,-0.07680945766613562,-0.04582388450566144,0.4783128285582259,0.1431833818273391,-0.0685429424143986,3.919,7.5320454,1.9775496,2
-0.23711996863369142,0.04257352420891641,-0.017365633133430397,-0.040033055528075207,-0.062323347425757875,-0.27612279294520314,0.0415069390158779,0.060936367650338774,1.014,12.628416,2.2114935,2
-0.6630051440501804,-0.22752851909983687,-0.010441188350625949,0.12097972773062718,-0.05894508925685228,0.026459690882116943,-0.04307084398371687,-0.0361579882445941,0.888,11.794937,6.095645,2
0.38342573200543256,0.0619113497392198,-0.045113442107952983,-0.013408206616400797,0.02392619215262065,-0.28269886472230915,0.012184649862132857,-0.021807884410866396,2.486,9.249269,-0.26925915,2
1.4493823666987797,-0.08747889865847455,0.05402359802598383,-0.10144564989037796,0.025852547216983907,0.07461989673710584,-0.08201127214285497,-0.061630360421295854,2.787,3.8585443,-1.3708074,2
0.3135483693363607,-0.12422716973942446,0.0849566508938456,0.025850244384768212,-0.03863102348886091,0.14247600799309443,-0.020165303248843913,-0.032376676514723896,1.735,8.393093,1.4549536,2
1.851629636435534,0.11795104880078947,-0.10431490522513914,0.031153171613301306,-0.14066404175680097,0.19813454865442107,-0.03846759123183177,0.15000295554586,4.024,2.4975665,-0.60241115,2
0.16942230098507366,-0.29366736507428526,-0.02777288972803052,0.04465535015001604,-0.06262159497469635,-0.34828290350129987,0.008264371003534554,-0.05820772432545754,1.285,9.869931,1.1854864,2
1.4906232686126888,0.18875508365167176,-0.020041263544707255,-0.0578256561662506,-0.005183181952744115,-0.1542542145734341,-0.047864833770731,-0.0805658947687661,2.166,3.453545,-1.4350483,2
-0.12290828925347946,0.671845328719834,0.07048488361154262,0.0006328348574183573,0.049117525319712335,0.41680798741816705,-0.07827280725139693,0.12382009704520855,3.5,8.988705,5.168774,-1
0.8985525428414263,0.1376411279094551,-0.009727976024210022,-0.051287788002665036,-0.08926306927850211,-0.016166883435453167,0.2044189210216728,0.09578838169335704,3.295,5.8171806,-0.52546203,2
0.20687368262635605,-0.0424251296831748,0.07683075126557107,-0.08522005279835626,-0.04172517579004226,-0.14212896598407693,-0.028764745666944147,0.14851432767441963,1.951,9.577679,0.5081225,2
-1.0909460841116618,0.23291204246903285,-0.01179160574282545,0.037523728565060865,0.10258630026499096,0.7573800277024916,-0.05015393202646529,0.003669418368744043,0.6,9.795656,8.637893,0
2.2558132263992694,0.23925856295497774,0.06454055610085191,0.10240845977770366,0.08957832620924339,0.16308625809990568,-0.006786517089941213,0.11289012919231606,5.00001,1.2208679,-0.5139999,1
0.26890817425244595,-0.10185535777680557,-0.025416287577603114,-0.04118218637457777,-0.08828919664561866,-0.5420131136402637,0.015580619135378476,-0.02042672876165827,2.072,10.636732,-0.00035092456,2
-0.6240741848237596,-0.2928756745012069,-0.09768547187778656,0.005813726555208065,-0.0036629108527737875,0.25716399686835884,-0.020188526544234503,-0.02522959173757311,1.19,11.237455,6.1553655,2
-0.1645884799075264,-0.35424577583065225,-0.017583120529023277,0.041295913036507814,-0.11312638434287686,0.027945173508511806,0.09692817541371745,0.03290094880187139,1.832,10.794841,3.4533992,2
1.9461734530052097,0.2954932490094405,-0.044626656523091585,0.007134685512415528,-0.0704978560710737,0.3447717470660536,0.16319278456051714,0.014538529166551684,5.00001,2.2448094,-0.507139,2
0.43199273371089264,0.20316163427939232,-0.002674054848977897,-0.07555341344115213,0.0036209538803200214,-0.11823604861293727,0.11553340096320427,-0.019172634709198083,2.403,7.5750637,0.5080081,2
-0.9968159508115697,0.26663459109852894,-0.040556515941827714,0.008844877776587795,-0.050745452388154005,-0.12222889398720006,0.04362313646649092,-0.024591217535044327,0.875,13.162227,9.083537,2
-0.14437701287112228,-0.2438040635399417,-0.06952005490660562,-0.04622329958897245,0.03187401796698888,0.03551832038384106,0.030645523411338027,-0.011974312341510918,1.318,10.751876,3.4665308,2
-0.5975200584078959,0.24540210115105804,-0.09236616511824425,0.00755109395299558,-0.043930960315251816,-0.009212645115741852,-0.09631005441151169,0.009756692049959437,0.929,12.049366,6.6743345,2
0.6003280336678547,0.10401997314007017,0.011298955321216275,0.017035856653161208,-0.0015538735332061848,-0.26445038666967546,-0.04774525001874991,0.0058515441668371415,2.342,7.3132,-0.82834494,2
-0.49955072851375426,-0.07679509776702442,-0.07137971310079716,-0.003984780527940962,0.08612694926110692,-0.13562146230869265,-0.0006725937179000441,-0.052964079530863184,0.757,12.577743,5.4152446,2
0.3850206020275597,-0.26018330347039953,0.17435897909330883,-0.006837078626344667,-0.0059123955329190014,-0.43777688737845344,-0.1120433723936402,-0.11004890873311282,1.633,9.44021,0.2584463,2
-0.10087213353028776,-0.24540989502878938,0.0902630024364729,-0.007000835106854897,0.03850284924450456,0.957182425584483,-0.06907807945794289,0.014685289064908874,1.771,7.0792913,3.8672938,2
-0.13361376333453076,-0.32649091122238744,0.05550698008542235,-0.001730973794266094,0.013861469759696737,0.1069604873980228,0.054199941217217135,-0.15307213956601978,1.293,10.419614,3.467994,2
-0.03296605451922355,-0.11758751223873629,0.11753426541768391,0.05276295107670578,-0.03408390632508457,-0.1955737761529258,0.012997803031201766,-0.10701626735534905,1.337,10.9896755,1.9467025,2
-0.46683087194350914,-0.2037357442311386,0.028175344386485,0.037934204296063256,0.04271948147143026,-0.09667887949099752,0.1920648272177671,-0.02744853790793722,1.625,11.863702,4.986296,2
-0.25719678198560036,0.19592574061145412,0.041728651391184285,-0.02880766701701909,-0.042480396396685244,-0.41464251800580026,0.05363680595101325,-0.032782798511201555,2.183,12.890439,1.8279071,2
-0.6412562171228843,0.07145982706881981,-0.0073138751148284775,-0.017025239312849078,0.02380281527207162,-0.28210496638025717,-0.03476224333341399,0.002828204447039767,1.243,13.956805,5.906214,2
-0.2228508337947471,-0.3288313496222478,0.044399127785043985,-0.018415722969147258,-0.04518723791079973,-0.2574821730346245,-0.011949547046911757,0.07593053726848323,1.462,10.986611,2.875149,2
1.4550608208362996,0.12879514710078438,0.024285533611591803,0.05429655912318326,-0.0003038344698372275,0.3212131515507718,0.02022044072042334,0.028068270389735805,4.227,3.413656,-0.37778834,2
-0.2973081250038978,-0.20075743131478044,-0.07334251662581234,0.1290943447421721,0.13468581039874605,-0.11373558218273846,-0.0009409235570808083,-0.11281912351856735,1.027,11.388708,3.143586,2
-1.316333193766492,-0.0874550621421081,-0.020288092212052758,0.02141575503080219,0.05035618973686183,1.1055642358250977,0.03769712097821208,0.16726994046660637,0.543,9.329071,8.601231,0
0.783396763006781,0.13472042791272473,-0.005059152517310761,-0.036531010071855885,-0.034094784518924726,0.4204465962149367,-0.05159741831343728,0.23850529155882122,4.583,5.1323247,0.16142063,2
-0.80292828442197,0.15060186945099355,-0.015416032576206218,0.027835148263260917,-0.00100966480135109,0.5120627379024434,0.08729310039697138,-0.06250667955354697,1.292,9.578154,7.666909,0
-1.185097902576575,-0.06070415278831823,0.012491234312814459,-0.03296113512086264,0.06784040319406655,-0.12021194076243388,0.07609192501862322,-0.14492072580388976,0.465,12.657047,8.805386,2
0.39638476815754176,0.09275666901182192,-0.07098578351219784,0.080786392676823,-0.11035916065815293,-0.21822287720308994,-0.011521018021100116,0.002347244213813493,2.556,8.890336,-0.089620605,2
1.114445577542506,0.29839614925234936,-0.07015908221136125,0.05727650312409294,-0.121327346649382,1.1711669606969628,0.055420496072170145,0.2610063107515037,5.00001,4.1175222,0.47900575,-1
-0.2238337797028099,-0.056035442589566276,-0.022112437397970836,-0.04358628365028375,-0.03763297193219392,-0.022053037588331437,0.0693976227508023,-0.056109552138705665,1.899,11.615088,3.2261455,2
-0.7837485841528378,0.09467537801927556,0.029934874867075648,-0.035043559812074423,-0.048267904632977976,-0.29913538340165846,0.07579080647929605,0.015627308047336586,1.375,14.099621,6.975905,2
1.1158107360267464,0.3523679160805932,0.1730171233063412,0.06811264293085231,0.0825592138256448,0.08044271396121686,-0.14765406112759344,-0.10587722747694273,4.898,4.923696,-0.39531204,2
0.6530196940908153,-0.08290026795355154,0.019062254665538847,0.00811722531527434,-0.051799823087294555,-0.14453209974610284,-0.011650163080221848,-0.045819767592006566,2.669,6.9719896,-0.6112053,2
-0.3279945866077104,0.06003948702634504,0.024312002516146763,-0.04037852330829189,0.024097229653424812,-0.11831463535605077,0.029829089766917283,0.06342414679844799,1.647,12.434572,3.4298544,2
-0.7902990352516752,0.07065049060005577,0.07765179072670268,-0.039886527939431204,-0.003231274829733649,-0.12232080983652707,-0.022380405280784887,-0.04260785129145639,1.297,13.37933,7.434392,2
-1.2808221326251275,-0.061936328634490306,0.013183260606451974,0.009254814735766267,-0.010120193847902359,0.12229657323621958,0.02931926145855318,-0.05731515448518003,0.675,12.098241,8.91541,2
2.511524941016499,0.09158476891035539,-0.08368275396180597,0.1241322557372452,-0.018532789835914165,0.10768438322630569,-0.020595823365076205,-0.028836078320176928,5.00001,0.1691776,-0.5149327,1
0.09877544452937415,-0.06678197460704774,-0.006979229833637385,-0.029378313559280195,0.15726368155415782,-0.3038174168220866,0.021534389784854807,0.03180401425394219,1.176,10.875155,0.61241674,2
-0.7217836941884408,-0.49522631024579167,-0.008526379401851802,-0.08989888462741324,-0.051164100145902836,0.5148727431833863,-0.005031787377209773,0.0406387100480764,2.012,9.899271,7.8043017,0
0.804495371602016,-0.14279402721196544,-0.05459521625711061,-0.18465936767929042,-0.06695050931870555,-0.26824357998597054,0.056005449016946124,0.012822153783176582,2.727,6.547831,-0.8859829,2
-1.040048705764954,-0.12414187948560197,0.05537570330132768,0.11129781668180781,-0.13868848087555735,0.04918264838153062,-0.07850164139499886,0.0650021468830576,1.038,12.243047,8.414194,2
-0.14510956077813766,-0.11026686606616048,0.03139878156741707,-0.016407021538290156,0.06911798212882375,-0.156005179379717,0.03759718749900043,-0.1404663740495092,1.13,11.408786,2.57506,2
-0.30581820225384704,0.29007961273284993,-0.06498708281310986,0.11951724059192442,-0.03687481492047778,-0.21957210044081313,0.04810333162222952,0.05861177437091861,2.553,13.342,3.1937854,2
0.7639142258547833,0.14703653494096575,0.08528694359941866,-0.07076926056373728,-0.025068314851942497,0.14958291006986763,0.023061633497189732,0.2822608110344777,3.846,5.328426,0.058895096,2
-0.17302737040712618,0.029903579616307463,-0.0713260415365563,0.14672163045941744,0.06176612171872764,-0.4922381818037572,0.14739459081888842,0.0008717379666274561,1.808,12.372348,1.1878767,2
-0.2125422066170427,-0.22955286647380915,0.060873808735020185,0.020820232891246154,0.03270825142492498,-0.26554792987305764,-0.03260545880938248,-0.04064077370053942,1.39,11.122349,2.6706061,2
-0.8170510999726311,0.20753110021067,0.04748957974176066,-0.03262194602473914,0.015059589892963826,-0.09557684016371963,-0.059802122430076515,0.04165733004266761,1.398,13.531688,7.5968833,2
1.2700025243765216,-0.11402185723135322,-0.02198225038801796,-0.047514092954143355,0.0514842540535381,-0.0884908798791258,-0.06517298567517721,0.0222824342949203,2.61,4.342864,-1.299608,2
-0.9193529904168299,0.05431582077624819,-0.02847648071100886,-0.07719916209309008,0.13940869537357523,-0.13351710964896496,0.12031736537090679,-0.0664595230199596,0.631,13.6842575,8.049543,2
-0.5089934490273007,0.21859460624324617,-0.10061345732876967,0.01866732312744887,0.03034214671084376,0.8543217593255374,0.06479536562365731,0.052572324655409064,3.273,8.90573,7.663092,0
-1.4044145930502812,0.06821790699615855,-0.06312570179275044,-0.03309548809216707,0.03871041967995453,0.11573957646726815,0.04885981137280579,0.18290139422590082,0.972,12.173582,9.0778885,2
0.8564035131283363,0.335588224044608,-0.03494620787676245,-0.005923119861127979,0.02920057468765086,0.3309762077812699,0.15158579417626314,0.02627854733285795,3.636,4.932748,0.11448221,2
-0.2561313183010946,-0.24000152346301248,0.004278681521931366,-0.01537711131772665,-0.020526639630692206,0.029258918440917214,0.03182700317089304,-0.07530986585479707,1.932,10.785986,3.759157,2
-0.650877532477306,0.06329513415330124,0.014159554029899685,-0.026833462117154427,-0.10801373462301381,0.09516311467866811,0.023191845277935524,-0.07570559040498911,1.372,11.925748,6.7625613,2
-0.10357982672492178,-0.3056757264493194,0.08314048245069933,-0.1501981107815898,-0.018688586038413058,-0.2271567603970864,0.12356368210924423,-0.06836123269505101,1.222,10.898978,2.498067,2
0.036106734864234574,0.03908752998883927,0.043828167870202994,0.14774546872692348,-0.00798013520847557,-0.4176667367963228,0.021122109784576126,-0.12804973268383965,1.319,11.458665,0.77182466,2
-0.7352899866090643,0.1162972367605043,-0.024713008495539507,0.06970893839866449,0.008876017639815909,-0.03484345504272879,-0.021123979823141764,0.04602368316380928,1.133,12.641356,6.8741045,2
-0.6572789299790707,-0.5476341227312692,0.06134473500009932,0.06200893020655343,-0.023262329261354187,0.5047139541926697,-0.09598992850366128,-0.1037697829616791,1.333,9.893811,7.833515,0
0.28254004065555915,0.07814484061447316,-0.03251844337881668,-0.01989368644760836,-0.005471182676443392,-0.23707377951630906,0.08550645439078827,0.012919532131711153,2.235,9.571114,-0.15600096,2
-0.19181367891818216,-0.31294881339744274,-0.11558926825702237,-0.0018854788348804385,0.09050713562160728,-0.1075798645815566,-0.14331282203313048,0.035671921073162555,1.09,10.9973135,2.9438133,2
-0.5519098656962648,0.02868028688394003,0.02695183573367646,0.0006529863899004396,-0.011935970052921574,-0.08395573025464972,-0.13162335599050948,0.03821906191588886,0.93,13.142022,5.5595813,2
1.699369557008063,0.19973904239268575,0.09172954465582808,0.12791070033263685,0.07193435151173708,0.3335449851396692,-0.06368419269183595,-0.01473426069517822,4.5,2.6838462,-0.516359,2
-0.7535426202714036,-0.11247719032525114,0.05234200884020461,0.01223141367542202,0.05249843673824925,0.005936359486509751,-0.007080774831054348,-0.0707367386684197,0.553,12.235725,6.708424,2
-0.13828895507531944,-0.14165447451231308,0.07986915624020471,0.05169072930464286,-0.019064972098784577,-0.17254537709069376,0.06552204706704165,-0.0957472234840328,1.833,11.351554,2.5541267,2
-0.5207829749331964,0.00674378055382574,-0.044379283400992786,0.014627941455023413,-0.09520550938703587,-0.14044896249413913,0.036403200501243654,0.11052269103097864,1.397,13.249854,5.308025,2
-0.49426380083819943,-0.03277280438919636,-0.03797172566380311,-0.009433386264700694,-0.02540518161954075,-0.20019403182760154,0.02955203681541621,-0.09534121553442476,0.609,13.415557,4.874764,2
-0.771486408848554,-0.05240013023930337,-0.10945654703300858,0.04034473349383705,-0.03228857128654822,-0.07407662266280995,0.057414444872629894,-0.005120155227657491,1.227,12.954693,7.1376967,2
-0.8516434175118945,-0.03738706560989767,-0.056760830498963105,-0.10670724166206999,-0.08446703727731783,-0.039150729620234415,-0.034864621470296925,0.12354807909039012,0.481,12.861324,7.585222,2
-0.1648676583440757,-0.16259527691349984,0.051989925135946524,0.022989885791589365,-0.062225277635090975,0.1840678631416631,-0.07421643030090488,0.02360736849380138,1.978,10.096042,3.7430725,2
2.2731749890537896,-0.10730941049823856,0.0684916008863358,0.01943280808941225,0.051341522328907735,0.053063374171509275,-0.04176300092808377,0.0048513218031353,5.00001,0.8611109,-0.63600796,1
-0.646719934178644,0.08438862856171928,0.0932496905036954,0.0013854303369554427,0.11760155543043553,-0.24436858993136185,-0.029710634076321685,0.026864571405313536,1.646,13.755485,5.795837,2
-0.7803222240280098,0.5382894062518944,-0.026826961802391025,0.0014630977991856031,0.02021973671591687,0.26610552315230657,0.028619539323959664,-0.06708008040754426,1.6,9.97767,6.0907974,-1
2.353265244754612,-0.13548275803978943,-0.02667522777264164,-0.023264865511174737,-0.03603643563285239,-0.05628676937653759,-0.012225047425397761,-0.09399803673246393,3.306,0.78908837,-0.68284726,1
0.36880394861053095,0.2726444372662008,-0.0361789909831233,0.14911171158805742,0.056525428113238435,-0.08689105100512468,-0.01204084534391306,-0.011289557447044019,2.744,7.7017436,0.80717945,2
-0.27455994232310776,-0.10757856828048976,0.016551521741183323,-0.025412833817305164,0.09472632890776322,-0.3548997133609053,0.02285727000469892,-0.045306285715707384,1.261,12.327465,2.1354997,2
-0.35324535714192373,0.19885548934520736,0.012025655546939795,0.06922247150198488,0.03006052801531084,1.306079967772821,-0.0004271509816495822,0.07937405668963554,3.3,8.656101,7.9798355,0
0.43383858058229796,-0.053539929404396225,0.07730131678217578,0.021190253013756766,0.06917497438785647,-0.002114693199050277,0.07970393715914478,0.10810694255448744,3.413,8.340702,0.73433393,2
-0.0030933881203973335,0.03429584209130887,-0.06914371257500079,-0.006959631527812038,-0.02150855475663796,0.2939441591776294,0.0033657119489555465,-0.053627142529138194,2.78,8.939481,3.5302608,2
1.826401685481288,0.0595246023365848,0.07868717201634406,-0.14977170035378842,-0.12578524778011588,0.5376101427231605,-0.02434995947314253,0.12041531086569546,3.944,2.3654265,-0.46882057,2
-0.2546665487280686,-0.16299011042957992,-0.048075690690017825,0.14052687425470115,-0.0013125219499566798,-0.15131964104471615,0.008304342314429947,-0.037917012943759654,1.725,11.306152,3.0523076,2
0.0018336009364975647,-0.35039860152530033,0.018600555200270624,0.06736621703953671,-0.038762559815622405,0.1854882071376939,0.03241636002801937,0.02638175851739541,1.986,8.625369,2.6459975,2
0.060212412605454124,0.17550139721038843,-0.030231710501253617,0.050181481067979095,0.10456629819576507,0.5672583610397361,0.08754867262325439,0.08894016905024937,2.875,7.7726665,4.0858254,2
-0.7959414842901646,-0.27633839681713845,-0.1096018539798514,-0.01959780099227712,-0.020609983154182387,0.012461590655051202,-0.08047167280682302,-0.03359850320913152,1.241,12.424937,7.377658,2
0.7380359495098912,-0.374584666954751,-0.08144278311189551,0.04121417226826404,-0.0019061496685007229,-0.05098261423104772,0.0838147791454526,-0.10153188806700375,2.014,7.4057927,-0.20443666,2
0.3035646436650801,-0.007620146528358074,-0.00036937367624204076,-0.03251159471375581,0.09366369762540694,-0.46194323066606785,-0.062203915230885753,-0.08602863953140433,1.539,10.352373,-0.096299514,2
-0.06921695951174361,0.22728592087236127,-0.05469897553050895,-0.10041840977472716,0.04128527428949644,-0.6277691441081612,-0.019793837336178732,-0.011500452588364907,1.821,12.310203,0.85634834,2
-0.36836018205425847,-0.24795220435284676,-0.04895948347960166,0.07422086765754335,-0.02097464074755065,-0.04275218450988316,-0.13084653522920645,0.05306181679492314,1.01,11.451679,4.1802096,2
-0.4634888979792786,0.019369523538964678,-0.0172251962401552,-0.06342677783330425,0.003088470330148918,-0.24859610573100177,-0.0010417649126131523,0.04095598602498354,2.326,13.406696,4.7619324,2
-0.14037361285896885,0.24919772645830146,0.06276681724733588,0.04621760490275509,0.023422471225152702,0.9092894972423042,-0.029060849790223137,-0.052557589588291764,3.094,7.3341966,4.693397,2
0.9077688404925934,0.1697684879734783,-0.03514915561723286,0.06132231069725047,0.03969338025459354,0.6759473307808237,-0.013329366352061472,0.017283303539590067,3.981,4.345475,0.38655725,-1
-0.7955927944136859,0.012050485641010938,-0.09185863925025486,-0.03356053100721723,0.05307759241424917,-0.24138909662122815,-0.029403812487742403,-0.04329575716045081,0.75,13.756781,7.166236,2
-0.14854724242923084,0.15185234246558119,0.09673558862033796,0.046415453492762465,0.01175824863959099,1.0501400636390696,-0.034688710338946105,0.06450698842741603,3.198,7.0886645,4.6186194,2
0.5862291512729196,-0.13375521845360064,0.04384983773331674,-0.1558338427866533,0.04345747565570368,-0.23372635895456348,-0.027840594203283525,0.0071311619223777545,2.081,8.22016,-0.3941885,2
-0.769165689103986,0.197409647278243,0.0978959869796574,0.0466585326674101,-0.046248345786384926,-0.15861693304178232,-0.06904387265026032,0.040674848405473474,0.991,13.727771,7.1563263,2
-0.5029695400446106,-0.1598120924474515,0.018156203779839897,-0.09844913665925067,0.12578573039566304,-0.04739884179840376,0.01023215333432076,-0.2523399634501883,1.038,12.0018,5.264649,2
-0.4656788577201808,0.08373633247127751,0.022258569130271993,-0.019793097374558033,0.027112896029821393,-0.41551764951469006,-0.07372416227268724,-0.017575006007408717,0.962,13.366749,2.6794372,2
2.5991333032792356,0.022361756643654945,-0.06403782230969468,0.021716442259177876,-0.1407024792591962,0.26794931845347386,0.033411882340669274,-0.07228465708840415,5.00001,0.12009069,-0.4827105,1
0.9885268015575532,0.3507928877823897,0.0957341643340762,0.045932392290563256,-0.015412600394870163,0.14309444367084317,-0.12081262022590311,0.06773888856283375,2.314,5.0683513,-0.14304227,2
-0.8832948092292698,-0.4930812299509172,0.09106180320188761,-0.06798431366365965,0.08427305720112144,0.5777169797644303,-0.12762154654917193,-0.13273040103775532,1.488,9.897292,7.894564,0
0.038832650705361044,0.24025926753141505,-0.09552602897063328,0.14837665790059132,0.006190442773637367,-0.09066675783293121,-0.07186732024508288,-0.10073616732733356,2.899,9.899242,2.0653389,2
-0.2059953793165203,-0.140717110648265,-0.023179512321440082,-0.012049166082414381,0.0789453805416356,0.04604967326425691,0.06326968603688357,0.07799127821484622,2.176,10.773356,3.55938,2
2.5290049379870774,0.1198807359853607,-0.03040981875665766,-0.012740741611725281,-0.07484306598238524,0.20211596217330968,-0.005215287402665469,0.04838767608117597,5.00001,0.11400844,-0.4726156,1
0.09974872385945754,-0.567843581502313,0.015163652972770808,-0.07747842086657289,0.05784106407201639,0.6381165836626546,-0.0038214097493808608,0.06145589977031557,2.665,7.340642,3.2001855,2
-0.16660600838712583,0.06835565525797391,-0.025190108405495515,-0.05953888755158249,0.06279971456096381,-0.424005459834205,0.03990598256740699,0.015265105330213302,1.79,12.457737,1.232458,2
-0.18841688345875993,0.009736916054942285,0.030253437166314984,-0.009883362139788687,0.0095337594418885,-0.22674814054334808,0.026566847730642523,0.054260015718743726,1.977,12.3895235,2.35432,2
-0.9339784821932497,0.09508700589520422,0.06678034294599702,-0.07929424163456796,0.07484869307059956,-0.20704057625391137,-0.08021571012884501,0.12399877113117364,1.438,13.8026705,8.308591,2
0.20606646942372592,0.2416435441199774,-0.05817167771231424,-0.026314540390930008,0.052740395142586494,0.718096738474477,0.024723226890896205,0.09856156111110717,4.048,7.6483693,4.187648,2
1.6748357714000692,0.13061231040250304,-0.023996413715914905,-0.018579229829861155,-0.021473635022942972,0.2308259591661559,0.043024919606046375,0.02942722237124662,4.156,2.737121,-0.5833439,2
-0.7569369151640067,0.0899544318725756,0.012070536508989732,-0.07290271272098539,0.0826208514498798,-0.2653973909152201,0.02523640937445157,-0.0004916892995954492,0.508,14.167469,6.871717,2
-0.548729134990382,-0.19227584070837633,-0.08774908381840321,0.008475346042625065,0.06310137991453899,0.19638329323804282,-0.013043822974800973,-0.14726502281449022,0.985,11.215746,6.0277066,2
-0.6772519883907081,0.17564830795710104,0.07486729975997028,-0.0665164727216809,0.03234079798567735,0.17511178272200567,-0.039444915540465836,-0.00884054067025522,0.912,11.66395,7.0899363,2
0.6540768808197281,0.5883550455065405,0.011440337850157634,-0.0017974689678073585,2.8888973566038034e-05,0.34924330655831287,0.013389659188051795,0.1266280259479996,4.563,6.8662024,1.5561614,2
0.6686858426734421,0.10401901175403536,-0.0438013374688061,0.10347066795400375,0.022135141429712707,-0.6671061768025781,0.14805432067582686,-0.056428625589618225,2.25,7.1672096,-1.138567,2
-0.8679639345909312,0.19240722241984157,0.05843605805785346,0.011489888970612455,-0.027595530449324945,-0.1026319506297175,0.03165167976065045,0.04367940875232143,2.167,13.534064,7.687361,2
0.04136654986096566,0.2462402009132202,-0.1203613803915545,0.07252527733963454,-0.0014781286157057316,-0.136056257515855,0.03826522969406421,0.10542306134997531,2.636,9.860851,2.278429,2
-0.35116577182981323,-0.106436703354605,-0.029701542481705423,-0.01768285490693816,0.004691146235960869,-0.19945440344381987,0.0044925449229863135,-0.034656245590606344,1.311,12.476665,4.061225,2
-1.0822392458883052,-0.08366191200070366,0.07985183733977116,0.024462317033133396,0.04208101383095278,-0.13090798140443058,0.04597686023050403,0.010900725011606507,1.138,13.228317,8.551711,2
0.9989280653881529,0.009888939486250303,0.0693668536256602,-0.10598228701204113,0.0716491918795353,-0.18266395454452128,-0.07708952627356253,0.10301355749502017,4.176,5.7271013,-0.9799482,2
-0.6530834791220956,-0.08307542001086785,-0.1121746252257522,0.11927506523269435,-0.05498317471882197,-0.09820274877506505,-0.006708831225710837,0.023442247056428778,1.485,12.762375,6.246286,2
-0.1851461781328747,-0.021030438433990023,-0.029040101643579647,-0.004285184402322617,-0.049352813466794404,-0.28271066104308007,0.02009083216156826,0.001037786530394158,2.181,12.348999,2.0772312,2
-0.874922420796551,-0.09093872373999445,-0.09170883857388543,0.030285005276212057,0.05358709922752866,-0.07362222106268282,0.02093969657685324,-0.06393317103399872,0.426,12.8675585,7.9105134,2
-0.46754895845375,0.40510683295047767,0.04481019143716955,0.022084937962147416,-0.006210419561983288,-0.26721631933083134,-0.009252250677033697,0.10760771409246539,1.564,13.615545,3.28677,2
1.3988176444812204,0.16720798885742463,0.01614968797350466,0.068081759734265,-0.08762950543525624,-0.7289441813517309,-0.00871359315332057,-0.06827341598861261,3.458,3.7246976,-1.7561386,2
-0.6255580714827969,-0.059606338863557595,0.01328480989195735,-0.08575400010012865,-0.023082330200138113,-0.05523779958214489,-0.0009851494356525325,-0.12781005217421162,1.202,12.631695,6.0764008,2
-0.5856333118593882,-0.020815014132913756,-0.01925774969377736,0.23300326685351208,-0.08678660658480777,0.31545089949618915,-0.002015459038323536,0.046068785571561216,1.693,11.108199,6.563358,2
-0.7573314581579378,0.06374969013690504,0.15439688032803114,-0.01334631923361973,-0.08218432301702772,-0.3233176599763486,0.0632449020677899,0.007848766109949584,1.14,14.093977,6.854352,2
-0.7999306071601974,0.46013721920862233,-0.07887028979487234,-0.037956048924395636,-0.03605040708146123,0.3787858774050039,0.030674382757557128,0.08776249831041022,1.631,9.986131,6.1151114,-1
0.4065002536510389,0.13956471675849091,-0.047234344279055374,-0.014813012003716208,-0.02171268030960405,0.29510509633105336,-0.04483530695319621,0.14964080815358527,3.336,7.31289,1.5400484,2
-0.7122981761743423,-0.1621774108407603,0.014905513835882095,0.024892742387390338,0.06259429592634771,0.334050858543089,0.007581916498824087,-0.03273918068762713,1.315,11.135651,6.583178,2
-0.9216239823936331,0.02768205499600293,-0.02003194643615902,0.014316773117993675,-0.00206355835749486,-0.04768764409141418,-0.13097157427766443,-0.06450078227206893,0.92,12.93775,8.071308,2
-0.2942043656760574,-0.32127222058964744,-0.15762096749157833,-0.0008698910722774178,-0.010900857051267282,-0.14928744960484283,0.015232155970234723,0.003046245709896561,0.933,11.156929,3.6157596,2
-0.20271783766803014,0.5218757916439618,0.03449656597000028,0.03926643520828063,-0.01959100117936058,0.23114877054614408,-0.0712187829344102,0.08503276305941057,1.439,9.268202,5.2197237,-1
2.0394673887752246,-0.3374566435970999,0.10433196622330651,-0.04173138681067881,-0.03069678863948891,0.14970992636608138,0.0941731065485292,-0.11311310729161977,3.949,1.086195,-0.706785,1
-0.3168749177689989,0.21060008159474258,0.01722755632810513,-0.04726425393940081,-0.030561893772069915,0.018622996450573,-0.056648929450901025,0.1488182424959353,3.16,12.413055,3.9545481,2
-0.32054604119538366,0.020304315231318176,-0.12943231021760745,-0.07990928843790182,0.1064100431274603,-0.11440602923587367,-0.0850352475660821,0.03516499533279055,0.845,12.416416,3.5574758,2
1.4038112574195742,0.004224250228960169,0.0034769760183796516,-0.1726995284122385,0.03272535305513441,-0.18076211624858077,-0.006847122228310881,-0.06771792831969237,4.007,3.631106,-1.5106448,2
-0.1469837629533023,0.1254101146411907,-0.10190069061674115,0.09188830270433107,0.007010844363145835,-0.12259721612967595,0.022676836730106203,-0.06352627478161066,2.455,12.400197,2.863049,2
-0.16504586028254858,0.15984115792873815,-0.08165227512159973,0.0792701044750691,-0.07367128173411075,0.20706932121986515,-0.0005902793691704156,-0.035325641085943854,2.352,9.331026,3.5879774,2
-0.9563928125401056,0.015338083609863551,-0.032747899965893223,0.09535166860793919,-0.013398603317110472,-0.43605043081395434,0.07923514803096743,-0.1080665981292782,0.53,14.215711,7.9712496,2
-0.15807138143851293,0.03975544490802119,0.03235792923410591,0.04149221861047653,-0.04308488399978225,-0.3311825921290449,0.06512444784166613,-0.060764254003106505,0.879,12.471486,1.5208483,2
-0.2697606270097272,-0.1248547724199815,0.08503085786385925,0.18116346248961757,-0.11775457300679279,-0.3361539520911605,-0.08372937302279024,0.01731254857806172,1.789,12.557087,2.351594,2
-0.8792173170226075,0.00291495588851981,-0.037975299787955274,-0.00912290503497623,-0.03210128435092138,-0.007095308344851364,0.00650593167248123,-0.038705994111916,1.55,12.58969,7.857146,2
0.657447460290213,-0.0021564888452908493,-0.09015388726028875,-0.08668171338485772,0.03657453012431325,-0.11887559400690667,-0.15364959680857354,0.09668650309901583,3.088,6.734737,-0.66365135,2
0.213201629591259,0.042011066943233366,-0.003602153072257197,0.050047689331932294,0.00193100835408902,-0.3041685101325842,0.027558596555377984,-0.15932608969983042,1.469,9.840684,-0.016628193,2
1.2803817035279144,0.18442907581475923,-0.029841786457012243,0.08606945258111504,-0.011930868705813641,0.21672545334230492,0.2544883122477715,0.12798035023649246,3.99,3.8620214,-0.4907158,2
2.78301339603104,0.09480847989471941,0.02956479872031542,-0.02044828735148499,-0.05889250729329068,0.2133977579354489,-0.050272174444646905,0.032547113203109906,5.00001,-0.19178073,-0.5437931,1
-0.822549846854405,-0.01960038615592377,-0.07881366158964812,0.0032602244190101104,-0.006243493201841727,-0.20330415702421295,0.09108249321150963,0.18202934250095767,0.843,13.569867,7.3878365,2
-0.05729191750378504,-0.3274684852979035,-0.037935750937897056,-0.006122237705239397,-0.07566199503739349,0.1122300224561602,0.1358867714099505,-0.13777381189074686,1.412,10.345031,3.4097292,2
-0.1307552410393078,0.08418882774731729,0.06330943396297334,-0.007863981772784634,0.00922446944726188,-0.1868623165109194,0.0009433920820672292,-0.0192701343725811,1.767,12.326152,2.4707408,2
-0.1170053650949445,0.0102530865851716,0.022904692707882646,0.10313277272773883,0.009468525620478896,-0.35137278174348524,0.05523273467993267,-0.04214358871457605,1.649,12.280176,1.4133813,2
-1.0519417699729714,0.22503957202330485,0.02748983381394912,-0.04383215624690967,0.08403762882594312,0.13130626976791762,0.0835840083085557,0.04895099392100899,1.268,12.044571,8.711082,2
0.15253703043643577,-0.3396047707324631,-0.038009741753532444,0.04066298055693385,-0.00945218365747913,-0.15929158425867426,0.03751317430801626,0.04968166247643899,1.44,9.504029,1.37636,2
-0.9390032493830293,-0.03920647191947893,0.022257227895240178,-0.06739197269979033,0.015285065161947498,0.3250514013228317,0.0016127778501790757,-0.06357428163828385,1.742,10.842526,8.30475,0
1.7770192326586982,0.32062012837735737,-0.0741755673086072,0.08260713839103112,0.008985081278022028,0.29997619237396167,0.01665847796225839,0.12265872295356717,4.269,2.5383255,-0.48342884,2
-0.6741976626898394,-0.1370798961717879,-0.07701915483063013,0.17982260702418051,-0.021604953543393646,0.13672961465908076,0.028252716365005037,-0.01287592444957561,1.985,11.640551,6.420895,2
-1.3757884014340975,-0.007903998762247066,0.005129735917464823,-0.0024171748511214453,-0.020378291025971607,0.46530698762037254,0.09746050363586942,0.11589045282919919,2.25,10.302896,8.795885,0
1.5863200643684825,-0.044725430401316546,0.005353656469874318,0.06952459850158366,0.04278083392231247,0.3427099180104418,0.007069844647075635,-0.030158411129572738,3.447,3.32251,-0.43940398,2
-1.094043121333043,0.03374122855399245,-0.11192612151947903,-0.19215051801076063,0.00806024347527709,0.24422611367544975,0.10611966130260814,0.0977746719526307,1.094,11.496874,8.626924,-1
-1.088812085499178,-0.01972385527055756,0.13684295085328818,-0.11104964593989686,-0.06534100371065826,0.6569374415703872,0.08435022695888553,0.11018150841376662,1.568,9.950396,8.545019,0
-0.2867155518023714,-0.07375253896079334,0.035181466535821465,-0.09032213333501798,-0.08370393491288977,0.08391803206067175,-0.06950785024641407,0.08322383914549969,1.846,10.268569,3.73618,2
0.7655962597588021,0.00023318286062945504,-0.04970787000124802,-0.056678745584309964,-0.012142971504080474,-0.1803921588485771,0.01591830058141877,-0.03054979341675465,2.738,6.4701295,-0.8229667,2
-0.0531190901257263,0.13464939238891244,-0.06350656938131485,0.043434285687744156,-0.03731909631765706,0.2496575663019174,-0.005663929423910502,0.013002688977966609,1.44,9.090083,3.488161,2
-0.20858120164258517,0.014070737186899218,0.09136758566817313,-0.003957622488384077,-0.017210518097891314,-0.11903742656248062,-0.027536716773673475,-0.0650028065626759,1.794,12.119312,2.9953008,2
-0.04725682774815587,0.20864922445887718,0.05634565395367072,-0.03258021308218498,-0.0004115152020399693,1.0229427961594941,0.023607259655981594,0.0911161186914988,4.15,7.0822453,4.6030035,2
-0.16900435257510352,-0.03513381316539066,-0.05198267984403043,0.010255009834374718,-0.033803498895391304,-0.17072777942237102,0.0212785643715086,-0.047034935503077024,0.832,11.765021,2.6808996,2
-0.1629648920975297,-0.05896042299835452,-0.07698167352918159,-0.09768843709433625,0.01627055933247276,0.03083506229602659,0.07259677369282735,-0.053574169686971235,1.75,10.916018,3.2770493,2
-0.6806149236005904,0.027154131092280515,0.009843869945857231,-0.013082822937592109,-0.10170618160896847,-0.17621082310489136,-0.026709657723399227,0.17325830140832502,1.682,13.412611,5.9727316,2
-0.390232442871524,0.12314279889170271,0.1451591484729157,0.05824504068310557,0.01893292197868368,0.7129700882428625,0.019486621569918594,-0.09786604890752168,1.694,9.062092,7.550017,0
-0.21912656483498208,-0.04709620721630309,0.2215268548875784,0.06816434484389788,0.007131110499902338,-0.3686301723266291,0.009088608639818863,-0.0508409096907643,1.257,12.446219,1.7681488,2
-0.08104831131582635,0.1102005955683322,-0.03506916708204061,-0.07974066405662808,0.032416411487751845,-0.4360489610116458,0.06979962416572327,0.021270303826481346,1.636,12.228027,0.9695541,2
0.11140259681792558,0.019756951156340463,0.03787591008170102,-0.01497693964889038,0.03635884710739068,0.16032131216027623,0.060719980113178806,-0.0272116455271027,1.648,8.87623,2.511247,2
-0.4876126427372719,-0.09604310970754013,0.09220272076129071,-0.13427910426944398,-0.08972727013864054,-0.02120966259880594,-0.017745595474359582,0.04224601141001094,1.578,12.552303,5.1852107,2
-0.291442033513906,-0.2352240951829972,-0.0707848497716285,-0.12023278816321739,-0.042539414278991106,-0.10958059634049608,0.054629528592028465,0.05620232213303086,0.931,11.393894,3.9309416,2
0.869558256062068,0.22068626759736695,-0.005311075753205469,-0.021036614652643948,0.033654012629301844,0.32734838799693255,0.05479024700155649,0.2510437104510327,3.563,4.9947667,0.15430057,2
-0.3934226316458861,-0.05742008195354514,-0.023398211645706185,-0.04174357290059047,-0.05571451241453959,-0.02012566104120081,0.04694291548637544,-0.12252818735855292,0.817,12.063363,4.0396495,2
-0.965223730277486,0.24986968585031116,0.08554692413004111,0.010518373630669653,0.01685208801834928,-0.09397208102884352,-0.06057108023897753,0.08766169958180758,0.893,13.358837,8.677751,2
0.38825872282713975,-0.03830171583238534,-0.03209143511759219,0.005163039781442197,-0.06772785764231232,-0.29756801637920094,-0.06764722995914024,0.1039611575387197,2.502,9.072819,-0.27420434,2
0.08642812062980382,-0.10592193147367426,0.016555352163946935,0.07601039090091422,0.011333680488388426,-0.20141188574439525,-0.045319306784760316,-0.11166758688595249,1.345,10.248057,1.11883,2
0.4480681787169214,0.029811110193577933,0.13561546838904467,0.10244159625602581,-0.05858641584702906,-0.4430731587634956,0.012908727976792711,-0.08457731265450447,2.618,8.768205,-0.6942602,2
0.48823508610045013,0.27183272958196103,-0.006969966264905009,0.02624630154827204,-0.022344847470937068,-0.02629259597243777,0.02378319007769672,0.12823320349324152,2.597,7.3203907,0.6214249,2
1.5945147747423736,0.17537391959244944,0.10118617302637112,-0.02873451528216084,0.00045161963988984977,0.3473192013181324,0.007676924820592623,0.0025216307399636706,5.00001,2.948993,-0.4348652,2
-0.1274864801499098,0.4115911996234787,0.15701764604012564,0.017045816083862658,-0.06991627653973917,-0.22955269508201467,0.0694218571424916,0.019696188309839213,3.25,12.930299,2.8027084,2
-0.5709907439585122,0.30839172399896203,0.027839018106566804,-0.044846717129282815,-0.07842066386987714,0.3323467528789654,-0.2334495321403983,-0.07544284423744782,1.979,10.291037,5.989381,-1
-1.1150513014840462,0.04343024812725306,-0.02202906576853031,0.02101576974114762,-0.13031452521976955,-0.2126791436726969,0.011479355231258648,0.04631290965069082,1.24,13.596473,8.714852,2
0.4957988275273968,0.23095617627405324,-0.04176293477737164,-0.1089901650589565,0.18175928418371,0.00018685411202984392,-0.06827776798789534,0.06347818001482891,4.508,7.5310907,0.63148785,2
-0.6590084180384175,0.19207894312776747,0.032299250081028325,-0.04974591820718613,0.0240095991799254,-0.18077234953415822,0.11800649465684707,0.14099296890821397,1.953,14.125634,6.2161655,2
-0.05009854518780485,-0.3438305270340646,0.02846039209011708,-0.07534118890383462,0.025278563506647006,-0.32275210545712485,-0.03412630272125261,-0.01887302704823901,1.358,10.887958,2.219553,2
0.04237925373271659,-0.06225642238703874,0.023141455746683803,-0.019629862646042467,-0.06705443747008202,0.03281518219087906,0.12106973564369428,-0.11924387538416062,1.469,10.007479,1.9302257,2
-0.37484384145083327,-0.3842050281090188,0.03321558464225696,-0.05725748554027338,-0.0859012196590494,-0.10357854608616096,0.11194709055101432,-0.02808644355041348,0.998,11.371204,4.1575613,2
-0.4168464985162685,0.20338079742025042,-0.09205725567004058,-0.06996920717262839,0.003603060541651548,-0.44173887046369775,0.04570064346857536,0.11418498949469244,1.22,13.408764,2.6951158,2
2.711325476028433,-0.027043509408974514,0.028942076082306867,-0.04633256527974991,-0.034017522059588245,-0.3674760414870042,0.00242136943532692,-0.0037799075021708595,4.251,-0.09252839,-0.7435673,1
-0.19506754039041194,-0.3482963443009681,-0.031604201171791774,-0.02969223912348168,0.014259130859648556,-0.09918837959938115,-0.1310398070103683,-0.04942631519529456,0.707,10.894342,3.05543,2
-0.3789786831834863,-0.13979949730364652,-0.02060679450721553,-0.02426047457009628,0.013545628195915704,-0.34065809033082,0.1276057107774122,-0.03693494574932965,1.704,12.913057,4.1421714,2
-0.7297113555061554,-0.08561829920836198,-0.029147315787538264,0.0069859535731096045,0.06079653771995669,0.6706286636825434,-0.0014100660083763428,0.1897555649986448,2.361,9.701067,7.751434,0
-0.2846018647926154,-0.07037082381409523,0.023715034871699653,-0.03838501107869641,-0.024497874023818367,-0.299885269138887,0.018116037373015814,0.003255135416554422,1.139,12.498404,2.4406104,2
2.78424052833184,-0.0619248666084633,0.001714637449348383,0.05847349005595573,0.07927967006050579,0.13533212385744628,0.03213198282042867,0.06624906548715495,5.00001,-0.370348,-0.67101973,1
0.3029818138541626,0.036202724050142965,-0.06829447192065954,0.025230786556713236,-0.00355654832150315,-0.4055653722669538,-0.022446899858707875,0.15530126611124043,2.194,10.66755,0.063111134,2
-0.20195254356469428,-0.5844897679617531,0.035603805907408914,-0.001091360046740486,0.017022873604215755,0.27893694265249014,0.04624582625468984,-0.033422848824506385,2.236,8.2642355,3.0169773,2
-0.7826776212297127,0.10693486715753722,0.05659524099606966,0.09692688879197431,-0.0004998065020432318,-0.13931807217084327,0.0342966079501201,0.07711958041709419,1.813,13.425356,7.0473886,2
-0.2525828748783533,-0.06015056236945787,-0.07323809854209731,-0.03340800603457328,0.0054317533686536745,-0.3763504706364519,0.028191926949460266,-0.03688708196129556,1.0,12.3987255,1.9498193,2
0.028984718020762967,0.02846966054370753,0.013030747586255859,0.10275443855482677,-0.020283007838142103,-0.07276127066196192,0.1487293264941261,-0.034732601345126346,5.00001,10.440654,1.6928076,2
-0.6363529317741057,0.07435849337631091,0.06549465918945736,0.08579175729219676,0.034338451884667914,-0.29032511127067756,0.0192071987338992,-0.04752057724700831,0.53,14.139657,6.1223555,2
1.5720689399691983,-0.10646936983400904,0.04234774626932089,-0.0059249156073216125,-0.04649022962921601,-0.2554171901559017,0.02075552771883679,-0.08160984812113153,3.898,3.599952,-1.6499206,2
1.1293222568872072,-0.20107971743191572,-0.07708179530067955,0.07158301797668731,0.0032177832542751583,-0.32834813087351905,0.034657487859165864,-0.010659606993509402,1.703,5.235319,-1.4966656,2
-0.8761394574817133,-0.03268279461501791,0.0017778181264260784,-0.018545573665780107,-0.08340671508790604,-0.13636444226341712,-0.04510749793769658,-0.05890574982343591,0.658,13.17192,7.9646196,2
1.2284403658881797,-0.01743376609437447,0.018332012076701903,0.020597119986091345,0.024650320277398247,-0.47285790366300784,0.02832775210287175,0.012503475386187624,2.585,5.633662,-1.5198321,2
0.2694631424527143,-0.07978755883732275,-0.03183927297237982,0.07336091775796041,-0.0807696460888978,-0.0694660342740912,-0.14604224647434724,0.00963131052147606,1.791,9.175753,0.6155243,2
-0.751505127270341,-0.011319153961568323,-0.0631784526505331,-0.07951471138189639,0.062183029339621915,-0.1304418840763749,0.10363849179924711,-0.038519593811410346,1.125,13.149755,6.6948147,2
-0.5931116903957464,0.12029886183753266,-0.051408609127803206,0.001556917658478707,0.07076030707039188,0.23240660201059074,-0.07134758234844268,0.029112286451628888,0.85,11.242254,6.657161,2
-0.8302921373398632,-0.025712848292499868,0.05709797273670822,-0.013113918990309309,0.0010491596031967088,0.061327228035817305,0.08879828863078101,-0.0763196636655753,0.992,12.202931,7.515952,2
-0.7503324004603381,-0.039735797657861505,0.0635497535977359,-0.07807016824413462,0.08048506715152026,-0.0600713663178406,-0.10252381273271682,-0.07677350886645748,1.531,12.99554,6.8767033,2
0.0671004391366892,-0.10340796707742389,0.05350207378162239,0.010915966448302727,-0.009791134979169364,0.39797781763026546,0.03285139151196592,-0.06083128023290099,5.00001,8.365289,3.2824914,2
-1.0018766727301243,-0.09733529894026054,-0.10952376686591515,-0.08921447515414632,-0.0735960990961638,-0.2753320675731465,0.09849604170287549,-0.038499077104361304,0.675,13.424682,8.42786,2
0.19527817248355345,-0.06875023339902264,-0.07855585114330052,-0.0472719021987652,0.07893101516546441,-0.40160495616115566,-0.0675625523327528,-0.05532668908752242,2.201,10.630213,0.28946388,2
-0.8398688496349138,0.10740072104549425,-0.05653746970156451,-0.12207074447345473,0.03458242847428028,0.13433878989462314,-0.01999775119112382,0.01776979888670127,0.842,11.93522,7.379589,2
0.6086477185384414,-0.733139644191379,-0.017390675842507308,-0.13885242585308843,-0.03034250224024515,0.9381256375903506,-0.04244554489621627,0.11375072786996798,2.801,7.038878,3.1029162,2
-0.25800697673534856,0.11999057078325692,-0.056312151197516286,-0.08006414916996119,0.015808779704674786,-0.3799187803649074,0.04504530465958895,0.07587255906372214,1.117,12.903727,1.882402,2
-0.6407124938263835,0.4120824172079681,-0.0249016650222047,-0.053296692198713524,-0.0010452948761363046,-0.30388195542005314,0.012342003158565817,0.015732204431167462,0.542,14.521331,6.4217753,2
-0.1290250422167307,-0.2886922801197057,-0.03356739684120355,0.007229524761231065,-0.0025503905801759486,-0.23926321433061862,-0.02376118133298974,-0.029461273955428663,0.762,11.001259,2.4779775,2
-1.407138621946586,-0.09145096269663022,-0.07433857275196068,0.12374792731143323,-0.03949438729243693,0.05629798766188221,0.14346119114524253,-0.04333429545326559,0.619,12.175614,8.973457,2
-0.5907161651484827,-0.2404081932710322,0.029251142507522254,0.011566478753349069,0.008303315485785973,-0.021166715535209324,0.036995834266198735,-0.023744960431140882,1.338,11.988996,5.505336,2
-0.6318797885002336,-0.10576782765843992,0.017400328860437186,-0.02432440292456864,0.0720137151696813,-0.033838906335420055,-0.004742997762716972,0.030697341800555694,1.311,12.535207,5.890067,2
-0.4985951896129022,0.07499611375349932,0.02318158792951175,0.04169172070490071,0.034386926702367454,0.2353921404061277,0.018258486576789495,0.07245226949140002,2.333,10.342618,5.1887116,-1
-0.5751088717171408,0.1584729793606984,-0.007284037793686415,-0.010082508692001946,-0.06137945095953032,-0.30712333024053273,0.03314846577484282,0.20506179303259553,1.575,14.147217,5.6725645,2
1.0538768251227952,0.031405180928416515,-0.05830340278935692,0.08826652026359569,0.1323400945819314,-0.2200127069867101,-0.02761723292131582,-0.007494663649276367,2.834,5.7981668,-1.079048,2
-0.457884257818462,0.12530567151993954,0.016865952903012904,-0.06493179029463758,-0.027196331108118338,-0.06261166300510643,0.0020054977663779283,0.022018711194671137,1.656,12.822172,4.8093853,2
-0.23740828780699458,0.08276225078978505,0.10029067925396834,0.02912215700546092,-0.04053152544301125,-0.14198211763785012,-0.024636408994322567,0.06569145032112841,2.118,12.442986,2.9013383,2
0.502130681558492,0.08189488071683654,-0.04973960532862487,0.01983799490295096,0.09732677687999813,-0.4650488781754972,-0.007568876051127715,0.18306050172694094,1.707,8.5633,-0.6146244,2
-0.925791289879579,-0.12615201280809032,-0.015043463464525411,0.08349819994945705,0.02970575411176843,-0.19028028671141523,-0.07274257190403652,-0.04846591971200041,1.14,13.07795,8.152268,2
-0.9711895176812753,-0.12191090398173493,0.006155515589652938,0.021607627823904144,0.014350005510757588,0.06866131463726532,0.17529050031958526,0.032169934998061395,1.5,12.174098,8.136581,2
-0.1782777377952697,-0.27777207416022365,0.018166120824429366,-0.12498253348438762,-0.04196787486379561,0.6076093333396133,0.009288468418728185,-0.005335768363199267,1.25,7.8272657,3.388275,2
-0.8698384990979866,-0.11900899331732095,-0.02622391088123399,-0.047136164231256855,0.10065652517050669,-0.06813623412355749,0.00767110554434372,0.02243027982963164,0.755,12.835432,7.633182,2
-0.7087784745540382,-0.05577858192830609,0.07080055614142663,0.003233597122029405,-0.046691611256200666,-0.3182684235837751,0.024839684114723162,0.11885645885843504,0.797,14.032356,6.7057385,2
-0.9061225745101148,0.1898064472769151,0.04787338343422479,-0.12238563538522368,-0.005002536823168563,-0.08759438653932791,0.03199966128266543,0.11946362031713176,1.75,13.618762,8.085169,2
-0.8448185306111482,0.05963315000253244,-0.07451862349697527,-0.032727615855587366,-0.036478397105985216,-0.0004296408294833798,0.001475359579325486,-0.05787236349548652,1.568,12.531799,7.6761127,2
2.794222615128514,-0.12557799744742293,0.05548154626469448,0.028702406003872916,0.022867453205192262,-0.009050618331822247,-0.019832646313595742,-0.06119826593224634,5.00001,-0.42084658,-0.7200569,1
2.8142879174527,0.18126993933437988,-0.10745873873609219,-0.07443450595018553,-0.05511770603509197,0.0600689856366142,-0.007329799155479738,0.015000748880836912,5.00001,-0.24889857,-0.61580503,1
-0.7812727873032456,-0.04163707822462859,-0.016944871462922423,0.015146314962033974,-0.027028578083616445,-0.26038913463648994,-0.014978121332491073,0.07413464756710175,1.506,13.971975,6.9965315,2
0.27500601964170224,-0.3138249750231843,-0.050732065787409575,-0.040617286501112515,-0.0445224156325664,0.07256465130697604,0.0356012703671206,-0.08293652447776148,1.76,8.616148,1.586206,2
0.34117468491884123,0.19877012689370632,0.05271011144671278,-0.028129461316465904,0.07449998239415243,2.0306920842243303,-0.010636701200568532,0.3084148367933993,5.00001,6.337256,4.64379,2
-0.2211899478862577,-0.025703867393243013,0.10007638841806138,-0.07256038267307927,-0.04860998848867168,-0.12530585597957075,-0.1414885979456992,-0.04314211429418141,2.419,11.892955,2.9247997,2
0.7029089083572349,0.20167850121497694,-0.02704538226813702,-0.046843337059578216,0.0008266454133945,1.4421408821809991,-0.014069293282813783,0.1129924805793937,5.00001,6.180583,4.401849,2
-0.039177965085328115,0.003751502894064812,-0.033468106930144376,-0.05955574404080105,0.10038686731197352,0.12234792056538546,0.06824634245087352,0.002404527794647199,1.853,9.542375,3.0968454,2
-0.1943844641658926,0.05934306953823493,0.0005158300322291864,-0.0700852194789792,-0.028869955768869943,0.10410871937611743,-0.045354540600901244,0.018071021764777873,3.467,9.906219,3.5899537,2
-0.1270925659392371,0.11044107308838622,-0.03265518733154929,-0.037093099236801486,-0.017985068917602376,0.030457763093104856,0.12759414354885135,0.0802419106691219,2.188,9.905611,2.9075487,2
-0.7652903509243778,-0.03750631803406104,-0.03548755202948001,0.0263718376550226,-0.09579271452954946,-0.08245584147041157,0.12642426276139243,-0.009342081957867898,1.25,12.995284,7.0462785,2
1.3746116977912148,-0.3768182368857347,-0.001138424952356637,-0.05692095702019581,0.03744779706041715,0.02437518597378882,0.0001288523635481209,-0.04973561316601166,3.442,4.295208,-1.602621,2
-0.2417452950471121,0.10949351315856112,1.5054720561846757e-05,0.03445370112427101,-0.0032262987747875005,-0.3009523879244025,0.04130946759016163,0.08191965867690304,1.627,12.887654,2.2018983,2
-0.20546082359947437,-0.2218741270775916,0.10085153333855754,0.02462254419175494,-0.0461163289730222,-0.21053403000381596,0.020317994226417113,-0.06711855544050316,1.993,11.209429,2.7956436,2
-1.2296871347140261,-0.1583405871954519,0.02386738832135095,-0.02225551590372432,-0.0023188997802404826,0.5534120904047182,-0.0185871136744947,-0.013300063231001122,0.535,10.230071,8.562038,0
0.4630866232994888,0.0021510061444898476,0.05313490046821984,-0.09764342844680521,-0.04224504691663375,-0.39740598838702423,0.014329726720324842,0.018968281638635676,2.249,8.72939,-0.5554159,2
0.7897520555685353,0.4166851144595932,-0.006470673939149435,0.03276647458959178,-0.003785050624145192,0.21846992706501106,0.028695813392036196,-0.11620531999129388,4.573,5.149966,0.07720355,2
1.1759906108517777,0.07504327184249521,-0.007725842234727387,-0.00817835359550223,0.012414647210606755,0.6559727918864232,-0.012216932853960166,0.0772783049533832,3.924,4.191638,0.31694436,2
-0.09903278779598598,-0.008929208732397748,0.017698755048979165,-0.038144459221365445,-0.038460675259779864,-0.3525040235071232,-0.05904534887913121,-0.05834723050133547,1.235,12.073845,1.5521014,2
-0.3835843812471276,0.44591845980321765,-0.02063331798532872,-0.07050681259260683,0.11436718683668551,-0.22137428562737574,-0.01329367509867771,0.15630011319440093,2.603,13.499938,3.3395295,2
-0.16062536634916938,0.1228665451400229,0.1540666825853843,0.0068954689713641715,0.008398428529964475,-0.379535027554828,0.0369175155715874,-0.024591663644559225,1.622,12.65284,1.6397647,2
0.0591289252539966,0.24613139761333963,0.0024841578226337535,-0.039606694097011536,0.014102579616325384,-0.001071540918545888,-0.10733434707952388,0.05380869856139453,2.826,9.651135,2.4268055,2
0.09900234261459395,-0.519031191953314,0.04986394416143461,-0.08871708003642564,0.08315037032468323,0.06666179981488146,-0.08331793997073772,-0.05737920492966034,1.872,9.114467,1.7687547,2
0.2136359610615865,0.061816427203867846,-0.11775110976959835,0.1875369851842238,0.03356747467945728,-0.7972993880141841,-0.037808901511134085,-0.11575140669116132,0.686,11.649096,0.3058745,2
-0.9873760654084507,0.15247454280885056,0.11796735063772573,0.06370049258811167,0.0015126868137201877,0.897146906322411,0.005649507480533278,0.043784776962957406,4.383,9.41298,8.407489,0
-0.7203815603973159,-0.09310087732695566,0.0009997319998313603,-0.00514880315712693,-0.029641734863910252,0.05930113265348311,-0.026193691009875647,0.020384191862697437,0.996,12.007794,6.7442427,2
0.15768085322484687,-0.07098152620394513,-0.11473379174095,-0.0690566781732985,0.10759939487651574,-0.20709547110993323,0.003217170340856307,-0.03704801481992001,3.081,10.456252,0.81261677,2
0.1958239504187251,0.10953911330089178,0.021203497072638744,0.04741154479134296,0.018818419034849543,1.5152888620627711,0.04005956632221164,0.30388737441340563,5.0,6.4412327,4.589395,2
-0.8477096843265737,-0.04028713606773726,-0.008133976181449565,0.004358891668143655,0.08996566806047598,-0.006860184604523645,-0.024575340842223764,-0.07217897169043808,1.219,12.51122,7.6792307,2
0.6350631951911014,0.1074541693933655,-0.03519298765199466,0.023362310158142274,0.03238392006808491,-0.30845049860847806,0.20174551528524978,0.018326515027781598,2.596,7.1915975,-0.96662384,2
-0.16565038676584676,-0.6457825971695998,-0.06699295999335408,-0.03359286819017923,0.044985961744772374,0.7362374833603997,0.07778698439140741,-0.12137129666406563,1.967,7.3393736,3.3066864,2
-0.19685379148024634,0.15009484384837596,-0.0773772227891919,0.013460014720401287,-0.07998741814808144,-0.43691873548529003,0.09544701170920403,0.00073813932805597,1.237,12.601311,1.3948947,2
0.4373680426602246,0.1832331041712659,0.05155485682250349,-0.0012760843392330412,-0.0796526651526342,0.28636567104975036,0.04628678229646385,0.009556698230956673,2.759,7.30554,1.5407882,2
-0.8363046775696521,-0.24012869524664462,-0.00712584046888462,-0.06945698378415333,-0.0402727360066798,0.20098154512146674,0.020423239021994444,0.16171981495989649,0.647,11.585445,6.8235345,2
0.34633255678356145,0.09499776979135074,0.0946815109833847,-0.0006443876803491899,0.01475551524750221,-0.1865255184475839,-0.07046971718385098,0.06663427547875414,2.554,9.185838,-0.033063367,2
0.42888999176581,-0.3061969184410626,0.038534948206835395,0.045733030452582424,0.10419461271492106,-0.1255230306209997,0.014163231361894263,-0.07952062745987504,1.262,8.049853,0.09843321,2
0.5124258327887968,-0.038296045703409776,0.07744518922862134,0.03280902498394664,0.002715030455003431,-0.44132525792568317,0.005138053780590401,-0.0412430674377845,2.508,8.220614,-0.86539334,-1
1.493444373876487,0.5749403525176691,-0.09786385084115662,0.04437661440914925,-0.04922659362428006,0.3211591317172808,-0.050221384572789296,-0.0028518509329195085,3.941,3.3314934,-0.22587167,2
-1.0033660688338504,-0.010525597700962536,-0.020608828951704544,-0.030881106489439952,-0.05672058032954719,0.6248182206206725,0.001021669755598864,0.0802605103723637,1.844,9.93103,8.485988,0
0.17413673804499816,-0.273825237803236,0.04110050773960469,-0.09802490116266682,-0.010690561456498326,-0.024370843314692858,-0.017830275130998163,0.002757538619363037,3.05,8.905381,1.4881191,2
-0.23038877848014735,-0.0037042641358323303,0.07619322527887665,-0.0022186340782975045,-0.01786241131550012,0.09648244811445314,-0.021485890400593566,0.010085140547185512,2.087,10.014546,3.6786296,2
-1.1738513658107925,0.11124207829899374,0.03603230774194549,-0.01703699293689291,0.058472436791574836,-0.1196059327289608,-0.0069502798540886646,0.05167715102137095,0.675,12.641105,9.075518,2
-0.14846270673151446,-0.04944806739152585,-0.021708445458571812,0.0009559167530409363,0.17031474978982145,-0.17049317147171766,0.017155278200005175,-0.00692778820981349,1.79,11.588517,2.3877928,2
-0.5527308691897739,-0.17093037731913102,0.06528810126306966,-0.03679308933136924,-0.05236368793260107,-0.13376571949715363,-0.008390568658057568,-0.02562288658957021,0.593,12.356592,5.3053603,2
-0.8652999817940858,-0.10230589298911372,0.01297884845682587,-0.010324926612807706,0.01961021789981232,0.08864501565901386,0.052476185070321674,-0.13732963373539356,1.218,12.067379,7.47856,2
-0.9602177768563595,0.07094779226666793,-0.06738074991905521,-0.15045575511848275,0.045868109788400294,-0.21866270632197637,-0.02046110950666359,-0.053284357204397476,0.546,13.724752,8.171048,2
1.4755901969538878,-0.27107902076285073,0.09284467644293373,0.003923055449453178,0.12724823502844693,-0.043125832362717026,-0.004337034849197313,-0.04432672283845632,3.078,4.136664,-1.6844587,2
0.2944340145707806,-0.08906869394973727,0.02354980082344149,-0.019927988672440694,0.043382084070951954,0.08819942185439608,-0.023344772038940476,0.13778855059566264,2.44,8.304871,1.1741996,2
0.19161275989590792,-0.03066872972065357,-0.06063702182964467,-0.042796429471963104,0.01571459959905469,0.43679197498731603,-0.08854200996088571,-0.09488038555315403,2.871,8.058138,3.0503972,2
-0.6188216589123676,0.44022662167714544,-0.02688937960270152,0.037203828356583396,-0.11122089033941662,-0.07964496674890864,-0.031377358766446484,-0.06796939235130517,2.361,11.949497,6.743652,2
0.2936309650388428,-1.0373506394251872,-0.09767539040238032,0.0658868579784184,0.042639662045328985,0.8297030064262032,0.04840526878231738,0.2712553100237705,0.875,7.214897,3.104198,2
-0.3569520196640698,-0.11472008098336808,0.019859940354701427,0.00455939805896774,-0.1020826936928661,-0.07046189886465581,0.05185269526312036,-0.006649367415549029,1.636,11.832487,4.054207,2
1.4694285810548684,-0.05370095489548041,0.0026380986825732533,0.03429707751907665,0.049616236889666904,-0.1916575938832839,0.09836834861500027,0.16294791116682006,3.017,3.6912668,-1.5676945,2
0.8017649054861562,0.38471712178569784,-0.009541951355543032,0.0040652502642652966,-0.03504733097194976,0.3781943799828641,-0.013575243706791501,-0.02123015339961354,4.528,5.04568,0.11644081,2
-0.2187877966069759,0.2206674140008965,0.06307162832793528,-0.06493157434215113,-0.03229394773042715,-0.3701358051452168,-0.03275424812702374,-0.009223100576212784,1.409,12.877529,1.8756663,2
-0.09487274043580984,0.2557771111786772,-0.01776237379204118,0.09279110478992658,0.01350133364249767,0.8429866117111641,-0.03215828287691769,0.07195743404304208,3.575,7.4411583,4.5836654,2
0.5684473589066293,0.4386367516375834,-0.06887972329699521,-0.02320806524957658,0.055101698779778746,-0.06445717365772419,0.002201755171314018,0.025563728061986674,2.614,6.9458456,0.23787239,-1
-0.7781405591561473,-0.02336446798512945,-0.05695006710839645,-0.011577965134762336,0.017583579491820822,0.5664184761500125,-0.053821334829517786,0.06322203588919423,1.26,9.680604,7.6987123,0
-0.567256920749663,0.1444593632140399,-0.09280502426923515,0.0015262459799092742,0.11782044107246292,-0.32305285179702403,-0.013926510910814316,-0.0129221217140294,0.505,13.986694,5.604154,2
-0.3546086426629359,-0.22062556620573548,0.009071177566163519,-0.0165368468923055,0.0028744330107299265,-0.21342529872241778,0.12979037751021066,-0.008078563152362828,1.464,12.091389,4.3932347,2
1.512348082318265,0.20778858257599306,-0.14937820397561336,-0.0340405295309304,-0.021358961173815,0.22333849313134257,0.0010463245993016512,-0.006241879724558308,4.439,3.3490283,-0.5335154,2
0.1435854882433156,0.6687258541165013,-0.07407533815515469,-0.10551270916727823,0.10371983378204264,0.5505159059029276,-0.021804073803141144,0.056321867508207835,5.00001,8.837681,5.074517,-1
-0.27349654188458994,-0.06692088317310801,-0.02220181692661688,-0.03935224191718514,-0.006240888832135,-0.39769585967943555,0.013485970661675367,0.11625070220167547,1.468,12.544862,1.9672344,2
-0.7816157918788431,0.19280340730266712,0.019463023139746405,0.051622147216550035,0.08966116886293873,0.06320855065621994,-0.058423093439449875,0.006164841871728333,2.0,11.950158,7.080281,2
-1.0874020553041617,0.13948751205659485,0.06893545938448739,-0.08063105141884522,0.002781839373414391,-0.04145116870808985,0.023488869881015367,0.026179007850931968,0.996,12.693642,8.946732,2
-0.8564403558828044,0.041935981655414345,-0.08659582996138374,0.08082179317086341,-0.12570651364104382,-0.12291173491633214,0.058364307432670404,0.04727627502594009,1.111,13.270502,7.7526655,2
0.05412803532229163,-0.32311656780854014,-0.014130137577156254,0.04515401806157218,-0.1224413066651158,-0.3493432412422548,0.0358152837000878,-0.15587796777661003,1.118,10.466665,1.778738,2
-0.5867756248435696,-0.14661001164765297,-0.040119863467131034,-0.009206203312004863,0.044627514031373106,-0.19309586522976052,-0.08917698066349139,-0.0345287679498823,0.926,12.850355,5.602313,2
-0.36056097182965674,-0.24104913739108758,0.05837801733650419,0.049420566420786766,-0.03668213964639261,0.35682978257595876,-0.01104896074424394,0.08729494212336117,2.3,9.8407,4.4916124,2
-0.4310810921290334,0.033867486305864974,-0.06345787643047152,-0.029525941293411406,-0.04860237144656626,-0.1797128119979294,-0.1792420291300881,0.03746059124901224,0.967,13.1774645,5.0234494,2
0.006596240205558157,0.20515576216714873,-0.12347293799486397,-0.046544273164853295,0.11187133775956426,-0.05042686719449638,0.031427926626439034,0.11311496874230725,1.885,9.814004,2.4736948,2
0.6836739014242064,-0.42268751641862295,0.015272983062007,0.051820635416855304,-0.024210166589283155,0.13799430713067523,-0.017420902434979124,-0.1695748194264575,2.231,7.359825,-0.05614714,2
-0.49439564617333726,0.015343255750731033,-0.022384412938155518,0.062313231654671175,0.028528152202250356,-0.32590216318319787,0.04661488109577916,-0.05823022840391781,0.792,13.5258045,4.634832,2
-1.0104349686973562,-0.005403608335327395,-0.022477949908289566,0.01899411502762985,0.037165222508561344,-0.3439385582474546,-0.015576083226698317,0.05995933435398132,1.042,13.913658,8.479292,2
-0.3118907692626569,-0.004081111253071951,-0.11364323202734844,-0.09782168986584622,-0.020484475971476346,-0.26964403639259427,0.0012173870849540303,0.05838640022523983,2.285,12.777398,2.5431192,2
0.7492593706921533,0.5049620069075832,-0.08012187022923378,0.033920686301370795,0.010195623726606762,1.3502953746442672,0.008174073543583182,0.12010528729647352,5.00001,6.16911,4.3441987,2
-0.13302080436291225,-0.28020209124607576,0.008420379041200882,-0.026122589068314883,0.0854262692985037,-0.0704471215912219,0.07613508953056505,-0.08845669330283176,1.25,10.919185,3.0375414,2
0.23705172684724762,0.04536876757092084,0.037659616572535304,0.04274477723669612,-0.0525296669724436,-0.19503421768177195,0.011102264507934279,0.06894402448768669,2.263,9.49925,0.12365441,2
-0.5506096900157142,0.16521046636282766,-0.0400159714990308,-0.017680374787603065,-0.017776194366439513,1.196687195785685,-0.07471070463286247,0.0855651031173224,3.656,8.705257,8.017932,0
-0.7534144325218777,0.058343992066964806,0.07216416576194787,0.03006309159538112,-0.04336145903547442,0.08577111258576453,-0.04057291750289052,-0.18843054600711284,1.875,11.91205,7.066995,2
-0.6414524790251372,0.04346019056257325,0.08003367521508903,0.02563180243339852,-0.07719309152938952,-0.21786943904085304,0.029043767890204575,-0.07915731646602711,1.031,13.771418,6.0726185,2
-0.5963118671081775,0.5732207968682055,0.08523204007464888,0.02434434543100561,-0.0036045878446606117,-0.2124053968442596,-0.08891477522534114,0.24608407611031963,1.228,13.677103,3.4883735,2
-0.20985695046986547,0.38478222308167837,0.05114561333687817,0.031125354390998755,-0.04676787685209624,-0.07564610209888015,-0.08684680424768362,0.055940455581980186,2.436,13.005322,3.1313283,2
-0.3653938773004445,-0.0439769054227038,-0.05388708664530514,-0.007568787446134234,-0.026559588078586882,-0.02980030556855176,0.01658684773361674,-0.1135737165536243,0.759,12.025094,3.9937246,2
0.14801549580251766,-0.14609049005795993,0.024958300654774807,-0.04750445990523183,0.03052457453048321,-0.006139164060157576,-0.06392436616919236,-0.12025506432618913,1.327,9.24086,1.314246,2
-0.6468345643272331,-0.14424068802088094,0.10163687173017152,-0.0654594071596665,0.0696021281495871,-0.045812849825175556,-0.004090919468198229,0.00921464757814458,0.966,12.458798,5.8783627,2
-0.976527208794108,-0.18323423623398108,-0.08461975402501523,0.024824085472610044,-0.007943589203135204,-0.19217841854366033,-0.01770854301173197,-0.03147141949402116,0.692,12.973625,8.21812,2
-1.0591746392380126,0.1124480192382122,-0.019262040423648888,0.0034629197481999135,0.03534217427078806,0.08429842332970311,-0.018006811286269145,-0.0419047483089694,1.07,12.250201,8.673126,2
-0.7833356578706072,-0.24230672316158652,-0.049640892808692966,0.013601133096417306,0.08814545718568295,0.9940761437344219,0.02567156380857233,0.05329207681566947,1.5,9.441748,8.125262,0
-0.8236068906981724,0.11699752333105598,-0.014619365180269447,0.013991268262149706,-0.1078008707486299,-0.1967181964645699,0.041255459905482225,0.01842223638996869,0.5,13.7149315,7.6605163,2
0.792920239746332,0.013204511488465381,0.0746701584848444,0.0098838544907624,0.032775316374383245,-0.35483944203605733,0.10426909261406658,-0.18616336896488955,2.683,6.9214087,-1.0903821,2
-0.6662175581814085,-0.09702555428398435,0.01665527957934887,0.1979872918416045,-0.029301378919929205,0.5798802216456498,0.014320737933117167,0.10129456595056774,2.338,9.722933,7.679014,0
-0.7907500561614416,0.3037673160347787,0.069057158582945,0.014166637819785166,-0.002465452332416379,-0.2632453638058245,-0.03572033185808521,0.05617562536399179,1.5,14.373854,6.6804113,2
-0.1284259447011944,0.15769046305355405,-0.009929869986900264,0.019425746225079338,0.04117943542825672,-0.4688994535329948,-0.10447025827636269,-0.11302301073309431,1.475,12.464631,1.1741309,2
-0.6295281663678787,0.05814090093423119,-0.06918363736244246,-0.02885482299206127,-0.0173515034099673,-0.22043326167244728,-0.07406516013859701,-0.019911065416016477,1.106,13.742105,5.9808187,2
-0.3754057823002499,0.06438664977191258,-0.04969916529609547,-0.05492559123065502,-0.03644004865570952,-0.524982241699487,0.005678403056051218,-0.01286425334576144,1.872,13.282426,2.4503064,2
0.1366109941163947,-0.34767879903864785,-0.0789972027632741,-0.07861652943446767,-0.08869088476365419,-0.2570867749062027,0.017827003978194728,-0.030270526469209302,1.607,9.703796,1.3907901,2
-1.1556331852229151,-0.14491052982024905,-0.07776752200795617,-0.0742896271083408,0.09517752764617982,0.1629219740351318,-0.12738768419943602,-0.032159822925487344,0.896,11.952811,8.607409,2
0.18142576416676112,-0.19880230726855885,0.010233937278551791,0.00443733128175236,0.0003459880628254586,0.35137058587111036,-0.01620780199769678,-0.15214131680212606,1.844,8.03102,2.519902,2
-0.35266617778503917,0.17418461782733563,0.08127133631671987,-0.09589720808752863,0.051848702587976164,0.029490357387020494,0.06406621644825988,0.0004754475404922798,1.702,12.434715,3.6658406,2
3.007600579064227,0.08426412644356718,-0.0683027225163792,0.04391569631984929,-0.08677150595138289,-0.0082433995519825,-0.03260499936313979,-0.04095168555329998,5.00001,-0.5553238,-0.809852,1
0.14637990565431994,-0.21132486261879815,0.05578628921884099,-0.013519970571959417,0.10757082402862098,-0.23095353750266456,-0.012277641848788795,-0.044063242624255206,1.62,9.848555,0.95847785,2
1.994963678343767,0.38775960636839873,-0.04064439916305612,0.01804766079179987,-0.05096425968176799,0.27252793068276615,0.08753256700309417,0.15467382219733541,5.00001,2.229774,-0.52122355,2
0.5062641946316395,0.003726952471308359,-0.02038746614796369,-0.0418132659353366,0.10573564390094894,-0.36438801875345694,0.09456258840978146,-0.06467968056006707,2.229,8.232664,-0.7296745,-1
-0.6453303389479772,0.20940300424223227,0.038368843341507086,0.025424728047110767,-0.12153484693666536,-0.20790440157608753,-0.00973156612023679,-0.06745669629762202,1.063,13.996688,6.112282,2
1.2152063833998692,-0.02154890388772887,-0.06525899959687498,-0.004096764807929254,-0.016919713807166004,0.01988399634274407,0.04679888606518712,-0.08146164050540142,3.5,4.303841,-0.9798343,2
-0.08747697533252993,-0.6852715332536296,-0.036414698924529115,0.005760361044598233,-0.07189919619277532,0.5798766438968375,0.0444915430910818,-0.08344986388114342,1.349,7.3873553,3.2480824,2
-0.9364426815383488,-0.05234202593260526,-0.02222309361965788,0.0008815783999400195,-0.090877345367875,-0.024309852779911212,0.024505638152909195,0.10311494970573551,0.595,12.807023,7.709509,2
-0.3563140428810423,-0.09616849010669101,-0.08804350149263163,-0.14569317584110691,-0.029876976110448566,-0.27575092898395825,-0.04673520401007569,0.07685178429041473,0.875,12.679075,2.712383,2
-0.44335718062266316,-0.001550996499453977,0.010480242035990378,0.0037041615019514362,0.04100190227253611,-0.205735692863094,0.05038081074517628,-0.16064451939947677,1.208,13.373756,4.6712556,2
0.4195831751744004,0.048440820798458795,-0.036449554889337266,0.017814175919117325,-0.09535334648890964,-0.19930062541486207,-0.003651455731538217,-0.03405234220999198,2.212,8.86385,-0.088916145,2
0.7730713968030609,-0.11251419893891862,-0.09604720075846343,0.015412743355660341,0.02219994551196605,-0.24458428474544053,0.014380622663912851,-0.10521926533144701,2.339,6.4424195,-0.9793393,2
-0.6379575084101454,-0.2178817104841794,-0.022868717130846927,-0.036172656981130924,0.06829962596823252,-0.0404234985595312,0.051501210292268645,0.035276644912180494,1.188,12.100606,5.6482673,2
1.658597649763063,0.35523544553455955,0.0020138861769548044,-0.15946472672528575,0.0997389023353552,-0.11373511269495981,0.009767117937963782,0.09129602946247342,3.444,2.8860853,-0.7886442,2
0.36518369074987356,-0.02366038859028946,0.038455465175435855,0.11068048780192424,-0.031587684921774134,-0.3567955571517107,0.015729882459849215,-0.03479566394964895,1.852,9.57295,-0.36023253,2
-0.30625958858132596,0.04205197231106966,-0.020886989534183997,-0.08385915819425407,-0.053848308642852866,-0.046787051358901655,0.09911695013853014,-0.03915875311147457,1.57,12.175573,3.5199513,2
-0.08248547329549766,-0.03187250819337445,-0.0018029225862278564,0.031733196067354225,-0.01735526942974905,-0.18294933002329608,-0.010232920135849727,0.08531586861988141,2.696,11.191056,1.6224753,2
0.2029351341181516,-0.01981799091627412,-0.05077554592862016,-0.07444386710244377,-0.028248927697416354,-0.46029085754213506,-0.01683292742097106,0.1753179403183253,1.834,10.853012,0.17839567,2
-0.5238184178140105,0.0988187836653368,-0.01992964601539174,0.002757123357816832,0.07461040853682838,-0.1472306382279069,-0.00018324870189559417,-0.062218992952920854,1.703,13.436164,5.2682095,2
0.8322684419060289,0.2806634097194174,0.012545583407481214,-0.029412129085031546,-0.061543241579672614,1.0683067830125508,-0.03634482816664203,0.019646010414737403,4.352,6.0941944,4.150731,2
-0.3959984457865353,-0.06421793645755383,0.007941111435213616,0.011998966518388415,0.02319715776243267,-0.2614068656470409,-0.012912532658512249,-0.020255875331291917,1.069,12.930268,4.199825,2
-0.19291015971290104,-0.03669440661843057,0.08117870869405816,-0.09702145039970134,0.024242124823300487,0.01912270348906936,0.12504464009404478,0.011926143431899072,1.524,10.296176,3.3104453,2
-0.2774226455779718,0.11477406149389963,0.06799799385274247,-0.08671076355572535,-0.018354729538207076,-0.4027081754507523,-0.046498312764155586,-0.10596587995464393,0.559,12.925853,1.9014665,2
-0.8761072194401776,0.02175049112256447,-0.0383324619435985,0.04186058494545093,-0.07065644287703474,-0.16995168108084638,0.013523734683711666,-0.020114513571963977,0.591,13.3857975,7.848453,2
0.15370273206466742,0.015544811229096456,-0.03895213573920833,0.009751858917051076,-0.06565283759490723,-0.8315193821272998,-0.008541455225581585,0.006822444174951203,1.458,11.73197,0.32736313,2
-0.569866002842941,-0.02545750779354078,-0.04193301470480473,-0.028271365115360464,0.01990866944705022,-0.20454820128733048,0.028247553800860387,-0.03347814523916598,1.177,13.54928,5.334625,2
-0.23725001532381879,-0.35901033416032335,0.07284868511804798,0.03174619820950064,0.017606049531547985,-0.03000445529626941,0.0050182179183969056,-0.17630093154787824,1.316,10.775953,3.4333448,2
0.6458474789710986,-0.37077784228080923,0.05438046509324099,0.0016017199266329107,-0.004315513665387044,0.06110374473605934,-0.02554251911364583,-0.031056818969275563,2.426,7.461334,-0.080175444,2
-0.962298013072358,0.1918103456694443,0.09953218937171435,-0.03953370476298684,-0.013533404929322063,0.1663895934416998,0.06138881436175689,0.03611530002534841,1.714,11.975682,8.387482,2
0.6289783838531192,0.07088478471393617,0.050909435575624745,0.0731747924009136,-0.07056910644057637,-0.09663223157226408,0.004710952571416183,-0.058423434914293026,2.481,6.647504,-0.51378846,2
1.056728044439565,-0.04114612993681041,0.02397343674627525,0.01676669418456056,0.03738159760142193,-0.19865392228816198,-0.09180231579848946,-0.13001437435642513,2.605,5.4745092,-1.1894854,2
-0.8729459493061447,0.06806161062160201,-0.029361575862483766,-0.03121105140633773,0.001572612379557553,-0.2116869306678464,0.034043880862985904,0.031487050366901526,0.483,13.823217,7.9267874,2
0.4338613376855419,0.11354176607738317,0.05939791635737621,0.0033671566663098507,-0.1984221933545982,-0.10008789084591349,-0.11186494767179106,0.056647701958895624,2.728,8.57023,0.076747954,2
-0.5625552472219781,-0.16078994613048705,0.013394533465167946,-0.008657357547538436,-0.06927484310363086,-0.11385675388975142,-0.008498883504685778,0.01668253334130637,0.85,12.420871,5.402307,2
-0.18545644952210152,0.44782583437605017,0.014952823857626751,0.17274903866225028,-0.044175141369882875,0.262802759637329,-0.04963590675287938,0.20531991707233765,3.722,9.3353405,5.102019,-1
-0.90738134766636,0.032522526796565476,0.016661273286750516,-0.07171574741926998,0.03845472447444001,-0.22654939102040694,0.03824212571476465,0.09699873894922087,1.713,13.790887,8.101041,2
-0.739936806488792,-0.0061788750612742915,-0.0196382715134778,-0.071163638090596,0.046198845944267625,-0.04019985987707442,-0.05619516077222175,0.1073375763544121,1.703,12.783501,6.6720715,2
0.022651035491426302,-0.055467080062755914,-0.02671866569535225,0.11431182655044417,0.08363271133372244,-0.44026592394911634,-0.033110366226984655,0.0680106004162915,1.662,11.431271,0.6076425,2
1.4070684111073484,0.44049048713257216,-0.08495490505905881,0.0895333880598447,-0.028027535595653547,0.6985941989583381,0.0748345354144086,-0.018045508960393086,5.00001,3.7998161,0.1642827,2
0.47320929974868386,0.09620064341326812,-0.0173069055669742,-0.22523057078721126,-0.006039110313987156,1.3726372244369842,0.028358497692210966,0.43571407049010275,5.00001,6.2710514,4.415519,2
0.2018181594246928,-0.1303251012093031,0.02105546952569448,0.0008129742218347114,0.0708498359254531,-0.056169876229080706,0.07260267174978383,-0.15088493414663715,1.923,9.072369,1.1595514,2
0.300249212506465,-0.03835678730121064,-0.05314487815921448,-0.0998735451277484,0.010694389725753595,-0.2783186421504548,-0.07949103438302352,-0.034902812055457116,1.425,9.220774,-0.05792378,2
0.6130166964726951,0.17211276230888356,-0.08190675830784605,-0.04290755176819344,-0.09968268686765774,0.1034507245817119,-0.01880656042333717,-0.007207732601902828,1.433,6.335751,0.0015718933,2
0.8813155601413756,-0.5559526127058487,0.10268634236700519,-0.010941781865594635,0.02926442563153772,0.5967050080765339,-0.009814865296569358,-0.142452312868939,2.959,5.3226295,-0.20153032,2
-1.0710670479020805,0.2181157555292263,0.05417511057229557,-0.02840363774331578,0.10954919283893266,0.4395718096296891,0.013649874650740385,0.033978180540009006,2.688,10.697485,8.691686,0
-0.8681646698485297,0.04417933461466858,0.07492764082780796,0.05434749404994302,0.05003475342340233,-0.3305387038051285,-0.016528517310218496,0.03116431505156643,0.666,14.164711,7.725661,2
1.1443668201994992,0.47668172138617027,-0.06070933621422325,0.01971862747505787,-0.05066424086580523,0.046944290409707046,0.0614864062096907,0.1194405954745667,3.791,4.859808,-0.33362606,2
0.2040925342966183,-0.17786581373004925,0.020031344673060753,-0.06410536526716193,-0.041632105157773824,0.24830853558674218,0.06890848083952997,-0.23927940212960078,1.993,8.4632015,1.9668144,2
0.5145817007727453,0.032782117858777465,-0.07369892043858917,0.13050535642488464,0.016515728733466628,0.34549681337246224,0.1359160764075169,0.07836703992452454,3.821,7.2713313,1.6433631,2
1.1500344300206276,0.31170860414048274,0.012342368937504788,0.1415897025523577,-0.16812972810667556,0.08651991726665306,-0.02657626489176343,-0.031319248974302105,4.158,4.7984924,-0.34618202,2
0.587417754688002,-0.17555135957572404,-0.12821201165892834,-0.092682088633744,-0.08629629649391293,1.0189801516308588,-0.007189086364590591,0.08641365038014154,3.375,6.4724464,3.932293,2
-0.46356876520891677,0.28491981148785417,-0.006408109982610266,-0.04529038011379749,0.07904872138213781,-0.24406016121819463,-0.08080589926171064,-0.011790224525791038,1.358,13.516044,3.4277322,2
-0.5933215362184785,-0.20557805867594012,-0.002175515019229912,0.031827198448591804,-0.047111021818236926,-0.025214302065879796,0.0370102870887859,-0.11069895607911764,1.27,11.975947,5.647339,2
-0.9365116324213556,-0.24399865064070858,-0.0465648208844129,-0.06793050149612158,-0.09813086469580355,0.3717714614703138,-0.014053879034239866,-0.07048951327353165,0.543,10.486677,8.144184,0
0.7989498696123758,0.16899539004811576,-0.007294808809926251,0.008697761917007774,-0.01259266920956495,0.1192541353886096,0.11535421170830473,-0.12479667923481863,2.691,5.7703104,-0.1369887,2
1.2426960922225267,0.12334149495282132,-0.007420066147961174,-0.019316727762696356,-0.04444771175314405,0.2818267208720596,0.036211513934732265,0.14206218564760312,3.627,3.9077756,-0.44416878,2
-0.8462213826009122,-0.09566364058218556,0.028579906647348913,-0.06553793560228405,-0.0678601230374164,-0.2633385871413271,-0.05991521397954813,-0.024213800246907044,0.925,13.640783,7.248405,2
0.4414936255810955,-0.20466203433855262,-0.021494571206552182,0.03950525863424911,-0.07388323630463361,-0.07609526779875725,-0.0006183157617642987,-0.11054343329831606,1.999,8.257759,0.16495228,2
-0.5932657626159943,-0.13791612256224317,0.09332961809187212,0.04116669303425868,0.09173899588804449,-0.35948702531411336,0.033720410860863234,-0.013909367571298181,1.625,13.226161,5.603841,2
-0.1018215162216985,-0.02001175462931898,0.0352024972598762,0.053269299328939534,-0.015783221356978128,-0.08625214953597132,-0.008601702826033397,-0.07604004252170618,1.266,11.295916,2.4176662,2
-0.9011388081498146,0.2590138029581973,0.028382108516536136,0.035775049741952836,-0.09990164545226271,0.1096874758119068,0.08317090439554431,0.27466303041196294,3.125,12.203402,7.2576613,2
0.5700297722630574,-0.6551854266480467,0.02314799261389322,-0.035504001006659985,0.0444008589578222,-0.2911297554477943,0.0666718461511786,0.13444749672893833,1.613,7.7981935,-0.10112695,2
1.113549835541975,0.15259708748623743,-0.012674831753342025,0.003318866138013743,0.02229798735825808,-0.23481815020616478,0.06068968567777688,0.07184407458653239,2.623,5.5214767,-0.98076725,2
0.028435805662117425,0.06822407283025306,-0.07095615418912288,0.006151154279212062,-0.08335707603173853,-0.2237481557496288,-0.05409914311925609,-0.024773587640729594,1.727,10.996618,1.1068012,2
1.1920352722375045,0.340326102267805,0.0639920206398028,0.006120865485669369,-0.11143480607936715,1.006298320243709,0.04359701443692479,-0.026927138162510966,5.00001,4.113557,0.4376738,-1
-0.5084727776782947,-0.2653406982492891,-0.021465253609146417,-0.010945322898102211,0.061240272917694016,-0.013555786840296902,0.005137530389618172,0.14762857499441687,1.399,11.808727,5.129284,2
-0.5159782819805931,-0.2045023216696221,0.038953277221016436,0.0007490181467869617,0.028007888071554993,-0.20724107704032227,0.0790084017738839,-0.019681655098388345,1.079,12.157624,4.919447,2
-1.1077825691968106,0.2708929956210019,0.0029847652392715335,-0.12028156934654913,0.09630049098614979,-0.37453796087380903,-0.07347852644850675,-0.08349012540354456,1.16,13.987693,8.6748295,2
-0.8774443242102852,0.11179891633799058,0.06026475654248051,0.10299331946766557,0.03980743736394671,-0.3182947089866939,0.07829021264587985,-0.061845870171485795,0.95,14.167592,7.942171,2
0.4217743563563161,-0.06437991173034599,0.04965522347225548,0.009900211984656487,-0.021555194614678252,-0.13639798819476945,0.1168041653594307,-0.020974752008505515,2.435,8.600171,0.25071836,2
0.9407765456297001,0.16789629837293377,0.014888528763615905,0.01239431558026488,0.11682645409083198,0.27221830131820896,0.08241398628784663,0.12485813504027399,4.327,4.9536686,0.057772756,2
-0.9451327942450849,0.2774880507394718,-0.04433007552720128,0.01848357704819595,0.00837198433324357,-0.1335122368883257,-0.0005297888835885112,0.006568150596124561,1.096,13.310555,8.9175,2
0.2149678919236404,0.18215880369200693,-0.09727538499259411,0.024381145772417123,0.0235663956286552,-0.48912809735414076,-0.02111568704523553,0.09374103401684378,1.884,11.287511,0.29045343,2
0.6179375880125049,0.1960532842487479,0.02172341679296516,0.049751476278437456,-0.005785986810683541,0.5364944700257981,-0.10814917370569718,0.031605740494344,4.141,6.824891,1.6882917,2
-1.0311444525707056,-0.06814655477284882,-0.012509788746824457,0.03726125919666204,0.007781636592364971,-0.11958592243819516,0.09340157867997555,-0.06868589290241711,0.733,13.025042,8.485774,2
0.154039122380593,0.46750958208555043,0.09726232602073312,-0.023090837404435155,0.0016753676537469564,0.7550463676945011,-0.07359800198565414,0.09345754190975541,3.837,7.5877576,4.411815,2
1.4047405584840793,-0.07766241675276853,0.0829397878147154,-0.014842724770832122,0.09575430904193899,-0.20824926664595075,0.06729726682085896,-0.2139832454628013,3.026,3.6564,-1.584231,2
-0.5583614635313447,0.16099260607201443,0.0010519821293509257,0.05497315743072548,-0.0056982656106418506,-0.33703842289855956,-0.07352781817253401,0.013775580860877434,1.829,14.234678,5.7672644,2
0.987331093251353,-0.22933949952621632,-0.02476915433523308,0.02523982069756836,-0.042334941869529435,-0.1658917994866799,0.0269640631041575,0.02964131488955027,2.829,5.294576,-1.2396636,2
-0.8929677411650994,0.1795825462684823,-0.03598384858383277,0.0185366402886587,0.0857970539232378,-0.12620140986954903,-0.022238451150813243,0.03426884602823893,1.306,13.700256,8.078256,2
1.2900483776177396,-0.2059352598070662,0.048725243596687784,-0.008068285208521736,0.14052645664865357,-0.14402017634484485,0.09714399834366547,-0.023948280754445272,3.397,4.4141016,-1.5543206,2
-1.106934390660281,0.14730289943609945,-0.010139994625216253,0.0995414625108573,0.026251566229601134,-0.3461355099366368,0.046794372086954195,-0.004569918417851995,0.48,14.05535,8.599164,2
0.09891460477855396,-0.04655367594537474,0.06688861762376128,-0.009152638166362526,0.009165552748158085,-0.20364536116136264,-0.009093832242984184,-0.08841908738180221,0.793,10.27846,0.9458853,2
-0.7145291184717357,-0.18396514916113182,-0.0730298901532718,-0.056809466276799114,-0.03533513816475742,-0.15716222622609172,0.015421128100520848,0.011548992797590765,1.272,13.106804,6.494523,2
-0.6868175846205309,0.07068260097262236,-0.022314748475500024,-0.007734594898331615,-0.02169192366339917,-0.11045486443123756,0.03426758641244845,-0.0064878030306921575,1.036,13.0756445,6.5006976,2
-0.2507666504724938,0.08489565294072635,-0.10323571489038069,0.034310796817485834,0.06820674172229996,-0.009323099271863172,0.0037057038770293427,-0.09353228382561071,0.783,12.411263,3.35433,2
-0.46486197584323397,-0.2645696462748587,0.05002132931797226,-0.007300538061231515,-0.004072220917109237,-0.1150761645614311,0.11275897716436334,-0.07756191808746815,1.192,11.894618,4.9255347,2
0.28308681151905263,-0.02545214224539888,0.1027790855894109,0.009783996174018594,0.024708005258509108,0.14951396628079097,-0.03853312260870895,0.0006309380759758065,1.744,8.290879,1.4114077,2
-1.0806825678758718,-0.1373560564075537,0.0033032501424087035,0.10072252448283153,0.007828811839230829,0.1779518557071536,0.006250879175762419,-0.0010678958076997813,2.25,12.045067,8.491975,2
-0.5645278115534647,-0.011849404487481313,-0.040834006112828475,-0.061569455085178054,-0.0810509230795757,-0.2821607625195186,-0.002271571555955504,0.05513512225176548,0.621,13.794597,5.5447984,2
-0.541495029737639,0.430102499549019,0.027446605313850514,0.025503019967846152,-0.030814046715775895,0.30321704487675255,0.09303460777036537,0.020344265812434592,1.66,9.885763,5.882433,-1
-0.572048459815578,0.10612048036688532,0.031247197689590167,-0.024484130791214115,-0.03579230586178919,-0.14192856498777462,0.019669825417535758,-0.031092560859760726,1.783,13.411415,5.5059924,2
-1.0892578735944887,-0.10193327761328581,0.05445696471937349,0.05007503018092381,0.08861905351342292,-0.1909999742697992,-0.009058850682009484,0.1506735417087782,1.052,13.331195,8.484486,2
-0.15762103398088478,-0.21790529763421793,0.09054143072279774,-0.014861289641683345,0.048406885686431395,0.38714065372745377,-0.09786621243035079,-0.03256241262127152,1.961,8.476822,3.4924283,2
-0.2035518570576535,0.08869234711914467,-0.033011798240759366,0.08417400453663806,-0.02389200809102282,-0.28400246110115057,0.05140888657289802,-0.07594129853554019,0.929,12.632551,1.833846,2
0.0015845373123326567,0.10795643437275057,0.023026993936874546,-0.1214022924093624,0.01471956584585113,-0.29013433535276084,0.006465052907904778,0.00838483335519477,2.28,11.378163,0.98355556,2
1.7787253205362075,0.33138689592945747,0.04423836279076798,-0.009675902753903676,0.08967461383033315,0.08804193623518036,-0.03812873947923984,0.005386354157625173,5.00001,2.6702056,-0.6794003,2
1.0934868354982958,-0.0763531485756789,-0.10917688318383767,-0.044729570187291456,-0.0629793102531534,0.3375159862698497,-0.07823972317500227,-0.20222519134509664,3.056,4.6012154,-0.3543903,2
-0.35585941963318873,0.05484095277231116,-0.10855338217309868,-0.10720730022638367,0.04735222006624834,-0.13382235025059835,0.034879666868500775,0.008498924437340571,0.817,12.522507,3.6906793,2
0.3844493288650405,0.33481427754024645,-0.002617503697332546,-0.020235993000773,-0.013896227178950726,0.10792811104698485,0.005089035772709138,0.003273464302171736,2.322,7.4673467,0.99716544,2
-0.83901463572814,0.06891993184953041,0.11502689110074824,-0.04259055051638641,0.021715897756699076,0.009426315142855218,-0.0671184280014637,0.010157667493874839,0.712,12.586186,7.6330857,2
0.6350351055528853,-0.42216210478958555,-0.038115808196849454,0.024568053171441173,0.07224647700990575,0.24422855802695173,-0.08086449632655829,-0.12164378054848873,2.46,7.3099117,0.021673664,2
-0.4199114858464049,0.3933720612042396,0.1444364843391688,-0.028713508934898713,0.034637723481229205,-0.5407891886689995,0.019742534999436928,0.08741886058271173,0.508,13.428575,2.763986,2
0.12355137386309295,0.13071878538764245,0.06309499109135236,-0.028103609654266004,-0.007659904464333872,-0.23019478300438234,0.012197979948974758,-0.011433754612064417,2.784,10.014815,0.42175573,2
2.1564807077007444,-0.08989012430135776,0.007486632520561226,0.08834918204300696,0.042568507273520906,-0.07340288879419851,-0.002222264373148708,0.06992562838739091,3.796,0.8467623,-0.7428572,1
-0.3696891890122461,-0.058262917605584996,-0.018059975518199572,-0.02427922408274394,0.010292900890744916,-0.09422563064183823,0.023005578732256116,0.06496455821466987,0.966,12.297551,3.977675,2
-0.19789095106972732,0.1953066097319881,-0.03033801124000593,-0.024847883923990233,0.021551542511989513,0.3767809553395852,0.05511228616402697,-0.05440554964238786,2.491,8.98445,3.8774462,2
-0.40029529293222565,-0.21408084656192275,0.04014870366083412,0.01600551109889728,0.049942323713177306,-0.2546239498285733,0.06583332487370608,-0.0295899595738974,0.983,12.253644,4.4662757,2
-1.18360787768194,0.0173806858296211,-0.01783627506972424,-0.10777019085402761,-0.06654896796080995,0.8133143824446016,-0.016971124119747563,0.0727209649114435,1.429,9.833846,8.638722,0
-0.14551535702106122,0.19617535250787374,0.06241548022505794,-0.1030381409445896,-0.06692791882967233,0.24788291442767307,-0.09699318021419887,0.05554819038077119,1.153,9.212157,4.006639,2
-0.8255241821717019,0.3290155691948164,-0.009530078281260401,-0.1324049980717652,0.01751215783860194,0.8397333267662892,0.09367537595969316,0.05167140964524983,2.75,9.151675,7.9321213,0
-0.1504143742281032,0.1455009991842975,0.06025598416896322,-0.021637226161906498,-0.06907524603980097,0.40939601151036514,-0.028960457273756707,0.07418995444659954,1.357,8.963768,3.9661584,2
-0.8668943207085021,-0.06288261731747365,-0.10144707873194758,-0.10912331826134812,-0.02769130188341841,-0.06705180729818742,-0.014377575686704183,-0.04038182750821895,0.823,12.88483,7.626969,2
-1.054435845622363,-0.038748752671184716,-0.023284259514513184,-0.0010609784614468154,-0.07350911660827626,-0.2977652776633989,-0.02066667081191248,0.11025475422670254,0.992,13.830904,8.551512,2
0.1556726486558535,0.121394377266245,0.03425900497127107,-0.020344374896324874,0.0772991760896726,-0.08548399260601725,-0.157556596912741,0.06981258539097945,2.023,9.8975935,1.4717731,2
-0.3504904185219935,-0.077410829863085,0.002745360044213857,-0.017888662592354387,0.01588338622480545,-0.2985733042350533,0.18398662438453767,0.04452273378694552,1.236,12.84863,3.9457202,2
1.3254481161272074,0.15463372650447663,-0.06190467539578964,0.027686168674925016,-0.017389283740325973,0.29669004276042277,0.009160333073796906,0.018880541184481375,3.944,3.7468498,-0.43848366,2
0.0026809547902627018,0.09663280945455727,0.03485630786618504,-0.014713830072015932,0.058812958392653575,0.2812381051756812,-0.006331019449598463,-0.048715000419252585,3.019,8.995953,3.4457133,2
0.0751570660966637,0.5439096441356304,4.444124528268922e-06,0.057504151615995674,0.005359146306946699,-0.042963758265604446,0.04000156143434319,0.10475553435114468,2.477,9.402918,2.689779,2
-1.0550213250170066,0.12232685428064655,0.004443823107925016,-0.04952794486520043,0.03861387460976491,-0.2212174953943913,0.026902147330895715,-0.09769805398353906,0.477,13.80382,8.637161,2
-1.0091742350819761,-0.08208354689920283,-0.03761632601583187,-0.05389705539482102,0.022292946183029544,-0.06151051335256806,-0.03740120705354588,-0.13946727164109224,1.177,12.800774,8.370399,2
-0.8066647005362882,0.27126263472863227,-0.08029669204121995,-0.0617409174449436,-0.04319884040239039,-0.44467578589197065,0.00663380295190763,0.03985177292285855,1.819,14.5020275,6.698248,2
0.1491305799976636,0.14620265946008432,0.06791454614589706,0.030311021350049372,-0.009544048613698508,-0.29822499186615176,0.06777138116852655,0.01922531639162317,1.66,10.047695,0.23991361,2
0.8989795335886765,-0.262199679838509,-0.0452791971427598,-0.07174095579162126,-0.08546608908133746,-0.17818836385114475,0.04308531247921352,-0.08933471009375424,1.781,5.381928,-1.2300197,2
-1.2287337455762208,0.041185807010867756,-0.03516134011359881,0.026348409545025944,0.08652172444253645,-0.1301889904468022,0.05859777501781904,0.012578305345964255,0.536,12.568545,9.034926,2
-0.20213331121514053,0.1544912662474787,-0.06740273687006362,-0.10556616505677552,-0.06316858532204306,0.19318069873644156,0.037210050839887515,0.10351545694813258,2.674,9.733892,4.156662,2
2.1406514501117084,-0.21524303586200488,-0.04139389709343333,0.00575405466979767,-0.07680751657937226,-0.4150509009895164,0.0466855665829323,-0.05403560042253919,3.379,0.7279896,-0.81562746,1
-0.38167958217826514,0.17815248569367392,-0.004691532202727194,-0.14556125804180417,0.0311498197930222,-0.15275538824142837,0.05650074933163385,-0.03602462025463146,1.985,12.998454,3.7007103,2
-0.5411667365527685,-0.3411789115396322,0.0012816345565263842,0.07466812123738573,0.02660625473152059,-0.13154859197278115,-0.002186441844197723,-0.030226768553923755,1.292,11.917707,5.1704235,2
-0.17069891026965636,-0.15047220470460584,-0.06679120000743585,0.0068704621082229245,0.10081427477172028,-0.1491589215112195,0.14482175705747374,-0.13176026355137965,1.456,11.337505,2.5818393,2
2.7617175992458427,-0.1740832391969845,0.049897871574190844,-0.0792445248293385,-0.01698547349870408,0.08436651522317565,0.08518555453153934,-0.010704069867986332,5.00001,-0.4284191,-0.7297773,1
-1.0725479069584702,0.21644827959760116,-0.08053632553203059,-0.05822142268517852,-0.021735253954353495,-0.21617395086834343,-0.09724088221203091,-0.0020422514081845783,0.75,13.579897,8.848406,2
-0.5606040915021423,0.6390658584071485,-0.04211563842160532,0.061653974340695444,-0.004639129280843729,0.3487429526057062,-0.05503682419500275,0.03295797086159166,3.289,9.810518,5.8795223,-1
-0.9304608541925433,-0.04650597689795041,-0.08276316099717518,0.018664714551723,-0.08045497159384754,0.07171002800549856,0.03221521005575967,-0.018346747434774685,0.876,12.239751,8.043252,2
-0.3688051681896912,-0.02628605913048837,-0.029098027367269685,-0.16789495091022535,-0.02440980310179927,-0.31274884311762285,-0.10498049818066796,0.3277367970087575,1.355,12.958906,2.6995769,2
-0.8705640489997251,0.28098445981053727,0.027325103180975613,-0.05821683134889924,0.03182116059361384,0.27553215218440397,-0.01199624592843554,0.011924152910067098,1.325,11.277607,7.528059,-1
-0.763391787910788,-0.1056115758930358,0.04534748426786045,0.011111349531980369,-0.021084254734798594,-0.3087294090284832,-0.019936194764318724,-0.02168051286402599,0.529,13.902719,6.9921947,2
-0.0818862368154421,0.10008336737724854,-0.03912584699267968,-0.02238455727396041,0.0351322123135161,-0.3494429172594711,-0.027819865483367623,-0.16844122972307246,1.32,12.166453,1.2785475,2
-1.2676147181480804,0.18275444406041014,0.022102520169421505,-0.08269204200821163,-0.009034936639583865,0.04755069541851027,-0.03587216883082969,0.003231022098441158,0.94,12.287119,9.040942,2
-0.5333856665900538,0.19773929965413206,0.020188240730235008,-0.10761697182835295,-0.08458951009766957,1.27299230080735,0.08818909261129104,-0.03246361098176906,2.583,8.708217,8.050727,0
1.4117971727982537,-0.22310350549480362,-0.009824679692837263,-0.028280645680099192,0.039265876416252316,0.02125903638588439,0.15032806853554512,-0.007065054425167694,3.052,4.1699314,-1.5928236,2
0.12066899026840891,-0.1545669200159446,-0.026223623219405218,0.01556627548777334,-0.003965524247866559,1.035403667297914,0.02316954549122749,-0.03679340044121679,5.00001,6.875155,4.200894,2
-0.4435261089243106,-0.42054057062289907,0.07247170968823197,0.11089463216422266,-0.03443334550928023,0.005964061439955204,0.006801997000731974,0.038715415938742365,1.319,11.269919,4.4874897,2
-0.15601922758996006,0.7105306624720895,0.003837385269306992,-0.014281693660833511,0.012571911039977374,0.4056925410662904,-0.032192521665335455,0.07654078257838029,1.7,8.989699,5.159884,-1
-1.1626520004549283,0.1914071052310329,-0.10101254809291614,0.016689196329887107,-0.029695263873770583,-0.04924435346766136,0.07450781813275255,-0.014930147138791774,0.618,12.7895565,9.142744,2
0.49240606615350824,-0.22100759994200117,-0.02505807984857264,0.04245333354559236,-0.08193197156138543,0.0190129701967377,0.09183211117041817,-0.007394690955644295,2.674,8.264028,0.32249403,2
0.3594714991393533,-0.2567860889190548,0.008836265928230225,0.06934718284019428,0.04004358580850928,-0.1397926257771443,-0.017426761342850344,0.06768441748509943,2.134,8.719833,0.5458975,2
0.22323941522140206,0.22519593492783874,0.005626969335403131,-0.049010193779505884,0.08974320196311453,0.12162807679903626,-0.043082008292560314,0.10092031871409696,2.113,7.8290887,1.2910935,2
-0.5660106846015907,0.06319007345290692,-0.015388033253971117,-0.006462174195854015,0.09933619463910648,-0.25421847990332713,0.014249134131518237,-0.004015633591700873,1.194,13.864108,5.4214416,2
0.8391761969826137,0.11717249382294381,0.13460462026422915,-0.055445112718369494,0.07073676387961356,-0.06451042446883362,0.020613844404514026,-0.01670889286895086,1.752,5.9676666,-0.47147304,2
0.28865932742012795,0.03592081263166161,-0.025034010655319322,0.015471680074175653,-0.03461656281346645,-0.19900837360540127,-0.039097481671598294,-0.0485896375168931,2.481,9.551564,-0.025996542,2
-0.36538765709628296,-0.167365543699632,-0.08016342574779148,0.02406938177985521,-0.04764451682628182,-0.09036246953725272,0.05298227771865088,0.022817596966343306,1.72,11.728657,4.243036,2
-0.8820282318566594,0.33211743917744607,0.04358403167087076,-0.21225067012443027,-0.1372021947943426,-0.4731787063050297,-0.12972583951497346,0.06652520464691371,0.45,14.491326,6.736903,2
-0.7563142618913375,-0.11063765136575263,-0.02109900806881926,-0.05778611375851031,0.0228903690900967,-0.08639787238277424,-0.0790806649883902,-0.05789151316125035,0.974,12.90334,6.886301,2
1.7491749231834095,0.2373502100835218,-0.037179962193502974,0.004435155807989755,0.009308613326484916,0.2749206829549171,-0.003685623695078688,-0.012537452776810787,5.00001,2.6021163,-0.5430202,2
0.19733813322853894,0.02831661116737899,0.005845268704520984,0.01223461978059498,0.00780279200290987,-0.1705654778074824,0.021359852578139715,-0.07271966139661337,1.633,9.704156,0.26452276,2
-0.923071412677899,0.178223066898561,0.0070239418559174815,-0.023586246118488863,-0.07319601362383835,-0.001180091769339392,-0.08607566921457072,-0.04917854189454385,0.929,12.802711,8.249287,2
-0.8347719862078892,0.13788428687932294,0.025397769035559348,-0.04461918749481003,0.039599711805102855,-0.14824323899923347,-0.07077545659132445,-0.015487253236413367,0.745,13.636297,7.5619693,2
-0.35965053040292555,0.10171873884432192,0.039153107078162025,0.06030629264257498,-0.16110944770540328,-0.001157885941512421,0.04522742339782443,0.06936615283804162,2.094,12.400854,3.7716644,2
0.054817633041252645,-0.3846942512324161,0.0191052759393896,-0.029418528126347848,-0.0340506949149062,0.4812319907063449,-0.05978052049787161,-0.04316452986203742,1.484,7.8296585,2.9439776,2
-0.11239107035937904,0.06986255984489811,0.2147149477096998,0.09353763143071622,-0.003068051070919703,1.4349152287147664,0.05501740432658775,0.058395080430056756,3.519,6.634104,4.6798816,2
-0.34736209071464114,-0.06800950205464154,-0.016591628708703454,-0.05237780055600741,0.003278800863940806,-0.2294954605859788,-0.050467616549983774,-0.07798237104409209,1.516,12.496443,3.4298072,2
0.09096828661489317,0.09246308575282014,0.0025460660198484975,0.053249185318607256,-0.01942739752197059,-0.19526173922467688,-0.03243508968776379,-0.016794842868562088,1.64,10.170491,0.7299245,2
-0.15950566709407651,-0.10774500444201379,-0.08603003693596917,0.037163354846111524,-0.04533779817217848,-0.27186167796204463,-0.0747283135359608,0.19882347714790824,1.304,12.17594,2.1095247,2
0.35202144369020594,-0.045653999860198885,-0.0006371799522375265,-0.14329757758631217,-0.02178823366421745,-0.13169014369681925,-0.08569017302592855,0.03666560495877527,2.104,9.129484,0.2680436,2
-0.1149875278576433,-0.0999888986521196,0.022593514709682017,-0.05480919545728563,-0.09251009663695756,-0.19397069735815817,0.06243736355583551,-0.056114994524959605,0.658,11.418454,2.4697573,2
-0.5268693954122001,-0.030085265585658744,-0.049629628601257,-0.03394922484781698,-0.09107239709684031,-0.04521450992480838,-0.05596614532615993,-0.072726405636867,1.672,12.772564,5.198811,2
-0.06245213958575127,0.043743178637007385,-0.004241901214054128,0.08198655006890629,0.014948393309836772,-0.6110180691680622,-0.04400512053370256,0.07722258677063576,2.0,12.130095,0.73731476,2
0.2139076440795394,-0.1616264152975278,-0.020333839745366677,0.025917031324386774,0.17200580080950587,-0.26367319566350983,-0.09183092311764987,-0.0030962782398451516,2.343,10.039105,0.7799262,2
2.907814066779417,-0.0379205784341545,-0.018460663008190437,0.01871140416189454,-0.08231184025817298,0.0784386307929919,0.198288622923047,-0.10988026761119096,5.00001,-0.5547141,-0.8060314,1
0.1976986652845685,0.017180987765925054,0.03780174252308488,0.027752414382501644,-0.07758508419796986,-0.16446946261143877,-0.03151604573539174,0.07570385997517315,1.453,9.598634,0.32897815,2
1.0999611339350468,0.055808285978542926,-0.014028579942908098,0.03918487387966543,0.01057685721743562,-0.015267337739894749,-0.07067273278935896,-0.031252457076142715,2.825,4.8825936,-0.7864422,2
-0.09402759908554761,0.5762469999979416,-0.07776171984915786,0.029840602171444686,-0.06546423749159394,0.5309984990580219,-0.07631840410526991,-0.01751830675657351,4.0,8.88044,5.1087766,-1
-0.45718031723056496,0.03072494072176163,0.06330138533906685,-0.003777644364572008,0.04284004347164022,-0.17901640404651104,-0.1991176945151882,-0.04702415611258287,1.62,13.261456,5.0503073,2
1.6211476799396793,-0.11377079005961016,-0.04879869553354527,-0.07754432394730068,0.09423695355729644,-0.0872407077617535,0.029167005226837628,0.020570403154907158,3.478,3.4799314,-1.5155076,2
-0.8284780467379447,-0.014450476042448257,0.04313601526218283,0.06581399519323052,0.07483793981884254,-0.25374708157196213,-0.007267257160930879,-0.042310245865432625,0.878,13.956718,7.442256,2
1.5501960352634034,0.006599642373989245,0.006846570417268161,0.18431813774993677,0.06670750991244029,0.48744591477620025,-0.03657431572551467,0.08500615066569284,4.833,3.2773807,-0.42891806,2
-0.46785384505971067,-0.18516137725590123,-0.014365112070213515,-0.03837073892507056,-0.026142493116716375,-0.04743194963984798,-0.01227222789160623,-0.10939586230515558,0.815,11.973648,4.9429417,2
0.44701013866162786,0.06087715280337491,-0.021312178907377938,0.05047870418460351,-0.004227546230874457,-0.18698902444606658,-0.010277086934049495,0.060170101045071894,2.432,8.782079,-0.10800879,2
-0.5867521379215186,0.066881551604737,-0.007544881473096621,0.012272302018379977,-0.06410877228485837,-0.20529022036136163,-0.03688545241707328,0.015975208395684587,0.892,13.824013,5.735655,2
-0.6477055849412097,0.1771576853089776,-0.05164212836406479,-0.031061727956305185,0.06293974057780813,-0.40056710099930826,0.009129868139434963,0.042641664661137224,1.529,14.364222,6.4236093,2
-0.9404270439509452,0.04128129165526734,0.03772058138578607,0.015459457565531742,0.1623774445430199,-0.21825365304799219,0.05581478670385537,0.045656781275103114,0.764,13.748612,8.239233,2
1.3375141805663404,-0.4390502571579165,-0.0077190163051842065,-0.1458331460343382,-0.11886625334711931,0.13578084720362582,0.02362028840664948,0.04493895142744006,3.76,4.368137,-1.5198951,2
-0.06946556859841344,-0.0431149273753369,0.038667975155043444,0.054238978424824835,0.04294396902242223,0.41986597722601726,0.05333889675461506,-0.15518875907817803,1.408,8.666552,3.65308,2
-0.7520020219431112,0.13213066678390445,-0.006175355792063464,0.04364313759658625,0.014500413256601563,-0.27237201003250405,-0.05548693921179876,0.02050164088018716,0.905,14.192916,6.7201166,2
-0.25252074224657955,0.14918563923990077,-0.06698457136751257,0.11321005337411885,-0.022684294650190312,0.8583743380293101,0.037125594301992915,-0.021698516305791227,2.706,7.5557733,4.7228184,2
0.3817196819129824,0.3946519953420267,-0.012271194160334842,0.03859024393376853,-0.0008645296990800189,0.89538892674956,-0.07423085408458119,0.08405907691139414,3.325,6.511255,4.270631,2
0.47949238743700523,0.030489110417821402,-0.16796819026930432,0.041003762365054486,-0.1140346151004975,-0.16604834322990325,-0.10996049303028879,0.062770318497155,1.923,8.734693,-0.13430253,2
-0.6917528856918951,-0.02297026165075905,-0.022369762945199156,0.024677388786509047,0.03362244495535685,-0.337271740486879,-0.07072330920782638,0.013985226361235004,1.479,14.058231,6.5162215,2
1.148732663515814,-0.19708547550323458,0.008193461003847408,0.05727025934864907,-0.02500496791785667,-0.01935425950645492,-0.013179339073047774,-0.07061931468576005,2.878,4.6867642,-1.2750003,2
0.21501988866532212,0.20239062429706725,-0.09991432744192374,-0.02794019180264931,0.08102254217476113,1.2142218354022105,-0.010105766959855406,-0.09048644475163112,4.5,6.6787663,4.5462723,2
-0.4779961528090564,-0.04013890378877666,-0.056304471708432724,-0.062402844472741636,0.040510774519805726,-0.011250479656495393,0.05026660326102994,-0.013317001479252771,1.05,12.36906,5.173737,2
-0.7812867482498168,0.11759029810652322,0.048478404530129304,-0.10804213740875043,0.07834454675953817,0.04057543700784477,-0.06986325244963207,0.06096732945572425,0.935,12.126639,7.26782,2
-0.12022495270975772,-0.04996260401798994,-0.036617377112296734,0.005632440720882703,-0.02155398891200605,-0.39769244787544433,0.00624600024129901,-0.0701863321333121,1.435,12.212357,1.5433156,2
-0.3684301999485645,0.03221637043112069,0.015256982165737204,0.018714949998984154,0.08219168099400229,-0.044598286385379715,-0.07613397186910653,-0.03451707485689487,2.375,12.102334,3.6417303,2
-0.34141067440750417,-0.3797943740918336,0.005197762137937545,-0.11987705675422192,0.008109068267875857,-0.1770332252915705,-0.03567442304464333,0.04787257889444513,1.271,11.303847,3.965908,2
1.3695243119504799,-0.2295984882074028,0.013004281335466161,0.011563255321199006,0.010170246470392219,-0.30966317364029616,-0.014045136299487726,-0.01487178958575211,3.627,4.3319507,-1.7022011,2
-0.5436228459159973,0.06675591301837999,0.0641248720170221,-0.019217939083895713,0.022964098770981073,-0.27521165576039786,0.012865735695779285,0.06804705977830239,2.32,13.93424,5.4419394,2
0.838995052192251,-0.06492847977013794,-0.06514031948482044,0.12671062483349899,-0.006662710765165475,0.11462921435969647,-0.13148948997035786,0.015244054027342524,3.404,5.575654,-0.26918274,2
-0.57294820885087,-0.15918429521573502,-0.02536384723750079,0.016381030912884592,0.014271876802998573,-0.03129941610045897,0.083693653476037,-0.14564152070635136,1.385,12.066485,5.483704,2
-0.8505590510433958,-0.404887239083326,0.06436490336991857,0.0912123558186202,-0.05317359843356967,0.7652396742935457,-0.1076325353061545,0.10388540929683501,1.051,9.765884,7.944222,0
-0.30172067378555406,0.06003019237733184,0.08794435003629408,-0.059969898474841826,-0.01183284050264316,-0.09383312220325718,-0.025117661399012337,-0.05136837493348817,1.25,12.266858,3.3010993,2
1.0790903485898946,0.14416936811606795,0.06685185262875534,0.024065755759130947,0.021225802390592186,0.2373326075382014,0.004215625696663616,0.04507904140743085,4.224,4.7453313,-0.14732274,2
-0.8189596745276644,0.11409824536834082,0.022197210311051124,-0.07049894738598558,0.006177650435952836,1.0161257165070092,-0.10002441725485614,-0.05262517692084698,2.313,9.152498,8.145028,0
0.0958865781753944,-0.08453078662710031,0.03820561212292317,0.07145558444642996,0.15034570842813463,-0.10052301086919546,-0.11782220844657129,-0.037021328262820175,2.45,10.203313,1.3641266,2
-0.8055451213530163,0.1864123507648539,-0.0399914830034592,0.013606955718329122,0.04821353473459983,-0.18262118625930407,-0.08558270272973553,-0.027439869691671406,0.78,13.7176285,7.4325686,2
-0.9888031044475338,0.13161779243505656,-0.021695128480691328,0.004907037417118135,-0.06961437246358163,-0.41873954876645525,-0.0015747085234708719,0.08362642809242618,0.887,14.155139,8.345207,2
-0.6971836498285497,-0.10474266622220055,0.05408045080211307,-0.08767948017396274,0.03882753934032948,0.05037571214500419,-0.05599163136321822,-0.08518922311189905,1.469,12.222111,6.3384748,2
-0.6640184528348806,-0.06470384103047733,0.08158483582483916,-0.04801526457287755,-0.2133660057895451,-0.13810490203709463,-0.05238660364619899,-0.04424405770499343,0.833,13.167635,6.3684077,2
-1.2932642034930693,0.1364785170035313,0.1653669543361498,-0.05971547946420752,-0.06736583459493256,0.35193867718377486,-0.13366615966691997,0.011815450867076943,0.649,10.550644,8.796927,0
-1.3848577068096568,0.389081872278082,0.014615415850259939,0.05733298527424642,-0.00922969464135065,-0.20329330440400223,0.0475511652525035,0.2057376407973453,0.55,12.954472,9.212122,2
-0.2650387369312526,-0.08875042065403713,0.02911529857736833,0.0030842052737237446,0.038340083814288856,-0.15894239527839574,-0.06739303044616024,0.11040053626692126,2.761,11.9609375,3.3198843,2
0.7129455736084114,0.30029217633100663,-0.11499457846283312,-0.13699597052657256,0.018332147121769338,-0.1721071453309991,0.0390086463724478,0.13418402935749132,4.452,6.605479,-0.04917,-1
0.0570172266080016,0.025269505128336894,-0.04846895416591307,-0.040292809290841336,0.03664547413548788,-0.09294517669369895,-0.03549827543645967,-0.10722811869280316,2.646,10.508291,1.2900575,2
-0.7594164722293791,0.006017813156173585,-0.07251170252018035,0.08646748549177169,-0.08286464102363772,-0.22019120214233084,-0.00712078691753773,-0.05348645830546417,1.2,13.604234,6.679124,2
-0.9743823032120555,0.23219611592634273,0.035502490548883714,-0.01082295622928707,0.13057549216633338,-0.2065730979300951,-0.03938980939057976,0.027442809085478526,0.806,13.78339,8.466142,2
-0.9185920699534375,-0.07576126642144929,-0.06074225401985042,0.03474194959964938,-0.02341664010867564,-0.10568810877967766,-0.05981373713306001,-0.13480942176812488,0.962,12.970511,8.025858,2
-1.3824731425935686,0.13751747019027705,0.06201682005274266,-0.08285381862565068,0.10383955876039633,0.12813861282489342,-0.10133705902745974,-0.12859900377872524,0.5,12.173939,9.0152645,2
-0.22037401918006183,-0.13393655899712745,0.023893273839769885,-0.003003786829648636,-0.11186900399058636,-0.18972197691223958,0.08441026933074605,-0.13551190364265112,1.742,11.4188595,2.7317622,2
0.3384228520980378,0.17699766804717298,-0.011312692731585805,0.006281180547023146,0.07415924883913638,1.7779134888781232,-0.020398791949581746,0.034393058585044434,3.1,6.3180876,4.6525435,2
-0.6009137358184822,0.09102197874918819,-0.06890887297206028,0.04601531605913045,0.012876780449909364,0.2332674880890413,-0.05592083239329934,-0.03151246511557834,1.659,11.230455,6.6406627,2
-0.6123055127014175,0.06136164036881245,0.10047493908297336,-0.047615174744037564,0.0012816035987152363,-0.16154633236717175,-0.0028333810390091807,-0.04911776406403939,2.184,13.404764,5.675834,2
-0.4606992296700145,0.25981223545210463,-0.003858825291664869,-0.057710466782669834,-0.056259746018384627,0.4476779488626934,-0.1305085813140412,0.006160309955943161,3.308,10.065736,5.8023767,-1
-0.8269808665843904,-0.23161818964368486,-0.11098219916928256,-0.2196542932229111,-0.03803930271143943,0.6045004143584675,-0.0697577345430073,0.006786923787493987,1.375,9.761892,7.7824078,0
-1.1561208601844404,0.06760531414835623,-0.007168237161085389,-0.04998136566384356,-0.06479644544406377,-0.16895022504372964,0.12946102844085228,0.034252453408809544,0.975,13.200536,8.875371,2
-0.32797873484277135,0.18761211267079697,0.10925500923121509,0.040228417739969685,0.010215787602622095,-0.12507353959946044,-0.04976643842248488,-0.0732290910051922,1.299,12.775921,3.3592365,2
-0.5434740544599286,0.1310270745173885,-0.14552094850251573,0.030982519441420747,0.07590610687465263,-0.2256367999231693,-0.08698174002536554,-0.09200109213213858,0.592,13.839213,5.560073,2
0.2647327302648575,-0.14413217813378598,0.05521066057418614,-0.005872584230525002,-0.05159702656404733,-0.037668492583249114,0.12107900833145988,-0.17284930734656065,1.688,8.973235,1.1032526,2
-0.26228703979762236,0.14769743303628613,0.0007536878706384254,0.09348494720781203,0.017532226418925295,0.20310973462086354,-0.028309389934114387,0.10539883386031446,2.575,9.908255,4.3591266,2
-0.7051464762002129,0.16101492149593133,0.02381743693478533,-0.05782529773819256,-0.05611543921484671,-0.22942227886705052,0.041104738584634926,-0.0016093025962716778,1.219,14.066039,6.3053393,2
-0.3570962076904647,-0.17309681315669767,-0.10211438687588922,0.02991403362091613,-0.08644385123008058,0.05181361648806476,0.03348323914370546,-0.05220659559894017,0.734,11.484595,4.3993597,2
-1.0452716795994976,0.3056143676151435,0.023924659131276685,0.04203919456328928,-0.040208813474559485,-0.15459331549507002,-0.002857525336968078,0.012441635144366386,0.325,13.151934,9.104561,2
-0.2752805868779806,-0.10374183804497361,-0.07388039653695508,-0.007743106410338069,-0.05102077879721012,-0.3074861490443142,-0.02860146950850187,0.05417556049899938,1.313,12.430286,2.2813349,2
-0.038369072912867314,-0.205160741180279,-0.15168609643368658,0.00030705297003932874,0.016714921345090145,-0.42782501032621345,-0.027540256931771423,-0.09529459364017487,1.345,11.055465,2.026368,2
0.3638755276603799,-0.01250788500190711,0.06795707432644424,-0.1436011820033487,-0.05197774507258168,-0.3268134505398441,0.002679805176703881,-0.019930524210684336,2.659,9.053477,-0.37070018,2
0.891397256890307,0.17432006667992578,-0.05426547373585314,-0.005326787446585185,0.05229468067299575,-1.0089930681265113,0.0236904878682285,0.007217554444291174,0.675,6.663265,-1.2961404,2
-0.1064762615242697,-0.024995313644306655,0.059407532118853384,-0.13891714737633873,-0.01453825771456324,0.04847889164260982,0.0381880526641572,0.02208249828145334,1.415,10.019722,3.2161222,2
-0.4080426507582421,0.1335792272823564,-0.029028921211939118,0.13856702569815765,-0.008893154846287388,-0.2661357619285045,0.05268686059651803,0.02794100170011038,1.917,13.274135,3.7420557,2
-0.19626426287949644,-0.06210069439030791,0.048663863699852344,0.11900963293029443,0.04490713537798516,-0.07252357344326607,-0.021803162276843202,0.08553940846546323,1.925,11.646171,3.2514908,2
-0.9908965439502655,0.02032898650346078,-0.02047778120979271,0.05422576235326304,0.04798809123365125,-0.21364285741683858,0.04695900854877201,-0.02082561260719265,0.534,13.551945,8.37321,2
-0.2976415895736981,-0.253987566416465,0.054579875633458674,0.029194098015475345,-0.06203174334711031,-0.24420526546033383,0.008431691037804584,-0.027360163644969265,1.102,11.2768345,3.286526,2
-0.5465585362066177,0.041367144805938255,3.1996851212995336e-05,-0.07323902533823204,0.1051704020511586,-0.2781643870348822,-0.016135294312753762,0.024713612893372705,0.93,13.81765,5.4097886,2
-0.3518074595198176,0.17767363706625114,-0.03400594383392519,-0.016945196619150615,-0.06056206208687978,0.18115381765545957,0.09017504295208467,0.06863617757136029,2.201,10.212762,4.606794,2
0.18192685009169834,0.26173042111280814,-0.1509089745089986,-0.006191992379999789,-0.07198863815231954,0.2568429223895292,-0.0021617364720244725,0.29310745618713174,3.422,8.926414,2.825117,2
-1.2247488738908126,-0.3579378145447575,0.06743257667002377,0.10970270303967511,0.08007251098515995,0.6624799206089386,-0.023449495053052827,0.14573358788528343,1.7,10.0424385,8.363974,0
1.6745330887658594,0.10895186700584134,-0.007702678360866133,0.09703169254227101,0.022303275180525606,-0.1405076508459446,0.017294106263989306,-0.0010522589912319857,4.847,3.1865737,-1.2497685,2
-0.8490289224665043,-0.2096955282805136,-0.05144572159064906,0.045236307887107724,0.10781168716358155,0.5966503308884292,-0.02489999722960931,-0.1941375750887349,1.875,9.948126,7.9164476,0
-0.6446900037427357,0.3224106433292948,0.004749971816480875,-0.02863833749531977,-0.036456654206694306,0.2750695822378597,0.01781619706562107,0.13147119078420072,1.908,10.002649,5.950755,-1
0.3064898644818236,-0.43483605340031406,-0.017854595921393157,-0.05838191625464875,-0.021276173701115786,0.12971754200464308,-0.03874038359084847,-0.24244764118719028,2.098,8.590347,1.5965836,2
-0.19686664853397154,0.0239640919115805,-0.04368716099827899,-0.017146396453227686,-0.02068391600629768,-0.2732617226774814,0.012659311362329395,0.04687080934163382,2.114,12.458988,2.2211492,2
0.19346804389653854,-0.04284770609377303,0.11043061217412803,-0.07307478232264025,0.15606942509705793,-0.3612823461644679,0.03586912539996903,-0.05604857276064665,2.358,10.771983,0.49626067,2
2.2495146471285112,-0.008390018209842726,0.024373209960247666,0.013809501581084072,0.05018092520895229,0.2152627704666502,-0.055199000378457125,0.028751983905770273,5.00001,1.1032637,-0.5387528,1
-0.9047440929913542,0.07205087700772879,0.027805600436995065,-0.05783990429996749,-0.02981703067620936,-0.4221194412392859,0.04378414254124835,0.041056202608914835,1.015,14.244048,8.012809,2
-0.1925817290621508,0.35726710007650064,0.12626107669027356,0.181804604673225,0.01361023753723331,-0.11947202505470791,0.009253514948069363,0.010211058385400429,2.399,12.965868,3.0601604,2
-1.4177970819515133,0.3380816984746508,0.015391670389114653,0.02312111806147238,-0.09407046878418282,0.2531208894192925,-0.18576667146796014,0.07557123067439282,0.56,10.912952,8.896065,0
2.7591910571287475,0.035840645359596884,0.09218204463212029,0.05632953825480058,-0.08146846549190867,0.10951511940685563,-0.02033936060660313,-0.0014096312112958365,5.00001,-0.20506294,-0.5596841,1
0.40655603826266284,0.1735851490333312,-0.020287364827975968,0.10206141882778902,-0.017348718671567037,0.08706350163601959,0.042931525505881696,0.06760124877345941,2.45,7.59284,0.9785431,2
0.5961997925314104,0.07507648720465976,0.026231641130701394,0.022277591446330486,-0.13146813279954128,0.5564951565320657,0.017967416404374992,0.09783451396388818,3.717,6.852363,1.6932019,2
2.232217374837697,0.03756443791029662,0.05001926206253954,-0.033775589283813134,0.005364221279421211,0.44484116459092676,0.0946650703717124,-0.020222912170864027,5.00001,1.6537274,-0.50467443,-1
0.27050745170642426,0.0841096004610839,-0.026733859007462113,0.02401726293101014,0.14199794993771947,-0.1306206096494487,0.011085979258678186,-0.12697718749731868,2.387,9.616362,0.07215656,2
-1.167447129240079,0.09258024717301092,-0.09589604755607883,-0.06375081287181544,-0.06405650627044071,0.21173512155411373,-0.06382580992608683,0.10697448135303514,0.691,11.432668,8.764606,-1
-0.1928535819162029,-0.5205021197974264,-0.01899308896273677,0.08921996732046983,0.012831509618976583,0.1889725887382258,-0.03858645222840007,-0.06951496884097544,1.943,8.384212,2.9739337,2
-0.26144749979774295,-0.6038649697377703,0.05171066850696601,-0.04392741469370892,-0.0007839527984070949,0.27610782871875506,0.05751936406233288,-0.03844182288817899,1.31,8.314555,3.0997179,2
0.049884790435379994,-0.3247107409344955,-0.02020262696078648,0.055230118586251375,-0.09290008672203984,-0.4132856009592377,0.18408526057047747,0.02511466568070711,1.366,10.355127,1.5830907,2
-1.0010140789907613,0.08571849569656088,0.02493536163967254,0.033298746317501515,0.056096052372135996,-0.18220287301802537,-0.02844779480698946,0.043864376180421105,0.529,13.723888,8.509067,2
-0.3237198222797909,-0.045430254740261355,0.07996671409069628,-0.044069203298827936,-0.10689858974957278,-0.34054956349457305,-0.09385076509787268,0.02826850880588508,2.222,12.86805,2.462879,2
0.08587312088095614,0.022610768399636744,-0.1324065340796576,-0.14557970442461007,0.010649726880944343,-0.38353512831263403,-0.0363804979490904,6.762341050367549e-05,1.838,11.260748,0.7366337,2
-0.14061906419836276,-0.05738550725473435,-0.057661835961118874,0.08833304535630085,-0.05190407441303474,0.5799903394587189,0.007790053591941237,0.27053650241823307,3.359,8.45375,3.92746,2
-0.3707942612164411,-0.37562953636572893,0.08972708229739007,0.0332899292177912,0.0264103716326006,-0.059135978573273684,-0.01616023406837011,-0.03138559488272791,1.151,11.263759,4.2336636,2
-0.30817781948933287,-0.24384995318854738,0.046748610064995644,-0.021939823957449395,0.0063215257201167385,-0.11545669018616322,0.050809444436490936,0.026616840235286654,1.906,11.344937,3.9855113,2
-0.3414138217823256,-0.09648289326062184,0.05561806496195287,0.04115906053177701,0.04889273324769974,0.07424100930493677,0.06421661457571604,-0.05414050132734444,2.094,10.505873,3.957994,2
-0.7267326959084917,-0.09088612580468841,-0.024978395503152784,-0.039017313649565344,0.01840627115488952,-0.20025767411955925,-0.10548613904444784,-0.02792339462121321,1.023,13.305559,6.664985,2
2.301609397502157,0.1973564521034265,-0.01791122895530789,-0.10241707430584607,-0.06516446477658383,0.03909239786819377,-0.028183960181014045,0.13885873260221657,4.441,0.9793197,-0.553157,1
0.9478126586929569,-0.36357429815858816,-0.06333166381259245,-0.08923706194969269,-4.9858072234204576e-05,0.46715909155904856,0.027922657221241987,-0.06380918303858343,2.932,5.2651176,-0.28935012,2
-0.4377441533404716,-0.07575422676637747,-0.04473405371174796,0.013158169917027812,-0.10863775525280825,-0.21226499137694876,0.06374585899839674,0.023876452555311956,1.938,12.9400625,4.34818,2
-0.5346719983524644,0.14828427669665975,-0.07504869233724151,0.003885413395054632,-0.05008663538809327,0.8470672357883359,0.025477104272341955,-0.021173633291113048,2.882,9.009593,7.742854,0
-0.4426586389576235,-0.046600758938800946,-0.022852718221595486,-0.007312066693929975,0.018882654788279024,0.22968173792667884,-0.047771018856567676,-0.0009668177029768799,2.028,11.057739,5.721071,-1
-0.47139757122149883,0.1644565712178186,-0.07535802917413628,0.05059977519617104,-0.008466942164337798,0.8227860874238713,0.06629919513423463,-0.034363086592982095,2.527,8.956,7.670961,0
1.0468536388607617,0.22584563321750675,-0.012118544197827735,-0.05096090330256908,-0.02659277493337925,-0.08691725890446317,-0.009490431692931456,0.09203858880838642,2.92,5.441705,-0.71180487,2
0.7422474020650374,-0.20966585695349144,-0.0853394620875863,0.006513092942258991,0.01958721419650397,-0.06357909382079918,0.04102740785832401,0.06624243970130606,2.652,7.151153,-0.37335935,2
0.34034736086394407,-0.0004657393255800557,-0.05145643434002678,-0.05364365249609246,0.015577819572724083,-0.24807269390263798,0.028006529825271076,0.04899734549979501,1.805,9.340733,-0.15965292,2
0.05311384084332013,-0.0025047309470324075,-0.01985047357304376,-0.07988480012874422,0.0029342061187700996,-0.13712864685324577,-0.074248751335724,0.03319041105552187,1.577,10.494528,1.3733718,2
-0.24042035689579014,0.11003261658394692,0.035449902497310504,-0.10279424258488098,0.16150061099137422,-0.15703640652604356,0.028436371882563594,0.0715148823123791,1.982,12.42534,2.8586187,2
1.195433557440695,-0.20126185711690883,-0.05976360077852752,0.0164751202803973,0.03336653394110467,-0.3709573246976558,0.03678642638141738,-0.04245443626603229,2.519,5.0882,-1.5684091,2
-0.07831441977971268,-0.38331264408588944,-0.07996851846728226,0.04501905293262254,-0.02821486578576779,0.23016274247249927,-0.011036236608783306,-0.03724786152411658,1.998,8.542879,2.9463139,2
0.31535235845867005,-0.22007675217491687,0.09888348010471507,0.014722107981804705,-0.09159194000271897,-0.03459488790088064,-0.05001272510432131,-0.1689970869116696,2.276,8.838331,1.0780487,2
-0.541025491409304,0.2177807796220659,-0.017068126035517744,-0.0509517186361369,0.07603205126490997,-0.023874114396573137,-0.05307092052770948,0.061893633584127056,2.033,12.220678,6.5107765,2
-0.38912121001086664,-0.2183666894692389,0.18611309657240452,-0.002749872313891455,0.06721877711541441,0.35986278694195223,0.08760567624006443,-0.07273781340378416,1.71,9.849813,4.42959,2
-0.18947705463852357,0.07043314503782488,-0.10525955696206665,-0.034865455192229416,0.0626525956850491,-0.16852203183014652,-0.01779713943118502,0.020018300064845174,2.276,12.299494,2.5432134,2
-0.11767553446287923,-0.22707316507380143,-0.16920821345330755,-0.0949037083507619,-0.03209977320938506,0.2153023898093844,-0.1364855651348719,-0.059889133702098224,1.395,9.883063,3.3704329,2
2.8900870888135306,-0.2502306514316513,0.017150271604764344,-0.04198126266992444,-0.09672625475846391,-0.055902523677669846,0.0010796160888835726,-0.028749635440859955,5.00001,-0.5673727,-0.7852489,1
-0.42590753407308096,0.1920333513451271,0.036284768204510154,-0.08552816161718377,0.007336233128923425,-0.049129978923442175,-0.04909965807912117,-0.006931766181316967,3.145,12.810218,3.8731287,2
0.3842580138045463,-0.01777568521104661,0.05913865706588295,-0.005253699579199245,-0.08618291857036633,-0.0042900891096741,0.0062188348985083575,-0.049721450564005815,2.512,8.343836,0.500991,2
0.3783597141916848,0.062079498577578524,-0.11362407862725396,0.06634934497012657,0.02755020743606404,0.06441186939620375,-0.147105374051667,0.08753662858579914,2.301,7.9031777,0.94609076,2
1.027704721161077,0.2674468257734512,0.022046513928892092,0.12158111010217945,0.058699988849541446,0.40584842144018424,0.028844209864814035,0.01220062665496946,4.89,4.6041355,0.123402596,2
0.8616961367309106,0.2668029941304735,0.056194051339694545,0.06365258739656116,-0.03050706656805499,0.19400941879952388,0.001941205030971116,-0.00038760653059863315,3.694,5.165246,-0.014423953,2
-0.07110788599613821,0.001722848803747623,-0.08156554670511884,-0.0375364917387869,-0.00814084834992937,-0.36430924377530455,-0.11930260758073705,0.08340606921623522,0.943,11.727171,1.1373765,2
-0.579763668431633,-0.1501438803769832,-0.06906567567952412,0.010936639114067503,0.07352129457417511,1.0531114152865053,0.024800469311007878,-0.03267170227243804,2.676,9.236671,8.076763,0
0.7122953294578906,-0.01928853359555452,-0.006288193579826878,0.04196710205592091,-0.09426525713916722,0.03202394883695503,0.062047724387895103,0.006030065575520688,2.229,6.094489,-0.32103944,2
1.2334852396284195,-0.0851495180027581,-0.2122553543773112,-0.04869161500912819,-0.01567496260258877,0.30823962290178114,-0.0576369254114798,0.05855583042829535,4.208,4.0559864,-0.42977038,2
-0.20444822363603504,0.06110074543966201,-0.0596353900218371,0.04273356693774863,0.046802406701892174,-0.2505433117984202,0.014952334991169103,0.0007045141663994947,1.743,12.48394,2.260975,2
-0.45238097757253876,-0.36763273332320145,0.05139187861706021,-0.01802778001897995,0.019334421380243938,0.18261865297676486,-0.05194443326892298,0.11897639320913894,1.857,10.432481,4.399255,2
-0.41272005143135854,0.2611820647740701,0.006563097083962244,0.009580501096835947,-0.05293085285874852,0.31686358183263263,-0.00463384899253988,0.23679252281364271,2.135,10.054042,4.9920945,2
-0.7250257652063101,-0.555934013909515,0.09485845602344742,-0.08458022816342134,0.057954891900949906,0.6925588225098485,0.0018917952332705712,-0.025718853578620138,1.55,9.825046,7.889835,0
0.9880140504982786,-0.5022996497465169,0.03781439145184026,-0.007137235638631501,-0.04732944015369983,0.1705768189215608,0.02702042323692122,-0.11401421345122215,1.938,5.143904,-0.5949696,2
-1.0370695066976066,-0.07865630415558347,0.016211308370009905,-0.01787081765455731,-0.08744810047805239,-0.12541406266991106,0.005003180488869968,0.02945444388440989,0.844,13.2609215,8.49739,2
-0.2547347299362076,0.2249367545175891,-0.0751834556129628,-0.028345495620265587,0.006084284582872912,-0.1926575905360404,0.03646028322714065,0.041411878294618565,2.198,13.210221,3.1481829,2
-0.9469733350622089,0.1089078944311293,-0.05940990742412597,-0.01736161838264974,-0.046686930383265754,-0.2798684610395311,-0.029384031846808295,0.12131588232410545,1.781,14.089096,8.233739,2
0.6978710239717387,-0.30625275544739083,-0.025802943982285054,0.0675527827808983,-0.0011921610728625465,-0.06479342567470164,-0.04008163480596813,-0.06296185042168531,2.53,7.4333014,-0.21807684,2
2.5866472922465356,0.1891818300661232,-0.047048047998566045,-0.056737115910314384,0.02914098690482264,0.07256853049455461,-0.0012934312456107933,0.002678836057191436,4.538,0.035113517,-0.5249128,1
-0.5306764833711352,0.24962244664556357,0.02899612239104213,0.04749063728614547,-0.009547498644923269,-0.09139407174536776,-0.07158825316696721,0.08113505886080191,1.89,12.319024,6.4240255,2
-0.28219103005847807,-0.04649284268816248,-0.08074340383778661,-0.10599518665442131,0.011451491336297748,-0.2275373273204127,0.024396270755223937,0.0013510094860351984,2.391,12.483027,2.7028933,2
1.8108794763190825,0.05708293457104055,0.041763941743764826,0.0011274020950720887,0.03977982940662525,0.09699381833904658,-0.1347802764356682,-0.06042239214652703,5.00001,2.573616,-0.70908046,2
1.1396303508885297,-0.25412586189370523,-0.09451725470646913,0.009884768345978845,0.03443910667346284,-0.07773708663215798,0.124558015729861,-0.06093730925785207,2.918,4.791683,-1.4156663,2
-0.7835330336982225,-0.21113574598014312,-0.02334069983261021,0.030096370721624188,0.026278179488576248,-0.05314577378130192,-0.01786266726916659,-0.020346414280497244,1.135,12.484335,7.2966433,2
-0.5896853633390124,-0.1103064784145773,-0.014801890204065249,0.06624154818027961,-0.0024541814117626515,-0.13241268698293865,0.02359199157324815,0.0893280395587642,1.21,12.992551,5.72848,2
-0.9593132759461228,0.08265262846094382,0.03803402492613131,0.008119739968771411,-0.011754853988154707,-0.05872728539714811,-0.03115927522339873,-0.04109111618920819,2.25,12.967312,8.180896,2
-0.14921203850606574,-0.04335290654220733,0.006955684753471525,-0.05159056725757988,0.04938184844980226,-0.2669703902848718,-0.05771550607807974,0.013980641308774022,1.506,11.865639,1.9491541,2
-0.4470714786705463,0.026820893963484554,-0.07842884560100674,-0.0011784169141070833,0.06299610301452274,-0.4082358216301796,-0.13957793899925533,0.10514134701513148,1.31,13.368082,2.6856096,2
0.36201306991282917,0.5141212194809056,-0.16314855879227652,-0.06411942599597908,-0.11508171056900757,0.41403211148101937,0.001972491753853667,0.14027338108514392,2.759,6.970166,1.6938716,2
0.6318210956778794,-0.037110520894113375,-0.12546183934869357,0.05809597773898492,0.007865573081023147,-0.4414268101605813,-0.0723778683124233,0.029331354227183137,1.306,7.3296022,-1.1158452,2
-0.6219274748891777,-0.25562413218680213,0.09888587878869318,0.0062046446068557415,0.01967570792996473,-0.10559291585847502,0.029352343725616764,-0.019899550899673407,1.005,12.136138,5.554329,2
-0.18973235236943345,-0.20027492054654739,0.014530559414890454,0.17966774548513292,-0.0704565523518236,-0.13752384474821355,-0.036598244545247155,-0.14118763914282242,1.128,11.222381,2.835276,2
-0.8179218186209549,-0.1039080803068082,0.12485032663067963,-0.03986282533477671,-0.011653216860902982,-0.3018347289282515,0.012931127312111698,-0.17863649365435744,1.008,13.786467,7.156423,2
-0.2993366146142841,-0.09799557893712041,0.00947809312996123,-0.03453404569549609,-0.019417815053931975,-0.11486576574728,-0.06732506844583089,0.06815931803045874,1.246,11.871803,3.5137205,2
-0.8405058015455116,-0.055636200795682766,0.04016163896236907,0.038612813372173566,0.019267221825025466,0.058599337044265565,-0.06944245641231883,-0.09289426664231168,1.125,12.258559,7.433688,2
1.532771421026243,0.06674282943101337,-0.07231679891906406,-0.0012617978554108622,0.2155470753312856,-0.01923257024459396,0.03981034958892782,-0.03726794618949611,3.929,3.3394604,-1.2786399,2
0.7009832152176889,-0.16805489147612349,0.004411287044876866,-0.11791510919724751,-0.010813762318867326,-0.31819238372743724,0.09436911070078086,-0.037996226088447965,2.768,7.074861,-0.6296907,2
-0.7056731870541465,0.07952286706122388,0.006007458651937303,-0.011267877112269578,0.0015699996255008758,-0.23411848850270023,0.03701523912887272,-0.14457949205730156,0.766,13.80057,6.519967,2
0.177209166051701,-0.3905064363622271,0.026716079833564665,-0.006513431572281014,0.044428181055675,-0.04075193447732736,0.028343952921336346,-0.13639881577712332,1.456,9.201944,1.4108057,2
-0.22583034360471654,-0.06527537684159596,-0.00013692828234310173,0.019845228651651503,0.07635920659901516,0.1368430020060772,0.02862673258714471,-0.03359169122155101,2.045,10.078528,3.7340949,2
0.1325241572112532,-0.2506698782893948,0.12907275345101862,-0.007015212845477153,0.016047191042551034,0.017701970840796,0.00012788250968767678,-0.053743453623981724,0.983,8.918577,1.6220664,2
-0.18941427583114184,0.07638663121311481,0.035167558133749,-0.030827671993229194,0.14063622742110152,0.06097451313242647,0.017312070814511443,0.0637879656986498,2.293,9.929635,3.4075797,2
0.010420108123115501,0.2257427994621881,-0.04800529676658044,-0.05326961808423919,0.007205806040120666,1.1729716713173601,-0.06455829107785424,0.054614509824590096,3.538,6.880077,4.6676507,2
-1.2053563854569793,0.25858250718857534,-0.015796513411788504,-0.01606294833494798,-0.099415479940367,-0.20398536149417865,-0.002581425065500048,0.06137265225949726,0.66,13.014345,9.166496,2
-0.01716257791059675,-0.060340946402577006,0.06002238968136933,-0.16181381275359827,0.07419036448142877,-0.3074555314006008,0.037141445705349746,0.07468117580322758,1.594,11.268689,1.1100494,2
-0.891509760500182,-0.09947473960040959,0.005283606504136257,0.09084680325559352,0.05882852853440604,1.0976171252418814,0.006906803127731342,-0.037771952926475894,1.817,9.324245,8.246635,0
-0.383110470925222,-0.12566903545114422,-0.04326526770934033,0.09947762054077658,-0.08460236288675937,-0.1957443792268259,0.06488177394738101,-0.08112597412695771,0.614,12.350331,4.40585,2
-0.1060620859624368,0.120506345922514,-0.12367051926949973,-0.06728393318585021,-0.052136607055375955,-0.30988572518956303,-0.07038534205767455,-0.10381185670396878,1.298,12.090201,1.3500398,2
-1.2461665644385582,0.17161571653117777,-0.1420191302981828,0.0010961711067034308,0.033704817863670494,1.1251577784894535,-0.13298966112664884,0.07763716102013374,2.167,9.33497,8.614942,0
-0.49166444128612563,0.07537211480321243,-0.09065619160518043,0.0728522006529876,-0.1572399803770077,-0.6764459254956054,-0.10159979438015722,-0.006431916555610748,1.125,13.512641,2.703779,2
-0.7213910667530191,0.07870474244900055,-0.03462713678821816,-0.19605540591840295,-0.04233389566535001,-0.2660019633391323,0.05193496869203448,0.20367399264296088,2.75,14.020089,6.3417945,2
-0.26156200958366815,-0.05220100885051329,-0.028780601244720455,0.03844851451594458,0.03189322593373692,-0.14975384073037448,0.0029381685164960314,-0.16529038006501504,2.1,11.917712,3.0343716,2
-0.39602900667160057,0.16448341250529744,-0.049968870879246285,0.07669247007738303,-0.010739867941106901,1.0360723781678216,-0.13662972613424007,0.016794274433028417,2.382,8.69572,7.915092,0
-0.7028026741340412,-0.01982221721813962,-0.022358138976612263,0.0017677856435306394,0.027498235216355887,-0.22680750392751678,0.07133401167510711,-0.029026896813023423,1.625,13.5376,6.509138,2
0.13268354256087164,0.29431042722462963,-0.10188616591452793,0.031558005241609954,0.056498132859907735,0.7151581811270513,0.04049053026668453,0.18559866395629976,4.389,7.6404395,4.230764,2
-0.0031684839463994308,0.209636542885751,-0.026356489150801687,0.0054861739550244315,0.03887089758434828,-0.025103604810724156,0.001970452518430643,0.0878401590731222,2.625,9.786387,2.5071285,2
-0.267391832801676,-0.1917266250162785,-0.10044672176716807,0.0024208346057214003,0.030289918151347406,0.01740326661979355,0.0372212892478363,-0.055150211488620954,2.119,10.975359,3.6980777,2
0.07747336584568484,0.3707540110907262,0.026169622752260452,0.07103918000258644,0.12754135035098738,1.4807327077988932,0.034505349972662525,0.04385798825279208,5.00001,6.494515,4.7172894,2
-0.233518876028159,0.07927175033504477,-0.05737550865317104,-0.00043671943334880337,0.03539687649274503,-0.38553583105813316,-0.01201803619153094,0.04152715365899873,2.29,12.853001,1.7478763,2
0.3134791370975921,-0.4645753752367754,0.01540927231721198,-0.051016325695251746,0.012290111310177043,0.08860613250656713,-0.008442226765442151,0.15920744652280455,1.903,8.2495775,1.8541225,2
0.14279967514999822,-0.3071702396794399,-0.016110096862843704,-0.09556013268090097,0.10184192544228707,-0.3050099737648755,0.017784587376272587,-0.19324279164048488,1.591,9.765903,1.1393013,2
-0.9432429320419048,0.1926142314517742,0.018566462716432225,0.019061039404768804,0.07031066214962448,-0.4583357462321692,0.11846450535183559,0.02527392508357401,0.444,14.266445,8.143624,2
0.16733110802595821,-0.1923624293105235,0.007419181058891305,0.06472513452740178,-0.057100845856722066,0.06758231678352983,0.03144498514981575,-0.026837894234199966,1.956,8.716245,1.7166888,2
0.9526486414613752,-0.3741995677083391,-0.039899833343584795,-0.13250543292847228,0.019891555202774858,0.2853670225951749,-0.027112006750405232,-0.10930865283591712,4.058,5.2506433,-0.4720509,2
-0.1473812299969877,-0.03455370213335468,-0.11671233073215312,0.07523256643056694,-0.07582953566676262,0.6730109858316584,0.0318300621516443,-0.05930765052940509,2.177,8.147616,4.0535717,2
-1.1179598751132354,-0.015254899300131103,-0.07875122068018992,0.011231386752887623,0.047691628273435926,0.34904275730064144,-0.10500680477567637,-0.015392937821401387,1.136,10.96191,8.55366,0
0.5837888722746176,0.12524986952254877,-0.045387233024963836,0.08430245484758384,-0.1394179832725867,0.008023598833691192,-0.19988375931160554,0.03806870069605642,3.142,6.762676,-0.055636924,2
-0.8973892405329973,-0.14316253066474216,0.08524784930442816,0.1012928468639247,-0.07284428398611507,-0.1079318891131738,-0.03379734472897643,-0.11088734835134859,0.571,13.054066,7.663343,2
2.9911356581818116,-0.013753500986951717,-0.10142865410885366,0.15339686969844887,-0.030067803536474147,0.037743084182742165,-0.012522154187865342,0.13006422745813795,5.00001,-0.5005235,-0.75101113,1
0.1231001450658894,0.16821911825513414,0.03447234007702987,-0.05185944249412544,-0.0967180507099763,0.015648401099445958,-0.055442670836778785,0.06640485570149143,2.486,9.5268955,2.4440446,2
2.1507734062987653,0.13659794320138788,-0.09288561906227943,-0.03793599547406362,0.030425621907066436,0.2970051770399228,-0.17257130182516014,-0.0618027824699775,4.635,1.5210073,-0.5229674,-1
0.34375016459633734,-0.28929424871502374,0.024546969547979303,0.0051955490187668985,0.009687628619259592,-0.009669185411781744,-0.025008951312518124,-0.09663354427300383,1.623,8.700765,1.0797628,2
-0.5929924340335823,-0.0595004628292497,-0.014036068325081835,-0.105582499619574,-0.064929592914272,0.031150965689569654,0.03169086416209452,-0.19480072686096564,0.882,12.409067,5.9552536,2
-0.6224456632672937,0.1503926610343016,0.09255208173079676,0.019225841639150212,-0.12880539936038465,-0.42429247289561073,0.04818080559882883,0.12374953465817758,1.213,14.2754135,5.8607492,2
0.36818549123936894,-0.015753679758000322,-0.01216655642790379,0.0696078601099675,-0.06300935887508488,-0.29853283707950296,-0.0320213820891207,-0.08375417013090775,2.202,9.457756,-0.3224277,2
-0.8179191080794077,0.1766037516114739,-0.028650765753286178,0.034155977739329435,0.011078870169917376,-0.18711471704177055,-0.06599622701538996,0.021630551489945943,1.511,13.773449,7.3815417,2
-0.03317895075526103,0.6149204928486804,0.01824029360881646,0.018748581649630808,-0.06028485299062128,-0.020663963384226963,-0.044696159252379686,0.16711671627459745,4.2,9.139411,4.943881,-1
0.8806195934000393,0.08320569706334857,0.01977341203242461,0.04239295585592781,0.04783549911341592,-0.4440544619592949,0.04213431475358895,-0.04458472924851803,3.022,6.403099,-1.2440615,2
-0.4740931795225574,0.05017590317883841,-0.0030365764184087374,0.038349358085865454,0.09481108260620852,-0.3219401635187593,-0.11121427950421944,-0.14071734431876515,0.822,13.501305,4.6115565,2
0.34095506433077793,-0.11904259112113488,-0.01450143643336671,0.014950001741303787,-0.00019423652910185996,-0.3988298856193162,0.01653588891471955,0.02914963157847511,2.653,10.367276,-0.09025981,2
1.0175892797250423,0.07595973579135806,0.05995139738693503,0.09964884591732137,0.06199991900966803,-0.09127796058986268,-0.09011766627285614,0.054514984222471474,3.121,5.539687,-0.8756283,2
0.015827991046055923,-0.1006423023439941,-0.04304263750416473,0.08630613634402765,-0.04264945381778487,-0.10323070977879781,-0.022673786717258032,-0.1041892118729632,1.914,10.309838,1.5128311,2
-0.2748255728553304,0.04990446451726252,0.020441188743887673,0.1119079477956573,-0.008899949812002289,-0.4068699526084939,-0.04771034431031698,0.07233492008782347,0.978,12.973413,2.099167,2
-0.6947162197684777,0.16773982959073128,0.05777409166391534,0.13633953946974675,-0.018249958122831533,-0.08383819251601818,0.012215822728515208,0.1224495620628745,1.317,13.286255,6.777146,2
0.8905455550464456,0.5427439891336521,-0.04598545814354843,-0.024559991614479804,0.02580735949312979,0.21262632241669682,-0.034658665498160435,0.05888568052739884,3.413,5.05317,0.049604595,2
-0.6028029277367233,-0.09239745622909903,0.03583239486678605,0.03654151437625075,-0.06823669133513408,-0.18232241704754876,0.11970924554655074,-0.016989533599039985,1.033,13.00344,5.696387,2
-0.6869593048818861,-0.05287899973599228,-0.046299739428226766,-0.0309807550137646,-0.0928736957642233,-0.2910937486919145,0.07308384947169361,-0.10464623194370681,0.594,13.548897,6.412101,2
0.8659016403520374,0.2031705600129854,-0.03742978278742426,-0.02029070555727952,0.0013847004465350476,0.2914611652203481,-0.017859726011685284,0.09966275369056843,3.404,5.0060387,0.12651658,2
0.19212811271658742,-0.010351404475085396,-0.016751531562036875,0.029156573002839276,-0.027703541750843552,-0.4929637015862173,0.013056949501820236,-0.03718681611851904,1.657,10.972407,0.16754283,2
0.9195748754731753,0.010291303598709639,-0.10230552084960803,-0.03087705213236508,-0.038991138317851975,-0.20566671722521623,-0.11121059703560987,-0.027837554999325526,2.43,6.1282015,-1.066058,2
0.280534666873836,0.02753500537175496,0.07438735584520165,0.04943662603884144,0.01728483755578697,-0.3089318246914673,0.015891990765676323,-0.13809293741263676,1.911,9.74803,-0.08311109,2
-0.5638808098613302,-0.07028340780532649,-0.1388524035095719,0.11834534350123915,-0.13497356721835957,0.13614467923989024,0.07029073289961124,0.010505150815356357,2.347,11.539095,6.169988,2
0.15763700540654335,-0.019878532377395647,-0.015270719505415087,-0.03904536407149567,0.05527902715502456,0.4168503552139752,-0.004434169365323648,0.14903587038824165,1.603,8.28121,3.2897666,2
1.4984477158225704,0.039591080751440744,0.03288890043127765,0.030022949852068853,0.04305048360967384,-0.2491839488622568,0.03814886874040038,-0.12024229920105742,2.317,3.5400834,-1.5765587,2
-0.9508701186709008,0.13010187294083325,-0.04956261773981549,0.04552011182250233,0.054635402865188976,-0.26630122599728623,0.06213908735918405,-0.0689290923575555,0.75,13.903104,8.250186,2
-0.22636600956166772,0.03317991073191859,-0.013021561807577298,0.040501229013710865,0.05375184999061838,-0.5918469090301078,-0.05653090898284202,0.05593656660598678,1.428,12.464958,1.05539,2
-0.34713404978569734,0.34909515256451634,-0.05646334561671201,0.12097240970435769,0.00426559921587874,0.9036090981783174,0.06478764056059436,0.1331401054036054,4.065,8.845921,7.566777,0
-0.41608741203071953,-0.012125390376448192,0.008899302464247194,0.035572776404666245,-0.0676547767781134,-0.12634186981520376,-0.05601840777173073,-0.2520909726674819,0.705,13.100854,4.734426,2
-0.01306764505129096,0.12159993762524521,-0.05943454193356104,-0.017477069393307898,-0.0680661558729235,0.8895143230820353,-0.053343460697485245,0.12231466138286595,4.583,7.247179,4.513003,2
-0.3358744727275771,-0.14189470430236836,-0.008182463967264436,-0.09526487180899607,0.16677764706410178,-0.11410896595074713,-0.010978912946151359,0.01118963191610603,1.719,11.819991,3.5971994,2
-0.8668412273023478,-0.01619520507598414,-0.09831032733886344,-0.05460736207741548,0.16285786781111675,-0.2068971938302273,-0.08603872145195404,-0.041441077522653275,0.833,13.704147,7.4939284,2
0.9822575352354753,0.010827274387554958,-0.07709041277950363,-0.016913668769462598,0.11580457266149216,0.14322707051645403,-0.06683561629717127,0.10106562417529807,3.369,4.9690647,-0.4627359,2
1.1553683425993275,-0.02988802226820489,-0.06149903118758368,-0.058089266567270786,-0.019719582869636737,-0.11906168097761574,-0.0017060700879344415,-0.0012908497010885311,3.487,4.589899,-1.0968189,2
-0.41021568576220785,-0.3266989746210939,0.015293547848376693,0.005231967330412923,0.026120959092783974,-0.004873004088303046,0.005257987564664196,-0.12898031067704363,1.178,11.243034,4.4820256,2
-0.8269415608591296,-0.3231185739032149,-0.03121523075298961,-0.03493391062844123,-0.05313293588315135,0.7923525186024402,-0.08586638392984695,-0.18276388261749377,0.877,9.693243,7.993749,0
-0.10757318240975702,0.13641351484099448,-0.07040291222091521,-0.028717434166098704,-0.05475149209159544,-0.3283342859426791,-0.07427931410973923,-0.06470010157256006,1.271,12.144588,1.311399,2
0.6449684455180251,-0.27372011287260023,-0.03274055767222117,0.06231925309371836,-0.025524966915779185,-0.25683145813846353,-0.12863885738198683,-0.03668779727039484,2.312,7.4973063,-0.32311344,2
-1.0276223667014326,0.0049796692289473254,0.01617870459317597,0.02333562576663685,0.013176705279211332,-0.144172039991676,-0.053636494817218244,-0.01065783408773266,0.668,13.363614,8.483747,2
0.9007053053233023,-0.04639044888714661,-0.07144176630818794,-0.009666287218140418,0.00832586479878622,0.8719838695627863,-0.018197036758661633,0.21479006956372942,4.3,4.3106585,0.50652784,-1
0.13026226282322806,-0.06698518777762077,-0.08594391999653767,0.020722630272815762,0.016923521676259434,-0.3647839184208991,-0.022667551981648576,0.015191146421700719,1.721,10.920588,0.4332077,2
-0.7491020406590576,0.004343613036252608,0.005567449437927946,-0.030148844926184692,0.01853774055463328,-0.2625288833696956,0.11062503989761252,0.009561364007809076,1.759,13.8676405,6.767287,2
2.2797944946963207,-0.01040277086822794,0.006210756859804545,-0.015749269162020685,0.04186628346055221,-0.05989932874784262,0.02179458092858977,0.01554303288426237,4.063,0.8337555,-0.65957755,1
0.7933068389536041,-0.27608592718456026,0.022516703237587338,-0.009892003993245885,-0.040534929196760605,-0.017463167091986642,-0.03956837684765854,-0.08818291631688627,1.903,7.2379594,-0.20553163,2
-0.7969640504617879,-0.20960409905941443,-0.005206733034427813,-0.031261236970741235,0.1551003036300638,1.0113581842827122,-0.03245036774743276,0.028672700662984635,2.25,9.422718,8.139066,0
0.26980492949888,-0.030475995577192688,0.006158012153875125,0.08215168023966948,-0.05980016225818527,-0.2914446431527457,-0.02851100834803788,-0.010060857147441232,1.797,9.740869,-0.23705089,2
0.01632969627666983,0.1591496362055519,0.06794731741197457,0.06737127909041707,-0.010676263449305029,0.36026668463602773,0.02321567823902651,-0.08748026402684658,1.798,8.858658,3.4887733,2
0.07904677550972836,-0.15704524874711434,0.06812943841304495,-0.05720043778363684,-0.026543203786361935,-0.08879040708045866,0.012142154419779339,-0.12424258720395306,1.711,9.611851,1.2818998,2
2.377282755508114,0.010894631673781352,-0.08328979009000301,0.009052812366572849,0.042666774718029044,0.03372849130352498,-0.029343153206652345,0.03344032273625197,4.964,0.77373886,-0.588524,1
0.17493425100979101,-0.14952673713396153,-0.026305804236288644,0.017151764046626605,-0.012968640468778575,-0.34969648621988325,-0.07090475113987657,0.02146660281401075,1.825,10.589708,0.41561177,2
-0.6261384445301275,-0.018657597301576512,0.024854131466064244,-0.004713584199477677,0.033616183392643106,-0.05164766152122774,-0.10267825510677159,0.04283633216439356,1.405,12.956814,5.954145,2
0.17272288385140508,-0.24327165929423245,0.004709519086372904,-0.1503190747236403,-0.023579756278290814,0.5066223890395478,0.006631696186736619,-0.03652662837576279,2.556,7.893175,2.8180547,2
-0.11666340233540379,-0.10380364589947547,0.02729120054359105,-0.07046996197724373,0.018570735742052147,-0.24019515989477166,-0.013398370769700796,-0.017209836625173225,2.081,11.521276,1.9631662,2
-0.09987917352501244,0.02743203259172755,0.06504070170244253,0.0008197996242761962,-0.05830383184402371,0.16243119497707112,0.19588247448690266,0.14048518226902718,1.76,9.380038,3.3426206,2
2.3171069621527995,-0.11683180415618155,-0.09281294815608948,0.03788936648969338,0.05632395871782464,0.10459797217440622,0.01038942793834463,-0.03996180382781253,3.327,0.8202643,-0.62712836,1
0.2005005724740868,0.09289215392520322,0.028061784178976285,-0.10721372379731003,-0.06246121374004143,-0.21730628785682626,-0.03057936527228111,0.028706986960305797,1.753,9.691572,0.27342793,2
0.052870470634455796,-0.05324151819274334,-0.017441953238315017,-0.026756350855902472,0.021095304107519558,-0.26638770086180735,-0.031593743874087754,-0.03237526905573837,1.164,10.931081,1.007575,2
-0.41219868233589807,-0.15278573384678457,-0.032907773073012875,0.03211312886690823,0.01291058790867905,-0.3578261891133425,-0.015199034422749641,-0.0409501903567174,1.443,12.937256,4.1578946,2
-0.4955228048543332,0.4291001939644306,-0.007396167888980704,-0.051276271455672734,0.01239363121188447,0.3641561170691688,-0.016898829204728655,0.043595800269483065,1.844,9.821233,5.805844,-1
0.39000692742197485,0.28590293975118763,-0.009767984099284283,0.0401458497270098,-0.004235055485497907,0.05489005255739135,-0.048502292141828024,0.058940340998918234,2.75,7.5195556,0.92305356,2
0.4521219006494768,0.081239753422858,0.0828416253270857,-0.028926350973331516,0.09278331178077873,-0.29285714594097934,0.00527149937786911,0.11387110234814929,2.509,8.762706,-0.35447076,2
-0.6644598128667275,0.19115308268140951,0.009273496805211223,-0.02507725397171326,0.06325990916490837,-0.15555094802938255,0.04019395724800731,-0.10069396616262877,1.625,13.864527,6.3606176,2
1.4290699509945621,0.6733255091136947,0.03374163144738607,-0.03589954380059529,0.03346153414007219,0.48736521766994945,0.019721897933326987,0.05727943659269674,5.00001,3.5597813,-0.022893753,2
0.9407637174020926,-0.1489941105578674,0.02722128002006019,0.14491200697311057,0.016552164057397234,-0.1704805587664617,-0.09063390965095303,-0.020814900596564212,3.757,5.759863,-1.2194672,2
0.9072664496109704,-0.47033098755878466,-0.012750131571458656,0.05263336142220751,0.056188495866900307,-0.09601106825014027,0.06965184504775124,0.0694275997361544,2.252,5.0385633,-1.2219081,2
0.9695630778950385,-0.16848129405917192,0.03332706418891715,0.02893110233045082,0.08127312604860562,-0.07416737318181069,-0.14406900412926746,-0.07819371693479524,3.356,5.345507,-1.1402271,2
-1.365160106287214,0.13822603506574552,-0.03672737246723895,-0.04516416871546414,-0.11971039765964117,0.5302393858057924,0.0047439819856237575,0.0064102533485064506,1.5,10.2984495,8.820542,0
-0.17500765265775925,-0.08748445554828643,0.08557562275873906,-0.051500295466116314,-0.039126510847770496,-0.35544053596334046,0.097155050900745,0.1039288232032399,1.174,12.363337,1.8745955,2
0.30240942821717953,0.01385426712392221,0.040249390562334036,-0.01946480024054406,-0.08724340539563724,-0.17034912791815335,0.037582696663315374,0.12125015725898086,2.613,9.363116,0.10346836,2
-0.5741435148478612,0.29044172229577236,0.02989587515275033,-0.0006120694646067903,-0.02218877778711939,-0.02633132071730679,-0.10804673368764589,0.11025751376297993,2.479,12.150489,6.5773335,2
-0.7222954580747737,-0.0845521258830447,-0.09402645077801802,-0.043582225701191385,0.0078075489354700045,-0.16468200186128346,0.06068002841873457,0.04665892801802998,0.632,13.089324,6.4593415,2
-0.24290115055637823,-0.05168210169321433,0.035099358361423444,-0.08847401380799597,0.025257340715658244,-0.18795906077423272,-0.025462128003724133,-0.07909923849758257,1.601,12.114184,2.8709307,2
0.04352068990668925,-0.5013690600990075,0.15616491655601636,0.02960092070357373,0.0612484322645421,0.9321953373953281,0.016269289083363503,0.08529178080440675,3.547,7.148171,3.5535226,2
-0.7596547153842063,-0.11507832912021604,0.0008555601436358168,0.03360545595071911,0.020906187356803718,-0.3226378796693183,-0.09305977967794381,0.031513982657834935,0.694,14.033544,6.9171124,2
0.33184352914199716,-0.2745653711514077,0.010609559582731493,-0.07754363276789117,-0.05098799006717378,0.11665507933323604,0.09601426054697579,0.04017124663059715,1.909,8.378516,1.5724971,2
-0.8350046035087662,0.022986935552574486,0.038791442595540765,-0.032890274581676385,0.04079855062503662,-0.25089842453040284,-0.059054147972847165,-0.00011669170174438692,0.979,13.992203,7.5798955,2
-0.10757612699125488,0.1415083242827806,-0.004873448999540397,0.014409262613387264,0.017956700976909018,-0.29997957342688797,0.09436627967075184,-0.050103764134471346,1.875,12.399942,1.351347,2
-0.5195967047198422,-0.07389217250525446,0.02161584425244359,-0.07196104342453974,0.011900987011700725,-0.06510375194833617,-0.01657747312077748,-0.026066490137129944,0.87,12.47039,5.2334857,2
2.9603622821103,-0.036435679794476206,-0.0539633107061932,-0.03141224492136699,0.004017279293693554,0.06763524785030886,-0.019698107353204763,0.037058915954874816,5.00001,-0.58237,-0.8318954,1
0.2887344658541169,0.01800488720192578,0.018622220564775138,0.07622566424666602,-0.07166950583278442,-0.3019687754851528,0.09512543351969177,0.0032867057065943395,2.19,9.632399,-0.22972964,2
0.021047773336467734,-0.0798537175540035,0.1044996526704634,0.08822002997508066,0.10767795839316449,0.41377600221365296,-0.07192803176720836,0.01626647406272655,1.281,8.446942,3.4012747,2
-1.0541105879484804,0.00889563133658236,0.081535514366468,0.1368019835127906,0.04333289468443857,0.03463577967738404,0.006923735729015834,0.05557458497107422,1.25,12.280368,8.534453,2
-0.8893548261296109,-0.28926349939186535,-0.07496848232104722,0.01026105173470701,0.04699937671780269,-0.06481187448023217,-0.02748306260899852,-0.08334651150408076,0.504,12.504943,7.5405407,2
0.3876197397522495,0.13302859650253318,-0.04526994365482545,0.05182038172242204,0.05965445354301341,0.26613465309949014,-0.03584920906160022,0.13069143089032764,2.905,7.3288846,1.5417775,2
0.021197954074416187,-0.25368090427992396,0.017956844763213103,-0.027030107848807355,0.033440688604678026,0.21708162678302076,0.05313863717615955,-0.01863292735081437,2.36,8.744197,2.4839385,2
-0.3232545932501204,-0.019360987293296217,-0.020246314946253785,0.028306306793968644,-0.06755387239276611,-0.337815536182002,-0.04119601316628191,-0.027084025048410038,1.11,12.895512,2.520286,2
-0.004364490399823756,0.06440441287344903,0.08412245710731847,-0.05124560812195236,0.04519204650336919,-0.01790543168562292,0.02262515515873445,-0.061744448675268876,2.349,10.112943,2.2886136,2
0.5690225259280495,-0.09827342006679166,0.10488485926138491,-0.030876429785459902,-0.07432706448451007,-0.3392419225565505,0.049949732154029175,0.02899211222107967,2.687,8.352201,-0.5736765,2
2.527901020929395,0.20902163514144745,0.07030069037437689,-0.011089740276761878,-0.08334724932400309,-0.016826259663703685,-0.049544108679298066,0.030843091510475484,5.00001,0.14711776,-0.4701754,1
-0.5511643501899923,-0.158368353295119,-0.0683743529282603,-0.07147516740466672,0.09980440246834346,-0.11561984575336337,-0.04472446477243941,-0.03755521253388569,1.103,12.431662,5.4442253,2
0.11384077053165764,-0.40389115789484964,-0.010496064193170701,-0.033743351907183444,0.003220777296950361,-0.20737528495282867,0.06446207060696857,-0.09075039930256976,1.188,9.574299,1.4125627,2
-1.107186404365232,0.17990902607049375,0.09486876546609604,-0.04037335210119765,-0.08188642112484748,0.16552007903998012,-0.000690542587037421,-0.05715197007083739,1.018,12.084815,8.66635,2
1.2712876872560437,-0.12159202746219538,0.0042732777681323275,-0.008022649229267848,0.011680488049162246,0.3070234364030326,-0.07462586462883083,-0.16407848927462895,3.409,4.3330646,-0.5087894,2
1.6546739829290016,0.19606092029119485,-0.0383629915351745,-0.10980152920411501,-0.01843858970939255,0.1291797387936071,-0.030573594863629733,0.03184143996464717,2.941,2.7954757,-0.70479965,2
-1.0674948651137668,-0.44118809908583845,0.012910715300662873,0.12864393523276363,-0.012699856836934573,0.07670309708353874,-0.059629837717124615,0.012199695900225654,0.55,12.433581,7.9213476,2
-0.5817330994604573,-0.08451258626936003,0.02229086618045184,-0.042149963334727036,0.042103211985062644,-0.11842811802326939,-0.036323467835956774,0.06989579748987834,1.517,12.935362,5.696339,2
0.07631424387355357,0.7121141343675106,-0.027669778110316068,0.05037749958945614,0.06947002414513564,0.3133881976812427,0.07755474085008629,0.03427420297102407,2.61,8.929414,5.0794063,-1
-0.16559124577328846,-0.109973611896965,-0.12960028188740766,-0.10837635147317834,-0.0654287460002004,-0.2800402432868656,0.03996694623962707,-0.040232859601418786,1.547,11.976978,2.2089338,2
-1.3558285494457112,0.2792309972075309,0.0699055643724508,-0.05802735286253355,-0.0021071912258986136,0.790774515588141,0.04690041196489675,0.1432039466916582,1.625,10.080401,8.764431,0
-0.032135655553917786,0.4357248190364466,0.08903434300959173,0.009812768025062063,0.036088640397038685,-0.21305951903870232,0.040149733051968006,0.18467310158960784,0.938,11.432965,1.4990895,2
1.3679998954621424,-0.22590792333646217,0.03293489135771405,0.03765931919938045,-0.016679174344038927,-0.09617668595600715,-0.019936115116549136,0.06032428252182884,3.4,4.192849,-1.5944266,2
-0.5228202457636012,-0.06034110301376372,0.015930489962428823,-0.022590179584289355,0.017699694912025332,0.06548447302333588,0.02733194604140332,0.14389846652475546,0.933,11.494355,5.90067,2
-0.23754012632793267,-0.10333351424557777,0.1500743571852219,0.12423071420771398,-0.05266959223280493,0.19469853163368483,0.027254270063228253,-0.06852526319418717,1.357,10.04088,3.7453053,2
-0.4920786252163016,0.20766446587642318,-0.046048240243410365,0.2302956242450686,0.10049470448859607,0.762048340939477,0.02638209817867035,0.07953624140900836,3.405,8.970898,7.690578,0
0.004932204753076125,0.10602370196881736,-0.0055559850025338475,-0.005814851487927292,0.052389963468714135,-0.2275998623297535,0.050643172808715636,0.03784190623598924,1.661,11.130655,1.0700608,2
0.3545551573556758,-0.12183468796107433,0.04196553505861586,-0.007674188819232125,-0.037886213421029324,-0.5192252418128823,-0.03369995994634892,0.014278878925105765,1.574,10.43838,-0.08191831,2
0.15341872602235063,0.4446259827282792,0.0440102405393642,-0.0063949988637923005,0.07978939730619478,-0.2512705684224813,0.13703788585465437,-0.029302560065739447,2.709,11.365124,1.3292445,2
-0.8465011504673807,0.05858241023639016,-0.029599088800501897,-0.013092391407855314,0.03734551294356532,-0.17281396727595066,-0.055079695506964704,-0.03844881949669354,0.769,13.660915,7.6073227,2
0.03418998111099533,0.18037508536970884,0.04852150871641081,-0.02607176557995322,0.0061719843356772,-0.005225072568153355,-0.07476897805945693,0.12037254053487259,1.713,9.668032,2.4312294,2
-0.38749359731370503,-0.27738586871828397,-0.029796987273005587,-0.02557210106035465,0.12179561022200208,0.35090863488102136,0.036981586512400993,-0.044553217701174846,1.61,9.87874,4.3507485,2
0.006085875446985939,0.6332538011227157,-0.04313049491044371,-0.07109362735124039,0.01855062408658284,0.3195049399186953,0.06315672435147965,0.06108401969746266,2.523,8.935914,5.0993423,-1
-0.15042710504432116,0.07881725465538936,0.034615624721729216,0.11548121044435011,0.09489428978232414,-0.13937255202270477,-0.0907552813461655,0.07171079863663266,1.955,11.744461,2.9328682,2
1.9654267622650492,0.062517177827982,-0.020535982588851864,0.05831526730687825,0.04053890422471085,0.5863106605409875,0.024178614971711615,0.05986343332360336,5.00001,2.06422,-0.49002874,2
-0.7931131771266475,0.04022738867586248,-0.016619233908097136,0.07486864794591516,-0.09929299610089765,-0.35484720010732274,0.09090937936487742,0.103010257992153,1.66,14.07109,7.0483027,2
-0.40144750284624314,-0.10819389800750973,-0.029788437301973614,-0.01074127335077285,-0.0122140438872482,-0.043831951564107435,-0.007865477975096485,-0.06567199471003743,1.889,11.946496,4.435745,2
-0.3747419055929032,0.04255101403626518,-0.04948013585802577,-0.07818342575370654,0.0020410196593677876,0.17518635186998172,0.03627334303880661,-0.03848541963665569,1.489,10.261283,4.4961214,2
0.9682762820243562,0.05373781916695508,-0.040275043171511926,-0.048547142244285135,-2.529922410210439e-05,-0.11026589870843079,0.06981646519137069,0.10836422864209261,3.544,5.728558,-0.8361045,2
-0.5843094842997071,0.14428998297072282,0.016300855337282205,0.031237770782572782,-0.028946657737191323,0.843710963296766,0.0005575574688237162,-0.09699168257640656,2.278,9.096101,7.7563696,0
-1.0376983534412645,0.05571583173450405,-0.045985452455288386,-0.0077221702104667556,0.034982876055401985,0.317223689455176,-0.08212937593190678,-0.039076804498065165,0.718,10.910047,8.502418,0
0.30031469833304913,-0.02367316715330603,-0.0168958981501722,-0.11568788595482585,-0.04346190558641411,-0.15093934111330293,-0.06834246373524194,-0.004736043637133341,1.255,9.184317,0.26588506,2
-1.4747155513460466,0.18503726802525353,-0.049046947034208296,-0.12700067191701442,-0.02707640080859547,0.5693954551189042,-0.006363860585828288,-0.00047307356438427983,1.24,10.303189,8.829242,0
-0.31348441527099935,0.02044258437071203,0.028189520871591295,0.0026390286161844245,-0.0021176913707263156,-0.34403440308608046,0.06492445635012492,0.06333085157647486,1.543,12.89255,2.2985213,2
-0.553421512050079,-0.00460926323290195,0.06672588987713474,-0.10731676974190182,0.014191674569362045,-0.1994604540086855,-0.11358318871079215,0.08726323335206071,2.155,13.325561,5.502393,2
-0.4609475995045728,-0.20136480981016305,-0.03670307944094317,-0.001571025181384994,0.03334319043187528,-0.17723316660276356,0.0764461175108066,0.03198822120061032,1.561,12.079555,4.7086654,2
-0.2725345403558992,0.003239001208305059,0.0051841461037145375,0.03600876824886748,0.07885859403911694,-0.17432980210342514,-0.05972046938435979,-0.060070207796298486,1.581,12.138227,3.1718574,2
0.0987918570448032,-0.27791128258693115,-0.03792226540436103,0.04803241133655675,0.015274729608288434,-0.11536130802741437,0.036202879919680686,-0.06536218902098892,1.456,9.430071,1.3360504,2
-1.2411195022156716,0.012813332979846506,0.037237750486618384,-0.08072104490331306,0.053829695187394846,-0.008591970477157693,0.03150129448148406,0.01559586582134484,0.59,12.322527,8.982473,2
-0.048685660565580546,0.08654784760263043,0.04939939403955532,0.041195118375669,-0.059931859469721654,-0.28602932885534427,0.026758173847074573,-0.002808443364838792,0.99,11.782707,1.2253286,2
-0.9707967261377162,0.1461112690957838,0.03479458292814078,0.05889108374575713,0.07044288319482665,-0.18048384555341845,-0.05213099930291133,0.05671527362456848,0.982,13.782778,8.459436,2
-0.6615747365673752,0.11253339770909276,-0.05351921384023037,0.014216212383383608,-0.04205506609621443,0.05249104191683743,-0.10112308178896373,-0.025470830220314378,1.892,12.029005,6.7675695,2
-0.1522555717785477,0.2679774633005368,-0.07569611408471472,0.08615128598131475,-0.12075619038392674,0.02857903356714242,0.014477747548586717,0.05961414745400817,1.432,9.967379,2.8004878,2
-0.2197546548776517,0.03347354043215425,0.002752395826995685,-0.012828847341624566,-0.06272638510777609,-0.4380060978399438,0.03617643193038178,0.08587437698062103,1.536,12.6826725,1.5683109,2
0.11613118501829256,-0.06417376158010288,-0.015273462095854173,-0.00145978464770799,-0.003902831706293325,-0.06758951095931237,-0.028644222223924404,0.01779302431963453,0.973,9.935087,1.2586216,2
1.0380139334325822,-0.42201556958585473,-0.0735367095131178,-0.07599720017544809,-0.041871585503256176,0.007651908445891115,-0.014940880700902714,0.06226966310685447,3.159,4.9303746,-1.1918199,2
-0.957292598187976,0.3424921691409569,0.00042488388463894633,-0.05426845288406257,0.027158049896903208,1.4237298509187928,0.09925545137504208,-0.018704638383436098,5.0,9.01067,8.337998,0
0.5789460924317059,-0.016689228955657248,0.009493398782151191,0.09292008072601429,-0.0394997982940789,-0.5496589976126293,-0.12930748132296482,0.0065499110583520925,2.051,7.50995,-1.0599397,2
-0.952306561304252,0.10152040779840732,-0.012666419119930605,-0.04099941661734213,0.057447580539004645,-0.1236136215379893,-0.08395302345641673,0.09167777670112601,0.679,13.651109,8.347588,2
-0.6008961671426324,-0.06109085115541574,0.043394915558509495,-0.018244972216171468,0.10864473426919005,0.23428749506257118,0.09800597580377834,-0.08710566734867195,1.167,11.230936,6.2008324,2
-0.51046445295359,0.010682497917572947,-0.003613011762163554,0.01263725815039038,0.09319156301905962,-0.05803538886957349,0.01193445143685229,-0.11024948397042103,1.108,12.912875,5.4727397,2
-0.7107070021217654,0.08332648010804841,0.000575665809069259,-0.028265021266500906,-0.018582172496832416,0.020524086694054144,0.002938564671963795,-0.015611880507684583,1.379,12.26865,6.8515,2
0.8099878600511606,-0.42331073523241675,-0.10938859497635559,-0.024038133904787734,0.1252149409301047,0.40730946497342085,0.030877113355320174,0.04470868103000755,2.647,5.3369164,-0.25298595,2
2.9904487818828933,-0.03600446871520155,-0.053952327982180054,0.05201041088371158,0.1166317184869062,0.068861802299921,-0.07914970163164886,0.00977594063508877,5.00001,-0.5219184,-0.77428555,1
-1.1709616555988243,-0.23090365024518433,0.0761434301193325,-0.04592839801947651,-0.0816898308762895,0.11005175359197121,0.04869620454197754,-0.05073547244949654,0.938,12.017687,8.492235,2
-0.28051571462940833,0.23475865821742614,0.07037032736216911,0.034598624622634105,-0.034586975689562205,-0.3614405188747982,-0.032276633746777805,0.10180528980829595,1.692,13.300551,2.559011,2
1.0759794498052973,0.10712091420865208,0.0024781144858579407,-0.035238344899967966,0.010993828235696779,0.43840129182677257,0.08465326015478894,0.017993471230646596,3.988,4.4764957,0.039997254,2
0.1663967397027635,0.15506640355289195,0.045460987348532295,0.03068955640442822,-0.13214747751794292,-0.17719729556136982,0.023327355393021554,-0.07848807568276181,1.803,9.868006,0.34846842,2
0.2824705868000887,-0.03701950482323932,0.004427014532916079,0.06053376188352483,0.05294897598542625,0.08688424575944814,-0.07264030459381066,0.1046663613362816,2.407,8.267237,1.1973499,2
0.4649533933655392,-0.00328114881542918,-0.035607650458639895,-0.06783214947624716,-0.08703309678274418,0.19124089598103527,0.10335733664885544,0.05741479712655295,3.61,7.451622,1.5257652,2
-0.2630378068999545,0.22115985217575376,0.010601249010659619,0.05547481586311631,0.021817478666207202,-0.2999300229861403,-0.08406372780355764,0.017574365536484143,1.201,13.147367,2.5663795,2
-0.76326147049147,0.019977472327168372,0.02948043643374862,-0.12571084489864534,0.02427655095186554,-0.18403919597348514,0.05307304458966103,-0.07191248086570551,1.167,13.336587,6.7413116,2
0.3361323769651828,-0.14824514405169448,-0.025342202190186014,-0.09297663559074293,0.05536813985244041,-0.1965017264132934,-0.08070152637346059,-0.12126326046357647,2.208,9.187716,0.37317315,2
0.10444913288518057,0.08187875313046378,0.046525748985584425,0.049577750252096375,0.022462615099134803,0.9577866501560763,-0.11210661168394143,0.11262373916840318,2.583,7.1086965,4.487001,2
-0.06541760252383275,-0.05255842620588838,0.06513347845100584,0.053183778737182635,-0.04393382266708029,-0.1029589638706874,-0.049274436540236416,-0.007527623369807501,1.722,10.689148,1.853711,2
-0.24575590751469137,0.21399407470182835,-0.017183256876983993,-0.04712803970405857,-0.001422663965808979,0.08213327069436735,-0.11967792799999771,-0.04179101165254079,2.865,10.164823,4.3722134,2
-0.7242699934294172,0.1853505286386924,0.20665175424072635,-0.14135620034515184,-0.07050101161825997,-0.3031226853445612,-0.10632346598915476,0.08063455137301034,0.864,14.292394,6.6753597,2
-0.2447817967796006,-0.011323079693191879,-0.03731851372671219,-0.043994950382613085,-0.11607997391743186,-0.4450960323496188,-0.08578539815979144,0.07266991724551292,1.411,12.806209,1.9028095,2
0.9750380523409319,0.26049701729919855,-0.11611773660952271,0.004167066531878649,-0.043774730084198965,0.43834979177370853,-0.030030370736486567,0.07330217508641843,3.417,4.6535115,0.1908581,2
-0.835418396841444,-0.009631246936241983,-0.08573422507586127,0.026796776062852204,0.04077746475565003,-0.3555330251712918,-0.04782342730335347,0.05823224034943657,0.993,14.128619,7.0584793,2
-0.7513897414037123,0.20103910911497072,-0.03420247814424804,0.007276352811800224,0.018877926387390664,0.1742444970194553,0.03150367570547502,-0.0933250350293216,1.923,11.655792,7.1809545,2
-1.0999081158406154,0.05533612496252689,-0.044409872492114935,0.08466548561406104,0.01900910984538981,-0.17285085737735656,0.009173917766891845,0.04163115735567763,0.875,13.483699,8.738953,2
-0.9802778031186954,0.195969807307818,0.01794357716026622,0.01937129709074724,-0.05774459001562876,-0.25029937765101595,0.0339212723181643,-0.01372432308517349,0.75,13.752312,8.615434,2
0.3388205287694754,-0.16454474821960838,-0.023089199175814007,0.0026654455656092424,-0.020712459593437788,-0.023180241856636086,-0.14296908336122321,0.14505558886611605,1.905,8.892896,0.5998368,2
-0.6669170355484967,-0.006851503679174142,-0.02280280374693,-0.08204447349741276,-0.030764826966084097,-0.08830815903754011,-0.0350269372886417,0.06054765591009015,1.531,13.108198,6.1002264,2
0.28719046957679417,0.15406887462440488,-0.0013149902472454622,0.0392073786939669,0.02326309683859934,-0.05916148205718652,-0.004228699696875005,0.07457568279396598,2.573,7.9620614,0.8217284,2
-0.09318781079096233,-0.13714894565786803,0.08463292055028923,0.03861329361552132,0.018508496628488885,-0.230623524501158,0.0022687361112353477,-0.018382345307452114,1.473,11.206116,1.9693418,2
0.5452445717774127,0.3121859026684915,-0.012356100338889231,0.036787831810970506,-0.04823308475836485,-0.1307866076376601,0.1183738234048407,0.07767044788771532,2.707,7.111156,0.26198813,2
-0.9254447237379042,-0.020676291950440823,-0.024014899645511817,-0.011432978203337746,-0.07260060422177694,-0.17572431721590626,-0.02096758128856563,-0.03348696021321024,0.905,13.316717,8.152361,2
-0.8212248958088999,-0.17823985352345312,0.014914274310821624,0.054156220837072194,-0.047931429749322255,-0.0012207089334933113,-0.0699787952614334,-0.041679991795580684,0.684,12.389848,7.2931237,2
-0.8226057355441785,0.11627744336006154,-0.040221375287125744,-0.08631900566933808,0.020040683940271198,-0.18398378134246007,-0.1309090981508979,-0.021433690844947575,1.125,13.632727,7.4492946,2
-1.0255963434298145,-0.11103745286559183,-0.03405616590921537,-0.1387959171535847,-0.0898750217882447,0.11061473795497632,0.060674197805552554,0.0211351341530244,0.55,12.139512,8.177654,2
-0.9044389144574572,-0.19233278029734086,0.030480956995474262,-0.03968376028274373,-0.03960327555673426,-0.11934963254332732,-0.05387480287600953,-0.11479040750596975,0.515,12.870802,7.6896896,2
0.2796337470203166,0.48626717089964094,0.0575866607123563,0.019179090642475638,-0.11499349835915695,-0.3415240316672459,-0.09692532168250162,0.12555141242430415,1.644,10.943824,0.6568612,2
-0.8970208772058249,0.08145952477161095,0.033981176163505156,-0.0051267345487086,-0.03131379323984618,0.026897285144698718,0.03162173025675047,-0.023807047630292205,0.947,12.463118,7.9340158,2
0.7856285895245786,0.042763114425938,-0.01084514949389978,-0.011809787563003743,-0.17385204295630033,-0.506177874746096,-0.039572981991877115,-0.013651800802055553,2.161,6.5324063,-1.2768825,2
0.13022805967479312,0.07600474059060389,0.06919811537961729,0.003251010504620816,0.056849527808342876,-0.5374996746925946,-0.030434461643648575,-0.0995435856911516,1.855,11.341525,0.33809808,2
0.6141627743928557,0.039574861143651496,-0.04460807272033307,-0.03091361713045604,0.0960020464633235,-0.1974416229517429,-0.07410902218619775,-0.03343897777886273,2.448,7.2910175,-0.8158909,2
-0.38835334042905784,-0.11499177932608762,-0.06161760532271057,0.016544384009047813,0.05987974404783589,-0.28313495846150977,0.017375778907749245,-0.04568982592789608,1.125,12.8044,4.246826,2
0.28145898092090976,-0.01006288941901956,0.035027061796534364,0.11874770603583487,0.007773578592997682,-0.3390168012606407,-0.010440004714023288,0.03768122767808721,1.907,9.802611,-0.32126105,2
0.29325417067099013,0.054650006617643326,0.024918052436554816,-0.018397399997373387,0.1005133601581091,0.468521681751206,-0.0038458407267624173,0.07892339173553112,3.661,8.070656,3.2829556,2
-0.6120455445867432,0.05222437303196378,-0.11811203367516901,0.011951766863900537,-0.09862772926941868,0.3853289652988705,-0.0349833095301699,-0.06304590948522526,1.306,11.011613,6.7355833,2
-0.6627226913520878,0.24088586882468,0.006462105977120741,-0.07341189761372174,0.11811551152051628,-0.2327490947066248,-0.07801931542444573,-0.014674252999182125,0.899,14.335648,6.4775724,2
-0.558525506118309,0.06519007139519187,0.0033593950302856224,0.11967422204177816,0.021263042375683883,-0.12584264680193616,0.017596952402791383,0.1335392716791379,2.188,13.352083,5.820205,2
-0.6272737785338884,0.04171656951147473,0.12827719950632674,0.013727529914194458,0.005783281326794315,-0.18952374005093375,-0.10719616757552833,-0.04926577174901128,0.481,13.442567,5.6492853,2
0.34757292797253103,-0.017054892718227743,-0.07065899216490035,0.06615960196776349,-0.06468985824832349,-0.06824914893933742,0.08237931338193535,0.07548956673976265,2.738,8.517819,0.6179134,2
-0.2945031527131148,0.145563829167126,0.03134725403423699,-0.04835245806962046,0.0557584503968388,-0.3411444209855587,-0.06590667157498459,-0.060752980726265976,1.724,13.033571,2.0073524,2
-0.6492650731912574,0.11080417266636372,-0.011543729782527962,0.05824384424288037,0.13756613650301172,-0.1364602261044647,-0.01343076875638205,0.033988866548918334,1.953,13.421509,6.2929783,2
-0.3926940809634808,-0.38421265257461396,0.00903720272296571,0.018399273665319404,0.07944710723658088,0.13975845429997286,0.03510941024730688,-0.11073441345705881,1.502,10.95592,4.417981,2
-0.519845632285532,0.02805951969110662,-0.09416698784292712,-0.03289662490564477,0.017618930578756214,-0.17382945899228655,-0.17368299483058558,0.09139592599375865,2.0,13.242724,5.28015,2
0.20587876853566695,-0.2748616148745747,-0.0317675427704224,0.04948906271696102,0.02357747781019562,-0.034452845135126725,0.0025818735076290067,-0.13836651406118575,1.345,9.064623,1.2964293,2
-0.7962076628209761,-0.2218214035668087,0.05023276879739286,-0.05278255471101036,-0.01305848302212971,-0.13053562060793117,0.0572391215200124,-0.05890100080194524,1.432,12.758622,7.1909595,2
-0.8366670628672095,0.015714897451553023,-0.08881100079591672,-0.1350108496522029,0.0019822199330512547,-0.3170870872909356,0.05893466371476609,0.06696029640758516,1.438,14.003042,7.5172076,2
-0.689146575329989,0.2717087604171866,0.08289740130482406,0.02504353449260388,-0.034429052529607096,0.018545198369040172,-0.02477147514245262,-0.03597399885272323,1.466,12.028325,6.922895,2
1.48808885911607,0.01569969157839904,0.04025091854742996,-0.004730554542666299,-0.004514907149555686,-0.0646907279455172,0.022026266309953024,-0.11320467304044626,3.937,3.5485053,-1.4036126,2
0.4532993077993048,-0.1412711350755367,0.10075611227644801,-0.011940070786690071,-0.01858767037297246,-0.2651682744887168,-0.06938775713232634,0.02781174181636764,1.711,8.797483,-0.26296994,2
-0.01641706039035762,0.16418320129775452,-0.09367034852977568,-0.022037439413883142,-0.028926424872307177,-0.08992368250933777,-0.12569620596556022,0.04540003414705243,1.508,9.827598,2.431099,2
1.4238112674631278,-0.3325726869270908,-0.028330434152055994,0.11862524812117595,0.01207209655638078,-0.033277366808269204,0.0435830824417166,-0.04152555162109514,2.875,4.2256436,-1.6879783,2
-0.5844170789315974,-0.08509586014008433,-0.08287248515183596,0.08152906717138912,-0.00042854530900700294,-0.2802808605135889,-0.03585623843149599,0.09466477501326737,1.281,13.593066,5.880008,2
0.5350893265493171,-0.12545981550901011,-3.0231817579273734e-05,0.00027438799196671804,0.02783054854477185,0.3370594843733058,0.054762812097211344,0.07792637995148077,3.561,7.439594,1.7822484,2
-0.7313675242791889,-0.2685106194326037,0.08231569035408134,0.016525617710564072,-0.06909691482059337,-0.08121369664608144,-0.03009317348707774,0.043183146108922515,1.0,12.399369,6.6998167,2
-0.7055962698709638,0.5591934153016568,-0.027750045757934827,-0.09478099545865523,-0.1295822581733931,0.1762932725311681,0.05800713907754193,0.028981335712742445,1.675,9.933475,6.027583,-1
0.37323198396101104,0.02185750774932735,-0.0574466252209066,0.11944287470857615,-0.04379033745163377,0.35693361811463387,0.05522946093196632,-0.003231610338745361,2.432,7.382436,1.7948723,2
-0.4574510825680549,-0.024523617297682876,0.018940657354032803,-0.01998172536464979,-0.003941179759645863,-0.1485001975468544,-0.0096897819737235,0.0851797649838274,0.942,12.952597,4.862456,2
2.4388368770216924,0.10103098258299759,-0.005600413533541404,0.21813354597472254,-0.008039992027917942,-0.1976760416102554,-0.009225088188157093,0.03807000281042075,4.722,0.39306843,-0.65954477,1
-0.6845202197983079,0.07467627275883176,-0.008575588399978323,0.02994968622042965,-0.07346830391082501,-0.1316190001822641,0.014312395345062456,-0.020977355309076046,0.73,13.207,6.4556537,2
-0.7146441407696777,0.1702091883502971,0.1256278299217786,-0.011179652137249224,-0.012450657949525656,0.9055702125713996,0.019305753155341887,-0.14053589529491378,2.909,9.104155,7.911003,0
-0.032819036311060285,-0.043577564920258244,-0.13858161322211923,0.0793870798798669,-0.0173041092832254,-0.2537914062234101,-0.06536809243632552,0.007225344008100626,1.765,11.262922,1.5326904,2
0.5002655808875152,-0.14063337827277064,0.03659476661033226,0.11447985318705314,-0.08995565324478466,-0.12927578531527095,0.011603180572056698,-0.0505743647198241,3.493,8.36815,0.08667817,2
-0.44960506970739783,0.6319637915204981,0.06549116685820147,-0.009877311676327993,-0.010087351137987255,0.14257442768171955,0.023666685270679583,0.017387482098807167,3.185,9.712595,5.765161,-1
-0.9814338038389743,-0.03392103883684082,-0.01192061767257628,-0.011486747556222296,0.0008699641784845613,-0.19763994842055482,0.002730507574535246,8.515289864469144e-05,0.538,13.420144,8.46377,2
-0.5491341207412371,0.07835540615415823,0.12555348495546845,0.07698732559647622,0.052801007605072725,0.6146832172221204,-0.06908587428311114,0.0653189877090915,1.641,9.290092,7.664826,0
-0.610067337072957,0.08294611807535027,-0.03361985399041323,-0.044515788246684146,-0.05121738180180821,-0.28094684930410074,0.07659116038037656,-0.04382208639525906,1.625,13.96487,5.8157716,2
-0.28608998712359196,0.007671139932180243,0.07669177723845541,-0.004715024244303784,0.009125834798290933,-0.42621980202200493,0.07857681941587116,-0.0707016757706754,1.708,12.709617,1.8797799,2
-0.7542785846165769,0.27558101432739496,0.02663408342768825,0.022255358662633784,-0.057712374259091925,-0.02130424214485821,-0.0004944557868254706,0.07244971787445229,1.738,12.142204,7.0339537,2
0.35245060956085505,-0.6026589112552337,-0.015259235003229427,0.06001734958008703,0.12081011588393664,0.41793750628376086,-0.011564018028300205,0.09495780625462028,2.283,7.7182426,2.603651,2
0.5891288971431168,0.7071224926353367,-0.04504081222613668,0.00641314005953042,0.08616447815310141,0.2724457902311517,0.0958185859774226,0.13792225352426565,5.00001,6.91169,1.5879691,2
-0.9999097822091513,-0.08092700772517936,0.0623227536316332,0.01415309903517499,-0.06219896897381598,-0.2737777851297593,0.05398263482165515,0.08519333947817678,1.031,13.719149,8.55279,2
0.21757341352083714,-0.025754802069823446,-0.08218134057835969,-0.13344719246261044,0.013905272053514217,-0.008551869348423669,0.07512932248730952,0.03310459602625693,2.417,9.368779,0.9709062,2
-0.5103770283330784,0.03515252697764831,0.07122148022646657,-0.016680978878418573,-0.0057488168435710085,-0.19874145145393826,-0.022301432348814654,0.041427336998609815,0.96,13.45836,5.1569586,2
-0.268314766680849,-0.12952247222362626,0.03633899238679336,0.06254995727392612,-0.09708821853583224,-0.31571109808252606,-0.08716234669220885,-0.03703544479893567,1.358,12.488785,2.3662183,2
-0.768853179972772,-0.11508908265930214,-0.02950659849254525,-0.09189066470666471,0.04148772950273713,-0.15273091700015184,-0.06117011219349436,-0.04396205361106452,0.45,13.161422,6.837303,2
0.007479821968369577,0.6475644153041896,0.12252690196974825,-0.07004131479030984,-0.13531505338043986,0.20552567632182958,-0.027179628835593467,-0.01689979209866249,2.523,9.00339,5.084367,-1
1.2008232559586647,-0.007549807090566241,0.03161935803468455,0.07330019860904519,-0.040233450385457614,-0.024217704723125205,-0.04929546772151222,-0.08516337070084548,2.724,4.5084496,-1.0235171,2
-0.10011574691060471,0.1445996831626351,-0.03723790529495691,0.005512862674182023,0.074588360949075,-0.07720225083318571,-0.012157344260524117,0.040778337224211564,2.091,10.024124,2.6494825,2
-0.3762435933506525,-0.05556424797743967,-0.10338567906122803,-0.02556987387124965,-0.026999796236243545,-0.13825695463552132,0.061561586770276705,0.04469534540991557,1.367,12.720013,4.17151,2
-0.7174867066950565,0.0888213410394571,-0.15783782313281555,0.009378000259309655,0.08815139085635221,-0.11134079247765982,-0.03834520511851133,0.13330320283420688,1.24,12.819648,6.6169086,2
-0.15379683771407915,-0.01261824883278087,0.01521162632829906,0.00010017782790580632,-0.012251372752749484,0.230357354486117,-0.010755773634102628,0.038013267261876316,2.547,9.451369,3.6552162,2
-0.04435396605854572,-0.5770091791166405,0.02277059047844701,-0.10531523918135846,-0.02022160492274716,0.786461074960996,-0.020092831671289557,0.029536800168507016,1.293,7.2839966,3.3550816,2
-1.0844269470139016,-0.10065579631266978,-0.02701018166551311,-0.11415949315192894,-0.008413374203858404,-0.24639083554040017,-0.02327913519795788,-0.008996778904871106,1.0,13.382928,8.58686,2
0.23154671711722544,-0.17262114454962324,-0.0538833483741967,-0.08572232489575318,-0.028798776296921125,-0.3708704111927192,0.05301430909909874,-0.18204224847494357,1.555,10.11144,0.41929156,2
-0.0745090711962901,0.5141291856723104,0.026416377745114544,0.009779427409461389,0.03886663849701777,-0.35614901402726973,-0.03194673352376831,0.0013406009458416523,1.136,11.62399,1.4152098,2
-0.8194552540831778,0.006159617827929259,-0.020767779006594184,0.08283083079380577,-0.05375645875298832,-0.04829128522800211,0.005948671248216547,0.1639326309771615,0.914,12.914933,7.2718143,2
-0.6885178727006429,0.08970846649597594,-0.08867509152935582,-0.061782784988516776,-0.03750386517957954,-0.11627670952411912,0.05980474580149092,-0.09084553266665457,0.599,13.094165,6.5051174,2
-0.37347206133403543,0.04436194931159973,-0.016226719970233644,0.04745108994728697,0.05205208023477137,-0.23075570296722844,0.06623985105786839,0.048852806857013986,1.33,13.182442,3.789498,2
-0.7743609141663691,0.34541539898585033,-0.010913492541915593,0.04297487769239716,0.044184173974893576,-0.02440530826634635,0.006606896227360659,0.19055260739678995,2.25,12.207078,7.0593615,2
-0.04427780350823071,-0.21952934264477195,0.07692765926765455,-0.01654051855177488,-0.06540443840294305,-0.23360907356077568,0.06827812836110644,-0.016749320010922886,1.618,11.010489,2.124563,2
-1.0621349325659784,0.5036408566441359,-0.054626214824121194,-0.04590517990768786,-0.036571791769859946,0.035001303937357994,0.040214420543762314,0.09832804545613885,0.938,12.951086,9.157526,2
-1.3114555954621208,0.1104356102444753,-0.07577303719889737,-0.015428900323809974,0.007668790338274348,0.4769082734675528,0.0246628871096137,0.07588389430012177,0.903,10.35199,8.814891,0
-0.14998020971984474,-0.002472366925562991,-0.0431117660774962,-0.0041008599543989055,-0.058961182786396005,-0.07472436547054792,-0.0023285557986987837,0.010413991554417024,2.18,11.6241255,2.80796,2
-1.3946050153412266,-0.11100974563027023,0.11885353752287883,0.016241224382846725,-0.034308254810159505,0.5569089896126397,-0.009213375638352103,-0.09403534676767221,1.038,10.244856,8.700752,0
0.03239699857443609,0.15474998163110754,0.13100963114457495,0.004562375965204174,-0.0492497911793528,0.29584855853115916,0.01478998724096628,0.01761263699903473,2.929,8.960344,3.4872577,2
0.2536062124143001,-0.21156719425319523,-0.02865235692779272,-0.0897268965478332,-0.03201880404604174,0.07500684980394456,-0.00951128230714851,-0.1363853994811336,2.096,8.70386,1.4938061,2
-0.06864350631873337,-0.05996187872326256,-0.0993728511643483,-0.18566631742506914,0.05213778216941012,0.547430325684181,-0.02409287574135366,-0.13539519934682165,2.393,8.262394,3.8851216,2
-0.7404196271246487,-0.07134910563541585,-0.05490873523667894,-0.011589297156120226,-0.00467170358750979,0.5440376527137845,-0.01839478240351347,-0.009358987531137425,0.875,9.749602,7.706559,0
0.7329758516969658,-0.6433021526492654,0.10078634164371403,-0.014106927513689693,-0.044702023803246116,0.8629325551363894,0.0013856373310877634,-0.03535199734361971,4.309,6.9612713,3.0799463,-1
-0.691236299061975,-0.2069585724993076,-0.0958713195786969,0.007063452998680386,-0.05135664598624362,0.28815124675725257,-0.04387908274144195,0.17873832677094498,1.573,11.3227005,6.5905466,2
-0.33115902530378516,0.08629799388896436,0.08605412528451287,-0.09936267123821846,-0.10693311155054303,-0.35327780826657956,-0.07653363400317709,0.1494043650976224,1.683,13.147088,2.5241635,2
0.053052423061838466,0.20710241954079825,0.027710613476230134,-0.04517995154377841,0.007370654061708004,0.670704333677945,-0.03520233517686855,-0.3290745146248963,1.68,8.12091,4.0341883,2
-0.2253570134795123,0.011906097075369548,0.02051404393064321,-0.008997837005405573,-0.006063770790272954,-0.15149015302373864,0.09541448660438662,-0.011917937374574611,1.447,12.327804,2.7003982,2
-0.3812456390496304,0.05142317545802316,0.012138609024783142,-0.0020974977146978047,0.00757159491455911,-0.44844391458557437,-0.08182441911092309,0.07315221282509907,1.663,13.267411,2.5144482,2
0.2105889908073877,-0.04905119015067269,-0.01905855294701156,-0.0591059076320016,0.20104123502155216,-0.3373925115111823,-0.003215205532822729,0.13961740802622538,1.797,10.716593,0.46618965,2
0.10372686814107995,-0.0013998379345710465,-0.20660456757526452,-0.16520089145080047,-0.014926517709476422,-0.00857596663916968,0.01554647727818545,-0.08075787321345348,1.15,9.451674,1.1357683,2
-0.6512596787944029,0.03041246829651842,0.03943088698989877,-0.011212037799518931,-0.09192229222593734,0.718389315742185,-0.029386554405184784,0.006950100420673649,1.841,9.297831,7.7271595,0
-0.28708595448032465,-0.05535281230147729,0.07287210351582235,-0.11120753790193624,0.08744746995984645,-0.3339656899216664,-0.05352308045885906,-0.07426339221711181,1.098,12.267634,2.3196826,2
0.3800009369626741,0.018202749651359734,0.05882808290388877,-0.009515060383800095,-0.01721155378533834,-0.22755314297441395,-0.027539771735435092,0.13163613218210202,1.431,9.035261,-0.1815417,2
-0.031200779534996448,0.06461034914461442,-0.014463429809411565,0.04546452822925734,-0.1284013950445535,0.04960583088836831,0.002596421651125169,0.0319337828894386,2.547,9.746376,2.9630876,2
-0.16385577850820546,0.031083019456191602,0.05677018146875945,-0.042298339228282716,-0.0030808260449338154,0.12516136990186286,0.008686909396438847,0.01226300489563098,2.146,9.87087,3.5161784,2
-0.6250085152137895,-0.029951539359372337,0.07153975200603926,-0.02551059462214872,0.010862454039277492,0.07930595147545039,0.05186511865068291,0.054697548375017335,1.53,11.58059,6.173569,2
-1.1029340491258415,-0.3635406264666594,-0.025244609828534076,0.013689739669285134,0.0002765980059831058,-0.12301788283042324,-0.006308725779550439,0.05449032727906283,0.615,12.54729,8.018199,2
-0.04623398697211087,-0.32489272157699334,0.06183183808528522,0.008882468838488422,0.06972968236162633,-0.029143777535355797,-0.012857656379189286,0.1459086510584641,1.732,10.634554,2.7811425,2
0.6951318630105023,-0.33919945906544147,0.017546029117349704,0.005945706284055746,-0.013864185552362213,0.08993471627289298,0.08202492112580351,-0.03720122964074016,3.166,7.3806143,-0.12772608,2
0.6264366007756802,0.10435103802482129,0.1266313854768678,0.019975258692932096,0.0636446963561964,-0.186246330001651,0.01281302201817508,-0.1474558408670405,2.751,7.194198,-0.7597895,2
-0.41984639665141765,0.23155118431785252,-0.08300990143346026,0.004208348189457284,-0.028563877989248976,1.233718085786494,-0.04591472048268111,-0.13775820116738127,2.74,8.657729,8.000996,0
-0.016729768312197774,-0.33784584643644566,0.002279289710761856,0.03635104061799485,0.03711911595615072,-0.2477439989335359,-0.08738906871232072,-0.0851774182267449,1.115,10.809276,2.253023,2
-0.6800891312791435,0.2601567382313933,-0.0008577614030724212,0.01147914685629925,0.1104554226145521,-0.048590950276608535,-0.012293899507913264,0.06427156015191635,2.975,12.13793,6.818592,2
-0.6400353993106013,-0.2178035748466499,-0.02401536280430719,-0.03788566743998932,0.005699857334811972,-0.1948237058537109,0.10464118605873968,0.04272056536785518,0.815,12.6802025,5.9051156,2
0.1123020265589505,-0.03199795294388397,-0.06836910619509284,0.018590933606469462,0.03544399530034978,0.1502337748532775,0.02743393838865102,0.057318340432184145,2.111,8.812968,2.5388494,2
0.1782129710812527,-0.2603072411424902,0.09305001734476781,-0.03191944829580501,-0.01344592226725741,-0.041587982968363746,-0.08791624982530755,-0.21596959567371155,2.414,9.169966,1.2852641,2
-0.7234243929937891,0.19052083305653358,0.05051996164626377,-0.017414222267875534,-0.06588507183367864,-0.1682485077509644,-0.03545786978104054,0.10301742993603075,1.268,13.825098,6.7838635,2
-0.08109530462193479,0.3195314705958569,0.10301764634468599,-0.07152112506745478,-0.06119031191666427,0.29041655429601737,0.09959536091625892,0.12723667986773463,3.321,9.12545,3.8709285,2
0.13878833437052773,-0.020601084691423965,0.11534555138823349,-0.08103470521720246,-0.011980083870163277,-0.17183134691934013,0.03421454682687816,0.11657436488439957,2.104,9.927054,0.6770691,2
0.06568979881800838,0.2597942586268573,-0.09258432078767942,0.028021980375041555,-0.043438720214424326,-0.4264975460178146,-0.02577386657019276,0.11214411825888679,2.436,11.511939,0.5097409,2
-0.9783788162866427,-0.05093704988284614,-0.025780276206831307,-0.006125242721974289,-0.00292732165505917,-0.15520488920053016,0.04684551543903931,0.07101455729017603,0.705,13.30985,8.381614,2
0.12846942552672008,-0.41816932844317567,0.05274565304528275,0.029807394669148835,0.008666449218407285,-0.14023979229078276,0.008505314429882671,0.01852127886337318,2.271,9.512387,1.4317713,2
-0.5289600701934691,0.10035878546907398,-0.0656730270656451,-0.10186540146289752,-0.09891787209619526,-0.17861780961676052,0.005065053647279744,0.01084383441761802,1.621,13.588331,5.2637806,2
-0.46834367831260976,0.17281192469281045,0.03609657889557044,-0.051713805336013496,-0.07177510210386989,0.08142324513050941,-0.0517784721379054,-0.021651687879415155,1.141,10.499768,4.6717687,2
0.3123517392269031,-0.5993317456830703,0.017805667464010216,0.03622146691890188,-0.0008856485947944248,0.48147701794714115,0.027708165571353027,-0.12587080556182004,1.648,7.6838984,2.7090278,2
-0.39649918782692495,0.4177117453527547,0.05547834434173496,-0.06176577848952569,-0.016808886990979738,0.006284016821146904,0.003407986439779631,-0.07006648584781444,1.414,12.948915,3.699667,2
-1.0033848407606711,-0.1763399512181529,-0.059117078238602336,0.023395701306383507,-0.11800659050705009,0.047726161228469455,0.06954723363860135,-0.0135394085796465,0.735,12.284556,8.19501,2
-0.38502275960893656,-0.3140845227995558,0.07337064084110814,-0.040385342476219055,-0.10538360483141307,-0.22333281205886474,0.005133210753718892,-0.15109666705377825,1.004,11.473369,4.050898,2
-0.5797663041334332,0.032580484880746635,-0.07675768874791908,0.12026040635189963,0.009231927240046234,-0.23366677066554234,0.09984578205351291,0.15380374700990176,0.988,13.54181,5.854877,2
-0.17205898793184746,-0.09225637662842187,0.05694965286113293,-0.07615196767739393,0.0028968664530779897,-0.27503995730368247,-0.12593945386960506,-0.02937955550886645,1.417,11.783156,2.1324496,2
-0.6076514305969931,0.1022253757486771,0.0467151031003816,0.052080473892539,0.08616486405892365,-0.15234087317896344,-0.11990101357379113,0.1017358066404713,1.057,13.469288,5.984791,2
0.6758985134285544,0.12839667480209338,0.09684487072437234,-0.0077492708057793624,-0.04509921548321413,-0.2876989678062834,-0.028016041960208543,0.031556249570747735,2.611,7.121113,-0.9133934,2
-0.01783523426039524,-0.030135350109267323,0.05452326346693065,0.0059860426437464975,0.05454803864261412,-0.0465397492130864,-0.1064955419015782,0.011798199559720918,1.427,10.383739,1.8746507,2
-0.6394272193709475,0.19191014982213708,0.05310777828430155,-0.018762504369698285,-0.05692463155686353,0.6463617239662559,-0.05995109075001631,0.09275729520749265,3.75,9.186588,7.717432,0
-0.22952615195540282,-0.0933030622296121,-0.052894354372125085,-0.11280213097126518,-0.10854888132259602,-0.1403259197861941,0.013601777820789529,-0.025140761916983223,1.118,11.74085,3.0642326,2
-1.011424028935116,0.1558460428078139,0.07231805351088441,0.021559270000357733,-0.04779534467851003,-0.20019056784616476,0.049921950624828085,0.03245087914109174,0.448,13.630027,8.673577,2
0.6933084865878962,-0.2886943555756934,0.028411413679089004,0.04680401271351914,-0.043908087926065514,-0.3271489242450352,0.029352020337877455,-0.023552361089590607,1.631,7.4115973,-0.38950196,2
-0.74506801685909,0.0459213402325033,-0.037864931288596554,-0.006154425484692416,0.07359363014510986,-0.04946823141026513,0.1054281491714647,-0.11613986958101433,0.985,12.546719,6.9261837,2
-0.25755813049897425,-0.12454706125551024,0.15613562872063294,-0.04538465156263849,-0.006538481796745155,-0.1965698497095863,0.0631506292874231,-0.04275513349787069,1.509,12.107129,3.1272633,2
0.06121515292256205,-0.26578074197162144,0.05753612570925021,0.009277335104733775,0.023461936221232216,0.14813426346558495,-0.012481859278511476,-0.17613552644738437,1.339,8.826963,2.1604242,2
0.3776778113320839,-0.013529424387566075,0.04387504220939836,-0.0013407321412272355,0.002930066053270508,0.3278341406524433,-0.03134241139701088,-0.05196620698523527,3.512,7.475811,1.8730254,2
-0.05323391080756956,0.02450426310807774,-0.04908804451991866,0.06680550715389938,-0.06783508114885395,0.11048305080961213,-0.06765260856999711,0.08228841338222437,2.588,9.703814,3.1612327,2
-0.7361195710713817,0.2640696977230629,-0.036468100700573325,-0.004354004050305338,0.07598014661195551,0.687370327208694,-0.005114654238609129,0.09188843772691085,2.409,9.16341,7.8084297,0
0.07663223615791576,-0.07445355290975053,-0.03250066952967165,0.03909421079926967,-0.04479877542944921,0.33303931341703236,0.061472586039444554,0.13018136350885204,3.238,8.610353,3.2829804,2
-0.8567928163779579,0.038738755408092684,0.08390295719869728,0.1352391152916326,-0.14247354562120818,-0.22363171635655144,0.002006754167989122,-0.05059246794415384,0.869,13.502732,7.4970684,2
-0.33591434904401074,0.20338174056230016,0.08590040215732389,-0.0615856635822109,-0.08965999016196152,0.16750214363411758,0.02939754942311626,0.0571465299307336,2.653,10.2064905,4.589584,2
0.21103239246470634,-0.16765068951919646,0.031651660427288564,-0.05536366642268575,0.06930176930643173,-0.27537332667365755,0.06448874612986108,0.020405377695031895,2.558,10.028587,0.70585114,2
-0.732753254163591,0.04708719144335505,0.019952638950945317,0.011078158882332073,-0.023890741270002902,-0.26810610697206344,0.013918117051539503,-0.04908493704574174,1.5,13.918099,6.6136527,2
-0.5329853194959896,-0.24346775466620035,-0.04987232749803336,-0.005621362614182002,0.040940219069408285,0.027368929202165604,0.02196765928132302,-0.022747479972910573,1.289,11.82778,5.3447375,2
0.1026839035280771,0.6388398600053111,0.021198394498783385,0.05021955038469772,0.0780643837744665,0.1174341200491118,-0.07383201581245039,0.11974368023276316,3.229,9.013711,5.001585,-1
-0.06029320771190741,0.4963419143571124,-0.03930661566194946,0.13659120610567588,-0.12333253827392321,-0.3912068595673229,0.03163303439590068,0.037099842941210465,2.52,11.601995,1.3939137,2
-1.1035170201241826,0.4105109619726528,-0.023975765972483007,-0.13425088689101547,-0.011456927544018142,0.13299570351682488,-0.06773531392727278,0.20498337814338435,3.125,12.824227,9.08973,2
0.7507853954647327,0.2078636348277801,0.006810279160269966,-0.11174042943435034,0.1164425846155385,-0.1368124606739175,0.09254288174764416,0.09352593887568139,3.36,6.2856727,-0.24416265,2
0.003978604234255473,0.05102961422973057,0.050907516797532526,-0.020087256059838382,0.08221422831127675,-0.3659657665288861,-0.03889280323633698,0.25277120585111723,1.502,11.503333,0.9355095,2
-0.3343570573725829,0.0963085653597058,-0.025374917567359767,0.01171433942922992,0.006187753362310783,-0.1185561999753417,0.06785829777584582,-0.11353583754873137,1.419,12.558627,3.427751,2
-0.12441499180201882,-0.03666463841860931,-0.024866793860224667,0.02107996992785663,0.03878442505537966,-0.17389778289741986,-0.036375636438556264,-0.18472093266485182,1.196,11.644275,2.6002235,2
0.395384187176024,-0.0450421617122905,0.020529730174256966,0.025748836886784032,-0.014303330275852177,-0.021994516040491963,0.029504974141034757,-0.13154945274282054,2.378,8.379866,0.48385838,2
-0.11489629862037998,-0.04911408391786537,-0.10376445174759369,-0.06188534788940131,0.10193474338616576,-0.10508145227388627,0.00038981987182770683,-0.1314524992994848,1.617,11.420399,2.551825,2
0.5707505238544325,0.06907237495506865,0.043658198036799156,-0.015273785999565276,0.04820917285591536,0.3814260638273032,-0.01060938429837005,-0.009039937792517772,5.00001,7.2043552,1.6359948,2
0.0383166089094959,-0.1059045588729633,0.007862289697682101,0.06050769400299899,0.02587778354404574,-0.4130346186736702,-0.0043798921892059806,0.14275388338975556,2.667,11.339658,0.6110774,2
-0.6517594078350364,0.010873326649956133,-0.003726115621280557,0.10139529589729465,0.023852964729504267,-0.33247174788151956,-0.06201128500849379,-0.1430275877585689,1.991,14.135228,6.1014466,2
1.716578365013483,0.23537834817075143,0.003909415861004156,0.04255481713480827,-0.021057983013989617,-0.02258610408318168,-0.02759731646778754,0.025927212579094028,4.058,2.7711241,-0.8090321,2
-0.4360005803795318,-0.11515396311219939,0.042396825918744774,0.05154052932283906,0.06902946814544061,-0.1422068835326682,-0.06825473680695879,-0.09514887358007146,2.25,12.324058,4.5901947,2
-0.1559898628497725,-0.04868944947533313,-0.05507090867605377,-0.04122572499271682,0.04036530702840105,-0.06591057865043629,-0.06325068265880146,-0.03843322684127387,0.909,11.614091,2.8874714,2
-0.8135260348303774,0.16439861720891594,0.10722200093404927,-0.17326496144294776,-0.08247942958265742,0.0882126946342206,0.024442109793904654,0.01889033095814907,2.817,12.099401,7.423435,2
-1.0677956634342431,-0.3691666787710893,-0.01595971705826338,0.003144149307462041,0.03880884176261869,0.4792410016356493,0.03337428255445295,0.015252675242855215,1.094,10.168138,8.279852,0
-0.11562147373335255,-0.09818600054089771,-0.09615453569259089,0.01819789375334882,-0.013335724645300279,-0.295601292172054,-0.033752726248730214,-0.048258398558749444,1.335,11.657823,1.8629227,2
-0.5163063362868604,0.443354250476912,-0.013708006763035963,0.13962745589510084,-0.087265341951129,-0.2712708773882113,-0.0877104254645227,0.049643559896085626,1.9,13.609629,3.3850873,2
-0.10301690626560792,0.1951408760983911,0.06591671732353035,0.0112755931874218,-0.07283387139750935,-0.41597562073142863,-0.16441589979365331,-0.0015950139788532824,1.752,12.383496,1.1529865,2
-0.010355465641097295,-0.035846461132781726,-0.07923654965568344,0.014929698796836477,-0.017707749116771476,0.01327784336257995,-0.07192025372165356,-0.09317132335699582,0.964,9.925231,2.7995331,2
-0.21600442763104064,0.045862019821031774,0.013568427307865283,-0.03138274204077118,-0.026943664624688807,-0.29571282330314225,0.020682857589259612,-0.0030748772230933252,0.62,12.569105,2.117553,2
-0.058144942709871555,-0.31068074820325614,-0.0176356802417815,0.020774312017058122,0.02175339795998593,0.858037337232821,0.049656161625753786,-0.1713436378097943,3.578,7.211504,3.5697007,2
0.7419814638771054,0.08615967207367722,-0.023520214835202224,0.13895372440360015,0.024621858587383888,0.0918860694577587,0.03374661552856573,0.05386356312069068,3.367,5.890666,-0.23107709,2
-1.0234265435604384,-0.057242293216868856,-0.0044079068790411485,0.08801129527825649,-0.03734293165025718,-0.18361150646422542,0.0599911220424051,-0.10653072737709336,0.569,13.146417,8.465813,2
0.022689953321675393,0.23581962263349782,0.027392538084408724,-0.22439634342537834,-0.06260232606163352,-0.08917830092695062,-0.034050103383973296,0.20470446271533277,2.722,9.6708145,2.4515834,2
0.9646262536814864,0.09952181443961508,-0.06814452590347883,0.08273908261036544,0.03156898317217277,-0.20849752861743046,-0.05054563157713646,0.07765585331208563,2.877,5.8878136,-0.9875389,2
-0.7088045789499685,0.05686041056712854,0.01106977638108228,0.022964919676140033,0.06770143812212714,-0.3367867488613967,-0.010193424032609227,-0.04191041317459129,1.402,14.212142,6.5369573,2
-0.3188922895792572,-0.09030576431901008,0.10416423590186993,-0.022946408038455907,0.04190445925580824,-0.4603405468050733,0.01925165791914546,0.1021184858668116,1.203,12.565556,1.9155103,2
-0.022710967600373166,-0.5480920599621288,-0.06043001646084489,-0.03365386645720031,-0.05872040826484198,-0.15338496137524765,0.043106023193701076,0.24652619532491052,1.316,10.609586,2.5557144,2
-0.057850189860280815,-0.1707410742185556,-0.011878423457701182,-0.004738322710599596,0.013642084394178744,-0.014193820308573218,-0.06638504346296265,0.12450357770559528,2.67,10.616986,2.6741,2
-0.01194618504408454,0.10958507463165915,-0.02381132370211908,0.030468077846550617,0.03691412117235329,-0.5120696909679835,0.04272040571913299,0.09988981465941701,1.708,12.077571,0.7366984,2
-0.16169818321807256,-0.09928566891488697,-0.04252794048678454,0.04008151589680592,0.03896273758216487,-0.39367121184784015,0.044147437546110835,0.08659972675911284,1.648,12.292995,1.7073791,2
1.2428878746499485,0.05091806582838537,-0.12743948606367722,-0.08245430951221355,0.031528485283414204,0.39512671926367204,-0.006761327658262151,-0.06863730216725344,3.293,4.133288,-0.32337004,2
-0.6103997970020054,0.0713331312457956,0.03937770718342415,0.07623160316510438,-0.005491235894560548,-0.48231156552202636,0.007863188754298478,0.04640629521966502,0.906,14.356996,6.09128,2
1.3491480909343294,-0.41812966816904495,-0.014608044104223533,0.0169827704425361,0.06418483149399959,-0.09412976291740863,-0.0699120646026761,0.05229714010658798,3.12,4.255129,-1.6607425,2
0.9075532073035235,-0.42400613040955204,-0.007019972764601284,0.01735065365706054,-0.00528138313429799,1.3168106059996776,0.036195705550075286,-0.029878114410472917,4.202,6.6605453,3.4808042,-1
-0.4852000287939707,0.1291699616155838,0.14205331197491516,0.045732210071674134,0.008920156539930585,0.34406801685305843,-0.0027188436357652723,0.1286116695221042,0.856,10.094855,4.966133,2
-1.1044641410394695,0.14988853948520992,0.008928230862444347,-0.011550191831592171,-0.12826121833165818,0.373807199396169,-0.017090084339044048,0.09362423054843141,1.104,10.861201,8.717058,0
0.5899394004272658,0.21984634743990286,-0.005815092161756935,0.06565498177738335,0.11400179232643462,-0.2455856982764188,0.02107754946767959,-0.010828017213800528,1.531,7.189927,-0.70368147,2
-0.1474347456953322,-0.06534613872698902,0.013084116168375598,0.018680005439689645,0.05739899949915639,-0.23375653911126287,-0.02368256575529787,-0.07184526373998765,1.471,11.612525,2.2268796,2
-1.0528989650006375,0.1853383386503621,0.029534724030013504,0.013188570490937912,-0.033070717255481635,0.38597620551446493,-0.08274365622874238,0.12237852954243822,3.761,10.787973,8.713759,0
-0.47551917101886254,0.11831333496094179,0.0947422979669349,0.016616954416507207,0.03291209524664496,-0.07273166801884012,-0.02211659788121001,-0.01526903986266348,2.555,12.935255,5.1506386,2
2.224472995519708,0.0975683374464062,-0.09213309039693585,-0.02450195833228186,0.03408337603277223,0.0939554580268207,0.16774010752337237,-0.02022096754017294,5.00001,0.9678981,-0.5833172,1
-0.4379578599234126,0.17691402622076866,-0.009472637668918926,0.08866871637995119,-0.0727939226741896,0.2865294471411656,-0.03988755789202833,0.07750571810584803,2.742,10.091158,4.9207478,2
-0.7583787725927533,0.2091198141314483,0.08231814413202798,-0.039297144298269054,-0.014285046159555531,0.20604559949042017,-0.06536540468351007,-0.11187926806761037,0.76,11.53682,7.302226,2
1.07736124659217,-0.18317707405277453,-0.08614748011315915,0.017544787256709576,-0.02445790573345366,-0.21552673624930832,0.006824499109338827,-0.14359430999515924,2.783,5.18969,-1.4534975,2
-0.2658649615097655,0.22108636137844045,0.04558263125636469,0.11486489679425008,-0.10516784365897447,-0.050537461339256184,0.03423244258971056,0.02035005454125577,2.583,12.51591,3.5503292,2
1.179852275378629,-0.03465707827843845,0.13028763156594803,0.04423039842254306,-0.04637167499863562,0.26509174703579447,0.010518874504268527,-0.08018646072950608,3.597,4.4232836,-0.44760978,2
1.744938381231737,0.16209416435302215,-0.010613205682941218,0.04289923691271247,-0.07418364355455342,0.2131184881685838,-0.020279804346197083,0.08767911440369847,4.728,2.6021793,-0.5790058,2
-0.46749172472391726,0.4377084331780321,0.011702210435445087,-0.035760545256119824,0.11998767622606787,-0.09059831310660585,0.10354515683759985,0.03540310296170901,2.586,13.505997,3.6075575,2
-0.5035766887975093,-0.10828036948389011,-0.03732120977470338,0.08094969068359889,0.04850467375591075,-0.1712820492886537,0.02659504070669516,0.13957110988307958,1.32,12.995874,5.5191064,2
-0.6192767159529406,-0.10158453121533775,0.07264513679956178,-0.06352157919430937,0.08891846752494503,-0.10405720909506627,0.06581511943207638,-0.0012351432924756767,1.548,12.672298,5.827745,2
0.4745799636404209,-0.19951023859926395,0.07117008300328487,0.0492430270460176,0.031888443481659784,-0.05189257882042561,-0.03327789488491564,-0.15256962534770577,1.655,8.15813,0.14186333,2
0.21050634208804508,0.07192902347043187,-0.11558831418450702,0.04408745948333734,0.03957554466310456,-0.3238351799856378,0.011541884078970333,-0.0742595652667129,1.459,9.813559,-0.09189623,2
1.2411710556061317,-0.12219003439412612,0.024753091370681823,0.060817917169127655,-0.03373300504840493,-0.2936801268216991,-0.014469070077463092,-0.017777586692209357,3.213,4.7492714,-1.514837,2
-0.15183593311576754,0.3139570602472871,0.01113114268484841,0.039951755076627266,0.0945596199295283,0.7253753413668058,0.08901148827658875,-0.015321023353088686,2.49,7.6400766,4.5802345,2
-0.5541892864861454,0.04790764823186863,0.0066390417217198905,-0.06601940922934404,0.09131522703937148,-0.2579485506233782,0.005432598514049813,-0.024008828932231996,0.595,13.788211,5.4491725,2
-0.0778798502666331,0.6312556632540745,0.012781125714527247,0.00740303049206642,0.031002523944949706,0.18912951147355572,-0.0761389039437394,0.04546513536701313,1.546,9.089217,5.147689,-1
-0.17993294462648515,-0.13764480949297048,0.014080399664592347,-0.1282600661550551,0.004003529608284012,-0.35843960688846693,-0.04949410395679632,-0.13637222399498258,1.55,11.8167095,2.148878,2
1.0726054520922659,0.3950056287605043,-0.06921269341690078,0.030133341774863376,-0.06929477695620129,0.5904895443846645,0.03288724045141961,0.22645730871273995,5.00001,4.2492504,0.29841498,2
-0.44152445079200964,-0.12395515507228883,-0.022402869075444254,-0.02138909727332186,0.056755774045261054,-0.4538648670365728,-0.016388660977916927,-0.022645254844272655,0.533,13.057655,4.1222277,2
1.4414275482635581,0.3281441009938523,0.019020524753900092,-0.048139675960462674,0.11506660300225036,-0.028115901303163965,-0.06968247845604758,0.07839952880866918,3.736,3.112422,-0.7864517,2
1.4195729073873709,0.3054769642809354,-0.020087844513908076,-0.04738176646232528,0.06783404346089292,0.4988038364991492,-0.007525058164686349,0.10971691143528323,4.741,3.589018,-0.12734693,2
1.347295562349807,-0.01785972240157996,-0.08171863832235512,-0.02861691232320851,-0.02008417233167903,-0.19325620318622347,-0.020272992779508642,-0.04734124149691776,2.62,3.7670548,-1.5436753,2
0.47493182928630273,-0.339528193792384,-0.08953057018502741,-0.01431638869346108,0.07312415883207912,0.25916363759016375,-0.04049345393087728,0.06733980028908931,2.762,7.9254255,1.9294404,2
-0.4735450885681842,-0.02226852201922505,0.10394081946138892,-0.06938971165100755,0.10451375136183905,-0.3484004683286516,-0.021855579007255654,0.05721785768403323,1.578,13.386076,4.6076317,2
-0.4489900757487322,-0.4235750362421141,0.10882872817429681,-0.01924013751630796,0.048342919413260355,1.1996674725890337,0.06856115115262432,-0.14988503786096105,0.858,7.007243,3.9515975,2
-1.1044884614240769,-0.10189219213676885,0.038051632814608674,0.01614330630232126,-0.05020309724379492,0.02551903070105027,0.09142534511710518,-0.2487287984664975,0.675,12.487938,8.582776,2
-0.29858338206967305,0.18775404655396763,-0.07462254369401308,0.12589632845608226,-0.03249868706455053,-0.19442379981335522,-0.06464707456814947,-0.04903925929911823,1.607,12.881516,3.013096,2
-0.3902220886149945,0.21924066806972423,0.09794218699008114,-0.03272918895351476,-0.1332839727101764,0.10161010519156047,0.052908150424643335,0.10291094125202607,1.919,10.357783,4.6346636,2
1.6217125667376808,0.21902147212140655,-0.006049590334810895,0.037270672335963845,0.0015026162980208424,0.7817416447977762,0.030073161624740413,-0.12533246249399388,5.00001,3.6719074,0.06618212,2
-0.8314016381521456,-0.035412296728651205,0.09176690697126391,0.0194333908071503,0.017250934624235104,-0.2949466867103301,0.0340852021381957,-0.09014183105135375,0.65,13.941636,7.3606434,2
-0.19528740772366707,-0.08257085692529118,-0.022028047195548545,-0.0017675460521279218,-0.059878124761066326,-0.2633416849611931,0.04777109318250619,0.1153551287213809,0.842,12.257108,2.1125894,2
-0.5403129363792365,0.3403676068982733,0.06281589364380846,-0.0033636806884414505,-0.013875936310637077,0.7691050841224976,-0.009796758875529055,0.055245776420306425,3.875,9.084549,7.749681,0
-0.4168391879823437,0.06612958178715672,0.09247653545201298,-0.044429780720983525,0.023972071197584183,-0.18823116138624665,0.02725922778133691,-0.007625499672068353,2.75,13.395506,4.3301063,2
-0.7138392403787686,-0.008933814428418452,0.08238648224428355,0.08613048164465725,0.04616911609070612,-0.14931881892972998,-0.02740884947367328,0.10512338825376963,1.266,13.236,6.2357597,2
0.2818094587987788,0.13458054076642478,0.06755524630771176,-0.027399962078484635,-0.011949443153367434,0.35598701460660576,-0.01589522350420486,-0.16519812471917433,1.514,7.583058,1.9997334,2
0.02285736045216591,0.03169152722630525,0.025246642830734828,-0.009710120302313885,-0.003965495255381313,-0.21985522220224463,0.08917239307536962,-0.06000297164485899,1.778,10.986418,1.0980165,2
0.19102513513137892,0.035556819311738264,-0.016845094251734943,0.028495386686529345,0.015520797746763959,0.10552189051403094,0.08145181847315267,-0.09851504170174047,1.958,8.714681,1.508437,2
1.212357192400701,-0.04899218646040007,0.06678369642174017,0.08881660403897412,0.03857459508100111,-0.19083559631491212,0.008794042955128784,0.021781735269507774,3.305,4.6538935,-1.2899323,2
0.817116829322024,0.36180458466694915,-0.20843555131499114,0.011574474577250166,0.08230129964754634,1.598679391652913,-0.13462944695626228,0.06113549727511253,4.25,6.17017,4.4064827,2
0.030659529354030157,0.0672647135901526,-0.11390726184306346,-0.08364129992910632,0.10183138895147359,-0.176416686697934,-0.02831441206190255,-0.14176180509499148,2.226,10.671341,1.2071266,2
2.4742526031242384,0.010228966628454544,-0.08196748227234515,-0.0855739789550164,0.03904452443624029,0.19583760391391014,-0.10380104186175901,0.019732165775764865,5.00001,0.28397927,-0.48679465,1
-0.7327340243939859,0.06677391694698948,-0.0036587827555551733,-0.0005393702795087885,-0.0304188598277898,-0.002931272178627764,0.046004937515889605,0.011756856012890421,0.849,12.512213,6.907409,2
-0.013080452543201282,0.12095707814214796,-0.06887626875589203,-0.04548629550507999,0.03916382097274987,-0.19769059637671843,0.09417002737153687,-0.08148808089854376,2.383,11.111186,1.1025616,2
-0.2622887918621315,-0.14050099092145643,0.02940030290609888,0.11718166658905266,0.1311372709537805,-0.18817790069845305,-0.03580554691117263,-0.056734158515737626,1.248,11.426117,3.001638,2
-0.44834341633109553,-0.1816541408758358,-0.09937184473874597,0.10750826062454183,0.03059543968143416,-0.31268535384760865,0.1354593209673513,-0.0011379056001920296,1.375,12.801091,4.2577486,2
-0.5818991892095029,-0.1449150529510449,0.018965654073271887,-0.05234814196239504,-0.03125408869671292,0.22545362535568403,0.08599813245236199,0.056478184019609856,1.891,11.323131,6.1218257,2
0.09679531793909232,0.24162647969352757,-0.05361183683748827,-0.045715001367228975,0.0908822132604446,0.6715640217793826,0.01917429727777012,0.05674794664365748,2.543,7.708941,4.176405,2
0.27708120461052976,0.08197015230422114,0.05960897452755157,-0.14386256739057676,-0.004549000127527458,-0.236810394488915,0.17504712665720973,0.018856329806610783,1.917,9.532334,-0.18223253,2
-0.6532758722847907,0.3812692229617401,0.02317002267558138,0.026021497092435453,-0.009556020817740346,1.3162400294865502,0.008180346642504555,0.09340782263900449,5.00001,8.763043,8.122422,0
-1.047364670492561,0.08164116334050378,-0.050880805710503574,-0.09341673568213994,0.015370801462929573,0.087994930189658,0.005255974794560622,0.1262107903643474,0.938,12.022671,8.747834,2
-0.34341063529421934,-0.08410247116262426,-0.05562994870938198,0.09736011635325897,-0.00971474250274193,-0.2687936421691576,-0.007451309216444407,-0.12270133416729884,1.609,12.689799,4.138596,2
-0.7561948342123261,-0.11254249499935369,-0.024952000296185994,-0.012236852848924132,0.08136069923889609,-0.37138305325773796,-0.21176777421243828,0.2524693509703063,1.43,14.060048,6.876633,2
0.3197280288345119,-0.10448009512305817,0.08213908422501379,-0.03488063336392447,0.049983320105895845,-0.1456475099092951,-0.06424760557216194,-0.02116413762557573,1.798,9.187655,0.39066532,2
1.7399021634566183,0.18041676085927866,-0.08595127999931065,-0.09547449982394715,0.03415885226912699,-0.05962364407500065,-0.023143627413660772,0.2093463321797736,2.781,2.841109,-0.85606766,2
-0.6916145482674311,-0.040460719319023425,0.04279212276233249,-0.10683705564680424,0.01059298117263785,-0.29991876996608624,-0.05056892346084732,-0.020094205763609763,0.719,13.747296,6.5139513,2
0.07928160282673855,-0.06274321526606233,0.06925311445720522,-0.11166105981469154,-0.0075555377124401635,-0.2628977279340495,0.042985595991555436,0.07979582402063806,1.425,10.783371,0.93718463,2
1.3896859972663074,-0.14735202938835898,0.06943010811711209,0.010772367748212053,-0.060969543438226914,-0.19205006377068445,-0.11746501014172461,0.006840579578426126,2.781,3.9186113,-1.6177903,2
0.19000850535292274,-0.0314528216822543,0.03748461535736483,0.009836661098860028,0.10137713775724183,0.2085125652198276,0.057388054954008394,0.07209534717360067,2.197,8.6502285,2.4334707,2
-1.0632144021520928,-0.21864383452452546,0.08324262816950466,-0.1593893850518543,0.06025907831708338,0.2016701495281177,-0.01586344932255454,-0.07254737038027188,1.125,11.899902,8.434819,2
2.654151752427474,-0.03152650347882813,0.02881637699079259,0.03793629274776353,0.03918544940868962,0.10075509400340463,-0.04736617005604116,-0.005574924621596394,5.00001,-0.14516175,-0.5918481,1
-0.133580062926986,-0.04307565168088573,-0.04753444181424382,0.006222183119573149,-0.05729177545990363,0.1692626799706004,-0.055084540370155255,-0.0630169727330363,1.563,9.8342495,3.450791,2
-0.630001856324346,0.031699007467612283,-0.03173315233284307,-0.08807481298941186,0.13416727691542854,-0.22641776042106726,0.0584682980828608,-0.045694260855368096,1.311,13.820504,5.5074725,2
-0.2595727868122115,-0.1693444594625037,0.009672701782624749,-0.07423600982975051,-0.03870937724964374,0.09499306940700344,0.006082869274861624,0.08143260262979482,1.184,10.396367,3.850353,2
-0.637087723447166,-0.13016193635581427,-0.002178869047846671,0.03954285620491199,0.004460374679507745,-0.18739639349384607,0.07359896752040881,-0.011970812178043438,0.743,13.02368,5.8293333,2
0.15096374261703438,0.21013140845778053,0.05236515867627961,-0.07864016941020638,0.019369308943893715,0.5612577814121418,0.048977728606421245,0.12279918556316896,2.383,7.7558928,4.0861597,2
-0.6010835469348162,0.049381395258579375,-0.022987558340269554,-0.03494672489988207,0.03714764750056626,-0.1418675981973204,-0.05779977986471324,0.015122104502282241,1.863,13.363777,5.6433964,2
0.6696029804025663,0.08257132497263367,-0.06256607038637124,0.09996658399924496,0.02358541236106715,0.0046397159746047745,0.03473687429821576,0.03291221358106042,3.685,6.169587,-0.28505066,2
0.14420084265373093,-0.08395572583056823,0.14269603842727513,0.023432758816224225,0.05080180728153444,-0.26526482938137574,0.1051665021408495,-0.091298555820014,1.339,10.260112,0.7267925,2
-1.0529680941287993,0.4896904727439729,-0.1594553293815289,0.042701973124570025,0.02651154116713003,-0.06425923794387388,-0.04059796894768822,0.21059565534596963,1.266,12.986657,9.165267,2
-0.9311311439026085,0.0987506908913571,-0.014352667958603238,-0.022269442614419183,0.014930954133123536,-0.18340348186408903,-0.10660370534295369,-0.059814888464351665,1.176,13.628077,7.857277,2
0.6051449559710782,-0.017164414627008517,-0.013887359635531005,0.019565012322285025,0.019559768450134213,-0.3056489217152892,-0.01644089720749789,-0.11581287053466977,2.132,7.370444,-0.911585,2
-0.6915412177444908,0.39822887382984795,0.024126912176280962,-0.024774191348384322,0.06387138568665371,0.24193429054173485,0.06458656034932814,-0.11451710830090403,1.166,10.100823,6.1542516,-1
0.48449747797800125,-0.35091282806792984,0.13057280009571529,0.0027652676136054877,0.050219317378210504,0.06931471461532587,-0.040526479375289276,0.0028559261017477577,5.0,7.869606,0.29417425,2
-0.06568674592694151,-0.1607204687408905,0.08044876166642695,0.012519421240963946,0.031079796199373733,-0.08189848814868048,-0.1247249716206201,-0.0446149447225653,1.299,10.622587,1.948772,2
1.5377786673385563,-0.3209703467317335,-0.0002423205262729322,0.05007865331425723,0.03558643579946705,-0.10902076104367958,-0.0005349321937894169,-0.0450903221906018,2.293,4.1164927,-1.7254817,2
0.7379143234237621,0.02695954014070137,0.021584132914623466,0.1483993978524503,0.06290570086548491,-0.18741158771879016,-0.011007042939961437,0.1364554524726758,3.261,6.2954054,-0.66491586,2
-1.0806211086811475,-0.12145054120806165,-0.06862579089969499,-0.028530440522847575,-0.025020611761953845,-0.16149418609622804,-0.01647335150043462,-0.12946247664482186,0.4,13.012627,8.546904,2
0.2921071048351309,0.41054617357627404,-0.029994104474391353,0.038860443215277984,0.01338749667802569,0.4545041189296008,0.08788709241344067,-0.12092168505661416,3.092,7.2273245,1.7243062,2
-0.38520951986814106,0.22981536465770713,0.0864973526562893,-0.04214854146400479,-0.04737671276646788,-0.354464903720878,-0.030425698891211855,0.2699386158986732,2.547,13.327449,2.6190312,2
-0.06810358643732642,0.017475742603091066,0.07147667994875914,-0.007345447557241119,-0.08410744776763501,-0.3041039325660577,0.06800452646782743,0.14512274491169558,3.208,11.950965,1.5890946,2
2.7567399207755354,-0.1348892587957992,-0.0972087662348271,0.1326165651267938,0.010592765838998347,-0.0454908484761834,0.0047021500593742716,0.06217714752156661,5.00001,-0.353448,-0.6767841,1
1.3280914575646428,0.005773531330682841,-0.038875472547109685,-0.08826321344361351,0.028295493193118276,-0.048033428685653745,0.03414790574883422,-0.0013381660030297449,3.246,3.973769,-1.1178868,2
-1.2569583414679442,0.15713763998193647,0.09157886693470456,-0.007862636283334848,-0.042102107112895235,0.4781249008911884,0.04069939654037627,-0.08570767338794509,0.914,10.418906,8.772939,0
-0.448871723743701,0.14286698367840017,0.041012360203045106,0.06047109892187727,-0.016147377549952074,-0.21238558817985728,-0.088750389809816,-0.11232955719576776,0.778,13.423387,4.4498925,2
-0.7913042255697866,0.09237346009021218,0.07860810457837028,0.01231087296731441,0.05075854391506217,-0.3068069002688144,0.06729277953337622,-0.16868363809960032,1.25,14.072434,7.2531786,2
0.36500564312438716,-0.02844839936292065,-0.037250941471207166,-0.19214432997001502,0.0058449243360262915,-0.23248137142655045,0.018266523574101134,-0.19741312172197215,1.476,8.997189,-0.11488475,2
0.12783690332260056,0.0170932529917609,-0.012105789218977453,-0.025652833036402145,-0.03366339735501639,-0.3950741667864127,-0.04040807440373689,0.09715057811000796,1.382,11.092596,0.36897168,2
1.3186258675962679,-0.2838656139326583,0.055117889271427634,-0.044807955331767235,-0.10836049271438933,-0.02841658856989493,0.13585856306653804,-0.08266051084674525,3.48,4.3202744,-1.5945696,2
-0.202245581768505,-0.10961313224622299,-0.15944110622996563,0.06692136254997191,-0.014347881141667435,-0.5183676796320033,-0.019060241523191496,0.05103329813321658,1.787,12.300787,1.6583662,2
0.012447009712936413,-0.13747331357382855,0.02588645433873299,0.019940530477174645,-0.10636122215905511,-0.21847559037151149,-0.06676700351631532,0.02266796467087337,1.692,10.958965,1.5476816,2
-0.4623038622714214,-0.3012306348953472,0.048153511563085255,-0.07378596026287859,-0.050400874627232,0.3816319985940899,0.04791802268190254,0.02140199711358129,1.224,9.874859,4.4908743,2
-0.33837780576804866,0.26983598782766766,0.095357402265142,0.08552052666792623,0.00040113435963162747,-0.4318259124379042,0.007568569816171711,0.0752974392586771,1.622,13.368481,2.657704,2
2.162229465225587,-0.002650461252107633,0.022174900783960783,0.02349439167395795,-0.035184608645781046,-0.201923751562126,-0.0436762352975498,0.03632411770898847,3.867,0.7889201,-0.71764344,1
-0.4729047355018416,-0.1745880852107311,0.029872389991008774,0.023019746214923642,-0.04257943567446268,-0.15769752287575042,0.013613300300345493,-0.060003756125913243,1.739,12.212503,4.768193,2
0.1727938864407128,0.03822755066402711,-0.1193978250834315,-0.04219056212371669,0.12982179756131879,0.2851750003729884,0.06006602335941125,0.0797704468197562,3.938,8.6116705,2.8319263,2
-0.8606902094195367,0.2463832123732846,-0.02186599244574769,0.09190456306541778,-0.003586905247514205,0.03491531867587805,0.04952469492080935,0.13092157458644707,1.135,12.248953,7.1661887,2
-0.31980060435889174,0.14038205066995707,0.005124012787648846,0.05383508270399959,0.04815980999433636,0.16520551457945382,-0.08647141567464203,0.020950586297539153,2.348,10.046003,4.456244,2
0.4088929551847141,0.5842831503435211,-0.15309039989680714,0.027274937597561583,-0.011159910696201175,0.4316127791418366,0.03607398146702534,0.34002450941215934,3.9,6.946626,1.6999453,2
0.7962554168348643,-0.10202480714723572,0.014760891709131946,-0.07727944106541962,-0.0033523464417625215,-0.5908463441182219,-0.00467351584626699,-0.024469252653705476,2.406,6.5751786,-1.3335582,2
0.0270366257001384,-0.03679775256800899,0.07796460093957794,-0.014873659374697923,-0.031852646337289264,-0.15077428365360696,-0.04520916920062684,-0.023102513675004627,2.154,10.518848,1.5396986,2
-0.7093483273534622,0.5314974065783062,-0.05730527099577751,-0.05516828974580795,0.03475928431523498,-0.0970037862441471,-0.11395375012574782,-0.008602794276755393,1.271,11.967018,6.724645,2
1.314228593003473,-0.20834178912449375,-0.09475651798944426,0.04909790140200043,0.039513927554129774,-0.38684267734387623,0.017451282181013827,0.005307740855989118,3.908,4.7826953,-1.634924,2
-0.980950788070408,-0.061893676606540646,-0.014821351079025213,0.00913211996873696,-0.1592349769608764,-0.23455197502395658,0.01001901751392724,-0.012484917822497166,0.647,13.438456,8.274549,2
-0.30416509758843924,-0.09337194670919363,0.006771609817031593,0.10627071155482623,0.016261568039326463,-0.42199278429279247,-0.08371202902799932,0.04224744244753134,1.208,12.675782,2.2335691,2
-0.07701895299815387,0.12189525499175416,-0.12038831634844038,0.04395459244831165,-0.05630321000083094,-0.42678858126154806,0.05985582202247841,-0.020467189994310103,2.38,12.302352,1.1311835,2
-0.8483314741367426,0.18631056841837512,0.13074160592527886,-0.04980880679250871,-0.10933625295265251,-0.20080426900917558,-0.04872968451698256,0.06611970574483922,0.75,13.756079,7.3135815,2
-1.2202900080065486,0.33948687136953015,-0.032037690639971556,0.06967831917128312,0.030554570547371304,-0.11691000755846918,0.12498156184664175,0.07948241215633839,2.182,12.932268,9.173282,2
-0.20555232682781568,-0.06564085446739873,-0.042078801576984654,0.018110773563097315,-0.09244317152037546,-0.22272435876412577,0.021541174779407146,0.12719566276624497,2.571,12.20494,2.2303553,2
0.9018714273468162,0.1914415836880599,-0.017597021624811027,0.07157356687908517,0.01897502732918549,0.04638068985838273,-0.0559101809845699,0.06177044510189739,2.704,5.446391,-0.1833603,2
-1.231944779918148,0.15231773662108605,-0.07729719458288507,-0.030632407943147172,-0.042868450745344774,-0.052787359565546324,0.08763121263623234,-0.0677494146515623,0.71,12.67757,9.122762,2
-0.18557090106559407,-0.02525464195462837,0.030198741836726495,0.0374573205222436,-0.03934089497767404,-0.09250303672021001,-0.10584850213061905,-0.04489187562062194,2.75,11.810547,2.8500738,2
0.7829421275704247,0.01838734190003319,-0.042681267064765605,0.05754195475922763,0.060892062897755755,-0.06997812915738358,0.011136130671224292,0.10600869116874073,3.405,6.1295376,-0.47954935,2
-0.17074309819300382,-0.017771983051995927,-0.07179354835564908,0.0918084787120732,0.14602624998743813,-0.2391858577865964,0.015619384882491455,-0.05867828150834167,1.267,11.736294,2.3485076,2
-0.4534970423365276,-0.29906594740704506,0.0554646208381632,0.07891830154083551,0.04344355283268081,0.008383507089772757,-0.019870726510028386,-0.11581998261156623,0.701,11.348536,4.6373634,2
0.3601952925105237,0.153916788563515,0.04111791754430824,-0.059542409802288365,0.02446863424683668,1.251158713628074,-0.02542518495816018,0.07032691992302573,4.5,6.3236165,4.3536863,2
-0.6371426950608227,0.01911297849512139,0.11500511781335285,0.12298392336886879,0.049571422998277936,-0.3543425669781371,-0.008867541136230284,0.08151946828415599,1.667,14.307807,6.163258,2
-0.06534820117351806,0.10662999113017693,0.008396215398206314,0.0269814955805448,0.07398040480873666,1.0035711185013811,0.012547544785819265,-0.002266593067984879,2.304,7.086447,4.562853,2
-0.6759573930205603,0.15483926370518852,-0.021638020484665815,0.03766780370833256,0.10851144627246764,-0.040283555315794584,0.03708691632751088,-0.2063399263793076,0.97,12.480611,6.9616385,2
-0.04999661963925994,0.6680565382731264,-0.03543545468920467,-0.07089796505416085,-0.08965415004552407,0.39905786610253463,-0.0246126592974652,-0.003909504138116027,2.417,8.897262,5.144825,-1
-0.7132197296191736,0.30665138983495893,0.04553459912604385,-0.002144149111053345,-0.00599165990411521,-0.2291547185811533,-0.0002285205805158952,0.005481533588589993,1.28,14.380329,6.4520607,2
1.5123974511883693,0.0856265902935957,0.0214653734560932,0.10324949223147131,-0.06331564487954841,-0.07708190406966453,0.0651827192662695,-0.05316762031542002,3.683,3.4735239,-1.3834821,2
-0.13677467495016202,-0.20641335454515505,0.06558174133770309,-0.03416691328299046,-0.011816524878294016,-0.11661804820511443,0.024440475642189596,-0.13776444689032075,1.323,11.201366,2.833226,2
2.5094539594681105,0.003781078510653235,-0.057130299927460215,0.008848634484068252,-0.021313391558165612,0.189240448271714,0.0492753022573203,0.06499559051813938,5.00001,0.1832257,-0.46974096,1
-0.28975385824191524,-0.156351597034698,-0.014736467400277203,0.010865498999127948,-0.06467512257131142,-0.08097827176345879,0.0009097017547866348,-0.011912659251993057,1.563,11.585886,3.893896,2
-0.2698112842308271,0.09091395308199576,0.06615797235609741,-0.11938715733549884,0.024263304604341313,-0.014027952617729739,-0.004565336089041583,-0.09159594925985537,1.814,12.138768,3.359984,2
-1.237139289387395,-0.2224071780210242,-0.06694353267577051,-0.05564174562823894,-0.054916494186638895,0.5952157128718684,0.11137947167789952,-0.02590325346735474,1.661,10.191663,8.523864,0
-0.6718229478506621,-0.2108267349749929,0.07511906057739831,-0.0034716527663017915,-0.013667846787394008,-0.08752496452856884,-0.08330809193759478,-0.08544033376368725,0.657,12.155705,6.025495,2
0.087796950928105,0.035778817993167594,0.022018318269791365,-0.021884503076641387,0.07996651642974764,-0.41032098644667264,0.0395093983602926,-0.017132227381157134,1.881,11.304886,0.4895505,2
0.9517258921466671,-0.08149464847603968,-0.004336687387244215,-0.04132554543854505,-0.0028112616944066804,-0.42215516263767455,-0.08397833021724449,0.0306540165144783,2.667,6.207097,-1.3663286,2
-0.8328587172184263,-0.052281950924177895,0.012785808597560316,0.07674854146662799,0.008161105707556016,-0.25632917090797847,-0.0730805038278155,0.10094693713833311,1.034,14.038712,7.0982947,2
-0.6555227901844604,0.2067719794625782,0.08075342003513958,-0.04920947102909473,0.009562660711321447,-0.2541594729299145,0.10839076296102648,-0.09503595679590782,1.813,14.043298,6.227738,2
-0.44305580627645513,0.25422830313289874,-0.013881764477406827,-0.06229160777084586,-0.024475409115974817,-0.070344816469291,0.028526072238282962,0.037567225692633016,1.92,12.856197,3.7879715,2
-0.4556067223948529,0.17686368568583627,-0.015661788743346394,-0.0002809282604841479,0.09664087034122795,-0.1414208026282633,0.1093394721634196,-0.05207032327089395,0.758,13.157185,3.9192083,2
2.890585363902851,-0.29815524236084867,-0.08640069857606342,0.04501076394133849,0.026769934162677367,0.12266795753244786,-0.028452289795190377,0.04903997419408618,5.00001,-0.5148315,-0.753151,1
0.08852646666624994,-0.12536739529172383,0.07567269721580913,-0.13361623533067876,-0.13190988276426038,-0.23280780516273963,0.019224581835359522,-0.04355161864547949,1.683,10.461344,1.0651418,2
-0.23799079616988175,0.10807461639826241,0.08591086500563877,-0.040816630387212643,-0.09134178453441408,-0.37027062629727303,0.0187584797237762,-0.07207490811337036,1.482,12.85296,1.8328478,2
-0.15564756166614943,-0.2817301404495469,0.03704509312983095,-0.06220562142100022,0.018127035402026398,-0.19174292901535442,0.05414120485888804,0.03765749051608036,1.07,10.909056,2.8215504,2
-0.6065376463627081,0.036180733708745166,-0.03842108733018351,-0.049240498054206994,0.009669608493635212,-0.3086370582091581,0.054265412406099944,-0.0022444596459778032,1.542,13.92972,5.7363114,2
-0.8527525545927777,-0.1325776191211355,-0.0714401472310143,-0.009454369448480826,0.0015188319814422868,-0.02510719026316277,0.0015410726971065436,0.07548414964218803,0.713,12.691451,7.535072,2
-0.39775470481429104,-0.13132630713246524,-0.033069096299534,-0.09236491087751911,0.0006557070697550682,1.3841149793930119,-0.053284978765640284,0.05947334011311514,2.667,8.667576,7.9326506,0
-1.081703551050649,-0.020558641707436792,-0.08573746768165968,-0.025982247915443443,-0.03904887954971878,-0.174096875166365,0.010383716553405975,0.08462648277479716,1.238,13.447097,8.670252,2
-0.1622049039799892,-0.07656224759821245,-0.04408360924625199,-0.09664555808874914,0.051476083078700635,-0.1329921728641946,0.08000744101341378,-0.07321100616863102,1.214,11.43224,2.5574648,2
-0.4577791535106053,-0.12194748569405284,-0.1186978502425394,0.08137389677042525,-0.01840154646238404,0.1586306708970451,-0.022447116785986793,-0.08403876823589965,0.916,11.268462,5.881284,2
0.07759059641339397,0.27716609081037746,-0.12414971271473621,-0.01901642169583831,-0.08426690341846646,1.647086374123362,-0.024578952153571976,0.09855492871363117,5.0,6.4092226,4.7475786,2
0.15954645205474455,-0.1873377967048321,-0.014626871701405364,-0.08920255202976146,0.033058423377748086,-0.1922081210726788,-0.026036961136433806,-0.12012419203226798,1.847,9.646884,1.0272979,2
-0.3871554350435916,0.04562816092545777,-0.08978900657121822,-0.1287141649299252,0.0927481099686471,-0.06486758604567128,0.0203737592955463,-0.10367010464025161,0.895,12.344856,3.8347263,2
-1.3659495641971546,0.21323454558546115,-0.00899645752585998,-0.0035765507773224126,-0.018400580899165492,0.6481384929469511,-0.08445888850623604,0.1241627785912277,1.161,10.240205,8.813137,0
-0.8880329590209519,0.14424885516499697,-0.040308690797238034,0.11507138898384978,-0.10650748520928574,0.9734280979301149,0.023468849152754045,-0.03806385658859668,2.083,9.183856,8.154646,0
-0.6135784378395782,0.057947675665496245,0.022969939712097626,-0.006199753091352955,0.09293742673354807,-0.21053594055620845,-0.05994768950327814,-0.04228698797939856,1.486,13.736703,5.6630807,2
-0.25714879356831977,0.0632195585038921,-0.0710037307426751,-0.022598425693161728,-0.01266150170309116,-0.29967910560308986,0.0007684580155636889,0.07747482244277151,1.686,12.883266,2.2803283,2
-0.022478855475180887,0.09228823514834467,-0.039385884552190525,-0.016387425242645637,-0.033201387321822484,-0.26165697020908807,-0.05557376285513729,-0.03842577330334207,1.274,11.349903,1.1446383,2
0.3036878909785895,-0.21548363834013712,-0.06013691513378472,-0.01845089931382915,0.059493947201095354,0.35810163863864125,-0.06628676642560455,-0.003909827458414311,2.445,7.917842,2.2848334,2
-0.026819522082877217,0.03961001296392644,-0.05004359315503931,-0.04028984460298762,0.06276968478752692,-0.33917403581638816,-0.03773510636817798,-0.044874163248237564,1.761,11.46296,0.94751877,2
1.0070455141291554,-0.1496201154142413,-0.000740012793539413,-0.031577702041777705,-0.026773053419451937,-0.4887824853296628,-0.04221435465495382,0.11842913938588207,3.021,6.1386847,-1.4787805,2
-0.23695765931629853,0.0685410071755729,0.02911946523706027,-0.030166169927425573,0.04796206624148103,-0.31681983224694865,0.13382486670239305,-0.008583674097949467,1.016,12.700356,1.9999571,2
0.4382006553606799,0.143426772227223,-0.04979154306917738,0.06966332787789306,0.09305552913466805,-0.3611066768620376,0.059218484952767325,-0.007109021045494324,2.314,8.809539,-0.4622575,2
-0.46994336612970167,-0.025954741569870765,0.02655640240556803,0.09773969563893767,-0.08745510574381091,-0.33664017800118534,-0.06373947025642077,-0.04998321982444165,2.132,13.291113,4.0273542,2
-0.7773433443856251,-0.09228755043827232,0.002787399650639663,-0.04187526380448707,-0.016046531449026832,-0.16511955251398527,0.04735377218351634,-0.053087639407616946,0.731,13.191312,6.6979923,2
-0.09228593461177018,-0.12795866605719045,-0.06909175127867806,-0.07860060062447277,0.04320079256705642,-0.26936582989637514,-0.012504967703833358,-0.04527657256837969,1.082,11.467082,2.0003643,2
0.8120476419559897,0.2711688871956719,-0.004126139164562503,-0.047733917808087944,0.05967379269001183,0.02971570523137196,-0.024400859747541248,0.07275820748615008,3.387,5.7165017,-0.14657371,2
-0.568386070582308,-0.043519198504971573,-0.018752599457999702,0.029718779463953016,0.04589586256828851,-0.33942291671738206,-0.11819208865305242,-0.04896448015255955,1.5,13.828713,5.6458054,2
-0.8107434420533971,-0.21386912282050777,-0.03854078266536866,0.011112234866034132,-0.06678587888823274,0.1104479032388017,-0.0048944484838558955,-0.16948545909466267,0.825,11.821105,6.917283,2
0.3047638870902872,-0.1108685872970687,0.06911679620977143,-0.040869847310006646,-0.049077173920420686,-0.16277819080519582,0.035442846959860524,0.047865774694027,2.35,9.172679,0.44908637,2
2.0314620285041847,-0.0579292335507306,0.0658050034942958,-0.03246025339789457,-0.12008626104458464,0.366757522148372,-0.019398143812526775,-0.06576886909806773,4.246,1.8966058,-0.5304655,-1
1.497214411840133,0.23849082861677745,-0.060991410243406374,-0.016998622871136015,-0.12132345256599242,0.009347144251358463,0.027241511914148808,0.060394116006140114,3.337,3.2631063,-0.796903,2
-0.0015714145829004988,0.05797477849107294,-0.03364838615295804,0.047420270154943794,0.009649003624396274,-0.4515692151363873,0.04585792514600184,0.13791108830490303,1.579,11.87415,0.66504127,2
1.5935980048726746,0.16846146483561492,0.16982631366210488,0.07323000569062882,0.052664526192385624,0.09745496316655994,-0.0029718421930211847,0.012225796143833845,4.115,2.83833,-0.72090703,2
-0.992548550253407,-0.1169998531762266,-0.04445707597930146,-0.0009681856625426144,0.10677738785120666,0.014711390787207443,-0.0859347432804459,-0.02213460409674943,1.015,12.54096,8.236162,2
0.32738479778001267,-0.27650474469036124,0.07053421677692545,-0.06617899942822611,0.061012509429836825,0.10964700809468292,-0.0009517967612045208,0.07279162157330626,2.443,8.383982,1.5753626,2
-0.33970574400212217,0.7713112161601231,0.08676337940282905,0.03861536292173587,0.08170413891233733,0.13117854770834858,-0.039788255294181424,-0.004108341820142664,2.309,9.59626,5.636536,-1
-0.2223089408395204,-0.7780929494261458,0.055516126589947895,-0.11721799579601239,-0.04148804643699472,0.5158974798847064,-0.07877670408129808,-0.07140180495304835,1.193,7.5210395,3.214181,2
-0.6928599051407384,-0.05581962309416838,-0.011571167596566484,0.018507476469094064,0.0697128704274256,-0.19342256181426495,-0.013508832197284326,0.028644329852490907,0.995,13.304341,6.1786995,2
0.3226812414597787,-0.24777414258682845,0.10593077930293304,-0.08901374038438392,-0.0004800617354733805,0.19266338244962755,0.062407072102770716,0.0556239406408883,1.392,8.310931,1.6038814,2
-0.9887768687071159,0.1221142807817343,0.011037810858156041,-0.07244674753987017,-0.002214141170519074,-0.10016379571579011,-0.09594012737500347,0.07625046440043097,1.125,13.561047,8.449225,2
-0.25689722344455024,-0.11694784666356592,-0.0716631950198072,-0.13605292795648277,0.10446110786174839,-0.09968314540320228,-0.004417801462469534,0.07501670574273922,1.036,11.929983,3.5317888,2
-0.7818937115741739,-0.01590541616057703,0.03187015362846088,-0.2164023487993595,0.060838636720878025,-0.19154781134863924,-0.005315730990446882,-0.09933452835737103,0.65,13.281765,6.792913,2
-0.5435755263822442,-0.24398534318931184,-0.02485841704704317,0.05904695809155397,-0.1072516012919488,0.10826841042183172,-0.06260372254203392,-0.05981000864903052,0.975,11.425271,5.9627457,2
-0.97825162216241,0.026261882244444312,-0.038287993590605834,-0.026352182182855996,-0.03998706710682921,-0.158561646553526,-0.006926694387740642,-0.048848321363478,0.544,13.356956,8.320487,2
0.026325690167724847,-0.03909538160912798,-0.024976747156621126,0.10503192306444956,0.0022422516101562873,-0.18173173664958758,-0.01371349463925814,-0.019048364028957376,2.938,10.603829,1.3529924,2
-1.4495476538748011,-0.15882523592354744,0.0735574790187353,0.057897098163908145,-0.028195275516156568,-0.09622577153023874,0.06260118688909339,0.046255502823122185,0.665,12.255942,9.029902,2
-1.2159146860894248,0.03616293619189814,0.042436262969159894,-0.04283976897539715,-0.02048521354685956,1.3354945247477128,-0.013041629037044505,-0.019553242084746153,1.375,9.270952,8.574097,0
0.3542825930971042,0.18947612837488337,0.06183330417203517,-0.06584662198693658,-0.1137877677144643,-0.37428900565097567,0.06306515369223067,-0.0015241038600135592,1.982,9.5433035,-0.23932338,2
1.097882079179258,0.09859417318460062,0.04254480754974316,0.0674794111998977,0.015086568864877359,0.6145437039984875,0.05064230999607611,0.1312132179963335,3.661,4.273421,0.29224652,2
-0.04849181349676032,-0.17091012712552908,0.05030029279969833,-0.08668253599150338,0.037885619623542754,-0.3476914858504182,-0.1400159668944916,-0.09340999014339527,1.608,11.574164,1.9712003,2
-0.8858878269889826,0.017708976895163417,-0.07734694162020572,-0.147945538562325,0.0641545961802721,-0.09036401121587258,0.06842745664165424,0.04638316908544375,0.932,13.335577,7.9370284,2
-0.5357901622182465,-0.037779623812959434,-0.035686768857679685,-0.11403073289560717,-0.08131413420597583,-0.1671805058936848,-0.02307886271664447,-0.12482397438876483,2.313,13.325328,5.1372666,2
-0.06884288937967284,0.1408886254349235,0.06299854136775448,-0.03048263082819405,-0.006680335915871666,-0.11373475943873745,0.020988104041015615,0.014240257792260569,3.46,10.17362,2.549569,2
-0.5210860362434163,0.06216336458088789,0.03657390905299587,0.03989455282697432,0.05782411109145802,-0.3235722344711399,0.060459763789023624,-0.06871276414461594,0.534,13.731035,4.928444,2
0.2600611118972749,0.08146130442353902,0.027029062865265324,0.03871350391476419,-0.03329283625688448,-0.2574075970910266,0.007406360682128632,0.014902130463109703,1.613,9.639089,-0.044426017,2
-1.1184148566217087,0.14542165174358815,-0.034900660843290646,-0.008994716292292398,0.044827675791294125,-0.3114426557176307,0.03357440128197138,-0.04500016753848553,1.08,13.974986,8.709675,2
0.9061880312337771,-0.2691166807311712,0.00907719913750904,-0.07520567119026408,0.01151365951677416,0.06345913068850217,-0.01447131750896205,-0.08730851328054368,2.86,5.1615915,-0.9548064,2
2.7834154625242835,0.08403149927311199,0.024516079710280664,0.059091082986846455,-0.03669770705319461,0.2807800159070875,-0.029007984157493755,-0.009693336361489197,5.00001,-0.19907255,-0.48879012,1
-0.49870327532126835,-0.25851456988870125,0.0720936367823155,-0.11312748055492561,0.018577742941649933,-0.14502331874522706,-0.006284318240212111,-0.028903099689598588,1.131,12.051643,4.9700017,2
-0.264081267195846,0.4300835130028924,0.04150040107641781,-0.10854414020114003,0.03749688032026799,0.20322604723789417,-0.006091404217156954,0.0688378009301206,2.221,9.411455,5.185641,-1
2.6412762263927387,-0.01920537461384833,-0.01864650482418423,-0.025964905455589993,0.03076904943448494,-0.3350485651324261,0.008735805871528474,-0.09164469837392245,4.361,-0.032937586,-0.71249604,1
0.34498157129044815,0.35887654313194184,0.05142551746273638,-0.04250929351926913,0.03925570220649732,-0.16183916359445905,-0.10049103660439312,0.13499504963095918,2.092,7.6766896,0.72724426,2
1.7279685343109508,0.1839774142015791,0.06281527999091652,0.017491365467278253,0.021550922942819406,0.21698576305572503,-0.04950955893302178,-0.058578351766676195,5.00001,2.6515625,-0.5876471,2
-0.17348565250162884,0.058033114641575956,0.03833517147399709,0.06979122976678256,-0.07898592309069341,0.3595518386381733,-0.05168528959895197,-0.06653891100727805,1.26,9.075564,3.8535998,2
0.2035580428696713,-0.4306516587139836,-0.020909117632109786,0.07098606406899954,0.038002820256989256,-0.15622233821164047,-0.0001679645887976422,-0.04282241164951692,1.634,9.472691,1.3996226,2
0.3582083242702577,-0.09505866413351852,-0.04603404682134776,-0.017934868994395003,0.07928956674892376,-0.4277460825313225,-0.01949143181053789,-0.09446892156822778,2.228,10.225291,-0.11398864,2
-0.3474181121241336,-0.11252750199771686,0.018502613668588797,-0.11821355020079052,-0.017943432748182775,-0.11265557710237761,-0.07781242561787416,-0.038036677736862284,1.146,11.88248,3.8265717,2
-0.3909108812886256,-0.3877535028712934,0.08342134032914517,0.046185521218279235,0.04761779600094129,0.43974486055459416,0.036299296227534944,-0.04537396605251129,2.262,9.819577,4.4714684,2
0.520447824066822,0.11804703540786796,-0.07106456610579029,-0.019970474017102918,-0.0803206230728945,-0.20333907700812215,-0.018226214879032476,0.08961229365569459,3.407,8.59304,-0.15181294,2
0.2964661689301289,0.13988394338280533,-0.03536091730492261,0.02681060703082247,-0.05197595555620774,-0.11977447413523426,0.03310611547807091,-0.11083552695051657,2.269,9.3948,0.15536958,2
0.12981701117428668,0.08731895829852793,-0.012261942269347292,0.1005737759467683,0.00906507185299607,-0.448718813939039,-0.009263276465574677,0.12062776751389168,1.781,11.414332,0.4120284,2
-0.046369022091665796,0.011559269433360192,-0.037456712832279776,-0.058240043722850326,-0.006427928871082095,0.7248041103503167,0.07215160651813063,0.03098622506719459,1.938,7.944305,4.1663356,2
2.436727086847365,-0.04815977967408028,-0.01157936010315952,0.10178388002725913,-0.005123486415338191,0.06989406462967793,0.0661460385126551,-0.0693200747640689,4.345,0.3133073,-0.53986317,1
-0.5041603121309579,-0.15847091122459253,0.06976007289740482,0.06584234879046183,-0.032312442597636076,-0.26791860891291547,0.017329481862484508,-0.0608605338131909,0.953,12.59595,4.8544135,2
-1.4370935532620708,0.4228182030503582,0.03201005949387242,0.01909529942711935,0.017501245823404746,0.27724162421942716,0.1066058147353971,0.012650870980590062,0.755,10.803924,8.867601,0
0.24178658767048677,-0.13066130775392998,-0.10188097812655261,-0.00018860533700995608,-0.02567172593725428,-0.018237007775400604,0.026015121945865166,-0.2508570385444674,2.399,8.917167,1.2504791,2
0.6085133649337099,0.07176424304116868,0.0692824189855259,-0.14418010122431418,0.00394805321271216,0.6698311045013597,0.06912153467682919,0.0020979523703976155,4.427,6.709526,1.8274297,-1
1.0423064466019167,-0.06920551735550556,0.0015435059010587004,-0.057334942773447084,-0.11018431384977004,-0.19299220937650585,0.07581191488686737,-0.008182094498188935,2.879,5.359029,-1.2471561,2
-0.1823792961381089,-0.16638050491752357,0.019858775391228156,0.03796707351872253,-0.0025455099897322697,-0.12582646685324406,0.12627402704100524,0.03652701735743952,1.726,11.308333,2.8421407,2
-1.006117252746964,-0.04085764650306464,0.06835104872400688,-0.024110979514027908,0.060818325612266494,0.8859253077807636,0.027941697403920274,-0.011523552617363542,1.889,9.524093,8.410427,0
-1.11665517485591,0.2918209331124421,-0.15655687421839007,0.026845713894560558,-0.013552645192162899,0.7652547884352148,-0.01311843094820056,-0.1443329624084723,1.875,9.846561,8.658352,0
1.429143743698819,-0.12806574265605547,0.007598200670191818,-0.024902278355115492,0.008940017066563194,-0.21190725990389334,0.09836242272613932,-0.03407036151566345,3.679,3.7635696,-1.6247212,2
-0.04284471885295074,0.07838829008877393,-0.020675236794409413,0.017050626501760868,0.000939834179769089,-0.374952769620466,0.10597879706687582,0.006886999129780358,1.867,12.034188,0.99690866,2
0.3005404891191831,-0.12811902768074118,-0.011591560712117976,0.07944531071943117,-0.03230605857034288,0.05148939619885495,0.05454060372313113,0.07761009370981223,2.174,8.472124,1.1294075,2
0.24934255738360414,-0.03471174679131733,-0.1248054692762503,0.006039796382919432,0.06242844324493546,0.0186459777684726,0.08846900399515248,-0.13927371847781791,1.812,8.918795,1.2617028,2
2.714503448970816,-0.07563774095969261,0.1748082883783172,0.004691050237255856,-0.12018948817219949,0.09789162981747679,-0.10724549441441816,0.1042093184107275,5.00001,-0.20976993,-0.5727121,1
-0.24698351840815835,-0.05088260692207208,-0.18234496966523386,-0.01660173991397057,-0.0001835706003618376,-0.16766441981419297,-0.013861928811714969,-0.006023408602535446,0.95,12.246069,2.5938463,2
0.9407381970730515,-0.12454653150848366,0.043822251680887714,0.16479331097804012,0.04946583491768619,-0.04365467674827905,-0.0037042300809222994,-0.15664812747755955,2.551,5.7482376,-1.1459417,2
0.273105922054655,0.01595918184310874,0.04483590512355359,-0.0023960730770230254,-0.011248060332497312,-0.2924702613703112,0.07522633729949144,-0.02089590776831643,1.696,9.628314,-0.094995946,2
-0.7919521404630274,0.053217784343635166,-0.02460504964935839,0.04473079389085624,-0.018621106109561553,0.9219504580522329,-0.17163678306000285,-0.05867954149999077,2.75,9.194682,8.087157,0
-0.36278961309532237,0.3020138754148665,-0.04834866767327883,0.05728947698201056,0.05883372173391438,-0.3075104441070852,0.02256575667992386,0.08647317396012175,1.179,13.460997,3.1849136,2
0.0009790545015104513,0.008451695399685738,0.01770512807480093,-0.046626258457669434,0.06752404566486792,-0.2866799180346332,-0.06440722015160219,0.14195433171153984,1.768,11.279489,0.9937775,2
-0.7580071009651841,-0.028262558527598236,0.043650170813413075,0.0634245288279261,-0.07854103662909626,-0.2642311753078831,0.05956438926764876,0.04312616764427085,1.131,14.008353,6.924362,2
-0.5724790218723765,0.12799770674820318,-0.0363315606284893,-0.0013538337638393516,-0.16176309957871385,-0.34039077821504904,-0.014015882661702422,0.13778971017788505,1.281,14.1454525,5.7003794,2
-0.3190277186432272,-0.01566863076448413,-0.17734686263302304,-0.10613331565559514,0.025315619694355196,-0.002111531830554264,0.011561532437632555,-0.17616744864068462,1.991,12.224216,3.8579905,2
0.618777098661016,-0.18608106362589588,-0.015480652774404746,0.05561563080525364,0.006241235341592044,-0.07854491754227913,-0.05038532154672229,-0.12147208158170125,2.239,7.6778183,-0.14320828,2
2.818309836746447,0.015366513856131081,0.05928426935323797,-0.0817259934529787,0.13504808134178983,0.15262196941206072,0.11810284153491324,-0.0016707081330733509,5.00001,-0.30519283,-0.62317455,1
0.8185077296836862,-0.18993307098615222,-0.002629690390095002,0.050833297772309105,-0.008755685555531134,-0.5643867672225258,-0.009692153490266225,-0.01448430804677045,2.276,6.5020766,-1.3320073,2
1.2821278000302643,0.03451342456762599,0.06098946492956858,-0.18946854051756995,-0.1157488417073245,0.7721139308287078,0.01818622844974993,0.2743349069243128,5.00001,4.150542,0.36770192,2
0.6780975317290794,0.2284712177350129,-0.048962085076635464,-0.04132559161093227,-0.024950343285485788,0.7083216098179093,0.015921011741811264,0.06498619076222098,5.00001,6.578415,1.8086628,-1
-0.7102445946253515,0.10195260258581434,0.10040000361964938,-0.05988656364173517,-0.07090808662125767,-0.0606531389898137,-0.011868161587264198,0.047327421463308456,2.583,12.878577,6.690408,2
-1.2000107524132093,0.08588873571972136,0.12120931380592803,-0.11231660697598517,0.07913788163401869,1.0016464954776279,-0.0824235094487783,-0.10658958969139135,1.804,9.476216,8.578176,0
0.29833974114471,-0.1345171673396837,-0.008913271778034054,0.011946117729595085,0.007359398333385253,-0.5090418929050079,0.053280128379666,0.08249932733264864,1.625,10.634583,-0.013192513,2
2.7542372496415175,0.10863023409779604,0.08218778520189135,-0.06007516273636085,0.03119053945606376,0.13795095153606124,-0.02829976444169552,0.05199294476267749,5.00001,-0.19356863,-0.5619379,1
-0.5677826363506961,0.5161048574175536,0.10964556866997663,-0.01636490563897447,0.03430021503475025,-0.2975777687320402,-0.02531304218843658,0.03969359296716951,2.091,13.690195,3.5082731,2
0.18720333196037076,-0.40988016350141165,0.08660946731089655,-0.12334321261419459,-0.013681927577322422,-0.4131065782474261,0.006129047012633282,-0.10898031415350201,1.525,9.682229,1.0939302,2
-0.32310352830069367,-0.29510853125080505,0.0187665401400178,-0.016717202737631776,-0.010742133078178312,-0.10373370530519507,-0.025955338838336756,-0.01766040582264297,0.633,11.277511,4.008087,2
2.72030920161379,0.19213205785223778,-0.07976707956538523,-0.016115886623765036,-0.04847973818282117,-0.007164377589704757,0.05192234288611827,-0.02454118005048797,5.00001,-0.20630941,-0.59150887,1
-0.34443346774511185,0.0059945901030108995,-0.06439322463250499,-0.023242302883057897,0.06377144766868062,-0.33069941982636347,-0.021641250506273607,0.08685131890375927,1.575,13.014554,2.472504,2
0.09898416588098224,0.14384842586982655,0.06695766292321048,-0.009466575552447482,0.09100008428118803,1.9808599398183995,-0.07796852156591866,-0.050481082037796166,5.00001,6.392056,4.699702,2
-0.7239005238940706,0.09180267372134518,0.03145253302024292,-0.06166042424922524,-0.010661093457436294,-0.10336218822092208,-0.04477642955441244,0.037118931369307495,1.448,12.998505,6.84583,2
-0.8852584489908082,-0.1991288455575991,0.010564501480506847,0.003380611216268342,-0.06354917855325877,0.0201414432018044,0.028216775974747366,0.01270314776484184,0.866,12.349331,7.699543,2
-1.0767339087883734,0.27943006481998467,0.02680975533993457,0.06335684549466705,0.04658343492713532,0.42849643380935304,0.1186360994850949,0.10128416263685575,1.875,10.794513,8.699303,0
-0.4665926759168006,0.23777419235832883,-0.07953910117334212,-0.01064598233236791,-0.07120110361848317,-0.4091869468306204,0.02547362766294925,-0.03427398899858841,1.042,13.502434,2.955007,2
-0.6898685988793813,-0.017825023224029485,-0.03416326641044598,0.05291075894985814,-0.09148456019454385,-0.1125188421518254,0.04560620838009449,-0.0074938414183567115,0.941,12.968557,6.3650303,2
0.014351651020844403,0.03502902563866195,-0.013732158364844982,0.08639528035082034,-0.09116235000746403,0.5080108094849113,-0.052097902050143474,-0.06934043782231775,2.528,8.304915,3.833029,2
-0.057712037573400626,0.1672872230754809,0.011634055543366911,0.018007277127028598,0.05039199069035083,0.12700301044303552,0.020369365404417777,-0.20653456771592377,2.82,9.389572,3.1936295,2
0.3427998934251977,-0.06618730156616337,0.07995376865867984,0.03454695567451771,0.0005238222939130954,-0.3525700876320777,-0.03651970638089613,0.13210574729009866,2.797,9.2496605,-0.3794951,2
0.8260801748114299,-0.037543190936910054,-0.04129903784994826,-0.05820041340045595,0.06312175757569655,-0.3628002346823177,-0.00831164095744058,0.002871497843961429,2.37,6.4594545,-1.200605,2
0.1761936598934708,-0.2860076649002578,0.04491489323431183,0.05982778589856308,0.008727632705651828,0.01897562732616112,0.02454114189585732,-0.03707389075606379,2.578,8.7963505,1.5907671,2
-0.5935953046751942,-0.008273450760904924,-0.012703354179614351,-0.039129485850394094,0.07348083597037985,-0.3278766475040767,-0.09218149602332781,-0.0383248657655095,0.558,13.8545685,5.7329397,2
0.29986794217802687,-0.19507372865882122,-0.09763956528307144,-0.04771065725550877,0.01749687702524541,0.01626821855868263,0.03257687364836423,-0.08438820789748439,1.416,8.843975,1.3069062,2
-1.143732728400358,0.01995686790796225,-0.0343022555754994,0.003016523035541757,0.022919517098926145,0.024358235094834785,-0.044780275026041566,-0.04507458276999032,0.768,12.329909,8.794653,2
-1.3455507099208563,-0.5097664282775862,0.02731509192120732,0.03337811096082674,0.03659178164565355,0.682303392134316,-0.034474710838716977,0.010124514057341522,0.946,10.085718,8.401572,0
-0.9693475233343877,0.07687825896005017,0.06845746949172385,-0.18346576826021105,0.005869184518736498,-0.4235039840790129,0.020895950213474068,0.02313008122382268,0.55,14.226311,8.14318,2
-0.012410018327916494,0.11316037323478373,-0.07403334509708318,0.020671488244562247,0.03834539497626327,1.1034308978784917,-0.019966390701410014,-0.07802266302872166,3.208,6.947368,4.5722013,2
0.3022739283950514,0.08097965400801996,0.004649617151738339,0.009643048951689132,0.033553754727075585,-0.36209227883922335,-0.025680291629243512,-0.17074714411693762,2.712,9.803736,-0.13656981,2
-1.1007765676118018,0.36737372002380786,0.008414649851588948,0.021265774617309025,-0.07565513687355632,-0.08463074822812783,0.07023390453727536,-0.07402782361891239,0.857,13.111216,9.128864,2
-1.1614343089423627,-0.08829841012092876,0.08215531977118254,-0.07657721951419914,0.0677958480703775,0.5375460856020259,0.06979054084416847,-0.04438673315794668,0.817,10.266684,8.551183,0
-0.4876094416963185,-0.21000292605112925,-0.005360416932502332,0.11275622469748148,0.09192512541835599,0.22653004595231238,-0.015625131123090552,0.04526525405777926,1.525,11.157645,5.8890924,2
-0.21033262042617842,-0.10662155916640928,0.06918709112833074,-0.10293817205963324,-0.006967433017555286,-0.11216099992539147,-0.10168071877042067,0.009265761538116313,1.405,11.869258,3.0296886,2
-0.7582272893199715,-0.2141843979084579,0.05079304496240093,0.03135487626731791,-0.154648586395055,0.21070561425296236,0.05719370617798977,-0.010890389659588329,1.75,11.583526,6.752666,2
-0.9914372413997421,-0.02977778779510358,0.04598093991389829,0.004267736690298035,0.017640736100338422,0.5044398156494327,0.019409265149135768,-0.12731361277804604,0.847,10.416281,8.389799,0
-0.44113469120078713,0.08003767607524565,0.0156415407253431,0.018829601090159215,0.03396687272221133,-0.19492901044293293,-0.04158746103106967,-0.10926617853620371,1.598,13.488975,4.5947814,2
0.49519736716834545,0.3331448948176576,0.017250986598099732,-0.059059970338626255,0.03330066197686243,1.128622969002319,0.054613586076146886,0.10141288681950647,5.00001,6.2192097,4.283131,2
-0.17699656763861424,0.06825003608652244,-0.0021963045910546597,-0.004437533380029751,-0.055683156078907226,-0.3614928832808201,0.02984274184351496,0.0891909148601617,1.821,12.670041,1.6403328,2
0.9412062120027506,-0.07112164780842664,0.008350379207439557,-0.09357209238147118,0.06728127921645294,-0.22818125271586456,-0.07885730205077218,0.27775179264533545,2.73,6.0678387,-0.9703284,2
1.0466767443457416,0.10125283514120104,0.002723199385755215,0.03921538150496254,-0.016016110524388893,-0.07730582150136484,0.043145068834272216,-0.06077255351650118,2.938,5.410583,-0.8508783,2
-1.0362391626385297,0.03813432384434165,0.006883630911772506,-0.07415211977272052,-0.008412452813477703,-0.30721396886722857,0.004141749246240944,0.10538064302564211,0.949,13.939977,8.485603,2
0.24892480023292,-0.17723941161933038,0.0013623838112208908,-0.08749495920633393,-0.021123364981304793,-0.08097559719554262,0.09419910866085557,-0.05847739224977272,1.863,9.104485,0.9842842,2
-0.6945911203840482,-0.05787102555396795,0.01908579506674213,0.1655141019161889,0.09135160693897557,0.032637068233674765,0.005168520013237837,-0.04044518507235151,1.136,11.935604,6.573853,2
0.13519945883636728,-0.12350770639206354,-0.07486160498219988,-0.019968038946801825,0.03839402235579914,-0.03393353635282159,0.06273688486554121,0.06556097536257086,3.804,9.7469015,1.1415662,2
-1.001739810411976,-0.0036935804912287262,-0.08491759096181795,-0.007831717979692315,0.11817813152986878,-0.2518923802854036,-0.10844731204390216,0.055690667265649335,1.25,13.757481,8.477474,2
-0.520099388779213,-0.09893542695133054,-0.014976305468191953,-0.0045031760181929725,0.0438777852421075,0.16902876956775684,-0.0030148161530057505,-0.06145320208317012,0.925,11.243802,5.8439455,2
-0.04593909620921205,0.46059509173028557,-0.2449967626572976,0.028656739743840448,0.032106711731349546,1.048055637471761,-0.10404911485524623,-0.08140178328342934,2.912,7.1685615,4.683283,2
0.04192293607590297,-0.003082524605632908,0.06720753949379155,0.003031122035489775,-0.03586428732029892,0.19305421487881533,0.08914072248260863,0.05701278035440416,3.072,8.965416,3.1001391,2
0.5685529892531669,0.19512649676201996,0.07666511331799339,-0.04792101191932707,-0.04256861002947218,0.24998434567054156,-0.02012047457644625,0.19802344287299514,2.095,7.1561832,1.4875842,2
-0.30862291986581225,0.07634134057545258,0.053698157117587325,0.016516703508641067,0.05211056005745862,-0.3522847040005196,0.05968324878997183,-0.08182435714976241,2.25,12.874196,2.1590688,2
1.3515342559301282,0.0743469925517933,-0.01815603559975984,0.03587325497261737,-0.0032507301537970656,-0.1604659385965133,-0.03184148712031801,0.03676203823675267,3.527,3.6663783,-1.4619086,2
1.4261230599194645,-0.2276237036606674,0.03156240666190169,0.002806357913905544,-0.0012442479651216254,0.030715732488814096,0.09612124970080266,-0.03723457323123272,5.00001,4.1338906,-1.6104721,2
-0.057197360724725727,-0.48296109253230324,0.03439568093121362,0.046581018042754274,0.048221915747942184,0.8502797802669417,0.02336396584851891,0.0398545014426355,2.139,7.249846,3.4579327,2
-0.060481330126239435,-0.1552349185116713,-0.0334013061897491,0.04044408781919728,0.11237568037451823,-0.1453907132647829,0.003641460269066754,-0.059066176681544014,1.744,11.089122,2.3345373,2
0.937263634074888,0.08118507657163365,0.09930566850583686,-0.12684187585484136,-0.020743586073383835,-0.4851572200668349,0.010777421381587576,0.01774737504122173,2.139,6.4308786,-1.3378996,2
0.2782010249430181,0.12782295189863357,-0.05845003535048887,0.11017225462213678,0.013760030785388844,-0.16035090610845892,-0.09280311353811038,-0.09250785059825004,1.418,9.523516,0.01732634,2
-1.084665874919663,0.026254703012670133,0.08026314445813836,0.026618610094615733,0.03694353368120569,-0.3322582345141083,-0.02962817691319758,-0.10500040533857395,0.833,14.027485,8.545629,2
0.22464894621312712,0.15742900637117646,0.09993107180404473,-0.03815282722884766,0.06009957414047565,-0.3192465212302614,-0.08080693255615487,-0.10214567053840268,2.015,9.741711,-0.13285334,2
0.0222428661277482,-0.15764232012010782,-0.022022986810158934,-0.1416499825587078,0.09429178037702202,1.2124865467138775,0.015685200977288316,0.13121260560450815,5.00001,6.819665,4.2415037,2
0.12654430911984121,-0.45596485859778657,-0.014375355924180627,-0.05170618472640523,0.012380201641491312,-0.1756008104428738,0.05137519170308455,0.0614808201509941,0.895,9.504185,1.5614779,2
-0.9584882151811634,0.17501690698584457,-0.03669777475315514,0.05460099554486761,-0.013771531174490287,-0.1326182640502723,0.023464889758735258,-0.0024662857415267414,0.575,13.43711,8.659291,2
-0.1402295886797916,0.09279558596746118,-0.04598424302730486,-0.07906113267166506,-0.015931211010916352,-0.18976818020398212,-0.043737190448148666,0.03156834685446061,1.886,12.215625,2.3583755,2
-0.7990460986769974,-0.13686391207857196,0.021351090325966784,0.012788672172311277,-0.05843282579623742,0.021676210297189427,0.04682222397713512,-0.015939022311085196,0.898,12.274874,7.3415523,2
-0.6919664448696482,0.060153681515983104,0.06240440107400247,0.06926442705108049,-0.04876272745853669,-0.37873697175190874,-0.04467775814517,0.01307402235590005,1.099,14.299804,6.288196,2
0.548206619812021,-0.10715256630673689,-0.08333147835288016,-0.012382815458159585,0.07584117252592296,0.03727752364703796,-0.07695778506896023,-0.006712511692400391,3.207,8.181137,0.20167956,2
-0.574427336550976,0.2719100483630881,0.07590067810304918,-0.05864210438400111,-0.05785373734810173,-0.19515236015810491,0.0637396969531362,0.03348563599680515,1.893,14.211661,6.208808,2
-0.06056462239414684,-0.7853624892871592,-0.13604813945657176,-0.12286819537994212,0.14407421032471263,0.6959149647994758,0.01634368320193519,0.07761688649357648,1.302,7.3036156,3.2876787,2
2.7866697415456247,0.14983810163575886,-0.06765859675844535,0.04277805461468831,-0.006791205230960107,-0.16133525941832438,-0.03528091718255719,0.11420632719514431,5.00001,-0.3144041,-0.6785905,1
-0.35726009989374324,0.004324067719408936,0.09247833520230755,-0.0015753912158041894,-0.022528235906485283,-0.36362157677389495,0.02844413714075053,0.03893277507914694,2.07,12.9431,2.3652327,2
0.8104975362695255,0.1199655841518803,-0.017457905710019428,0.09840432274315994,0.05652920253673585,0.16354347376500822,-0.018876326791234105,0.1385297146991261,2.183,5.4171476,-0.025688762,2
0.267383329128722,-0.4718926705353157,0.02057296875874945,-0.023201019584275173,0.06900994639459646,0.3883306524749389,0.059213435084519234,0.09088490851454403,3.058,7.798544,2.5794117,2
1.2262874702048283,0.0499339153117494,0.04538411330137879,-0.011216261317138959,-0.0437987983436576,-0.20436293304022982,-0.0838375918944663,0.0048085123058090595,2.969,4.20703,-1.2641457,2
1.3055426757305297,-0.20298305499238012,-0.002338177680215603,0.045365788070273805,-0.035461082959261814,-0.18952142946095307,-0.013996394559461195,-0.09851799335607342,2.696,4.5024915,-1.5127598,2
-0.9386628805490843,-0.4077628989697921,-0.14007342127654115,0.07823122105257896,0.05838036216657186,1.0091840408858521,-0.04161485729788578,-0.023090651823932412,1.027,9.57019,8.174737,0
-0.5147231889750582,-0.06845626795423679,0.12349373569229913,-0.08018281374303296,-0.014513490301128668,0.15249177902679423,0.041149827533942224,-0.05455471841325493,2.021,11.391727,5.870263,2
-0.09637570766617715,0.10931552783340936,-0.058635176256658206,-0.03712693372993314,-0.010906716058438598,1.6194285940046316,0.06536792908900144,0.0027655871429884127,2.431,6.5009747,4.766529,2
-0.36687952553641456,-0.2198009442939999,-0.029789840236582876,-0.049504404531580115,0.12330363365547262,0.24391341107791356,0.12116536044427981,-0.05539661303943369,1.52,9.992243,4.264817,2
1.4383676774651561,-0.029154967660872666,0.03848317781685992,0.0982557340490533,0.014379475288207655,-0.11196356506966729,0.05218423913276635,-0.09625761583300765,4.178,3.578839,-1.4814724,2
0.007972075698537612,-0.02714416025362046,-0.00805867353129991,-0.07815594849240917,0.11866781384457292,-0.39158121613057095,-0.044236874673511506,0.021947540989942116,2.431,11.323817,0.79803514,2
0.31874283015273785,-0.09159992944580689,0.033790394314803934,0.07625960046743016,0.19953579404041052,0.09906946286374496,0.09151483938809346,-0.11430939433292409,1.84,8.6178255,1.2414781,2
-0.8106645501346021,0.14589416123137802,0.038202020600639736,0.05733947800155337,-0.00925732485456171,-0.20343876949109044,0.03453561705547151,0.039316164584479035,2.038,13.71244,7.260959,2
-0.19062889296416513,-0.2224422610302441,-0.016299158104770395,0.03054277078980258,0.10451884686701224,-0.134709439210372,-0.03563563981143483,-0.08300195195733234,1.416,11.122138,2.9300773,2
-0.42345623398040233,0.011717439787186701,-0.01877296815713328,-0.02886695061262093,-0.002673112093530272,-0.24106326783079648,0.04955315997440313,-0.030635315032547517,0.714,13.292809,4.3967586,2
-0.0904657686390822,-0.35192611246565697,0.002055510431196811,-0.05742250693850276,-0.051741978211137296,0.44741485013917043,0.17032696903233246,-0.11181398136550905,1.83,8.076134,3.200759,2
-1.0298635633113922,0.2919855156058696,0.02027851656885188,-0.021823781040309756,-0.021525669670907216,-0.09951533645448672,-0.01769053060997866,-0.07524557349354649,0.958,13.109812,9.093747,2
-0.5497838127743901,-0.1618511214969968,-0.01447689678597136,0.013751543288718693,-0.0407346011814754,-0.09871309801758363,0.05074328942982423,-0.018414764576348913,1.761,12.320837,5.3467097,2
-0.41820876109383714,0.16255588256483314,-0.11438071975345271,-0.026274718468650288,-0.08339492835436399,-0.318242599419991,-0.027452828516123268,-0.10716483387891407,0.698,13.457453,3.021593,2
-0.22626429042956245,0.21760377303134998,0.012065958144192285,0.03364712828705063,0.01964126832417709,0.7497746424724709,0.008344051506069206,0.0185207041832173,2.68,7.6286693,4.6630154,2
2.061985850725339,-0.23544868621749293,0.009591551418239447,-0.010861878798183205,-0.11013992719800636,-0.05099552760993856,-0.1345562064806642,0.04318602439320182,3.623,0.94528407,-0.7077082,1
0.25654619475179263,-0.4877337200794863,0.008523961933811636,0.14915907698694375,-0.004037368816024983,0.3081252277068472,0.03981072782414771,-0.03724552379447621,2.655,7.887245,2.5203693,2
-0.25974929952718956,0.1230015415167747,0.0635234827269992,-0.011210543701719727,-0.17869557953182677,-0.39012928875066666,0.16243321678958275,-0.013632414478049748,1.029,12.846151,1.8738858,2
-0.9403617722847051,0.15199905122721102,0.049884157499945,-0.15527796089590892,-0.09278346893500036,-0.19467235023766216,0.09569695610182025,0.10852327139426834,0.986,13.711382,8.206334,2
-0.35247090664289316,-0.25756315841352473,0.13497245283411918,0.028708325070399526,-0.0471671489519864,0.0004905250966289743,-0.013214964066517232,0.06448798872573569,1.429,11.247797,4.2756147,2
-0.09588816344651185,-0.029650707602356774,0.02535746854888482,0.007103877002632708,0.06859231282816247,0.5349101271039458,-0.07118982099915858,0.10025485422155289,1.511,8.385908,3.8544097,2
-1.5053078832298605,0.04764067234608424,0.0732629933655749,0.11882360661227301,-0.04320331472680311,1.2710671312820558,-0.04008189116416175,0.05770293578528418,1.6,9.346008,8.647374,0
-0.5165301880614119,-0.1648269504607133,0.0885022142688443,-0.045872381823782976,0.07594134493842841,0.06596997939750257,-0.07979181790735515,-0.09946045815951723,1.707,11.6838665,5.1992135,2
-0.7612136326492727,0.05477738528724764,-0.03477165674501509,0.04952426682230643,-0.12473010501568615,-0.6330288626442614,0.08975636400404484,-0.0324557978859976,0.675,14.378691,7.4724298,2
0.474732735481782,0.27336896926786736,0.10386928484816213,-0.19922547984516065,0.009417835377268535,1.0172061709190823,-0.037573041032925025,0.001842240997173672,4.096,6.226783,4.2456436,2
-0.38898642602411104,-0.2702744357542555,0.08518308646580333,-0.0964201960166586,0.06750614679320102,-0.13772265861465274,-0.12397085019455001,-0.16156177230245186,1.147,11.326892,3.9145718,2
2.28273236002137,0.08052373976953309,0.008092872323250955,0.05965219826207291,-0.035059814344015866,-0.043944664588956905,-0.01824207144841522,0.011825106510435002,5.00001,0.8941272,-0.6058154,1
1.6009370937668799,-0.013211519910552305,0.007979907938202274,-0.024805094703885366,-0.00564031209499849,-0.4735203975987952,-0.02465054465797248,-0.04713729500081701,2.736,3.602803,-1.7440712,2
-0.3965730938435456,0.141299009569901,0.020973761513565947,-0.024791923410072858,0.07014253583459162,1.0783140559688649,0.06163576143874644,0.18046105387355618,1.75,8.69951,7.9417133,0
-0.30120693572656465,0.07275002107942447,0.04622114995233917,-0.06137073355594788,-0.0006845866658085342,-0.0059206470325655625,0.0058639483524572655,-0.0010306426344474373,2.186,12.226756,3.5098608,2
-1.044122907876165,-0.04855154834465773,-0.07153499003161153,-0.02298826094877794,0.046335853742719535,-0.04476348616743431,0.06819523232096561,-0.05777498213053285,0.709,12.672057,8.614557,2
-0.3629565339682918,0.3515856920430744,0.1655452479450005,-0.16716156882639496,-0.046855787285432104,-0.1421890203011559,0.0035129354827067583,0.08208866167243153,1.565,13.184973,3.4815612,2
-0.26893961818926415,0.17191196476207568,0.06254796269124485,0.05226794550994451,-0.042742780956923604,0.750284739668571,-0.09708260697855631,0.08986690588226195,2.77,7.6004376,4.72082,2
-1.0328497377176022,0.03640206144927349,0.05085572897474258,0.014029014368170056,0.056501506977410076,0.2925646860354285,0.10985728606384856,0.04832362584905667,0.624,11.102162,8.548192,0
-0.2756251258076428,0.045193266951326944,0.11475634875916693,0.003802649884497189,-0.055288775404830376,-0.22720044650857582,-0.04708049198388109,-0.0488950280320013,1.48,12.746855,2.8321345,2
0.07920842357703936,-0.1057465734433495,0.01475185059439238,0.0747928533760294,-0.03406637661525477,-0.011005294449454667,-0.02044457307278283,0.017516872519500848,1.831,10.017015,1.4688483,2
1.4086024037876774,-0.041892922071346095,-0.018307860694403433,-0.04295500034185035,0.061778803440686564,-0.00016829065978724023,0.0033263794289321302,-0.03602943049954371,3.178,3.754057,-1.2616878,2
0.9939099301741181,0.04322526106001054,0.05428275389171952,0.023725296495109877,-0.04333810752804973,-0.12990791033079666,-0.038353943760351644,0.006277444344965938,2.69,5.5708594,-0.92470014,2
0.2632824234707102,-0.09383728689939391,-0.02801279174311161,0.05065357310740001,-0.1584889171168941,-0.3950509830867648,0.021958008485370883,0.0008470835523315956,2.427,10.457586,-0.068040445,2
1.4039609335878762,-0.04847554714765126,-0.026584420479809162,0.08042240180357899,0.07913090738237039,-0.11890056513576094,0.040252821924546045,0.1180316808638153,2.676,3.7257633,-1.4291432,2
-0.5325278880594408,0.018577446162997446,0.02166197219291799,0.09791231849405685,-0.02918024574007652,-0.19112201393847442,-0.12624874236301595,-0.12928887505678877,0.969,13.30682,4.9171944,2
-0.3546342403378147,0.1775979260800294,-0.0008399394032652108,-0.049736349216901954,-0.061451820128406304,0.16100187678423686,-0.03925048016354474,0.0013255601610052126,2.493,10.230211,4.624106,2
-0.6435270090429197,-0.32069721835195625,-0.01896523466452049,0.08106118407454224,-0.06058623243774092,0.5948863025451682,0.04317615559941884,0.0926280179975989,2.212,9.787491,7.7823277,0
0.19006133527406271,0.08059333931702536,-0.016263372355416666,-0.03318550712412552,0.10942524742926191,-0.17163630281418352,-0.041300383108300504,-0.14295416221809149,1.689,9.731957,0.15600896,2
-0.29433415320901457,-0.2763799008998982,0.1478484476986792,-0.07578037530324541,0.03127801949004258,0.14041056773596702,0.0027967462419641598,-0.016545927149538342,1.745,10.479951,4.073782,2
1.425890451968955,-0.5110124392832426,0.004183115587151037,0.058829052992227154,-0.04912407186684725,-0.04095307758877961,0.03570152580455091,0.013691778776863117,3.293,4.264354,-1.6774441,2
-0.4206748989506671,0.3208023655397505,-0.05449320692117779,0.026723897039871075,0.010395865526547615,-0.3217462954971213,0.07753880047822698,0.011256140922501906,1.365,13.534774,3.2405298,2
1.8746053783841263,0.12623988179407214,0.0477962185715487,0.027511929065140273,-0.0031919564430945846,-0.06268545553550733,-0.10039017927564989,0.08714295142075784,5.00001,2.6469111,-0.86642194,2
-0.12134788639171523,0.10336692462454733,-0.0374041992465651,-0.07070793993624491,-0.0009390708382487345,-0.49226563426376546,-0.08877461532583567,0.030912549985187443,1.366,12.417472,1.0367266,2
-0.8498588144991186,0.07812939135934147,-0.023790315439553594,-0.0017230534350538285,0.08974799299903494,-0.176066930817552,-0.0441459665893498,0.13095830791346819,1.875,13.757959,8.018102,2
-0.10313939238794806,-0.11196646777606686,-0.13016433332384003,-0.00839871117745461,-0.010657447298035166,-0.0026423705558089317,0.11260888180026843,0.020964403045855617,0.95,11.221747,3.056694,2
-1.1162312980341542,-0.0966409290119062,0.01618170983412502,-0.015386052462642963,0.073797701537792,-0.28766797726279025,-0.10124254444465036,0.07101314257839249,0.67,13.446279,8.524418,2
-0.6293396670665216,0.16895063748051856,0.04630621381025177,-0.21603740833351384,0.021794824251814338,0.4412405102468556,0.00839358106274482,0.07119978581974748,1.838,10.759932,7.066041,-1
-0.968046075415189,0.0626992399691652,0.016550684064792265,-0.11982586158364916,0.04277973505625485,-0.21233907415564057,-0.06280710414748736,-0.00997097998879147,0.535,13.643375,8.263063,2
1.0185483161220132,0.11431128989828918,0.03664476301264613,-0.08211279910566932,0.008575740548476873,0.13875289163085622,-0.04546275023279106,-0.08120563702077466,3.902,4.9981794,-0.266661,2
-0.22155015198632802,-0.2360258918581148,0.010509517392398637,-0.0012866210587801352,-0.004368411922442583,0.08006523542768945,-0.008775891130128222,-0.040397589840402565,1.536,10.520972,3.806661,2
0.8572413166531707,-0.02675429424949044,-0.04921666846025005,-0.19372777329770385,-0.03723211255678549,-0.19486342084088787,-0.05585730419750368,0.01479316806087183,2.065,6.4000154,-0.896864,2
-0.586979832911916,-0.47061917390898256,0.08731070045608033,-0.12281369691835761,0.051612390473194686,0.6547961404534504,0.035317061778532305,0.130695723268895,1.305,9.85895,7.80603,0
1.290847929720868,-0.1077503268834622,0.00022847115173535437,0.02314784724638025,-0.06236584690008912,-0.1300079937829211,0.03495121045051697,0.06878376473661943,1.25,4.279175,-1.4083133,2
-1.2935470913591645,-0.29502998787093754,-0.05989905667750614,-0.04168225052718656,-0.06084997108515404,0.18151577734905344,0.06451221589976547,-0.07629210309284354,0.801,11.997357,8.619081,2
-0.17010456435827725,-0.26940844254150786,0.08847687699044895,-0.053800267861722484,-0.0788077926995861,-0.25038869382413653,-0.06291953616430673,-0.04142121031986595,0.738,11.029343,2.6227584,2
1.0462844669840503,0.14043345217096787,-0.07536927889782996,0.212306974903835,-0.03201835317359131,0.1783948537216364,0.09578955472685455,0.07215859864245155,3.762,4.7842226,-0.26700726,2
-0.027546451111675557,0.1662445778425879,-0.07187185970874915,-0.0037096793198347355,-0.027233544719852204,0.01448439781410879,0.015353034016938188,-0.031079204777255065,2.538,9.842297,2.7230043,2
-0.5811747318831453,-0.42031040473070946,-0.028158832333687517,-0.0378305683796287,0.04359309003661466,0.4932078280238775,0.04974537997627504,0.13593251717254262,2.08,9.82208,7.728659,0
0.16821676789167794,0.24061386150717745,-0.01668244799868182,0.018084718309161085,-0.009565836212428513,0.2229515718226623,-0.013503027395081718,-0.005784560705696773,2.246,8.899458,2.8315125,2
-0.349947578379959,0.10516872111926862,-0.03883904245613459,0.038625998074457685,-0.09593008755155671,-0.12325496343095649,-0.015727477390042766,0.06804528979890423,2.4,12.481881,3.430196,2
-0.40794582103919946,0.15206362955891295,0.07637067998278091,-0.025447371454003248,0.07611519793155622,-0.17980251834232186,-0.015766039577385343,0.017308060565614347,1.231,13.25735,3.9419081,2
-1.022257375578175,-0.21623979268479904,0.0022870510390573667,-0.03706677876879186,0.027277058280521002,0.0767243708805436,0.016553753168656676,-0.0018317751236040375,0.715,12.20038,8.223777,2
0.24004845153490711,-0.18060438050145808,-0.044157558278873466,0.07172026960327918,0.0258387345360781,-0.44878460696813893,-0.005969060633135681,0.24288921196418584,1.674,10.763384,0.08761233,2
-0.9017238802517369,0.05079795447664079,0.1892076191673619,0.08594198217217927,0.004148221450024414,-0.09584567558721713,-0.09775270664143673,0.06456200981366408,1.347,13.159458,7.9591813,2
1.7719928866127566,0.17970998763769494,-0.07085655104356237,0.027717220434459344,-0.10325885270201468,0.12550704758922332,-0.051224251853059455,0.04043884166184922,5.00001,2.6020656,-0.67420787,2
-0.7526909192502057,0.08760267475697961,-0.006673246671635463,0.04109481676902069,-0.03695262383715309,-0.12089139070777011,0.0033069927790429776,0.03261328830757973,0.864,13.163017,6.8894453,2
-0.7067924333959335,-0.07155917044147089,0.06615909314961846,-0.028140853540158828,-0.01190861680801697,-0.09811736329105822,0.025706205125148707,0.04483811157924111,0.903,12.922054,6.388595,2
0.6840749115571703,-0.2704879416938589,-0.05753560339968672,0.03850537135945023,-0.10147156821443001,-0.21710731885578563,0.0811178754647621,-0.11182709036178162,2.985,7.4956055,-0.29949847,2
1.3487951263335036,0.16365205282943074,-0.04033779591487313,0.03747880520372282,0.06991979367831758,-0.3511054165296295,-0.0025739736591527673,0.14251916767261852,2.596,3.6402183,-1.5021772,2
1.5409114050840302,0.04609152148126844,0.05535343994443728,-0.10831773958640312,-0.012623846337461775,0.4430177972501174,-0.06561231478661103,0.06146214074887418,5.00001,3.281412,-0.39387488,2
-0.07858164013171154,0.024119422677894214,-0.11127261038040681,0.20152413409142192,-0.07595038155852502,-0.32759550672523413,-0.01763102326509508,0.028220313143307363,1.727,12.215459,1.4924586,2
0.10903766351336974,0.043550405170473594,-0.04762100909982003,0.017345320316459217,-0.025676440846558013,0.5210964366199157,0.053617305556871137,-0.03121182685889784,2.795,8.128514,3.7837355,2
0.7025033600134007,0.0356851323514841,0.048328295957630885,0.0462087739282282,-0.015457935042373222,-0.4351942364659396,0.1255115010609308,0.05370036794909788,2.405,7.1472344,-1.0881176,2
-0.7144184956931571,0.19733332744450302,-0.04508600277683042,-0.0039205755903496675,-0.0341686938250588,-0.21190246815097913,-0.11921114126389568,-0.08102015046922975,1.275,13.7543955,6.9351106,2
-0.054969836179343284,-0.036791439884326066,-0.004233756493585011,0.07362167423160329,-0.0343228526880163,-0.11928896978161466,0.06982317885718836,0.07364727412599248,2.32,10.760489,1.7493397,2
-0.6435809740214656,0.06517071271880015,0.0349600653967532,-0.0809409343794506,-0.027783304689389665,-0.2485469471253746,0.06598650642158721,-0.02855064187766959,1.539,13.974278,5.9335585,2
3.0942439561966584,-0.11488865223487582,-0.049690334125813695,-0.06318369170607566,0.0883376641159209,-0.028017845798614438,0.06893882068645446,-0.052536557407131146,5.00001,-0.5691234,-0.81807,1
0.14765548877213744,0.1434156249096256,-0.0020854689246059266,0.02643955561718167,0.11456158179587303,0.21648403175467928,-0.0827988316715095,-0.03203752689308617,2.326,8.796688,2.7657704,2
0.2774115462610449,0.09084171199812902,-0.008687595009579718,0.007508069755438607,-0.057092067524631085,-0.44837592465626996,-0.035852703784630485,0.02221262030926069,2.053,10.658584,0.039583456,2
-0.2972282451167064,0.13334972150988636,0.1387816685328995,0.04512417802933977,-0.07807064242317227,-0.07626720247234003,0.07421862468923326,-0.13747918292319303,0.982,12.600248,3.3175611,2
-0.8289743221558836,-0.13253592657238902,0.08558239735415718,-0.06939069062593758,-0.045350399980532335,-0.23858584871147426,-0.031832358035382646,-0.01685595349147756,1.112,13.594891,7.173929,2
-1.0429399300763467,0.04926792656286323,0.008312515444756738,-0.01529313294091679,-0.03590276064000289,-0.22640262837620073,0.04558232365051762,0.02222921233118834,0.882,13.694187,8.641857,2
0.07375049726959573,0.2360852789897079,-0.034913076198566845,-0.03988798668987248,0.10843335545186908,-0.11067749128584642,-0.018807490531836862,-0.13196418550120195,2.929,10.530118,1.1320956,2
0.4574559707637099,-0.2254113290971051,0.0391586373965728,0.14288849498846415,-0.03236043145679485,-0.23308557509873726,0.0824810620043297,-0.039151277991850364,2.034,8.3105135,-0.0059337597,2
-0.30551590101016934,-0.21039918289851944,-0.02125186363698875,-0.000769914588614945,-0.05637954746706858,-0.15639429878976369,0.039566742357022955,0.029399490727246208,1.132,11.496185,3.9388738,2
-0.2767954306176662,-0.05220132148868514,0.06845975271305532,0.025042217851466264,-0.057831623868146664,-0.29143063949528136,0.12967846793650048,0.0365579419218654,1.054,12.72334,2.3318594,2
0.1300292984710562,-0.45148488569000866,-0.1573125338080044,0.08602922856810497,-0.04605605166243959,-0.22290414463908573,-0.10592057517373005,-0.06625306652811497,1.628,9.583821,1.3942609,2
2.8911704505759594,-0.08111095813728234,-0.08921823962831321,-0.017100891460522877,-0.016617812946894434,-0.010196196821649711,0.04230734049126367,-0.0449961349597319,4.421,-0.49675295,-0.7646924,1
0.24131173530620842,-0.4698874709846842,-0.028432669697865676,-0.004513781163920871,-0.002256704667369991,1.5672295347794856,-0.06335325882343373,0.15909395275622337,4.364,6.794246,4.1313815,2
0.17885415383591488,0.12662791141863322,-0.03366275537504834,0.06197012321246145,-0.005568544960051214,-0.31537804021507787,0.06283105488545704,-0.21283140430349706,2.03,9.878713,-0.023815278,2
0.5041389782692718,-0.024620326504317364,0.09210467412027204,0.014668478931189277,-0.15565185978896182,-0.11146491680538154,-0.056292001638698935,-0.01614856600464501,2.485,8.411962,0.12561935,2
1.022954878706646,0.38893745388209633,-0.046838754547249284,0.04388870682504448,-0.01639570483009095,0.8509434713370936,-0.02079290775332704,0.09089123941037874,4.708,4.16364,0.39538613,-1
-0.18395321156584016,0.28298366199048863,0.05459761487686918,-0.1296620270197468,-0.024485027051625613,1.6044347175510691,-0.03364856903182417,-0.0022640081378386134,4.871,6.560011,4.7929735,2
-0.29886009576191186,-0.14448749399568486,0.05596827686720535,0.008664915957303926,0.03030289461483926,-0.171984597390324,0.03636126763721184,-0.03153455929036106,1.328,11.849189,3.4680288,2
0.9001194331560265,-0.0377599521601005,0.11868751783715051,-0.0153816305918332,-0.051252400819732064,-0.37869738851446,-0.08023368054110769,-0.07619342425540107,2.683,6.3213787,-1.26634,2
-0.48437528815414477,-0.12760634765213702,-0.010274837959999061,-0.06360836155658406,-0.09499979154934929,0.08891982301151621,-0.005027108440478406,-0.02818299917874187,1.234,11.512539,5.6501217,2
-0.4787087128019625,0.0619264485840354,0.14437217452405954,-0.09738091484922398,0.012169939948445035,-0.18936350180906453,0.032205505269952944,-0.04579118465179435,1.459,13.388622,4.9306736,2
0.6856546078780479,-0.5331866321909673,0.04479173231460762,-0.012536092943476629,0.005787033794648039,0.04299307503229144,-0.09754254123846798,0.057149240525257355,2.035,7.4517536,-0.07787284,2
-0.5939654254350973,-0.01746579568872375,-0.006909723438715543,0.04390064080425757,0.05517850494862778,-0.15213754684306796,0.039904553504888945,-0.15546316245104932,0.858,13.333926,5.4954677,2
-0.041688934639269065,0.04359002349115018,0.006258334296109669,-0.07187422880261363,-0.07216189818663404,-0.15291988097387052,-0.007734715274730575,-0.03702430950758526,2.331,10.914381,1.7038037,2
-0.2494210649118039,-0.15104220816874558,-0.08154381559797727,-0.05044567399832878,-0.026605873173200484,-0.17784821916899102,0.056892109715982825,-0.041149165272031774,1.359,11.599844,2.9165387,2
-0.7131854981964781,-0.036750497831302215,-0.014587794897151757,-0.04688907257784433,-0.043392121753195345,-0.10886099725713055,0.07383275389065849,-0.06480148313822412,1.381,13.052878,6.564281,2
0.4118793323569522,0.22284333828844266,-0.011787288290128262,0.08379809527413631,0.07765000317510651,0.23609311420614199,0.07493959693143845,0.057635493240676516,3.649,7.2944126,1.3503803,2
-0.7926469089928638,0.17914011241891448,0.060315747710875445,0.09131651202252011,-0.08567168833880853,0.340829516948284,-0.08001032083512583,-0.04473830848227109,1.035,11.238743,7.3751435,-1
0.07729273544683102,-0.2005294537373735,-0.004480080083433591,0.015644190504672778,0.014647901939567054,0.11220863059235259,-0.046039677653387207,0.0402505928204597,1.58,8.909719,2.1989064,2
-0.695244642246984,0.008532344919649965,-0.05137013778441124,0.05350418254732689,0.055354035811987834,-0.06546078266822125,-0.052491594409535824,0.04816451029619867,1.775,12.803751,6.514946,2
0.5093890981892748,0.4180536828872079,0.029280414172040137,0.0052984004970240695,-0.07827569874157689,1.245475528255296,0.023435274234677006,0.08989725357186862,5.0,6.184651,4.325915,2
1.0041806238950755,-0.08913004455195431,-0.048509596822872786,0.01389220874171107,0.05095048712293193,-0.21478708419599357,0.10216712198124195,-0.20347778737983332,2.578,5.807356,-1.2298077,2
0.18403128157455836,0.06199084386278553,-0.10212397046066674,-0.014626428540357728,-0.10510318143985034,-0.2046346554351501,0.00566705529145059,-0.0353534851430784,1.269,9.736331,0.14196561,2
-0.25563961617620107,-0.06427939563587043,-0.062017563810640025,-0.046055664220438275,-0.053362160873022146,-0.13008916693186204,-0.038712989375719015,0.1012965563301346,2.151,11.942236,3.337551,2
-0.7135010682248153,0.07238904641416974,0.0048165276217542186,-0.2186928930502801,-0.08540981173285775,-0.1978720712350983,-0.23931223671718663,-0.02909883808187494,0.865,13.448556,6.658299,2
0.5785951637070064,0.09178830574592581,-0.028414783336842553,-0.04787378730871472,0.002169981172538804,-0.47068585824699605,-0.008184663063895647,-0.1430395568609696,2.133,7.529342,-1.0199839,2
-0.16418065472632581,-0.22779483833276307,-0.0454731333807758,0.022760885565182742,0.041770205084409234,-0.1732540231125948,-0.1026455755235649,-0.07612123109770974,1.322,11.037826,2.7295165,2
0.3734692967525813,-0.01372811101394672,0.09210342850617648,0.14494465413600865,-0.03805413620945977,-0.1367990862916047,-0.049595437982220186,0.10171839339038055,3.469,8.948194,0.029338483,2
-0.4810034054294754,-0.04352092009127673,0.04993416921837199,-0.0240116145663882,0.05034856859187095,-0.26636293128393207,0.008885222981686286,-0.024931685008627358,2.0,13.253313,4.522591,2
-0.6741981738446501,0.14287927545796866,0.008926676974160608,0.10024218601906493,-0.066924683976539,0.7783714103189273,-0.006154103494914631,-0.0023102357800579287,2.281,9.119584,7.7569714,0
2.794765672817596,-0.054891619547804,-0.07207918408389019,-0.0064573648524790805,-0.0020836878129818492,0.004499494935311682,-0.03234143432408973,0.06334369632860709,5.00001,-0.4443605,-0.7415137,1
-0.6400281848260534,0.005739876223643636,-0.06267581094216743,-0.045248363511257994,0.036551335304326305,-0.16857644327123963,-0.021590261041356834,0.06088125612651196,1.55,13.377514,5.8417583,2
0.7159633834831907,0.316493012850501,0.018013556611067905,-0.04652138839592301,-0.01335855270420816,1.2711708568145432,-0.017806585398807362,0.24700198386905053,4.0,6.178347,4.3435,2
0.5640635990210463,0.14954521603271287,-0.055692729348430836,-0.04156217751127289,-0.01955285165666726,0.27573350891618803,0.03926751754396937,-0.10052308874939495,3.511,7.1152754,1.3482465,2
-0.5585921608941755,-0.35366203654542444,-0.10748337161438995,0.014071769788673666,-0.011642786168171312,-0.0965675039693418,-0.005287017283836515,0.03390069089205808,0.847,11.88344,5.242103,2
1.0174276142015988,-0.1593606221109007,0.09871952674951073,-0.16218370232992604,0.06312680944001528,-0.12443735253925195,-0.12142527868717279,-0.0755211313559753,2.409,5.220889,-1.1846462,2
-1.059887746865372,0.057619231691038886,0.04118548179858639,-0.0351848560811196,-0.10330050219510484,0.7096486600904679,0.015878983330075813,-0.18192451327278575,1.775,9.889794,8.583589,0
-0.17393774892184247,-0.05396842151641343,0.01295410108744599,0.011061656951696752,0.0259423376510467,-0.08676140483735498,-0.016242657315871822,0.019481149040128293,1.818,11.595907,2.877436,2
-0.7981702399602815,0.11989739849506165,0.008471937954000919,-0.02356202768716148,0.04233652211278233,-0.08311817858583515,-0.02570125339499091,-0.00239941915108427,1.964,13.280275,7.4075956,2
-0.6148901060090557,-0.1626641039764782,0.08717436623373681,0.023800382826714123,0.0071662152649849264,0.6602311573085186,0.024734015216012067,-0.06800791645203624,2.692,9.700684,7.7301435,0
-0.30069183940183375,0.04511892997381817,-0.08357055812364808,-0.04513274248015814,-0.02460162330583862,-0.37054631903395185,-0.006938825253466646,-0.007384608071859949,0.991,13.015603,2.2745633,2
1.1507945327271174,-0.09147981303875499,0.0035684792899569884,0.01555097808840536,0.06026332346162436,-0.6308523443548262,-0.016084952865622032,0.04891068206277066,1.926,5.9440007,-1.5685042,2
-0.16625189652710456,0.026283727146081237,-0.023378800095361085,0.02943902670340065,0.007866492978133938,0.6988463109316309,0.01749248185213717,-0.015433588782288482,2.374,8.0899725,4.1930637,2
-0.8936359605499418,-0.021858725554624217,-0.002273163917285756,-0.015456981987130775,-0.08181169560673729,-0.2202750141976884,0.020789656388350078,-0.06946053382060698,0.498,13.476077,8.022457,2
0.9331864654913564,0.24956666024546043,0.05893409370527833,0.07909916371527848,-0.07221891712558898,-0.30479968117607026,-0.17834335426330333,0.02638552973874203,3.302,6.0604024,-1.0184919,2
-0.9830131346405857,-0.02250364148584194,0.00694398723030934,-0.09033468431679256,-0.038180714901336094,-0.3687778337170834,-0.042307889462029805,0.11897828273860447,0.675,14.017385,8.489557,2
0.42628554854080825,0.0786090903811108,0.05491227647062574,-0.0848434948552754,0.0008949972839390752,0.28809819801772296,-0.03651516816202088,0.051082022572195185,1.848,7.3114276,1.6134514,2
0.06607506139733585,0.4153655098311281,0.04768501658196947,0.024117218761825543,-0.023140592841441265,0.05329416662171779,0.025612797454248798,0.026533622915324212,3.147,9.4185705,2.6811404,2
-0.40376938245233973,0.27768621931184234,-0.05230138197997908,0.02817972605840796,-0.07488252453889074,0.04283792013176935,0.03652352509705256,0.04777734537628714,0.695,12.517557,3.8918898,2
0.15212369684437474,0.18881194978864815,-0.02488755430563802,0.07662819258356313,-0.045163383052276296,0.5506841900652995,-0.023562955722638612,0.19275127661902203,2.476,7.7577004,4.0805054,2
-0.3157324258358767,-0.026175323786111204,0.06105948361524366,0.051187625694293415,0.044938062291737996,-0.12828982143869194,-0.04063325361448161,0.03621828943101621,1.878,12.0893955,3.3103042,2
-0.8522842294770716,0.01884789370190218,0.045943398229414595,0.0727193090730966,-0.005355066463075542,0.07831383139077969,-0.0628494152429355,-0.03294063583074175,0.714,12.299587,7.6311193,2
1.2290475337564037,-0.27923906392533965,0.07080119534553847,-0.026799373493741063,-0.07977879763486803,-0.2441054515325765,0.026511110862418752,0.11035213066239677,3.504,4.6914134,-1.5299363,2
0.24101125270103388,-0.27835478355238913,0.04947215071716074,-0.07034974502061198,0.020550540944385076,-0.15289147940027495,0.02232651659985674,0.06857142349542597,2.75,9.200235,1.0140959,2
-0.8011991605710612,-0.336271147921718,0.013391479042217228,0.007181182328797983,-0.028728539996352248,-0.21246884389880027,-0.020652082708511016,-0.13254915319926733,0.654,12.705396,7.314828,2
-0.67471295021722,0.052945593741746344,-0.04154080924019832,-0.010847104128791474,-0.09677759614778117,-0.1018036880919275,-0.02226236313115207,-0.058469894326710264,1.137,13.228241,6.3599277,2
0.008522249402662524,-0.11152453859807121,-0.05741849817254355,0.0056700962592878545,0.05393978725670712,0.3209911905053012,-0.12275784928916356,0.09268299357828397,2.521,8.570358,3.3165414,2
0.9814204445086357,0.12866387223262463,-0.011090623537693689,-0.06866305963865901,-0.0060531805310803655,-0.2593940949768004,-0.040145407460904864,-0.006658723159296831,2.48,5.9087524,-0.96851724,2
-0.9580679228130123,-0.008504065580141204,0.05468068101979273,0.06414333814240639,0.045877349118202515,-0.11981771355469714,-0.04956578965345457,-0.08878840279666128,0.451,13.135131,8.263494,2
2.0174180688702674,-0.04330248459636277,-0.01766866458286287,0.05496783314794543,0.139591079321993,0.2847281786229606,-0.06361199034632309,0.11302667297887975,4.058,1.8114767,-0.54407364,-1
0.05052853609671332,0.03961394314448097,0.10376407860439782,0.0030143900391098044,-0.06751469195389717,-0.06784296888474775,-0.012370934468235617,-0.12275498154503559,2.675,10.190665,1.6438017,2
-0.04610498258851492,0.0495492642475224,0.012857668860597998,-0.07741019358927359,-0.01303281827409064,0.05006772671618692,-0.10269183992431022,0.06662422265145193,2.247,9.920834,3.089324,2
-0.1341885346226078,-0.4422709466473651,0.03665794394596236,0.0012182773265330682,0.009227407349371053,0.053452395937920866,-0.06440473153724655,-0.1427368167785321,1.325,10.404224,3.3736527,2
0.29019320827571515,0.02902037816728295,-0.041945506653839865,0.09337565405085432,-0.03796025306275924,-0.23193005535656658,-0.017297219961228294,-0.04810521055703465,2.06,9.641331,-0.1433899,2
-0.9353815086424719,-0.1607450464895017,-0.03236937417227005,-0.043645943293953535,-0.11480221228364629,-0.1088487642032232,-0.0033749247337510474,-0.052584569686797006,0.988,12.894485,7.8344107,2
0.6694316223804531,0.10493022702010396,0.038030649663606,0.004918255696150592,0.048680798131503444,-0.2826798547915036,0.009287127825660657,-0.06943307058853146,2.636,7.1133966,-0.89971375,2
1.600141721966069,0.13494341674745727,-0.10350767705449182,-0.023385792554657364,0.0258144220047746,-0.005035255536366995,0.13346089172880518,0.04975850831290016,4.637,3.1015546,-0.9688743,2
-1.1178777829959872,-0.00481336714601685,-0.07407665457711514,-0.029292838675191404,0.057890516455404814,-0.07270511731418712,0.07372904892997932,-0.04344417667102808,0.784,12.660629,8.798903,2
-1.1279258705232802,0.34309632170469573,0.0007677138207068945,0.016324783621642913,0.018249978681459222,-0.2743939347716089,0.05307474538921658,-0.0011504753434479764,0.841,13.189639,9.140323,2
-0.7134868384436763,0.20197082888141726,0.015372886047102935,-0.09616097666632525,0.08040821000352386,-0.3048732319164562,-0.07184945994802495,-0.022482899696786657,0.477,14.388311,6.5840926,2
-0.2577457941533111,-0.09269618884521907,0.07038864665717026,0.02706316816531487,-0.03773612575420482,0.11302805396598772,-0.04652431446326763,0.006725540959712173,1.739,10.160271,3.7835686,2
-0.09266435790136401,0.1790635340718725,-0.0240139109506102,-0.09320409064333324,-0.010275037174411583,-0.44967779463076296,0.03500790687211203,-0.007742690442918115,1.653,12.311876,0.991538,2
-0.4505197129456605,-0.11254163961487701,-0.014030220836846768,-0.06013520525321667,-0.044277457915370744,-0.2821965029505136,0.08270784262871217,0.06055494411112608,2.44,12.981603,4.3556046,2
0.0051892717950206,-0.1469783897142886,0.052655349470649204,-0.021220637091150518,-0.005384914148446884,-0.2103432649577804,-0.039816803110605675,-0.08568444202890477,2.393,10.719382,1.6610006,2
-0.6834957459855213,0.14520672125804185,-0.027383419233719036,-0.09930789169321311,0.03173276228539418,0.023025868694323076,-0.03849217170820776,0.02306795329579653,1.094,12.186188,7.00411,2
0.32658716569114565,-0.14451015723941588,0.11461057827465049,-0.06074247113153444,-0.07294896804576598,-0.09560655192118861,-0.121332793164903,0.09114979108132934,2.373,9.076874,0.5630325,2
2.287167255914275,-0.22684928004495286,0.11961290164674748,-0.05261237836912089,-0.07547484083757641,-0.13989554576575772,0.01417807804728563,0.021629806974594018,3.596,0.7130829,-0.6822996,1
-0.6909112558363915,0.1110274202729174,-0.05677392897436043,0.09201536547459585,0.011602223196828465,-0.1148102814340089,-0.049471444475749804,-0.05166860071529372,1.597,13.390185,6.462622,2
-0.6448813741388505,-0.0373281615147342,-0.05848934281495563,0.016137088962092455,0.06491133124159557,-0.27493029032577787,-0.030628178194338357,0.011421727995358455,1.546,13.718186,5.934283,2
-1.0577790617881702,0.0947321414968404,0.007546965638512121,0.04678662950557769,-0.04301860473433819,-0.43210152823471837,0.004564040655283541,0.025272257470189838,0.929,14.145794,8.437346,2
-0.02613000745643601,-0.4270682449839947,0.05795159653563972,-0.010968734601800173,-0.05120566710024729,1.1758867738338223,-0.030776144083545648,-0.04709980174839784,2.688,6.9798665,3.8890707,2
2.0563294553970164,-0.12660123547193144,0.07951048056876861,-0.11377200869947982,0.007862181992630501,-0.3272236316009804,-0.0010120461328761154,-0.10565646610179039,3.614,0.7870845,-0.77733976,1
0.7712739231394268,0.1387991337314619,0.004175232395062678,0.03638672147925759,-0.018685673474607922,0.18908020205652093,-0.03575006953568499,0.24981722200730722,3.418,5.2828298,0.070748374,2
0.4007420696228866,0.09862789290167254,-0.011462840104789068,-0.07276113150225613,-0.09912047323823539,-0.07499080173289979,-0.07600682469506173,-0.013085723390807935,3.37,8.661503,0.1457889,2
-0.20780944375571947,0.13072127983311663,0.08090284168235654,-0.022513043621680467,0.049357821281085706,-0.14392685884921233,0.046847078968664635,-0.0682073673325845,1.658,12.473199,2.751798,2
-0.7060770788145574,0.21656161019135708,0.031084276856547133,0.060356828112869076,0.02296611741126009,0.7172742362429894,0.017667735857468392,-0.038627254673762906,1.717,9.156849,7.7717886,0
0.6823933498429731,0.3237073403984472,0.07578302287752617,0.0212229984424247,0.05075868367914885,-0.1433933459598139,-0.012043989736171656,0.05571091777271986,3.149,6.8215823,0.034671403,-1
-0.8112924115975303,-0.32595891035298585,0.024808671353476586,0.0352753800426079,0.0024659351727108203,-0.006650850290558841,-0.04232557774944884,-0.026703007823753525,0.675,12.358866,7.34742,2
0.03861204492842363,0.018512938105152893,0.016650436816878472,0.04923708302060814,-0.08709103855017486,-0.47403645722775345,0.05552116600506901,0.045043949135943395,1.595,11.83102,0.6614497,2
-0.6393871552266712,0.08287325183210262,0.09054544784236104,0.0402915328790234,-0.013358454921513857,-0.020852207987133414,0.05038431689604536,0.16402501812881262,1.258,13.094738,6.0338645,2
-0.42949659114702554,-0.17330102507008688,0.011753228939636762,-0.06102390465226379,-0.09916270591759938,0.4604199721746967,0.03856618669230924,-0.19571845717717262,1.018,9.793533,4.482375,2
-0.010764717229156728,0.27665390270889784,-0.11419869271490499,0.11487476551704778,-0.02834460935441796,0.6150452596165741,-0.15305785175090666,0.19074303325441486,3.892,7.6490207,4.265816,2
0.7163421877206981,-0.05669142854052467,0.057600132695311,-0.0750378578419188,-0.029276983591204675,-0.15388599984682327,-0.025023913513110535,-0.0021790960184942254,2.864,6.693719,-0.7638931,2
-0.5385711456850083,-0.05483705877369818,0.13918492241110636,-0.08624966208085552,-0.08361269689691436,-0.1456620381307962,-0.050498734776600024,-0.0005707515278244313,0.683,12.873005,5.232129,2
1.7860482856793536,0.10982058789124957,-0.03266890043951992,-0.033278409467442094,0.020494330868676386,0.22792895054343273,0.12864973890596765,-0.051582700846661,5.00001,2.5263472,-0.573394,2
-0.18119202499061018,-0.3227528148923672,-0.014273395285363227,-0.08556236439708867,-0.023945476257612813,0.3741496436607693,0.05104738256468033,-0.0253668471802741,2.646,8.245928,3.276724,2
-0.0701087661554951,-0.07452454676415143,-0.01755802414419927,0.07147613516267332,0.048446027241028644,-0.22775516495556933,-0.12061597939441243,0.019395677216991952,1.628,11.449734,1.8130847,2
1.3149110772566948,0.09625109143149693,0.012925315113524904,-0.026312270357747358,0.05991526524215007,0.11771092540157482,-0.026766740231473463,-0.04401648548499504,2.943,3.9334564,-0.7099865,2
-0.24894116115737028,-0.26472136624512377,0.12153261235283563,0.0008791902759785197,0.007336275860456681,0.03990400023284507,-0.021928935061277133,0.040842144533957014,2.29,10.781175,3.9581037,2
0.8042912532635895,0.10232856027914564,-0.08341382711021317,-0.010050717479630628,0.028904881249099873,-0.24143996600178802,-0.035266554668143685,-0.13282295232554175,2.335,6.3220105,-0.8554,2
-0.10763940816561995,0.07569656963972349,-0.06728102355637072,0.01176459836476107,0.013339433502470688,0.9234285736001101,0.04533297018864971,0.1598261709561487,2.542,7.2849035,4.523746,2
0.005622512461950363,0.05054403997198634,0.014275175607138868,-0.09495747428758003,0.0024919605615059404,-0.000115728642456292,0.08555058868645246,0.023130725766596777,1.932,9.952181,2.6617646,2
-0.5242989752464896,0.010522262120556791,0.0654235589101364,0.036507995604676324,-0.04001218619476654,-0.29055114550058814,-0.002019357468922678,0.08621914350264925,1.172,13.97629,5.4404516,2
-0.4539645117419725,-0.0730910705039996,0.08684500954517405,0.03567072044390435,0.014267010086190635,-0.3441094419498295,-0.0513892133729755,-0.1481335994706188,0.743,13.143617,4.401866,2
-0.254004536840463,-0.06681476118717591,-0.0021770449236402922,-0.07357561897153314,0.05245631380401386,-0.26606544702209517,-0.03799949342918199,0.09888214876431903,1.538,12.462296,2.5529811,2
0.518900980325508,-0.30728874945543716,-0.029239712908079724,-0.002007090142985918,0.08274628549181479,-0.1413244730485304,-0.03749843825339963,-0.03830333951893217,1.298,7.8830395,-0.04283745,2
-0.22221207349729447,-0.23683698161214517,0.028379021788502407,-0.07581996048755568,0.06271904096901715,0.27176342390334984,-0.0048667018851155375,-0.07075013416584586,1.375,9.99596,4.0515184,2
-0.0377326891394463,0.09661685169222009,0.1025573743772561,-0.0024392735224063877,-0.12001336838246443,-0.3716730924820164,-0.0677408851880836,-0.08043877336324542,1.528,11.959411,1.2504249,2
0.33712341197784523,0.16151923379578176,0.06403074630206801,-0.0697831909366946,0.044526554292748266,0.21059127932266897,-0.004022384608547591,0.15980324189622086,3.482,7.404338,1.4702451,2
-1.074155686051972,0.13814294881067557,-0.07385298156344539,-0.02265532143711259,0.05585414384066484,-0.17364468536436162,-0.016606502998249145,0.01918386561910905,1.417,13.584129,8.743676,2
0.16147661560224788,-0.49608498096235765,-0.09137127521576824,0.07869615071950356,-0.10726467376896001,-0.15926323605125656,-0.11516948297930904,-0.024384359731037697,1.679,9.555566,1.4438499,2
-0.3284638315694067,0.031648798962113284,-0.06457552965609525,-0.11932720814152878,0.025394874809579415,0.1899375192397484,0.00018841692991630743,0.10743269939450845,2.534,10.185786,4.4749885,2
-0.9309320169006238,-0.11401212703465703,0.03876219981132327,0.0392174662553942,0.05949680476812885,0.32061869223810724,0.01949484209388408,-0.04082728502862079,1.034,10.774129,8.27959,0
0.7194248898264526,-0.05179128948838241,0.06326989710070763,-0.004642547058394064,0.01346416875513623,-0.2392988385395132,0.06996848706439213,0.07915386383292619,2.394,6.6962404,-0.89489734,2
0.7348400340148782,-0.14332963845001923,-0.005399453372595342,0.0214172237073485,0.012717145394688961,-0.2361660579964426,0.05902434850229893,0.04247121537641588,2.164,6.794156,-0.7621516,2
0.7427349813852826,0.18627141114936527,-0.0628190846791753,0.10287296683813982,-0.01183919857880314,-0.17327421881349994,0.022851168413275752,-0.11325399768060451,3.717,6.4904103,-0.71963024,2
0.49162315792687467,-0.09424653414828485,-0.008125599478729567,-0.09361108871172946,-0.03382070825775124,-0.2479508955696815,-0.02296131970469012,-0.09396057310999253,1.715,8.449722,-0.37252858,2
1.2095422683288453,0.6797794332544643,-0.07442000179033928,-0.13462940510009225,-0.058736009679000944,0.6652012162701502,0.03766796098351055,0.00034372865589249457,5.00001,3.8486555,0.17251469,2
0.3719387737786886,0.31326087549154746,0.09726166292923688,0.014655717866724705,-0.013193876935582993,-0.028804086347058,0.04519592849668458,0.10434287248649574,3.108,7.489191,0.75873065,2
-0.3994977117516709,-0.2461745584967155,0.07367998172756374,-0.0300761197411549,0.07367266374951173,-0.0639596616757016,0.2042454150941056,-0.08845532188722321,1.792,11.802203,4.9099746,2
-0.1982628109679629,-0.010524559182535809,-0.019357803212589425,0.0002861709373854493,0.09463129108238405,-0.4140540664422076,0.02147788195035577,-0.010107151713397794,1.356,12.457753,1.488818,2
-0.8203901199381436,-0.048262599099625686,-0.009580396106130401,-0.007017359589750111,-0.056025558367616524,-0.08057367149946265,0.04385142623833649,0.01549678642956659,0.819,12.990601,7.4682307,2
-0.06318755435336312,-0.5855675388223345,0.021072960120714856,0.09450501870818359,0.0009973237805309398,0.35849169765995653,0.023960212567398803,-0.1866696757395025,1.804,8.136717,3.000965,2
-0.7673158906520462,-0.2087454150486735,-0.013526523931524814,0.06450411405284082,0.03593985269904404,0.3081098174174333,-0.034498792031682574,-0.16729299832054345,0.986,11.241799,6.761757,2
-0.05798195015217342,0.1520312402558008,0.023347858324891474,-0.08515932262832315,-0.018311620419922042,-0.45561398211543913,0.014328282722743085,0.1225252481936403,1.71,12.207225,0.8548804,2
2.49479939623158,-0.23121454994192916,0.010489986694353387,-0.029942354707329644,-0.0471230488346355,0.2465393245059815,-0.010602596387166902,0.06626691942593685,5.00001,0.21005505,-0.51973635,1
-0.604724150669891,-0.10682792052266057,-0.021320060065390528,-0.08107781673204825,0.07519057560172848,-0.12890461590496102,-0.14342625764793793,0.13206632478606314,1.601,13.083458,5.748392,2
-0.8354220023764969,0.1431840563760055,-0.07467460626101013,-0.18627834803312965,-0.03132182531576197,0.14287114380375726,0.09061205430419206,-0.10899810219649489,1.375,11.88633,7.432274,2
1.680797605166813,0.06464086199236271,-0.012917242054534789,-0.026998162311418744,-0.045922758454010976,-0.04113349613461334,-0.026200573439783298,0.034386534935795354,3.453,3.011794,-1.0995044,2
-0.65785211397832,-0.1904992995512048,0.1419069475320035,-0.03287047777891133,-0.0547420784355602,-0.010656769025097157,-0.12401152847078009,-0.09256681686116036,0.797,12.094548,5.9623637,2
-0.3728443364726635,0.11889840082284422,-0.07717377791663912,-0.08279585025808794,0.07157190278507508,-0.0878812785305576,0.056273278396608006,-0.029150623202502002,1.663,12.644046,3.7027872,2
0.23583372172868133,0.775189709021689,0.08756888586023387,0.04654441776814619,0.049337971554271304,0.31507944710346386,0.019883503467501756,0.013283949972064057,3.49,8.882954,5.0104914,-1
-0.27401313903383095,0.0743494666834309,0.038047420940632265,-0.0159887712184395,0.09356966202873446,-0.25239532007101984,0.08375404108796225,-0.10121757691103192,2.044,12.8033085,2.250071,2
-0.28521588601264347,0.15628707414306275,-0.06136476499220911,-0.08898110151409491,0.1847771968583521,-0.3163928778360973,-0.06593145268506262,-0.23354560679118622,1.304,12.823459,2.0358412,2
0.9794657715786035,-0.348637586298292,0.1081412703147468,-0.05463744474445548,-0.09260902862892334,0.6228891012205754,0.14162373708343634,0.06668015143041467,2.654,5.258173,-0.18830985,2
1.4101182918771742,-0.16761083868541835,0.10324001185055717,-0.0933171421049464,0.009343039784841273,-0.05707161509269609,-0.0005922577539569374,0.014206263116192747,2.75,4.076517,-1.587482,2
-0.04818013440506608,0.20796671859220342,-0.164016784610765,-0.06023352317003847,0.0034855378104562684,0.26858432508707464,-0.042512936999444056,0.14835313507703213,1.969,9.107625,3.405682,2
0.8011197325300443,0.031246922108376374,-0.09771787144970917,-0.02946421750073913,-0.01960956000133135,-0.2905884263609949,0.09058424504115817,0.061919221960442306,2.529,6.4531207,-1.0612608,2
-0.9158683866973102,0.039351259990507426,0.004073773546039161,0.013596522067990752,0.03336311502223965,-0.17380390742780105,-0.05351521801795553,0.040353736550983774,2.5,13.656053,8.163893,2
-0.4533363522022264,-0.11231256303590906,0.0689920360999928,0.04536152036764149,0.02414086535233631,-0.16761440826587554,-0.1184055017463504,-0.1882358621936865,0.851,12.71409,4.6232243,2
0.3465225742599527,0.3058828786814171,-0.09000729242021216,-0.013600977724710195,-0.02520755345874781,-0.11323276044222491,0.007880184924411004,0.08500482347692995,2.379,7.577779,0.6641933,2
0.28778302984545595,0.012241511331317678,0.0798322822342199,0.05282878264857757,0.028044080021874113,-0.2043951578214602,-0.022144990414321192,-0.11703668927150718,2.541,9.558357,0.039178338,2
0.2946198886276761,-0.378498952584809,-0.0020385991654400526,-0.0016233360563572274,0.07798904174634688,1.0905838484893857,-0.015964605423657435,0.10499063931064984,3.05,6.825184,4.01386,2
-0.4867895671604985,-0.004219203846734271,-0.08843292000999506,0.012667654077063717,0.039175241952978335,-0.3350409346384683,0.023332094678629928,-0.12404690388325057,1.125,13.4692545,4.60427,2
-0.06336511261731162,-0.25890073117608414,-0.09874522993463264,-0.029414316102050947,0.05136336064693808,-0.3064106594591749,0.04397794131030419,-0.015316797377050356,1.892,10.942952,2.1384656,2
1.6838397714556903,-0.0747924313508416,-0.05128802839989299,-0.10395223827240602,0.07611545089288854,-0.18405838473949807,-0.04448298502355555,-0.17699178648281927,3.536,3.4629307,-1.5882549,2
-0.9672074546321331,-0.13826493598771844,0.061525837366759484,0.028975704457075188,0.006709988128242347,0.426698271381579,0.029550507920048166,-0.04890973483054374,0.867,10.539339,8.272108,0
-0.07208350789385257,-0.06740426513535289,0.036813699586272175,-0.08945196193697219,0.045680777338812234,-0.3599935600439245,0.01218478519270344,0.04601855530759727,1.67,11.6772,1.1994756,2
-0.8033327713905404,-0.14053754201042176,-0.12032619043679749,-0.15030038739144547,0.08412681990604123,-0.24386397590860784,-0.010713076299621802,0.05863896390202,1.047,13.333644,6.7949023,2
-0.8426038121749106,0.27945529457622353,0.005169259123542852,-0.005883493136888518,0.019872605190916964,1.3368721112189677,0.07446550715392691,0.16895329734828327,1.394,8.935377,8.251054,0
1.542984926112429,0.3709780305617296,0.0016360681475728334,-0.1339369899268141,0.058865121703366,0.11780142147354741,-0.15234104627608397,0.11794437639271244,5.00001,3.057444,-0.7000468,2
0.33308450431691594,0.2612551149329658,-0.09230071045892085,0.1421121227520264,-0.049175927180109685,0.12803953986569425,0.03472682355370882,-0.10618319603187709,2.628,7.534608,1.0073532,2
-0.22343956012769595,-0.22875931185859766,-0.03616226817883639,0.051121697456590925,-0.035464128378335014,-0.22902542731451722,-0.04923703889945916,-0.18428678693190267,0.888,11.198633,2.8408914,2
0.19705490627289804,-0.22473922363647034,-0.08124096419479626,0.03262792899957295,0.10600160167715131,-0.11154890474352872,0.025497355171924585,-0.07115360652840641,1.967,9.271055,1.1293972,2
1.2166427509830655,-0.04534290905117824,0.06973998104025433,0.05689632460425856,-0.06466364600238975,0.8747915998255998,0.04127045009781463,-0.05943461448681589,3.517,4.1645184,0.40960628,-1
-0.4172375029432911,-0.2025945641609653,-0.025966918628540142,-0.017167256648458112,-0.0050386727413327115,-0.11493531083986303,0.009665671585702862,0.011234982394904613,1.476,11.893915,4.5541735,2
-0.26119307956127813,0.16602682498439578,0.028559516459618572,-0.032371827010826304,0.01175170003529813,0.14443599359541376,0.00839809984197673,0.019856061035222333,4.182,10.079975,4.324031,2
-0.38023418706642964,-0.09491014147537533,0.09931945563960692,-0.07445423214105279,-0.04615527711657269,-0.03696370041575295,-0.03344195024855792,-0.07194227605896375,1.279,11.979342,4.245972,2
-0.35935647152818795,0.2151926596704138,-0.006375485476883075,-0.055245552687162525,0.019824795269509116,-0.1889677921918464,-0.036461812704569135,-0.06838179037960856,1.766,13.256347,3.5082254,2
2.2849525283063477,0.0010763867736227062,0.05996646229439129,0.02069018692699265,-0.0012111864636899783,-0.00265350401249026,0.002695141679342622,-0.18411113347703256,3.724,0.8361183,-0.6300214,1
1.3855327592389914,-0.002900072346790822,0.007240779604690384,-0.02124588410728598,-0.00676082759032523,-0.25289973600682525,0.01849832351282049,-0.03847193680865377,3.134,3.6585586,-1.5980424,2
-0.28615655481121005,-0.13858690490741468,0.011032941022579706,0.07873107104724211,0.059639116539790926,0.030148172739714235,-0.07809161345163435,-0.03871797109311559,1.422,11.305643,3.6293302,2
0.6326698122381271,0.1457981864174493,0.0545949519550612,0.03263172639333989,0.05051228221790138,-0.3505450577564898,0.03372042654029872,0.05944764408612713,3.979,7.177306,-0.9458778,2
0.2064527234627137,0.01910503800937355,-0.11576691886537452,-0.16745897312609676,-0.1098957879582729,-0.28581265883265916,-0.016516635432821197,-0.21001517262121736,1.254,9.77904,0.13832729,2
0.10759576617261943,-0.3373697391052969,0.0345514543278749,-0.0964380621336974,-0.016497166922410683,-0.24678094062714478,0.07754409824582748,-0.0032688595112396746,1.387,9.613578,1.3670483,2
0.5162900502252699,0.051661587844960194,0.024686480416244938,-0.07621978544074084,0.04181308547948312,-0.24707643604375895,-0.07963192527253435,-0.036133837506173716,2.328,7.944753,-0.64747435,2
-0.21740302984398663,-0.045307910102357546,0.2619267414323726,-0.08375107942655516,0.10571189482806925,-0.10281924464220138,-0.01684717361182883,0.03227142328170213,2.5,12.094103,3.0767286,2
1.0048245294555087,-0.03276317629400624,0.08271610002322641,-0.004820417089319934,-0.09438933637515512,-0.21251143451025972,0.16491912620047575,0.01603418754758823,2.739,5.58141,-1.1077882,2
0.5046633706605514,0.04683702266469633,0.17715038843479058,-0.00894824879909753,0.020254621033400394,-0.05953061720896516,-0.049474132170796103,-0.05179594243335928,2.907,8.347042,0.2010127,2
-0.079191745188048,0.089507107601876,0.06649525965664158,0.11579465238587472,-0.07155752254730299,-0.45238447393063835,-0.044127395980572,0.0809230646323926,1.396,12.1427555,0.7934832,2
0.08270704015264543,0.6762464601450152,0.10826293464717693,0.02208991935566207,0.14117877070766655,1.5621783318000177,-0.18209763302496754,0.10175373174406643,4.658,6.496704,4.72655,2
-0.7052769280541547,-0.06334628343875118,-0.01641685329479048,-0.023780877973087283,-0.0017354920069407032,-0.22124812959825244,-0.002566901177947639,-0.04927559137158519,0.878,13.443937,6.5223618,2
-0.8504024335101692,0.04885812540208344,-0.009624370836902138,-0.10874691017154778,0.03886479245928556,-0.343773650431502,-0.005232038564125366,-0.02227889660514612,0.99,14.102563,7.480985,2
2.5017126607052207,0.07352015557449584,0.006486784815857433,0.06690973985469961,-0.00566341789257091,0.0995066716921067,-0.07937529234664925,-0.059435921620523746,5.00001,0.20941882,-0.51039815,1
-0.1323536522442463,-0.3398941540756341,-0.09874749454091372,-0.0599185082417685,-0.040818856773394196,0.5061010230683421,-0.03607271907377535,-0.06823167491199689,1.839,7.9467254,3.3349767,2
0.2016534103946565,-0.06404838737756666,0.028898837427437374,-0.06966976215143844,-0.0893796688073134,-0.38835055582040523,-0.039270523056098655,-0.11546339836430566,1.313,10.271141,0.20600384,2
0.24263585821152825,-0.4128615447615742,0.04931330308791426,-0.047353787404906506,0.043349839193009276,0.5837836712974624,0.05285652653331546,-0.2448231145201505,1.833,7.737869,2.721788,2
0.13278830258512325,0.10833355250140389,0.01732620200222268,0.06575538026196504,-0.02104110258023939,-0.11713737862762372,0.0036048507556177833,0.06783761022654844,2.736,10.036294,1.1963172,2
-0.25835131481571927,0.10241274332780784,0.08705655924903746,-0.014862432156745126,0.060027077321298694,-0.1825202969961705,0.03523495996398418,0.06301155232840666,2.405,12.420884,2.8384998,2
-1.037095886775821,0.039070500400046865,-9.632053774513705e-05,-0.011530801107763528,-0.030036857291052044,0.10236295862733277,-0.08234147759429528,0.008628079073795675,1.25,12.1548195,8.519412,2
-0.7998405366432249,-0.021291206885014763,0.04336973602587828,0.0902008633544519,-0.039823234959057485,-0.13157482269455512,-0.0411330108508909,-0.030402959593424497,0.508,13.259083,7.265501,2
0.22176254881193758,-0.07134693139135301,-0.1374370047417905,-0.011113887595793792,-0.07224606491258129,0.013171144600189227,0.03220008798839105,-0.07183772407361766,1.368,8.956575,1.2449952,2
-0.41498223369541964,-0.0604520661243752,0.016208673287588987,0.03330279098893266,-0.11823117264801464,-0.3400678346393875,0.015277376718532049,-0.02337457782759192,0.825,13.108634,3.860235,2
0.3204140171067589,0.03154029102711553,0.010180200705516007,0.06058598616124966,0.06345879211571961,-0.420718924213064,-0.04447880158811801,-0.003938299449826821,2.041,10.120937,-0.20666865,2
-0.5824937848896097,0.30001716256157185,-0.06486770177863363,0.07599391712787135,0.13633589001242993,0.058980640747008206,-0.07591717034860562,-0.0568858468448207,2.19,11.962653,6.8175077,2
1.3910962844913937,-0.1518142646109863,0.006380580351442122,-0.024089188027956676,0.09774003943321835,0.3188667649557543,-0.03395739169939424,0.19435326126313757,5.00001,3.6323724,-0.51436836,2
-0.46451974968100246,0.6685992738613815,-0.004131753796436433,-0.0012165362383813882,0.021865372144832168,0.30645665177697,-0.04556213780887247,0.03158123710008376,3.167,9.70707,5.778851,-1
0.20769361938306757,0.05484066164682325,-0.07965674497077,0.033332294854172106,0.11917525778486646,-0.2688173563404183,0.03617586909686482,0.12334391751067611,1.796,10.389986,0.26512355,2
-0.38118706739093444,-0.19274282341369647,-0.002887909712003117,0.04408082344569547,-0.022206252639020513,-0.15381099315479313,0.022286837209399807,0.08840317633705597,1.288,11.97065,4.4522266,2
0.21460868857562532,-0.020622393717429077,-0.0043001378892714714,-0.09751716071903341,-0.0701285396050361,-0.05027754043918553,-0.03138679681597101,-0.015037230712543759,2.466,9.37172,0.74542654,2
-0.7820586734478344,-0.21366723751318886,0.011827858939387231,0.09977646103930318,-0.08240376022424936,0.6331812006393749,-0.024843977456258548,0.13201175939667217,0.875,9.750967,7.790026,0
-0.1716064303214442,-0.5393301994516431,0.08339392628744557,0.008613839777461635,-0.014631277980964447,0.38810842131888257,-0.11225500484326636,0.10468033508599273,1.125,8.231095,3.0789208,2
0.5799303705241894,-0.27576716133519485,0.026050229658536428,-0.011990669677273191,0.0014176748666685224,-0.21095239032183602,-0.036282945101418274,0.04147051311381411,1.719,7.75049,-0.16771698,2
-0.53575728100467,0.09274427849231989,0.015504408780724122,0.011838670389999306,0.012523811833102555,-0.1646881153022267,-0.0800517766344882,-0.01448556978297147,1.123,13.396841,5.3652315,2
0.35537188904781725,-0.23430085546646143,-0.11735797049690269,0.021085682730597494,0.21185923830973327,0.010729174662448798,0.047834442460647636,0.0032494406689501376,2.664,8.893068,1.0371464,2
-0.17369289379738093,-0.031204573560904975,-0.13910699318752304,-0.040789299042271104,-0.12400314980796046,0.13543560235772914,-0.10446265575981384,-0.009494895038463819,2.303,9.872048,3.4024296,2
1.2922941386442963,-0.07586188031881069,-0.051836701752204145,0.023351890595477653,-0.03185231692876139,-0.17417368993257962,0.049224846337431544,-0.07120651284414106,1.717,4.2195764,-1.4392653,2
0.25697486509028056,0.1003725324943458,0.03169889702920303,-0.14283738720024258,0.11843387084332302,-0.28833148395541297,0.01962376351990819,0.007374254805797176,1.306,9.643705,-0.18400161,2
-0.32172739773315884,-0.056828594244502234,0.0942399900115822,-0.16342542215968564,-0.0613448929585593,0.28536646675936506,0.09756057801909507,0.012729153743923305,2.121,9.983793,4.1795554,2
1.525752778335053,0.04128231299251248,-0.1582487437903308,0.09519034988190253,0.021036646734462372,-0.016892967802636882,-0.010477489637873122,-0.12774322735988428,4.123,3.4201248,-1.3386539,2
0.013151241816058645,-0.08600616650669887,-0.030461521222400173,0.0008082228235228306,0.1378840049648827,-0.38142694304848224,-0.020971453861349937,0.07251681429839313,1.632,11.285309,0.77138036,2
-0.7724362657391566,0.18487380593248362,-0.021580360501434054,-0.10386672641149727,0.10136787005112594,-0.31231369652095253,0.009366937468274522,-0.06427242921671997,0.725,14.361932,6.8388443,2
-0.38973236867584515,0.11156032096987306,0.12751119572901626,-0.0965836003785307,-0.25444790179899046,0.08534954794865574,0.08793344668452013,0.08806987642087138,2.929,10.456852,4.647514,2
0.1534196196913084,0.003950333296018488,0.011347940783603266,0.046785777790495,-0.05919625053627106,-0.18656969921094588,0.08949553438522512,-0.19213192677699967,1.591,9.775227,0.3390997,2
-1.0259712857849101,-0.20037803848775593,-0.14360023525812574,-0.01384211672308032,0.020628542384712192,-0.016731886529541523,-0.01478433210761533,0.03167266144719008,0.948,12.489119,8.251387,2
-0.06441506489187454,0.03606912855231881,0.010084059069485701,-0.11742382398693771,0.008016542399401916,0.5693196159799703,0.06613322532528482,-0.07327207632455468,2.794,8.224299,4.0117693,2
2.935386760087042,-0.19138451993204392,0.055859318589619844,0.04138585049528576,-0.10781123333058465,-0.16757947532461429,-0.03596483622754024,-0.07151910466932751,4.771,-0.55738217,-0.8191587,1
0.02306075334878141,-0.3398527220498878,-0.10777729887488746,-0.036817499021166517,0.06873786735537415,-0.3230055474912719,0.028010627230103446,-0.09917172204311606,1.332,10.680019,1.9968956,2
-0.17453232558934353,-0.20452249944071793,-0.11496017370793046,-0.012080131350894197,0.00075761435228619,-0.08561547723041912,0.02003324664642886,-0.05942810599976253,1.629,11.016988,3.1888802,2
-0.32753164120155365,-0.06523493461580979,-0.009443190227227893,0.06832745539117024,-0.020890317934467967,-0.06851842902551628,-0.0607496965836799,0.06900677325052879,1.048,11.891968,3.5485244,2
-0.8632482402619269,-0.10067747405197296,-0.044457892594842174,-0.082500508543539,-0.0660097085708582,0.06976531312169207,0.09499946647133778,-0.07265926726387441,0.868,12.221373,7.7509556,2
1.0143835979427618,-0.12760639631497384,0.026415440375377547,-0.017081363137941813,0.016236656457412235,0.020430369509167823,-0.04624413243662476,0.09115455030088326,2.909,4.9348397,-0.8872141,2
0.3971989469868831,-0.028656072717190506,0.010179391685871536,-0.04029416485063311,0.04723104817177426,-0.30349232423206274,0.00600358096158396,-0.04131939047227792,2.147,9.0172825,-0.36501107,2
0.5550382448321896,0.023369379418870073,0.001383010796267986,0.040424548869575055,0.04961729978237023,-0.5113948796791217,-0.08250653228366439,-0.0534454992680595,1.681,7.606261,-1.0420051,2
0.19894525501104282,-0.26833626661927446,0.02362965452999985,-0.019154618013519586,0.0308315456888813,-0.18622412032965707,-0.05972942716524687,-0.12325739759745918,1.707,9.469159,1.1523799,2
0.5158916142619971,-0.4061376373007467,0.003944944077979129,0.03172404393959205,0.06946502367816124,-0.2244511946746294,0.08177310324451562,0.06913458662480873,1.591,7.8547645,-0.06911164,2
-0.6809898238249944,0.49208807433294066,-0.07074383562088526,0.0037279217003920173,-0.1778913513359822,0.1302701911918011,-0.025210051513739395,0.0919373394563712,2.184,10.001119,6.059198,-1
0.19137912114039515,0.284256299115811,0.01141943092378822,0.03680907726864949,-0.0366612804321797,-0.07721893951806255,0.029886570283697594,0.09884673492861523,2.926,9.441431,2.2586658,2
-0.6053332632658851,0.143784829389143,0.11180842696788781,-0.013936723553642949,-0.08915216211263499,0.02768695053440426,0.01731638270669214,0.08453740012805036,1.852,12.734397,5.775329,2
-0.9235569182542521,0.04877535164265011,-0.007390770352736442,0.02688491045929077,-0.034268181974737244,-0.06652644598136553,0.006377800779753917,-0.033710891433857415,0.463,12.975066,8.090772,2
-0.27121781778122506,-0.05840449833737349,-0.04868400100283368,-0.011985175360008732,-0.07684459371499766,-0.037916046873846476,0.08899371522912788,-0.04834724278138075,0.954,11.774299,3.3693686,2
-0.16445732517507106,-0.004332546248970115,-0.08646379399850629,-0.026119990234032775,-0.012548165157495295,-0.18074814217986926,0.014222187032079475,0.03876791168206878,1.016,12.131124,2.523248,2
-0.6612457684515352,-0.03512825572692352,0.04529868626481204,0.09114161351029751,-0.01958047051591308,-0.41801540066540555,-0.01795716929710439,0.012250371394298715,1.117,14.317518,6.2600985,2
-0.5913115771966104,-0.07569115941843321,-0.12925349540698228,0.06676422211355945,0.053011663298767636,0.44094221666939365,0.046017402399934015,0.06983350787466555,2.66,10.8914995,6.7619224,-1
0.509583280226607,-0.037073481925705254,0.0748362409883997,-0.0581208230514777,-0.03511146023616504,-0.07936732982514857,-0.007766729805537831,0.02289516227986141,2.726,8.407144,0.20681804,2
1.1271010717742402,0.029898297861875145,-0.07993396574925243,-0.00247746906379534,-0.02731917945750001,-0.30975300019386454,0.018603178858428937,0.0483998790609812,2.211,5.4280376,-1.3461547,2
-0.5799397687192306,0.05480738997976495,0.005068290985297097,0.07681753654351847,-0.12356069506757283,0.13574544223142707,-0.1496731545850721,-0.010439577192520283,2.913,11.511546,6.4857097,2
0.7422728168227601,0.0695010562642483,-0.07531910318950888,-0.043638842371932995,0.10835975540735443,-0.46959320816695715,0.02235841636406144,0.06594713882029246,1.555,6.8071036,-1.2448002,2
0.21054605812835736,-0.12464428635183425,-0.07666072548796729,0.03204144425169314,0.008652081214170215,-0.33857659757053227,0.04519771276153148,-0.09683887374098776,2.742,10.261167,0.4036488,2
2.7452987138728444,-0.15756948328274997,-0.15248860147015858,0.07054365287664502,0.0497757285782828,-0.1927391375047013,0.004553364285084516,-0.06808665293270408,4.137,-0.37826392,-0.7353195,1
-0.052334837950262614,-0.528293214025555,-0.02054891230715092,-0.016348189602429092,0.1382610898932841,0.19900393861005136,-0.0054841966449046264,-0.0011684849755223548,1.053,8.372144,2.872421,2
-0.033586867033630036,0.033723794133052265,0.06655127286789764,-0.022558528364301306,-0.006220965702726733,-0.5229402784289139,-0.0027316214857248666,0.10417142180053662,1.667,12.104299,0.74209636,2
0.002776269392398223,0.1624465640712035,-0.0670404673173228,0.016683390487933047,-0.026843697766502583,0.11851712520598337,0.06455548505421188,0.022053048777077755,2.269,9.441231,2.9484785,2
3.0768357823757815,-0.2420312439509985,0.12294272701489928,0.04231073391283985,-0.04693879650272717,0.1362006267017804,0.049562050686227016,0.008791746750987567,5.00001,-0.5659167,-0.77191526,1
-0.6924362440059838,0.077673155790423,-0.07376078578239131,-0.1071138930295176,-0.03877668901585152,-0.2789137126595934,-0.10752005984051372,-0.09078029316064176,1.133,13.768099,6.3676476,2
-0.2432247850173034,0.24533690638983202,0.04782490600016784,-0.09868438506098692,0.08872563746979317,0.34083206606082717,-0.03974118738144028,-0.03355514207719007,2.417,9.259459,4.0726056,2
0.9307210552586033,-0.09503781880190768,-0.00025112289475098803,0.16339993453085602,0.06549883024821204,-0.24710142166549942,0.06634210299224422,-0.1408147204358634,1.508,5.8724194,-1.182212,2
-0.5902440272425238,-0.027140010152569477,0.004489351956986354,-0.00020559010729487293,0.06904311035643018,-0.20353301524441925,0.0053861774616539015,-0.1070464847741826,2.194,13.461603,5.4592876,2
-0.6585555093883178,-0.13741548040145043,-0.061710309087358264,-0.02141483078617648,-0.09680865695039038,-0.17875036954391585,-0.030873409915606054,0.06669665214203105,1.0,13.133862,6.316956,2
-0.6587787308826276,-0.011001795728167535,0.04380114185873296,0.07604881100662852,0.032877780265727574,-0.17206326380408493,-0.0469628855658793,0.028879531317056145,1.283,13.240294,6.123772,2
-0.16022900686710242,-0.4197214128819936,-0.12341170846643454,0.005147034783918897,0.03551191725907027,0.2931089864950217,0.011345889470965626,0.06487424083262536,2.453,8.38713,3.0617332,2
-0.37181452037431795,0.24269940601623935,0.05253449478108069,-0.005525632565080041,-0.11260602686630902,0.1522220930761564,0.0775259951124703,0.06064718549080361,4.45,10.257695,4.64931,2
0.7675090330143957,0.08439412397856413,-0.042477406511351484,-0.037519315726693786,-0.007885851155895851,-0.07468464088859925,0.01101578109985421,-0.012663803460861323,2.513,6.107469,-0.46793714,2
-0.7209938192479541,-0.14728378844375242,0.043275938166415034,-0.05459472350627401,0.09084275928391367,0.03328970528111114,-0.173845821330618,0.1539383241833898,1.46,12.664792,6.6121173,2
-0.7038641036573231,-0.08254850319513335,-0.04072788380493207,-0.07548820588498761,-0.09164534740055334,-0.20271840169252456,0.0038493953689408,0.042136249227819944,0.617,13.215687,6.4293017,2
-0.03846731504255857,-0.04255761035187117,-0.0066178232832239114,0.00866857882396152,0.06544539516374379,0.960781401282465,-0.05317341030683359,0.060473145736062495,2.221,7.114985,4.4519315,2
-0.5905638330678279,0.1798026255663534,0.056384788420574955,0.1390814738914636,0.011670110380712195,-0.15036604786218685,0.13955037685981256,-0.01872973953191953,1.304,13.857159,6.0771747,2
-0.4394987469624815,0.02834011304541534,0.002375708268742699,0.0659083786797835,-0.0975580312334122,-0.004552876254064003,-0.03339136609076446,0.1426307219250677,0.73,12.715015,4.708097,2
-0.5612824156149467,-0.015860970683447356,-0.08088335298643054,-0.10269797002304482,0.08570576111815018,-0.23390233464538343,-0.006006626815809185,-0.04899158931725148,0.974,13.698621,5.463507,2
-0.20780122083214195,0.01674904779029171,-0.015095875321018054,-0.045993512456837554,0.012598423499006028,-0.1372002197521592,-0.005380901882081679,-0.127117401630835,1.293,11.97217,2.9382355,2
-0.771448673200257,0.466563417563133,-0.05861917604229286,0.0937865101993565,0.10082752412896762,0.03306413072725445,0.04605085552839641,-0.054457296407070616,1.821,11.892243,6.9163117,2
-0.3470421772888248,0.007565038870627899,0.03307564781469072,-0.030649370159894634,-0.060420431125186275,-0.08638718498065201,0.041072612793537244,-0.0003858931198374438,2.413,12.245401,3.5486288,2
0.05784899724142781,-0.0210792887503288,-0.02358759185179457,0.16734976765002,0.007044947800100648,-0.04806925282669425,-0.052969586047263095,0.061804611815715615,3.277,10.156071,1.4240532,2
0.48999642374199837,-0.819384929264817,0.03755607303157582,-0.04836188049532622,-0.1993119391599753,0.3328981239319222,0.034145841780051034,0.07767206046701444,2.356,7.6138415,2.5889783,2
1.4706175604597236,0.10170442546219233,0.03368432719209158,0.004517229343267426,0.012301890119164494,-0.2075570033819432,0.0018473940352869422,-0.08653855620397088,3.571,3.5426083,-1.5432456,2
-0.6972896458839327,-0.0812404525200214,-0.05791987410981067,0.07804473714627283,0.049220020877808135,-0.17914367644204165,-0.039680717706816915,-0.00812004276986275,1.555,13.179781,6.307953,2
-0.45525667406257275,0.03926143953324407,-0.07138968767555251,-0.03970909138617473,0.07010390941755265,-0.13177404240406532,0.2102029975117671,0.07877965890226096,0.79,13.078158,4.02531,2
0.4775292776027547,0.021864937688590186,0.00823460529422429,-0.18790767692884175,0.02727631458551477,-0.18890768434483826,0.06661273724419747,-0.2562095524462215,1.82,8.656232,-0.24582104,2
-0.9863865298841332,-0.008686532680216963,0.027662492118723195,-0.10377260585696584,-0.037557093309563,-0.16302257251586844,-0.08135272308178867,-0.13061229972736516,1.292,13.330322,8.218446,2
-0.06826124668185471,0.4043841905974337,0.05508095463934931,0.09697575655980217,0.1423973161105352,-0.29466226574210447,0.024099754278386287,0.09426655330612474,1.426,11.569382,1.4588871,2
-0.3541628751620792,-0.1416457482770652,-0.009821996273910089,-0.08140905570132548,0.07230600240695584,0.18741291624491013,0.05747012079590352,-0.043266990825837515,2.819,10.178764,4.151164,2
-0.4151028429995707,-0.1341888693396103,0.0007820115101090652,0.010393758930463681,0.03100631198507267,-0.20131530535319725,0.01477585385857394,0.031902616133227674,1.188,12.3127365,4.4596205,2
0.8987605423143215,0.08291502518312108,0.027564072361725367,0.013589272695994331,0.0058179814952635245,-0.21777799774082002,-0.05369272125460814,-0.0031798526572941466,2.764,6.0501666,-0.9357057,2
0.8845970435312234,0.01151550456014283,-0.040270762696624274,0.022751397334022067,-0.08691503357384989,-0.435385447894067,-0.024207198683358466,0.023559737240967493,3.131,6.39736,-1.3018517,2
0.28142790711442073,-0.5040112963920342,-0.05774335194680877,-0.13451504948641374,-0.024952845530105072,0.7936248360376044,-0.09779082241291104,-0.006885366710396884,4.5,7.2601466,3.2425826,2
-1.4992649591090867,-0.00629260386196899,0.09452152585934076,0.0446003031517002,-0.040775061640113255,0.4049254116275344,0.06664543410364546,0.012263156775506434,0.905,10.307946,8.8240595,0
0.45288076734712035,-0.23280803715361414,-0.11513484776573041,0.017352309091237195,0.0066187607016476024,-0.2006700662945329,-0.018239077370220874,0.1171033501565314,2.67,8.514829,0.13608697,2
-0.8571958302595092,-0.0035321977740073313,-0.0022523595578957806,0.18898535156986979,-0.06946337339346362,-0.22225893975613437,0.07519743753113729,0.1332266108979043,1.232,13.915545,7.153391,2
-0.7122410460592921,0.22134678240487127,0.007753222489469497,-0.0854465029933284,0.07141014569673321,0.0313615529419278,-0.05327352690775655,0.058249559004647705,2.095,12.193327,6.953679,2
-0.18033361334051934,0.12657552078565945,0.03577652436568968,-0.1501704400123085,-0.09469252233807263,-0.11150948567141766,0.03271005469262722,-0.06526078051874237,2.346,10.490664,2.8838048,2
-0.6843683476203377,-0.19329085076130573,0.010495962512426793,-0.08326820653353259,-0.1382967917641202,0.19119517658907567,-0.14055993233800476,0.03085093044432083,2.423,11.606371,6.6109495,2
1.1811260262263266,-0.03229568007299824,0.016932358133146447,-0.08139100188404666,0.08613976336965859,-0.11358926187884283,0.03479695229210114,0.08574761889865443,3.024,4.51865,-1.1146365,2
-0.8239995580659754,0.0802244432772338,0.023640190970350222,0.04118727539209216,-0.03049699363430758,-0.0999383249173369,0.04000836212814904,-0.03877232861340241,1.159,13.371617,7.3933706,2
-0.6492339186272472,-0.10682074652693785,0.032427100801329406,-0.009685077821460233,-0.19087656727640884,-0.3294233416329844,-0.007921595071849918,-0.14494008965682334,0.918,13.405041,6.124628,2
-0.7083267585264087,0.02261862115489524,-0.11535847084169049,-0.07597142061260606,0.0862042914322752,0.11247488003910458,-0.008187236643838997,-0.02280301610771071,0.853,12.008941,6.961852,2
-0.06271652562783775,-0.12042858477424936,0.028278268800610046,-0.01063810792553646,-0.07068904805811796,-0.2224092293807108,0.002172607886604061,0.057354489596069175,2.102,11.176007,1.6550494,2
0.08185543715974769,-0.01940043118178439,0.016678982956862404,0.021428308696630677,0.0005246538131179757,-0.7035764349619289,-0.010988080489411467,0.009655944464927069,1.5,11.808033,0.40974355,2
-0.8344587606215057,-0.2131021718709199,-0.06616641046173997,0.020485028894958346,-0.057732445760698234,-0.09248628092405164,0.07775264006395377,-0.043576487629248165,0.612,12.642147,7.477469,2
2.596345263789227,-0.10964665177854327,-0.039288580514530325,-0.029145615694410987,0.008882683482667575,-0.040172863480850224,0.06122924534239005,-0.04984284866760619,5.00001,-0.043085963,-0.6940248,1
-1.039012313390124,-0.1536474999440668,0.028263922368105154,-0.1733380217821119,0.09041363964520878,-0.2038343560852239,-0.014003869572528013,-0.046104404791215095,0.719,13.279754,8.5037155,2
-1.1594680655127327,-0.05525076852390967,-0.05629967433361183,0.04035110469511059,-0.0032993707904841463,0.13785661560936138,-0.023013218287877113,-0.11314517016081085,1.083,12.085986,8.697501,2
-0.6183803974004827,-0.023224621566204362,-0.00472946790619988,-0.03922626251646108,-0.01961208206352269,-0.04288687920471004,0.08611328399278317,-0.05115765508825085,1.549,12.620057,6.0589185,2
-0.06676867660017294,0.19502872807991714,0.059907905883229445,0.02308251918302573,0.03878947474983385,-0.5344638924657379,-0.017579993233999586,0.04216866796207869,2.011,12.293857,0.8273045,2
-0.8517486934209678,0.10814129852229083,0.021061709219716562,-0.07136462497984805,-0.07635386846072298,-0.22677948990552166,-0.0014419532128767953,-0.05371108308501177,0.698,13.819735,7.8420057,2
-0.5063687953897565,-0.052856704659029724,0.05566780925199871,0.03882614327499426,-0.015454617666878279,-0.14020082050256616,0.04831405338410902,-0.01440253533240718,0.953,12.675045,4.9997663,2
1.400430650119126,-0.14386207001418702,-0.030482730344417952,-0.07322608780706677,0.19127359094057503,-0.25613906632654415,-0.037477113917066374,-0.0063100810287569364,3.115,4.1372733,-1.6824129,2
-0.5427305250980148,-0.3112798603929834,-0.1228237845228752,0.09869652513026628,-0.023080907136262735,0.15601971436491854,-0.001876445625461326,-0.06731578212254377,1.19,11.263348,5.970513,2
-0.5987512785241692,-0.19281332941449547,-0.03876711046201328,-0.05861139334479257,-0.017427691748149732,-0.011202178141398483,0.06550448594821706,0.03483879511229643,0.889,12.110787,5.567972,2
-1.2264303276785198,-0.19329155861680655,-0.005440722575278778,0.03718750228407146,0.023029749888189344,0.19124666794538225,-0.07756540142762651,-0.011056845806608387,0.67,11.978129,8.637971,2
-0.09349846743320059,0.14188111264080824,0.040173136299883255,0.0004717398364809111,-0.06744131186802074,-0.054432129898893095,0.07234310863364482,0.03150925164698981,1.801,10.046798,2.7811792,2
-0.7687969869441854,-0.12146263816200908,0.05212671748435377,-0.02005146399973043,-0.00038514460943428475,-0.1438697041400487,0.05274169325126138,-0.01747898640247711,0.905,12.941132,6.9105287,2
0.3461640288668922,-0.14343650558934898,-0.007008146835723789,0.004388946797288573,-0.04910244547755646,0.8695055271363819,0.014710833785591487,-0.0074870148648431,4.292,6.7523494,4.122351,2
-0.17539274556491918,-0.18965218766374997,-0.031312432874688406,0.11548485429305003,0.0014501551518607547,-0.25247967011487593,0.02470524166023344,-0.0801580708910824,0.905,11.224298,2.6535745,2
-0.45312511373509273,-0.08085815583142802,0.006656890293828405,-0.034185018972654496,-0.07274842168121654,-0.0664374745200049,0.036703026570290787,0.03603923617731583,1.308,12.554726,4.853541,2
-0.9063516803880772,-0.10546198891989485,0.025011110121620037,0.026080486993804178,0.11398711511621905,-0.10120457434013724,-0.03993307944439686,-0.06389790863682596,1.095,12.852101,7.9860015,2
1.2348403852315761,-0.2437821807229441,-0.06270281453433166,0.05270331306781212,0.03517223186064897,-0.1249344202757253,-0.007930263950539779,0.01469642759415729,2.659,4.5589375,-1.4888527,2
-0.7538409301620084,0.009337227763664496,-0.08293719932869076,0.03244555564436216,-8.825128204120736e-05,0.8865947393801112,-0.07558035192727877,-0.02767652584815597,1.818,9.209844,8.0390415,0
2.8722910545791716,-0.12040728126572706,-0.03179265745409432,0.011874859830158874,-0.11360129120040857,0.052148391144538564,0.006812958395226915,-0.047553995934149024,4.656,-0.6213348,-0.86829513,1
-0.5362446715512769,-0.11363384996284553,-0.07905192982352227,-0.0359149525946362,0.00551002573495421,-0.08480998827672862,0.0948380907073067,-0.041054477639487996,1.337,12.327443,5.3937936,2
-0.27668763763543236,0.11631940259169021,0.07796228926299195,0.0454374713144208,-0.06944518298083832,-0.14781406071612258,-0.11292521265828495,-0.11606081301609855,1.597,12.71357,3.068185,2
0.28165533090162787,-0.30239318767135503,-0.060262516732431076,0.05702779972729749,-0.024169824407382356,0.22812011277815233,-0.03469084521197166,-0.010290938033980929,1.964,8.079121,2.180949,2
-0.9354096096038369,0.11247361797327332,0.05956710275818769,-0.09483143161653826,-0.07946042790783853,0.19222452991661176,0.015930661598658247,-0.16489196898308095,1.563,11.762982,7.6905627,2
-0.6925460120631651,0.16693413525481923,0.055875865520901846,0.07034805241818012,0.01885333611188586,-0.2629976682331322,-0.06558668030530915,0.10167075691144734,1.426,14.163333,6.4894595,2
-0.08992483718768776,-0.14340680328055622,0.02150515335981945,0.05163093173074146,-0.05948231333390924,-0.22489905817476863,0.12912545177203832,-0.1883256321786729,1.375,11.305155,2.6192915,2
0.8465491202676214,0.09593723633307899,0.06427739856791748,0.03095593660903992,-0.08603325484503813,-0.20139685953028932,0.049334038880759656,-0.09338441311507278,1.43,6.171876,-0.89674103,2
-0.5873833124059544,0.3252131922860403,-0.11997100605305444,0.052264684010455253,0.016286070747901643,-0.22243642664481153,0.21154543358046804,0.040101837676142144,1.426,14.176105,6.110921,2
0.1661244283008064,-0.07253305067754817,0.0588967345747472,-0.03086971148830317,0.0029110237673573847,-0.045171614641088376,-0.07069880252571667,0.0795630691746827,1.484,9.630476,1.043821,2
-0.18161373326402633,0.2064620651850522,0.03619076014553241,0.03779757191739988,-0.005177707414744437,-0.07450108443822778,-0.14291405120068357,-0.12181048901618827,1.969,12.687953,3.0517612,2
-0.23899168372076507,-0.04331771557195782,0.019850279951879546,-0.012868207551112065,-0.02272841782183918,-0.08420560872442578,-0.01751484139048229,-0.13198966345895655,2.318,11.968523,3.0867014,2
-0.21905304925677227,0.4802213538010434,0.005256527644435904,-0.050491625244435456,0.077315979944031,-0.45002482080176387,-0.07298594313788795,-0.006309876823687832,1.53,13.07555,2.3282356,2
-0.6188939829270289,-0.1563791157149303,0.04664560488385627,-0.032755073135764395,-0.018678755956698948,-0.20184861390251513,-0.1067466611990551,-0.04516103128890263,1.289,12.934578,5.6317105,2
0.3170166484580603,-0.6276864989995103,-0.10282784826266952,-0.004725306419155639,-0.04415629504733276,0.24782727728569875,-0.05564241433524106,-0.0373553763073895,1.39,7.7400966,2.5159242,2
0.28917233869989734,-0.08749105992799691,-0.06327163667860317,0.15451524934643482,0.040590893449460486,-0.1969227681860034,-0.0037825100876179574,0.13963038826274934,2.052,8.9934,0.23458727,2
-0.19687399869077643,0.09653065351464701,0.038074549701483995,-0.022446750852669506,-0.034642410087333764,0.3730510083600775,-0.0848216091232033,0.135786690694425,4.889,9.051909,4.0196276,2
0.04007667560631212,0.17579615970283483,0.028517657253751494,0.02769074981736369,-0.088956219796094,1.2377387400770214,-0.015959475251645094,0.11330361816671233,3.375,6.809895,4.597484,2
0.2819652500355703,0.10854245028171752,-0.08515596797897093,0.04508334977717146,0.019858257883475033,-0.29361313755638946,0.05210630239496006,0.04865690197524036,2.556,9.74186,-0.048069686,2
-0.7508769708983134,0.06593110886803011,-0.002314864699870911,0.06047022839841837,0.0247332357185244,-0.17854539137846803,0.05861070282768191,-0.014699438031456014,0.806,13.549366,6.659993,2
-0.7519579276227806,0.05166948946480421,-0.0037644464505450226,-0.009077053341690039,0.03996211258788379,-0.08853607728388546,0.049438230643519265,0.07823251249669841,0.736,12.900428,6.817725,2
-0.11258229303049588,-0.001708454832367673,-0.012802015587121462,-0.07034717737156046,-0.0534317166472848,-0.2931306113779242,-0.019210947240473897,0.04656477339389903,0.842,12.124484,1.8368444,2
-0.9601345442270368,0.4916484166988609,0.13881881648108604,-0.05327163845704591,-0.04740888647664723,0.17410494848033542,0.0078146350830533,0.01744959335580812,1.577,12.767801,9.075027,2
0.6275140560564333,0.09827134755561284,-0.04191330730923909,-0.017708782188339156,-0.05246439311856324,-0.4076172951694337,0.055344253415456124,-0.09379415216715425,2.32,7.301179,-1.0625222,2
-0.15090388448376188,-0.0323733082510598,-0.10676137792962473,0.031909612345551674,-0.06537842234151922,-0.09549364160691493,0.12935532343846137,0.0637231971688971,1.866,11.609597,2.8684957,2
0.0075409663042966535,0.057203133599544126,-0.07438190891662969,-0.05852612924782549,0.11165926263981008,0.7690788149926209,-0.09537670260348691,0.07169227006764217,2.734,7.4653006,4.3701687,2
-0.6316740075572854,-0.22978335487581747,0.02353365070369326,-0.0029420407540604876,0.02374894831362981,0.6492120782360165,-0.06714290801939238,-0.019360014694559502,2.139,9.745849,7.7829747,0
-0.3648484799256604,0.047874946079105,-0.025954992559718976,-0.05039108880531101,-0.06438586935809323,-0.20528168925086662,0.13356365872713136,0.0761252344945808,1.423,13.027233,3.963243,2
-0.6394453595934165,-0.2892623254613136,-0.07322516702267903,-0.13493676130707816,0.07163815578392424,-0.0952462029549932,0.005199226107051286,-0.008870845678325467,1.101,12.106984,5.652118,2
-0.3722276573230575,-0.13141602341010003,-0.07070610562210572,-0.14691758089339751,-0.056687676317700886,-0.35249119986438904,0.04241448214090568,-0.06756551802376629,0.9,12.886043,3.9770539,2
2.774295574746731,0.027274549470968606,0.009254447840297275,0.003792318859429822,0.05266335874475547,0.08617121899210725,-0.06810156200043921,0.009672410326394654,5.00001,-0.27127185,-0.6072807,1
-0.47556638116351413,-0.2521416669072414,0.09323842214512962,-0.004951835970725432,0.03509473032237723,0.008664718783744446,-0.06430103328966433,-0.000991646761419246,1.129,11.430099,4.685773,2
-0.3308334032044221,-0.09523674224095013,0.07882705473215809,-0.014604575829009786,0.013958407362753528,-0.20056016434362534,0.045384597736932125,0.04312505127856331,1.91,12.23353,3.2796178,2
-0.5685103614284106,0.4460438806853342,0.03134238979296752,-0.008580927458658766,0.13068864264842123,-0.24906974296770196,0.009793561768223769,-0.0054434225862556584,1.352,13.658484,3.5534418,2
0.01588108218528883,-0.06605228802669028,0.05685283194576968,0.07966559214029381,-0.08012938557096402,-0.16262835610188314,0.008808397268072393,0.002444250412521637,1.332,10.59914,1.5953048,2
-1.0694866901063111,-0.005681054258964202,-0.15863987577400984,-0.056783345559233506,0.07839447157102632,-0.27540656722790646,0.08439728252220394,-0.011908961529078235,0.541,13.517708,8.641437,2
0.12781747256247128,-0.023565861282249523,-0.027039646364923398,0.06352323157816178,0.018117087933494758,-0.21639775825822688,0.08259448687592352,-0.005779128062491784,2.046,10.446907,0.81799966,2
-0.40704688119414506,-0.005105025968943355,-0.0586350830698924,-0.007576453393466354,0.03781064104183024,-0.1692736593379865,-0.09218008944095857,0.04020481877728918,2.245,13.025056,4.7923293,2
2.629714385559345,-0.038035450185148895,-0.025090685454248834,0.15620804488912388,0.021435119420956328,0.11651095978035253,0.025903880001311497,-0.029424704374652833,4.833,-0.0567989,-0.5901667,1
0.9219911201368244,0.17901006154581506,0.00435039736555512,0.016947545585685703,-0.06895524150765947,-0.008944718475451446,-0.09003644742107444,0.21739744386737228,2.915,5.4897523,-0.30516514,2
-0.5270504280068583,-0.06988270767703592,0.018402515424694788,0.06490857996368943,0.016558737588469596,0.05757043654895541,-0.06905766672081232,-0.07277660280215784,0.826,11.482804,5.6887364,2
-0.3471961905799239,0.03767052658912687,-0.03156084176103402,-0.09729691719039602,0.016068228260530587,0.04400733969993828,0.04176683809809115,0.020486906474130595,2.753,12.175187,3.680551,2
0.8228268139692858,-0.6898753658139938,0.14699829202159126,-0.10792778370065276,0.19695292350073845,0.8355001301823024,-0.09943617709294583,0.06213477409296242,1.75,6.9906397,3.0311103,2
1.028579252305476,0.3585563596505493,0.021309448448735308,0.12656180824926824,-0.004574260431793209,0.5402640441007687,-0.09782110788618306,0.028105200696142058,4.405,4.364034,0.27840555,2
0.5192208512440692,0.3551358167702333,0.1458992282012268,-0.054783542824218656,-0.02758099188516011,-0.10870305128560209,0.13975374560838988,-0.2623029022312008,2.632,7.3542314,0.21923466,2
-0.17811421374133177,-0.2388197983513603,0.06337233317639748,0.15089375524054424,-0.07039182952220213,-0.13967116944159413,0.024191629473546694,0.00587954887767575,1.622,11.142667,2.8592827,2
0.06424764769660907,0.02072716210920844,0.039907096539287285,-0.08622972205414281,0.028544994305290533,-0.5346505404821429,0.17765076537556465,-0.2247271895621431,1.425,11.657779,0.68293816,2
0.1689450303010354,0.03043626913384151,0.030583984705165657,0.007920966347905428,0.12489713894710491,-0.30252020638471183,-0.016839209724547055,0.05519057549526346,2.024,10.728432,0.4065554,2
0.39031181172224927,-0.07067215186511655,-0.05281979703771192,0.09601412039360302,0.09882947909387368,-0.06796070753354808,0.10646239369913149,0.13925929259442363,2.146,8.521401,0.6420838,2
-0.296327646454316,-0.30660229312930876,-0.030107859908673318,0.0015397247563283811,-0.04065267526575542,0.0997032599684752,-0.05354424900465993,0.02138096895813449,0.817,10.552296,3.956205,2
-0.5788803037009339,0.15341223431419262,-0.018804681858652778,-0.0161295311323153,-0.18571878528268607,-0.23061701036533735,-0.033456147181211954,-0.0027238805159271184,2.5,13.950606,5.8399224,2
-0.10698336462889008,0.031306322380034474,0.010119374727167035,0.02300645566493764,0.031072460774862976,0.29210158804185765,0.06138823877866123,0.04532462033922152,0.72,9.048416,3.643938,2
-0.3013741566381788,-0.015684707280892163,0.03986494988571471,-0.009317432751608928,-0.028872123906371505,-0.23664509053580063,0.018733470638333055,0.06159643922496014,1.974,12.5905485,2.5541296,2
-1.0707649898696274,-0.10361623130550383,-0.05595660386357883,0.02541984650377002,-0.012273637488818573,-0.01684191964195149,0.009741791705226863,-0.07232776319148274,0.875,12.500195,8.52095,2
-0.20133851725671081,-0.031289699435549906,-0.00400840121963289,0.002434644146288828,-0.04416279380952812,-0.3533055239985404,-0.05105712242243432,0.003102706749680828,1.68,12.459858,1.9755137,2
0.7963685362282926,0.4098455989363282,-0.10728701437416732,-0.036254934526155275,0.01538527509603832,-0.08324802491220643,0.005980652902761285,-0.023723573528687425,3.354,6.5493684,0.0053867656,-1
-0.23097563245066413,-0.5980761440570359,-0.0988368366588076,0.007709304998365696,-0.01125784165246646,0.7038495241515859,0.07007639741288565,-0.034913934960101756,1.063,7.332955,3.3455675,2
0.6074714259471258,0.1470340439507279,0.00256469578909696,0.028400031837997525,0.024460275650723423,0.027152084665978876,-0.00492864488287173,0.06455324895163622,2.95,6.2637925,-0.11011014,2
-1.2032387086360028,0.19969322629355932,-0.08762208405217291,-0.013409579163113167,-0.09895940715562429,-0.0986484201240178,-0.08257790092540936,0.1489583519300238,0.646,12.915896,9.137467,2
0.23005448304714865,-0.18037220694303913,-0.02094507999730058,0.038502618661499205,-0.06626395275738345,0.11206378080226184,0.05540627955872532,-0.11625281435835183,1.826,8.654581,1.5789146,2
-0.8151034140168842,0.18643010003083788,0.07471391974287694,0.06267285673696543,0.05903916892910757,0.1800216132833578,-0.14000745366256484,0.024000100004532177,0.879,11.673912,7.313556,2
-0.2250084351102136,-0.030464852837328082,0.03238729940953955,0.039684652997825115,-0.06404350037978473,0.14430158046728717,0.04288899280718436,-0.006160561504981177,1.734,10.053748,3.7693062,2
2.6226413973927527,0.2442437725128728,-0.03016161341015458,-0.0365350769662037,-0.09864748108804652,0.09655103972487031,-0.00975031486515035,0.06759910234185756,5.00001,-0.012206013,-0.5372752,1
0.09934883411391107,0.46494804117672534,-0.04190150172921203,-0.049644353254871654,-0.0007333455353229212,-0.2980223988390483,-0.00909775572318125,0.050674324694158474,3.5,11.445994,1.2933681,2
-0.019008086056868823,-0.023348438506405306,0.1374548404168253,-0.04807201609503514,-0.06422076857574915,0.07898382535470369,-0.05630415487525656,-0.09083473220784932,1.644,10.032688,2.282903,2
-0.0499830904530158,-0.289911551201542,-0.026020362662432156,0.02283090264592086,-0.08765101760767238,-0.3573725791314239,-0.053123867860321694,-0.06271998097990394,1.667,10.88262,2.1034565,2
-0.04074633830986385,-0.06822123755862597,0.041135285351215745,0.25415566276756196,0.10542239019490746,-0.4286364524542618,0.03771485884624409,0.11923941112027775,1.623,11.810338,0.86920166,2
-0.5432647903967754,0.07807303854696312,0.09292656045667738,0.001625770296476453,0.006211051084503594,-0.060030146878511825,0.008676844851803839,0.030618690467454163,2.331,12.909661,5.4666047,2
-0.19617752042270445,-0.043539805702409534,0.06350010538662573,0.07220899860887964,-0.0029439834509713825,-0.29102906134994033,0.03968929467270421,-0.06030760912921124,1.313,12.313087,1.7591425,2
0.4909923836099068,-0.015456106672291275,-0.027587751779147962,-0.04107519994847439,0.017236863941343078,0.37054524745397244,-0.051816507697443476,0.13585335817054248,3.5,7.3191614,1.6263133,2
0.08306824208607463,0.12189243110141385,0.0650922208598062,-0.10274187784117575,0.12247003262440481,-0.4643768268794993,-0.028279356017497648,0.0315168523743832,1.66,11.489972,0.51012635,2
-0.657766738310518,-0.11611211507559088,-0.10902742890327982,-0.05577351046601156,0.05244693349213289,-0.07215615213792864,0.05339942246534343,0.0819053920649718,1.647,12.683249,6.101514,2
-0.5526272493918709,-0.042717936341113344,0.025324456714397425,-0.0009975344534973174,-0.0578221628697273,-0.11679768899930146,-0.10334690794044893,-0.08607410452504846,0.704,13.039779,5.2137895,2
1.5484488972567838,-0.24965102568654948,0.06695487348334006,0.02088874106724209,-0.04815472691530978,0.25063447580865533,0.05557813068097192,-0.002283935642212187,3.588,3.983776,-1.2319627,2
-0.49094868938107505,0.10215594985060844,-0.0032594780117039257,-0.026727227100175083,-0.011558260177701757,-0.12042757735812962,-0.01822001318636246,-0.11934240514072136,0.616,13.461076,4.8818088,2
-0.9843935783056837,-0.005825515749685872,-0.03113748229573804,0.04844257484699298,0.007179150336799278,-0.21094084988125275,0.1367217375966839,0.009965557077157197,1.0,13.473666,8.350518,2
0.9478937984640405,0.025280000684237497,-0.021358936543352025,0.17157568734686987,0.02669369251845255,-0.33444611792596846,0.08774053482531691,-0.02924310703302266,3.119,5.96397,-1.1890594,2
-0.039748992088086355,0.4914210677056333,0.04277728777915518,0.01991035861649429,0.07075178106623728,-0.4102114316333607,-0.005494819469511192,0.05806544115623408,2.505,11.60741,1.3644047,2
-0.6847718131805458,-0.022074654066465554,-0.01924663902723653,-0.0645978871685225,-0.051556212207332586,-0.1660554754004509,-0.05659599804354648,-0.07271880953836551,1.168,13.289636,6.3762007,2
-0.05355081848414092,-0.31277751631987705,0.06681089829502931,-0.06005173224954258,-0.03317409631023285,-0.28831508969321384,-0.025100656069027782,-0.1065786802517786,1.144,10.866876,2.1839385,2
0.974852218929743,-0.13069981511581466,-0.035127096830305016,0.09250180213842041,0.01576385914457637,-0.20218124297384515,0.03570599564735899,0.0035470549142723184,2.88,5.7722926,-1.2262095,2
-0.25790029690337724,-0.21866776903633026,-0.06587299740532629,0.021986582256643683,0.09250424818311032,0.3506779943080036,0.048306233996361775,-0.05634428244090392,1.788,9.800953,4.182777,2
-0.771608845567169,0.16694828805884168,0.056896542559328536,0.02229766766151403,-0.00847244859845861,-0.11914815839638593,-0.04997910323849475,-0.14474188721210363,0.869,13.423237,7.386539,2
-0.8725771457027214,0.12581341789301356,-0.008681413664500218,-0.008150902769654092,-0.07267158425277044,-0.323213421044671,0.04117829480907993,0.11905916449997,0.567,14.170573,7.9378424,2
-0.1485063818922816,-0.0013666089896364475,-0.04691082383358347,0.003562489222834725,0.09670477975040309,-0.31849451397687756,0.027274641278562384,0.05533684022539373,1.461,12.374299,1.7795749,2
0.8742306018835406,0.13128120990256617,0.006672457664701648,0.07310326829887381,0.04547938950190952,0.01314345874620626,-0.056971238943493735,-0.1997986825305065,2.5,5.9132915,-0.40994784,2
0.13120009872018193,0.23803681286095235,-0.14739790715621282,-0.03625087492139836,0.1225680984114492,0.25418519387435135,0.05578762529288714,-0.06035941611573756,3.955,8.914973,2.964679,2
-1.2374415431144972,0.040040530472312125,0.08832110828794493,-0.016847524104736944,0.01116697840557132,0.0921047635539112,0.008605675485612918,0.006120121558540859,0.633,12.162683,8.9855,2
0.0936872112306987,-0.5522140170386948,0.03814050919206502,0.11153320119567961,-0.19066487926518147,0.7548415470749272,0.019838355120394946,-0.008402274083137817,2.277,7.281322,3.331307,2
-0.15549116789728262,-0.26835967229489127,-0.0681835486955717,0.0346339919934846,-0.017610883846715414,0.012106012978613079,-0.05459387108792271,-0.08176848912000353,1.468,10.743717,3.4630775,2
0.3017440295352055,0.02474640947707729,-0.18899394419206547,0.029592238152307132,-0.01668489120649541,-0.24596565333858086,0.025020312706806908,-0.043692267043980104,1.921,9.676267,-0.101427995,2
-0.1410929819781931,0.08303463195390809,0.0722888029409755,-0.09917469144452887,0.007140014277656176,-0.38579129045296173,0.01991624850027718,0.11727048718742719,1.754,12.562564,1.2604558,2
-0.1470707678192572,-0.13975314111024925,-0.02686862407949206,0.096461317488265,0.07642460083297467,-0.22624522554275878,-0.04340384067007752,0.004986821661787322,0.977,11.305759,2.3685799,2
-0.15160202825389954,-0.2746708725903957,-0.14664476344708408,0.015552051858246096,0.03969909172122352,-0.12196913385990524,0.031564632562748135,-0.03234104217857703,2.221,11.004748,3.1190324,2
-0.40675621324992295,-0.10520505386595466,0.07035170141645672,0.11527159012058896,-0.0017607271813444014,0.0063693599509661025,-0.0655618630762621,-0.0358557799602692,1.229,11.533259,4.7290745,2
0.07103967637012379,0.270223049721132,0.03687415294495272,-0.02612531828547543,-0.009483750159282905,0.9354323245067183,-0.0005362059012228026,0.12970319697967592,3.743,7.235557,4.5363574,2
-0.5561407314304901,-0.0966719563801442,0.18107086814088233,-0.05900867276766075,-0.004582977758611523,-0.022721917549038045,-0.06472041741853027,0.04435206968909444,0.942,12.612411,5.420648,2
-0.2753397333109339,0.03838858793824029,-0.06535262457468732,-0.09613122318331571,0.1757055228899958,-0.2836793870601001,-0.02275638821579784,-0.009400347806578835,1.224,12.699659,2.293854,2
1.4322845012012488,-0.13177776147051434,0.031707749048977024,-0.04715021991291979,0.05478967612501284,-0.019919578241066938,0.005409330457614547,-0.04085445860383222,3.94,3.997286,-1.5100857,2
-0.28678300830089004,-0.0013023819072151832,0.11474259193889155,-0.006022526514675053,0.019948058084451964,-0.10125940601380545,0.029970653197309294,0.014459338647245107,1.375,12.233107,3.2024093,2
-0.30903105881595816,0.0725429555972131,0.06448270129368572,0.1298832808757428,0.06333829703630348,0.1381512323898343,-0.07112220467735778,0.07982142706161419,2.181,9.964739,4.4637036,2
-1.0824376022162636,0.041597926299201754,0.011568119554363862,0.08425773347798544,-0.13791332400349027,0.044032747599747554,-0.02170719680685526,-0.05242615896637674,1.44,12.307521,8.572566,2
0.48962310673053777,0.21400691850731335,-0.03952394011318444,-0.03457620912613363,0.09567322822480967,-0.2621190291486792,-0.12325234568668653,0.1333536734550943,3.24,8.400099,-0.27886322,2
0.31718120935540595,0.22024714576371085,0.031616664646873016,0.0305941640944693,0.02222973637614875,0.07072254140924977,-0.044098967890496305,0.011537053535725095,1.563,7.6826916,1.0127174,2
0.0036486840686166533,0.08526859635794509,0.016961391734617498,-0.0795893767271246,0.022023297589015917,-0.44486529311103706,0.054022541753148745,-0.07110034604902446,1.645,11.808177,0.7865183,2
-0.2875119606658669,-0.04016394631991935,0.04951715346725116,-0.04072821087925177,0.04086938314577446,0.24467864677802406,0.11797088522923108,0.0007331939048079994,1.0,10.044943,4.1457705,2
-0.833940127483382,-0.05436298512298893,0.13300696122442546,-0.0902389162302181,0.02810183700951882,0.6384853200120024,-0.016623533057862516,0.06378666297558974,1.518,9.662469,7.785945,0
1.399217231652239,0.08165297907660002,0.0248351530380152,-0.037957485594484974,0.01917211163819335,-0.1643608258248495,-0.054023403145441684,-0.091847687803422,2.741,3.5607224,-1.5017513,2
-0.446969385704869,-0.07074401391317442,0.09591142349977338,0.006282280434984161,-0.04803107018313771,-0.19981754870378338,0.033262730645402194,0.08333183424719659,1.319,12.696123,4.6530576,2
0.3935284733202054,0.30914881077597534,0.011028876152320538,-0.09948943717161382,0.042391895343274644,-0.10903182940907177,0.06455833150614829,0.04828396539258514,3.483,7.538598,0.6197404,2
-0.33142846501992523,-0.009764080325360386,0.036929291436227474,0.047028741415682584,0.03648694694222476,0.027161012120824474,-0.040402659033853094,-0.0985168683528252,1.036,11.493769,3.713864,2
0.40962931824983906,-0.04585030551806624,-0.0471380884374695,0.0455965685300784,-0.030083820569119818,-0.23369464060028747,-0.06585726670882475,0.06100741560889836,2.357,8.879459,-0.17146082,2
1.0651175585800932,-0.12162468634375231,-0.03365804640021963,0.005027906863078246,-0.04510698439260702,-0.010629880332501923,-0.032767938483166836,0.041344933865979955,2.819,4.8107166,-0.9447397,2
-0.947264888698216,-0.04214896656445319,-0.012010446992838458,-0.1435594193963411,0.05033816384098194,-0.0957036213861032,-0.030446539359395813,-0.12405698266603932,0.771,13.145023,8.200174,2
-0.9742003540023385,-0.059122203212567365,-0.01064975714274527,-0.014204924798689705,0.02578963423583641,0.10454529468144791,0.05101544519718933,-0.03134570617938143,1.625,12.125491,8.181734,2
0.1755083141085485,0.047707438888207,-0.0004167920342886544,-0.004986203656975746,0.08173526326406647,-0.563919813520336,-0.04942787841083779,0.05788772342258053,1.913,11.302164,0.2390668,2
-0.2666238271834672,-0.24788536989904414,-0.043500360476664335,-0.045288039601942526,0.09636317013390958,-0.1427675848410316,-0.15154448975432738,0.10534512363317777,2.05,11.208783,3.110369,2
0.6584668861202657,0.47033270690940004,0.08269327336103693,-0.07039411810776769,-0.017136883476023768,0.5528778187540435,0.03563276850280678,0.17177526045227154,4.612,6.809043,1.6164595,2
0.032868304212489874,0.0945397725082879,-0.07624680239521031,0.06696582534063009,-0.005891196702396018,0.8491009359894424,-0.047111389016853855,0.12597352784046428,1.67,7.2700467,4.4911265,2
-1.0166211036864354,-0.03730479057853309,0.05374231225488846,0.0044523514033305706,0.060985333117813983,-0.33994958807611536,-0.015227723911641317,-0.015006620389724626,0.884,13.891122,8.4356,2
1.3992486991191293,-0.32905756180056184,0.0749880599066989,0.02095971944892777,0.021572763503566822,-0.11752428005616086,-0.05544521005616471,0.006140770039988058,2.751,4.2163877,-1.7142822,2
-0.9128935756051653,0.048537756563428486,0.0033899725013801785,-0.017729110409673204,0.011389395664372567,-0.23772849782789837,0.04021521810681393,-0.01994718691013997,1.152,13.795009,8.061014,2
-0.715356160020126,-0.04589646864493829,-0.005029639312924605,0.12292163902015313,0.04173629655489591,-0.13589611884800046,0.019775156969807542,-0.0421987291826223,0.691,13.015583,6.344438,2
-0.17034762797771924,0.021930621499117287,-0.038140728369553845,0.006718951070733004,-0.02609658263145534,0.45296184047264754,0.07464670900788123,-0.018707922796802418,2.25,8.718023,3.9200413,2
0.20070699898100666,-0.34932788228249584,-0.0540217682538599,0.03186595280147553,-0.02134784639461726,1.1536382005789527,0.23780366483964097,-0.0006858068900577607,3.786,6.8768344,4.0547476,2
-0.5102552578838773,-0.1777484004113809,-0.10522355718404622,0.04772018526875971,-0.016153008868574514,0.0864196626799903,-0.013258306211112514,0.0024822889969490225,1.75,11.345416,5.843583,2
-0.2503407411023373,-0.1527341708892353,-0.04353537408904429,-0.011904652059879062,0.06614224438824859,0.010291259799037084,-0.04980820937738131,-0.15817700198484352,2.021,11.22912,3.5352898,2
0.3100560300647808,-0.3226728195017885,0.029368771554988765,-0.06017519800353316,-0.03335494607852518,-0.06957932816435933,0.015223394386955302,-0.0994085641580073,1.741,8.793677,1.0600669,2
0.28296529784302143,0.030277198415851997,0.11795274630602084,0.0347121636442255,-0.04135121444492024,-0.15511027548521839,-0.034880536889245806,-0.032671234533060894,2.679,9.39052,0.06008145,2
-1.0766016083885952,-0.1365501993574842,0.009793023951237365,0.029866028877167036,0.04098919096885356,-0.17545226505502853,-0.04541623487225799,0.022230562460149317,0.94,13.224221,8.533064,2
-0.5922964089326967,-0.1136270098005665,0.058114321637844996,-0.01473717436104277,-0.002825166164517834,-0.2671346114511181,0.0068377787225728515,-0.01702578638875718,0.68,13.215946,5.63269,2
-0.4337981149184698,-0.057961021971805665,-0.012555208132707968,-0.08978819796822146,-0.011408373774931785,-0.17964652014132923,0.09101660126108788,-0.004731101448273156,1.936,13.047879,4.487102,2
-0.15351043513390394,-0.2633486308120254,0.0017140270003146163,0.07082765233333033,0.024317310328706154,-0.1758304370554332,0.14158365505123616,-0.15370332069062714,1.107,11.222041,2.7020614,2
0.2809692225331558,-0.028429293116474158,0.018397735314637315,0.043246416683052874,-0.034305421762325455,-0.27264458066083647,0.04361732050256115,-0.027172743794656617,2.042,9.634721,-0.123844996,2
0.6818011362754985,0.09209332322522418,-0.08313548909630689,0.09253639738944164,0.012186858142879425,-0.11924902617265809,0.021295167328261116,0.08203225958322316,2.206,6.288224,-0.46610826,2
-1.3061379155028825,0.08184025026147901,-0.05562174764535302,0.03471065431946935,-0.0829120055193073,0.10133298980930852,0.012936373257005446,0.06583181894095061,0.952,12.111766,9.095662,2
1.8757067715641411,-0.17406869892504467,-0.040518920425907046,-0.008880256217602106,-0.026303511985857897,0.14777056034388128,0.05969853519489432,0.030523847812179816,4.13,1.6681297,-0.69444215,-1
0.5797874633633394,-0.6794586357524413,-0.03806917152306913,-0.043491906204677855,-0.033891223728395786,0.7841113443255306,0.0324550490481835,-0.02142711112412743,2.994,7.0677643,3.0454128,2
-1.0451803931647876,0.022135348802900662,-0.040455796695871266,-0.023897623506494173,0.025054258971364388,-0.08587777770051447,0.07148644441300374,-0.017182064832165472,1.104,12.884763,8.683911,2
1.2240810447089758,0.1448233277794767,-0.021851737706112873,0.0470007187767264,0.052722925161362344,0.16122362303873294,0.03149742898702035,0.2512275819297319,3.422,3.920948,-0.47615427,2
-0.22258851784898917,-0.1255870357488179,0.0015859849614431598,-0.0007597699120354129,0.02077812363841436,-0.24797350597371767,-0.008740835685825926,-0.09612665383417246,1.413,11.638649,2.52578,2
-0.14430747508234013,-0.28382293301557965,-0.0009406442574784457,0.018720257410955676,0.025663538435365146,-0.08683732785180645,-0.011649709223382848,0.023109099517138604,1.259,10.873184,2.9948177,2
-0.7251114560401964,0.023239473146431322,-0.12817840242812212,0.02512835546284567,0.04997964048233809,-0.24383823588136963,-0.1664801083460617,-0.07434752386810331,1.247,13.746648,6.546926,2
-0.7179067345604264,-0.12944306729937663,-0.10052939909185835,0.05478097920746042,0.06744733337893666,0.06132591037886165,-0.05066434641067932,0.13810879923284655,1.834,12.490103,6.783732,2
-1.5592425875352904,0.031442618898555375,0.041656986360727066,0.03150872515308614,-0.03023437169383278,0.6522280953060675,0.018765556718847776,0.004743203787990341,1.058,10.265149,8.815663,0
-0.2672394542167422,-0.28170182536166677,-0.028556951334198305,-0.019802633478096326,0.06807937669582587,0.19739793145389964,-0.08550389467496866,-0.02206062384175783,1.918,10.240134,4.027889,2
-0.12317777553563061,0.023477330018520204,-0.00759719031035519,-0.008705110924475096,0.009289802891780052,-0.40262165076845846,0.05506332476311962,-0.03118187411086884,1.606,12.374634,1.2908274,2
-0.479756143774273,0.12957686693340728,-0.01404916121174779,0.07331865687841749,-0.07326485955126952,-0.16020749284568084,0.0618284871250388,-0.07012038124191575,1.708,13.497596,4.7693186,2
0.2812655457316129,-0.34447511367702766,-0.148570658940895,0.07719365927204369,0.01363349866798036,-0.3178924677002622,-0.009666685570564909,-0.01910741401235702,2.494,9.7029,1.1557215,2
0.10281088938914504,0.0933382206533693,-0.05875212397008628,0.002607173718114142,-0.029016437415453677,0.5673742125310142,-0.024604885232859808,0.020545723150174,3.626,7.8899627,4.0019293,2
0.24962058926463895,0.3621666769095685,0.12313149951643385,0.031930116223473276,-0.07545929002202398,0.5526973026891906,-0.04130392011530243,0.110918693520491,2.992,7.7530227,4.1188145,2
0.8112174279267024,0.14045395565262667,0.006062777461546681,0.015151033423953741,-0.09453094196031347,-0.18695179187762567,-0.037004634303801326,-0.018833960463872756,2.712,6.2468944,-0.8341501,2
1.0764585275194412,0.11362963439100313,0.0809562649781507,-0.09910057723430463,0.051989021196039265,-0.14066690101408363,0.008159476471873539,0.04794798662552441,2.579,5.479879,-0.91049653,2
0.037609020856480685,0.008667475430506832,-0.04964225101084735,0.009685461140491458,-0.0013059157030771151,-0.1269856384142982,-0.01979242797308109,0.057757942668463014,2.396,10.510063,1.4018441,2
-0.5223182516423843,-0.1633590322314293,0.0466230389442748,-0.049954683541889394,0.14664137263506324,-0.01239044909734574,0.04020583824565091,-0.045911593247290106,0.797,12.04294,5.2928596,2
0.24643356919460974,-0.103720350220813,0.003221623182154687,-0.055304321984906396,-0.019999129810086974,-0.12432062278011519,0.009869165633443977,-0.007130346349527361,2.893,9.2512455,0.67566484,2
-0.05916664778672884,-0.4448810119446587,-0.015002675616406114,-0.031013913096927775,-0.03204468257807794,0.05878317899260291,-0.0817003127056439,0.05001532984122298,1.457,9.030065,2.5321221,2
0.3926294548152333,0.05716515118213,0.04640468897224631,0.024222822613972378,0.01873913356597834,0.10031563791728143,0.0033785654614796323,0.056933783641341246,2.389,7.941128,0.97931516,2
-0.14272491080686847,-0.061317168823447094,-0.12378722089627792,-0.021604345258881524,-0.0306225573921744,-0.2887248878947629,0.04301605315054438,0.058931996541124326,1.773,12.167847,2.0944207,2
-0.26953215798101926,-0.11615947724710327,0.0051907515829238415,-0.0266825210398354,0.09662783374687539,-0.08175148637116136,-0.008542801180100396,-0.06294461194916348,1.631,11.534298,3.5022833,2
-0.05296666279923068,0.06041747369138392,0.01225898916484483,0.02941096900855414,0.09509658969973114,-0.47071095603814317,0.0731665079617122,0.03135116396844334,1.107,12.13078,0.8108914,2
0.5556530518726894,0.33672567845167906,-0.0066488723741819356,0.12107272579292377,0.023069202430835933,0.8405734599484485,0.07687244645293961,0.05094733034011689,3.939,6.319683,4.0951753,2
-0.41087986155820533,-0.10090942807107298,-0.007915959446067794,0.06509926527685084,-0.011388659858928257,-0.298624400666068,0.043045412595307,0.027195401401139185,1.396,12.90131,4.189572,2
1.7367377591411344,0.31212347235097343,0.03585058088001575,-0.014381194170458217,0.00019885054061685725,0.3302424232065153,0.05004036417981064,-0.0029831351257105787,3.964,2.676266,-0.48512918,2
0.6039457706500901,0.3036282864230882,0.028113096179188307,0.050765512723360745,-0.0501199115517649,-0.2033209882990319,0.024603044322269813,0.20596372207288838,3.442,6.9426804,0.11975972,2
-0.13425005017536012,-0.08444340638678097,-0.04956671048842831,-0.004802794768880708,-0.039380338237791856,-0.18125705961782843,0.03996829847010641,-0.05627193591997462,2.107,11.513696,2.5650814,2
-0.1643708366441117,0.10123019008958911,0.005946498601819339,0.05132541606642568,-0.02526852553570519,-0.37236139416145886,0.10499567188983186,-0.042325401279629554,1.752,12.557014,1.4340048,2
-0.17667903419823033,-0.11384080236821095,0.01059178096805663,0.11431173713592205,-0.0705531988817513,-0.15481082288064868,-0.001780283786661091,-0.06735076100837267,1.336,11.291741,2.8318226,2
0.02414350479167443,0.18191241441071437,-0.05701389425079939,0.008546075954500076,0.009740522294833298,0.28443411433686394,0.044428443947057084,-0.01934699944133883,3.408,8.968305,3.370511,2
-0.5285353938511411,-0.0018156215212575544,-0.2046322777256086,0.07978738592195841,0.012266766508883947,-0.1218005073782798,0.09954430975662398,0.017297845387198835,1.644,12.781758,5.770932,2
-0.6067663600736267,0.304616135669486,0.08558463784859496,0.0053234636402987034,0.06156422759619565,-0.17374426974779195,0.06778897903210493,0.04840278664271097,2.553,14.234859,6.139718,2
-0.2828124633622595,0.015338441473163406,-0.0004899018568581825,-0.03112865293969036,-0.04542401697436113,-0.08698491258741647,0.03857865767666105,-0.09369800875801151,1.158,12.126487,3.3530412,2
-1.0472677838120357,0.1375031527910116,-0.002337880474667292,-0.04457448808482628,-0.030714717810593956,-0.4005053461111316,-0.03235185498650274,-0.032581580967271706,0.886,14.142118,8.483666,2
-0.5803581071554712,-0.17274924287482316,-0.015601881096793196,-0.08440127689587798,0.025291564254780047,-0.144858857460687,0.058415244578928605,-0.04170142758844764,1.03,12.316975,5.4259543,2
-0.8745175362711486,0.11936843671250956,-0.07021205676931097,-0.13525379335262372,-0.0344984120371178,-0.2644915309846643,0.028493067267994096,-0.014975941447897656,1.078,13.935939,7.816206,2
-0.9450798165252754,0.11382559701839562,0.03762443834788505,0.00400200429628611,-0.02395976504642866,-0.3183024453276092,-0.01864399035598882,0.045632364562156205,0.883,14.103951,8.218238,2
0.84242459542055,0.09436121266292222,-0.10071508706457966,0.02517171591643444,0.004231086514864146,-0.31401823555697583,-0.07674953426265535,0.008228326417510728,2.89,6.219091,-1.0995514,2
1.5747821869889425,-0.05677268426227172,-0.04517634131286566,0.011170793018360714,-0.004866152226196324,-0.17893672285143827,0.08188336245990446,0.05558919024384806,2.93,3.5106814,-1.5403064,2
-0.6077274004201859,0.025636264193648006,-0.05392812244100595,0.02018310271092616,-0.01996681588599228,-0.21481912620641083,0.03987407992096381,0.020617864850020845,2.421,13.752694,5.7743106,2
-0.7593671129873499,0.3411225795336977,0.06203220503107121,0.09909565926220709,-0.015780863545490353,0.7747177329698676,0.041759689897809676,0.13609020042867653,2.594,9.107409,7.8162823,0
-0.6092824843600054,0.04871683829481188,-0.1390816723678398,0.0077107356237340885,0.01755766845497264,-0.2886673305477389,-0.021228209937597275,0.024321785634300208,2.063,13.811922,5.832159,2
0.14832240939998775,0.010147573657294962,-0.012262176531636998,-0.06192732706422252,-0.07985115487877936,-0.18602802752147002,-0.05231531717059257,-0.0664854899394971,1.487,9.823026,0.40107232,2
0.3314243351080985,0.1310907718444117,-0.030721593653613877,0.14861599648330434,0.06564741070539765,0.5942130451527594,-0.036995379662314726,0.1875773517780437,4.283,7.714749,3.992579,2
-0.34867526532009574,0.1165965571478246,0.007604971573240055,0.05256040480497956,0.04370058869845578,-0.3694938677304883,0.029565442651862422,0.06183447452464849,1.321,13.186768,2.4137478,2
-0.6144170877666102,0.1763421336241197,-0.0013018770844296368,0.011918727028104509,-0.0021728212402501446,-0.04904936990169878,0.01375131281244285,-0.013320601011854616,0.985,12.303142,6.533464,2
-1.1625837447138954,-0.23230252878759733,-0.1012532000064675,-0.06961986855071847,-0.031168124513560352,0.658287293740022,0.0028358277987103886,-0.2329582894834985,0.683,10.176015,8.474042,0
2.077418209852821,0.17271716209756072,-0.030207983541881367,0.05414713727155146,0.012084170601712685,0.09258195703226746,-0.0464685529691678,0.14308452989239617,4.5,1.3589367,-0.5514944,1
1.3209391047869654,-0.17502272689458573,0.07294724093715038,-0.03918028753607311,0.05743948326845966,-0.10735276191014745,-0.07151789681635481,0.020465168761639535,2.852,4.1862073,-1.5950108,2
0.37257272078435705,0.13356330963877372,-0.15329157232708082,0.09785821742668066,-0.03383398120303274,-0.13414610039527206,0.050958589434838,0.08247729375202645,2.613,8.63846,0.17989704,2
1.0531495119249619,-0.3510204563594402,0.03861517072384196,-0.07156493663446317,-0.08422920131442796,-0.08690439855113263,-0.05597154737581764,0.011901187134203878,2.724,4.9533668,-1.2599597,2
0.7637674550577609,-0.07536236895509354,0.13265862854459648,0.04472540032297062,-0.11220917223175239,-0.34535998966900366,0.021614927327231526,0.1736447766057506,3.537,6.7419925,-1.0308902,2
1.3854102312579064,0.000603165609318973,0.068940528188357,0.01673735433398918,-0.09466668906094733,0.019669688808578806,0.15147754903845825,-0.14562261067394122,3.346,3.7243583,-1.3057125,2
0.7856885805795296,-0.3119779275185246,-0.006029132720859254,-0.019387861119021993,0.0533587435075141,-0.23600620324473015,-0.03948111851686931,-0.0021183507100475674,1.786,7.2697515,-0.386725,2
-0.19476383119900229,0.0772966124211811,0.0881159257252748,0.09044815649959217,-0.05158750477697624,-0.2420423308191634,0.10705944095900496,-0.05293173730891784,1.824,12.546201,1.8952317,2
0.4519603334747219,-0.13986071859619006,0.01633060070670725,0.048411070885067964,-0.05284981813931744,-0.0916335833704377,-0.1047226368762188,0.029618154536500324,2.309,8.618989,0.2168893,2
-0.5226914661373152,-0.24678993311977893,0.03052148501762708,0.0015728596882160495,0.07227165983043979,-0.08750253246318782,0.09868854244273623,-0.036131209161591876,1.632,11.904467,5.1038575,2
-0.5252095691945653,0.0853086641462743,0.03880230885832117,-0.027009146463708417,-0.07679641492811229,-0.18109283757106026,-0.05652369727295681,-0.13921674335065076,1.144,13.387442,4.9148993,2
1.4954348999694775,-0.07422811947385921,-0.033457433940674436,-0.03748850060219616,-0.05353869304811129,-0.10284704292672708,-0.09316658332481678,-0.023609895545276427,2.676,3.7244012,-1.59018,2
-0.36777593788933083,-0.28212664828989653,-0.03321007340511051,-0.07337335752762456,0.0904543923985027,0.49690759589488187,-0.011230806208452654,-0.19560830947111704,1.101,9.7673025,4.45166,2
1.2742701956923914,0.07410866721097606,0.0016837613768737325,-0.018008251499094796,0.026112706844347522,1.120562131255987,0.004932333502426334,0.24848845547587603,5.00001,4.1542025,0.43343642,-1
0.8190559232422636,0.1511710012810723,-0.037481613157962945,-0.06212370033704048,-0.02820375679572598,0.2560904694137443,-0.06361985201373155,-0.14486111252479236,2.125,5.261054,0.02601054,2
0.12448921195783047,0.08179366059635834,-0.10362065132976239,0.09378131682800106,-0.0037484499546648897,-0.14386805996330201,-0.058323455835906396,0.146308867096062,2.784,10.138462,1.3793288,2
-0.5353924270886606,0.13618915538984153,0.11892971314739256,-0.007938898985096865,-0.020401383622647262,-0.2770852672120909,0.03602081425147188,-0.01263101610403261,1.192,13.98666,5.4319525,2
1.417180787960163,0.05708421037000644,-0.0006373285298081066,0.0008891211987421821,0.05490134355393628,-0.22678919766392652,0.07756990382797663,-0.009831254459232303,3.35,3.5224278,-1.5703275,2
0.24956941272458744,0.5942526193184936,0.03431008458862672,0.0017287548424926857,0.07422437883157693,-0.036986734216304606,0.08257890688810299,0.07723930291712494,4.029,9.312947,2.5151882,2
-0.254499522778741,0.05871859426136622,0.029180877422330248,-0.12934904196096814,0.0726738119863263,-0.06048352224890491,-0.051478264389926615,0.058946243409478905,3.0,12.211003,3.403141,2
0.9428670783929975,-0.0677817811586936,0.0030610011804018955,0.09058505550629267,0.008728606192900834,-0.25284241556168063,0.09327178481502585,-0.11817254980745029,2.486,5.951151,-1.2293845,2
-0.8801632811638693,-0.07069478040153142,-0.013506849667292029,-0.04437929775934531,0.012976770097772108,-0.10095051740739405,0.0142277493372584,0.03850133972516362,0.898,12.919415,7.678881,2
-0.3798843718259891,-0.29577190018323485,0.016691369354399632,0.03449494257578689,0.029017388458401405,-0.2589930405620903,0.10570601827406881,0.10732879706108797,1.741,12.036882,4.476721,2
3.0591899618601834,-0.06573599853004253,0.09275101969443028,-0.04859495618781909,-0.009729698228874262,-0.06831579726034931,0.06743495527340077,0.13403815812475733,4.676,-0.62143725,-0.85721636,1
-0.3339705717747736,-0.20485500997379968,0.04902068934476214,-0.0342621147299797,-0.0013730689232829552,0.004252341649765901,0.027213676776526002,-0.02421407504449477,0.934,11.086679,4.0749183,2
2.314153802597377,-0.10162364963010484,0.02479186466986269,-0.0524732405934584,0.06142806777059007,0.018915198503302755,-0.013447546837236285,-0.03832216359280624,3.977,0.8865195,-0.60365343,1
1.2464450756027137,-0.08001948753620258,-0.01610823153053792,-0.07783452878076666,-0.0010124586290768955,0.03717683856329673,0.027758356245067783,-0.07291948666184361,3.477,4.3043313,-1.0696925,2
-0.21642801955223173,-0.0333790135166733,-0.021230882619195507,-0.029786375021908368,-0.06557629167057591,-0.0924397320691539,0.039443576776087785,-0.07027225606021248,2.241,11.816013,3.0315049,2
-0.6940867792321537,0.07223202479493995,-0.050982857819671434,0.02692041488289057,0.08177426308400451,-0.16899377618188843,0.026898505253715455,-0.022006761463425034,0.584,13.509973,6.4435687,2
-0.8919237507400005,0.07857305842812881,-0.030173100915944204,0.01849018197773604,0.052444110978037944,-0.29938279007425994,0.020292328519162767,-0.08416375299381477,0.925,14.121049,7.8533096,2
0.8156091503530734,-0.029842825276194057,0.0011024094934434236,0.06187357436546806,0.08774320444760647,-0.18619892483213066,0.07463181087482432,-0.06517065261786892,2.674,6.203588,-0.92484426,2
1.5842982931831742,0.49002690054598563,-0.023261011021398603,0.08763133825181676,-0.05097333795531525,0.3942163360143026,-0.12685043386273853,0.10245103576616521,4.947,3.2196274,-0.25533894,2
0.20725674577921666,-0.08291433065208961,-0.027057720238869903,0.14468128884124506,0.02573221207552498,-0.49401750550781004,0.017234787490924885,0.015152985316262552,2.141,10.934414,0.14358187,2
-0.4023944061187279,-0.24472269406276034,0.050802084042022244,0.04104803929796527,0.11695886536500144,0.07481868818539814,-0.04137191446308844,-0.05992033468004593,1.026,11.250078,4.5882177,2
-0.6225598946963425,0.1414543807928633,0.0008927455862923761,-0.09988140152995365,0.09325924619700479,-0.009793017939658005,0.051334251770455,-0.03823426484490522,0.913,12.284319,6.621936,2
-0.7082346587659835,0.39684501902741876,-0.025561197888055415,-0.018375090166278557,0.041004567701365735,-0.4013671701718449,-0.07943569979954476,0.034816784441100646,1.463,14.535864,6.4928384,2
0.39736777354072594,-0.06719987449737361,0.05626816418017577,-0.09323631658687642,-0.03830103686041744,-0.3276356074833561,-0.07023870542927049,0.09585295672756375,2.545,8.948693,-0.39830893,2
0.1400935829380119,-0.32408699952844666,-0.024922692120934065,-0.06956247140038599,-0.04085437721669341,0.11828353373283298,0.0072283435426553355,-0.004982570568770495,1.631,8.684595,1.8712382,2
1.4407646313124685,-0.02876488283098158,-0.014088269264755038,-0.038527088362414,-0.012286896408544384,-0.364420823759223,-0.0842173606299014,-0.0704034109782608,2.773,3.6722832,-1.691741,2
-0.29950821912964853,0.07296102813481331,0.046560180445048255,0.024973373999937654,-0.003314123199632868,0.14173371269671964,-0.014850017208075023,-0.08170619831129325,1.582,10.151787,4.074707,2
1.2419565989755925,-0.03936263941639004,-0.018173126980972204,-0.05006072661280331,-0.023630831884590114,0.2369219691844579,-0.09204021288476924,0.2716950350875037,4.359,3.8943436,-0.53513473,2
2.296067198320116,0.08945751269204832,-0.11190540844796365,-0.07065041537748801,0.12040586468029801,0.0402657177579539,0.0335457464714618,0.02675937232811676,5.00001,0.9613979,-0.5390984,1
-1.3150834423401458,0.2553590777483633,-0.05576577561344291,0.0195425779587948,-0.03339862044990358,-0.15384222357566507,0.04792483622594869,0.11649603752836285,1.125,12.8704405,9.2392845,2
-0.9733152592219529,-0.024149365290390662,0.03819396517659321,-0.12034830509610159,-0.009493175910455592,-0.19516007975857702,0.12912939485636388,-0.036444980395689525,0.555,13.5846195,8.414184,2
-0.3398733749411384,0.2765475422324282,-0.02060647145729022,-0.01658298588630866,-0.028132880258478155,-0.20721088717681796,0.07256211849284536,0.04754836408506147,1.856,13.310577,3.2593606,2
-0.5427654971575218,0.08158589401708619,-0.050585895932518526,0.036424130735608906,0.06356142299922668,-0.6424320332682234,0.022780369624557983,0.06633539403553541,1.367,13.601599,2.7961543,2
-0.57637844497129,0.06861640271144862,-0.06669493976445076,0.18109078020347164,0.026295198677373344,-0.009625961607432593,-0.19764799323864995,-0.05990224684630238,0.908,12.797156,5.9003167,2
3.0122057092662144,0.0189645232265174,-0.015257937220666512,0.024170170537069074,-0.009982110053638166,-0.08568871663670113,-0.034185082152785595,-0.06219632784292484,5.00001,-0.56777436,-0.83952886,1
-0.06843079647943898,-0.26950048026619944,0.035712458282883,-0.0169468276472427,0.007137565640313898,-0.36167289464770397,-0.03138237564330382,0.020379511651305554,0.713,10.975295,2.082542,2
0.40394294555761207,0.01271627448627441,-0.06373505669035806,-0.10656394538056715,-0.14303720013954319,-0.12404491357185621,0.051426629854892214,-0.055150000604333005,1.987,8.833151,-0.015535626,2
-0.539590951524357,-0.20199682740704333,-0.12285046842549502,0.0037766197165254867,-0.04422625660317381,0.20516404049260506,0.05523276103331459,-0.020852825166163574,1.451,11.257178,5.958938,2
-0.6237224842339948,-0.07134548277308927,0.0773117109069679,0.011901131490536704,-0.0345009406322187,-0.26892170001737437,0.0003158645383671277,0.12546049772425044,0.57,13.873044,5.887079,2
-0.7973900590065648,-0.17050169996378772,-0.12652524238212692,0.06709940924437241,0.09451105829676745,-0.3636110750761029,-0.003286217830066551,0.06737426107953633,0.609,14.075685,6.9343896,2
-1.0363525075613353,-0.0944116034021445,0.03907883378968424,0.10199222541224177,0.04266553632006766,-0.25421179431458407,0.016457272355787075,-0.045940415722021136,0.706,13.287247,8.505349,2
-0.3899611530323125,0.433891940306007,0.02074811895572773,0.05860376956493915,-0.01639337776806052,-0.1653044306166103,0.02140595917885199,-0.036802895758714316,1.835,13.500267,3.362591,2
0.5260449660050571,0.3280240205591511,0.0970293939909107,-0.06500139356991624,-0.036494891956215025,1.6511386952799114,0.035062733632101606,0.12335573728177879,4.688,6.2775917,4.5666013,2
-0.6633186764172618,-0.5948317329279963,0.03684135434548891,-0.07241099642540508,-0.057459524384640914,0.6533477823222342,-0.05460527629882306,-0.07813512430646266,0.875,9.89366,7.8186283,0
0.06947929394946675,-0.08621182806368297,0.00045782980187419886,0.06258703596874396,-0.06723240505293859,-0.07710810820858974,0.0699560857084322,0.06875046305592186,1.118,10.249058,1.4314157,2
0.8924265420850109,-0.23112953837866942,-0.12448906082806988,0.025090153235141216,0.08277162714848058,-0.2925303466753495,-0.01637508756401379,0.009309114134957469,2.982,6.1165705,-1.0992339,2
-0.14622194967212757,0.044660538637357056,-0.011805421906860541,0.1396184228518099,-0.044530261503244295,-0.24773291719670584,0.002505762967922903,0.057519307937526076,1.375,12.35344,1.6729236,2
-0.549799782744135,-0.13622036560719344,0.1053139759260669,0.01735657443897423,-0.11288028929787888,0.05622917928266963,-0.020627793936058486,0.045862386844720965,0.961,11.681646,5.6625853,2
-0.6378013521913626,0.006654681830808168,0.010873207297584925,-0.09002587414479096,-0.030353678635455766,-0.13290530946078807,-0.008274124410780348,0.029378411154121736,1.28,13.226231,6.0255504,2
1.1134987694619365,-0.08348987889723314,-0.06035562940299796,-0.03854851285511324,0.043220686302805816,-0.0028269609010182217,-0.02755240044762719,0.013959140048328877,3.087,4.6457534,-1.0024526,2
0.2878103823112038,0.1370185783067189,-0.02014046517793644,-0.06552976459393633,-0.05117620649414864,-0.19266840573576233,-0.07826409703282541,0.06368485328809964,1.908,9.362394,0.15938234,2
-0.17806881544154116,0.04932601174816878,0.032434863784514434,-0.029072060031649943,-0.007864980385188819,-0.3849565253166831,-0.03753500106426172,-0.04653692731596215,1.392,12.59487,1.5550532,2
-0.9469478147215444,-0.017038871097240352,0.024099497712803952,-0.06284617733165238,-0.031464463739958315,-0.14490449204597386,-0.05989149510998294,-0.008284924505073413,0.596,13.321085,8.259463,2
-0.11086687395674902,-0.4296634093469001,0.11845685544051382,-0.1052749304244224,0.008016094949290203,0.7051767155516063,0.02013578164348953,0.0003459654686001068,1.839,7.356797,3.3723984,2
-0.7425815505586988,-0.08466515424392719,0.008591165654260352,0.006929668755783658,-0.017780789800488847,-0.10138900339849026,-0.0845378643777586,0.0014392620950766655,1.357,12.924114,6.8130794,2
-0.47662630833614833,0.02973106141680046,-0.06718228413240646,0.0516854754923638,-0.012653483748010314,-0.24360406507886098,0.03040820369565775,-0.06884943564781298,0.888,13.462988,4.559034,2
-0.8380036142947578,-0.033444012992583344,-0.020796073454454833,0.03925187739117658,-0.02452603236689513,-0.1033422522131272,0.06263200958596904,0.08746235296889043,1.875,13.034491,7.5031137,2
-0.016449004501547654,-0.13316469484023935,-0.038395468558832,0.011979686338179335,-0.024496074750095215,0.07650667801734681,-0.10936700627179094,-0.03720161173055686,2.047,9.746668,2.8293495,2
-1.1194943000162256,0.053584823130806536,0.12459516090075293,-0.006041306497877388,-0.05901114256892123,0.22784252512083775,0.24862721966324206,0.016238633680982023,0.792,11.487203,8.615188,-1
0.028799548188634783,0.07950802798726772,0.12574687943651675,-0.10938325554205355,0.000735459714412523,-0.08483861525912803,-0.10039478352100584,0.020562077056019673,1.619,10.193123,1.873451,2
0.09255666557683859,0.17237409271698906,-0.009640808855110011,0.09092291429027871,7.085946857654513e-05,-0.1026340168134344,-0.04854034737364238,0.0604798675272836,2.123,9.836729,2.0435734,2
0.00966647552863048,-0.14867616439759193,-0.2297796903192983,0.014582920393658327,-0.11061767847489754,-0.1660279108266538,-0.07474611381607787,0.08951602925400043,1.433,10.98365,1.5580508,2
0.10840659042757006,0.21301755016803897,0.011556746059813161,-0.010827671479010481,-0.03724786931309859,0.1453689382013743,-0.0251613623571752,0.11309266447603306,3.458,9.135039,2.6803303,2
-0.2285345922754,-0.06761661146408629,-0.06225424156611653,0.09465455784441174,0.08422110365867944,-0.005235801423992936,-0.08409274442991041,0.03674149006756544,1.75,11.472678,3.512152,2
-0.9532751649891145,0.2927142882906417,0.045986246629658,-0.07283458621486821,-0.04165798068375909,0.04815509666317458,-0.1495288337800481,0.0773162074362761,1.167,13.047834,8.779896,2
0.39642648920672807,-0.06994084955065982,0.01903490659126164,-0.1608112320476282,0.08497240056910985,-0.17034309060928737,0.03718861965773937,0.019836461538391276,2.631,8.905546,-0.0031668863,2
-1.2485586864903062,-0.018961392619947517,-0.033295889316209595,0.039755313023011246,0.05561474662651006,-0.03587454782649617,-0.019795910366802658,0.114249329247335,0.658,12.410118,9.01991,2
-0.16757371913700947,-0.09941466065482946,0.0687561337433314,-0.007413414438345756,0.07964235172940673,-0.414028635768276,0.0016456993076877646,0.10956406416460249,1.404,12.262496,1.6474633,2
1.14899620247719,-0.2455059495152171,0.0038644641079991215,-0.06349934888690212,0.06355445265250834,-0.15802905905798892,0.022169618269964275,-0.050627793897443596,2.041,4.8007803,-1.3993082,2
-0.354831827737465,0.18845403855259732,-0.11249087585202455,-0.0035570887721154965,0.09740358767313215,-0.06928940221083438,0.02336714211098251,0.009857612239474567,2.451,12.728266,3.5750368,2
0.5479720337302156,0.2439589156137067,0.015759133647777507,0.021970023856374588,0.040899702395912396,0.226078550865376,0.14385154510788378,-0.060578313489962454,4.868,7.162179,1.3277538,2
0.9913471899004517,-0.237146709710584,-0.06776452612899458,-0.019385279541305617,-0.06454364747624525,-0.046064170170551894,0.009069208205126161,-0.10381668086735879,3.071,5.0141644,-1.213851,2
0.23277974360531942,0.03956695254217518,-0.0374326434249119,-0.03188252863968846,0.011923234114939535,-0.230743422577027,0.0606852975580196,-0.03596743997089652,2.38,9.682244,0.0055844253,2
-0.2730968532219177,-0.15861172101061796,-0.07107701131653532,0.011638973154880189,-0.12330120620033652,-0.10643514714316316,-0.07493773748786178,0.0008566412896962028,1.37,11.572443,3.775715,2
1.577474478276935,-0.23119987958235202,0.037801604381298426,0.07462556446886165,-0.07613615166950333,-0.12717542785072009,0.025655803215079848,-0.10099214374430968,3.49,3.8689086,-1.7383587,2
0.3455264771637818,0.1242704798963272,0.0903001375713687,0.053686851746658104,0.06632242333461838,-0.28112598448167936,-0.04413574722829741,-0.03084574893298256,1.841,9.595074,-0.19669105,2
-0.33698064377591264,0.22667754230685147,-0.08049038858757235,0.0317917944658348,0.05135191363547517,-0.3252098583230814,-0.0804826421719016,-0.001400362075022643,1.146,13.321084,2.852096,2
-0.3114130314180841,-0.10883121668863996,0.17150006514189434,0.055301052718358834,-0.13141269780976028,-0.07847697997678169,0.03832993640859014,0.07766689956786885,1.303,11.821785,4.063976,2
0.34554579382040596,-0.39729094085606026,0.038812527262871044,-0.10076672528842606,-0.06894015667159786,-0.14797169093508425,0.0741767088141442,-0.03972815437856583,1.375,8.582591,0.6486023,2
-0.42492780481768544,0.04821791712933346,0.13396369149090673,0.09571925691799898,-0.0835926189270279,-0.25627152316055724,-0.08529621726030565,-0.058152417395549494,1.1,13.395307,4.0407124,2
0.39779951472396885,-0.10117752206122005,0.1153727324456015,-0.14986229680012667,-0.013962674499115868,-0.14613176603769953,0.09033619899535683,-0.031187968379156356,2.615,8.873128,0.0856072,2
-0.010868960851419945,0.23078942188542664,-0.08494749719488312,-0.011813414673777,0.08483578329331645,-0.2671213256353331,-0.03029565691884975,0.045635642047605146,1.611,11.213829,1.1406846,2
0.26560085735895533,-0.2642887481172003,-0.07151915955705013,-0.04843234683968259,0.06158975037105452,-0.12180790513957607,-0.07567244319436048,-0.1960157863729747,1.785,9.161818,1.1346033,2
-0.22360108427834507,0.13375983692471807,0.01516069432744413,0.052221149320583,-0.005791472192952951,-0.3549081140586524,-0.03461860012930543,-0.022783726281592975,1.805,12.859363,1.885487,2
-0.7999000203149641,0.06498251934745174,0.013590787312019348,0.013153717419372046,0.02579844196358258,-0.093023782327534,-0.024939150091869255,-0.05737811749836237,2.25,13.30326,7.4362364,2
-0.7830532597658303,-0.09933318236366703,-0.04549726736641024,0.056430180207835245,0.008350815032392156,0.08086300602684862,0.03236163771436637,-0.032311757185800594,1.145,11.941447,7.039349,2
-0.6743663182952501,0.033909651867109786,0.044642422315156916,-0.0017195560663681164,0.09738276927068443,-0.11441085679946528,0.020632637867978365,0.05639587272372645,1.62,13.168376,6.1770325,2
0.37530370248700173,0.017671571771893824,0.045174356197077326,0.004021720739253248,-0.03764660079955667,-0.019761864997543233,0.014757589724560094,0.08846901127842882,2.823,8.284405,0.62234724,2
0.023475275646671345,0.07218608268791676,0.04905345071001779,-0.04580994230833235,0.016739801583475267,-0.04791559256323116,0.09419543974849393,-0.0037960391450374,3.284,10.082522,2.3553808,2
0.40924378345435236,0.2639559709677752,-0.09542063375931836,-0.000902495114806362,-0.018689930665708565,-0.17102768466593607,0.1013077332713622,0.13370674378808567,2.659,7.5320826,0.52499694,2
-0.9302626880841842,0.1543184865310026,-0.1091454417776129,0.07383167146083218,0.05522287371272029,-0.20815202156089413,0.03425500438523693,0.023564497594004225,0.749,13.790775,8.430124,2
-0.3493516829581952,0.08876963397130086,0.08107651250642386,0.06544967066784879,-0.02672721436345854,-0.23626946167149948,-0.0069013534818413436,-0.009915362253864413,1.256,13.257334,3.5376353,2
-0.7178692460081791,-0.279014492054309,0.019217703228983612,-0.1320925765666632,-0.02447366762523276,0.8704328035952525,-0.17091172150976405,-0.010189148488071897,0.725,9.666608,7.9502587,0
-0.5211440991777683,-0.08976573054276402,-0.013367198919422618,-0.09257943856551235,-0.03556986132644355,-0.11591410345992798,0.047553288457255954,0.006520052777075708,0.413,12.506775,5.2021403,2
-0.6550773562411749,0.17690406855443136,-0.08069009527963475,-0.04931441041668494,-0.037216639108683364,0.15585366650649338,0.054714712736995186,-0.03169467535289136,1.489,11.776985,7.008278,2
-0.04708753850515532,0.5480131723210647,-0.017703509226169145,0.035512232023712814,0.017365808704503688,0.9020015867111422,-0.0032618621500213885,-0.006965351404108422,4.2,7.4211087,4.5902925,2
2.33170104118436,0.046101951731750995,0.03348936571102401,0.0011458040241240919,0.019418421648336598,0.12648286070930384,-0.08799701973029203,-0.07575539108887219,4.513,0.8499886,-0.5827899,1
1.2981207211857244,0.21374858938768498,-0.08517736717036059,-0.05493936489598203,-0.0017671416490421255,0.14472953308818054,0.060188533617777235,0.05244389145206366,3.115,3.7177527,-0.53661925,2
-0.1403694480236693,-0.27474552058534585,-0.053884053812465,0.0858152909527631,0.060619932594726866,-0.3632702432204088,-0.004690224308994878,0.05281045534488796,1.3,11.05693,2.1903706,2
0.883278650118125,-0.011475717057433887,-0.007961160508313941,0.055238473299982965,0.1972027961213982,-0.558379712408977,-0.05760693139925155,0.0733134004137424,2.175,6.488497,-1.3280796,2
-0.6607281115228926,-0.0008204379107834003,0.009603363837274281,0.16518247580194143,-0.1285913903043709,-0.0012707830011133014,0.024478055454643516,-0.06134144376114431,1.489,12.684978,6.305059,2
0.6347824155069562,-0.30964785978048776,-0.00958222804230724,-0.002901809744343592,0.08723037052614896,-0.16939815256324747,0.052824578062304284,-0.055221785747054886,2.086,7.6115346,-0.15468149,2
1.2567756066371727,-0.3200385226680898,0.033075526789059756,0.011010939611795834,0.06812734306110377,-0.09145796157330613,0.026542608304995247,-0.18021349018647667,2.448,4.5546803,-1.5166194,2
-0.8395298028318829,-0.10596733372428765,-0.012033585100199196,0.009519631211477392,-0.06906371989786647,0.06236237856482102,-0.18833078271010417,0.039444454141071644,0.94,12.468465,7.2474527,2
0.03297914261175561,-0.09826842784164727,-0.057108994142005765,-0.006718775920248554,-0.049379174808011794,-0.19866880896005007,-0.09553461898974946,0.13158838428490607,1.886,11.016942,1.4914336,2
0.18893798707676762,-0.427421486887869,-0.031103025753667413,-0.08939187215127581,0.01815754667947861,0.3579231277315493,-0.02679327493196093,-0.028135111665322426,2.425,7.859546,2.6165056,2
1.111925769772673,-0.11893964203316659,0.09081818084056387,-0.06706140013213052,0.03809264648225685,-0.1629580065666507,-0.01035359501867128,-0.02898606994200778,4.045,5.075355,-1.2133957,2
-0.5143255105764751,-0.1464437021269163,0.031783752575100355,0.1307883585828564,-0.04181381059583478,0.17558493115185225,-0.10066780382657092,0.003925040501233601,3.5,11.334548,5.8179784,2
0.5291321369010061,0.45995964001047607,0.00086168917056062,0.016466968329888892,0.011741517130677503,0.2878886510139514,-0.008480993310589824,0.18652071201589399,3.243,6.939597,1.5849876,2
0.6777544732467515,-0.008114543149295633,0.02989599312639113,-0.020798499700739853,-0.017315826586032868,-0.4314113186503622,-0.034183616077186035,0.13945526729146535,2.019,7.074504,-1.1345406,2
0.0046893231233254284,-0.2985739544408399,0.09069613867269796,0.10141053048357476,0.029019561990595882,-0.26563506071046517,0.009813712032596789,-0.09919298916691441,1.517,10.81286,2.1897717,2
-0.012304123049799331,-0.14999828129922094,-0.08295620189483721,-0.02527714222766131,0.08585197855543514,0.21273542544489354,-0.05696120557746684,0.02256486281120121,2.132,9.030215,2.9378636,2
-0.9796916993555685,0.15173641652150247,-0.023855380776852314,0.05695900745078339,0.14964603368892118,0.36653730361453285,-0.056505394204455356,-0.02627269865187054,2.058,10.838555,8.495927,0
-0.7495495776666559,-0.14856499783047245,-0.03286457444793692,0.018159347009088167,-0.08248296075572845,0.9367062413632516,0.01568100999805444,-0.02490908784703455,2.192,9.392305,8.08701,0
2.50425959660129,-0.2459645491433566,0.014406221412817999,-0.06472529448808714,-0.023255875543473914,-0.28210341635425923,0.02062616721082483,-0.006121801123268045,3.674,0.3711488,-0.7105744,1
1.462783903511737,0.05517153890503931,0.058233099645549125,-0.03946776362814236,0.039315517816993634,-0.46047030730053434,0.038207376671979626,-0.06262333701225917,2.915,3.5363023,-1.7974414,2
1.524627665452372,-0.03018880674029023,-0.08496806938484905,-0.03746136201906064,-0.05187243520772086,0.04412061990622029,0.06376580981036892,0.08626308552581458,4.113,3.265071,-1.1185961,2
0.780495208937456,-0.04290938808867639,-0.0636417880868568,0.033890993498447874,0.06244393585334218,-0.10748083548170506,-0.010205083516494795,0.1199501158235631,2.181,6.2947664,-0.62633646,2
-0.09560328491751743,-0.02760538096709761,-0.0025719213825803056,-0.04762495762367591,-0.0015299192709087306,-0.09857258036070629,0.04603604534171535,-0.011159562024844416,1.388,11.405256,2.481832,2
1.027385421114223,-0.03380616768698996,0.03499247828937063,0.024585814972968745,-0.04491407297831032,0.055941668389842686,-0.018366132124589096,0.06517769767575712,3.169,5.0014644,-0.6744049,2
-0.29227287803644286,0.18031642082256522,-0.07148410135867864,0.029944491365112125,-0.0892471805360169,-0.11131765365635601,0.07899053150983418,-0.11808482082959021,2.496,12.580368,3.3647897,2
-0.5191428878476085,-0.25098194671828844,0.06998285232247567,-0.005496980491888376,-0.025926184474797803,-0.03127502147394501,0.006867822504398657,-0.13888549200124664,0.917,11.899944,5.269266,2
1.119332940489513,-0.10755686142842641,-0.05298512942577879,-0.024612533081537602,-0.07081831572247654,-0.30384631592548905,-0.006975003652589656,-0.008548087704425139,2.592,5.294179,-1.4849553,2
-1.117670131852388,0.19225820454861609,-0.07241423179406918,0.005424229732750502,0.0021339566819306294,-0.02000344859346427,0.07160379758600421,0.06900559942090857,0.715,12.775994,9.117424,2
-0.3881185034123462,-0.42084694858082017,-0.06944470169807593,-0.02742025227947001,0.10673635159009914,0.019398849547445807,0.051410716021486946,0.03031706817009755,0.746,11.174521,4.3751445,2
-0.348141755330201,-0.20788551497487462,0.0912877451974228,-0.09708718558275209,-0.046687107468969424,-0.20027100685765076,-0.02733959796712007,-0.04905622891084624,0.87,11.526107,3.9754725,2
0.8335477203431159,0.03971790317879839,-0.1364848382353146,0.01694325845642225,-0.012713476825203934,-0.015306600508652402,0.060640031622089446,-0.0698630843828813,3.426,6.065292,-0.46153247,2
-1.2525635568033853,0.10683634005903353,0.05942304738080781,0.021140061658460524,0.1080030393531703,0.4770923540589178,0.06616647579021731,0.15106945904195235,1.875,10.44009,8.816294,0
0.47171381765147175,0.3962082171007297,-0.07982145024834897,0.05620659307684106,-0.002530843988130388,0.34517335114396497,0.07010676563521023,-0.08454723891952862,2.343,7.162849,1.4231279,2
0.25888411350257523,-0.12871794388538932,0.03154446323484722,-0.09045797070211414,-0.10334000068869431,-0.10791813374090906,0.03627492750698069,-0.09819351276756755,2.906,9.235398,0.78213036,2
0.46266125369559546,0.010261167873147403,-0.04083366217469134,0.018974370752305264,-0.09002394935585009,-0.2405177661417985,0.011076436930776146,-0.08018608699832208,1.645,8.85115,-0.19974867,2
1.323262657439619,-0.37491775667040367,-0.021911842014037647,-0.009892787312842904,-0.015559960187391336,0.2539893721069535,0.06953379087060854,0.033263699078096565,3.282,4.3044605,-1.4009948,2
-0.8858336095765457,0.07655200935137768,-0.010236809939030311,0.003350600955995861,-0.012074366878418757,-0.403874218329433,0.16652436260684586,-0.10432810457032615,0.818,14.222562,7.8920946,2
-0.6786642643607859,-0.4170601026466568,0.08234108914815116,0.051216555701924904,-0.04851713071563252,-0.1955901959992278,-0.02750042900627203,0.09157066992940216,0.786,12.215653,6.0492826,2
0.19432067367126388,-0.23097571348874646,-0.06049519035746967,-0.031685929947526226,-0.009298713274254133,0.06300064321936799,0.026306281191944503,-0.09314819537503913,2.956,8.755593,1.5667742,2
-0.3756415908174102,0.022374186877801794,0.03139030866200304,-0.00998920360712141,-0.08306703750884412,-0.322294115752253,-0.011490223150498302,-0.01629546462631079,1.097,13.152973,2.6397145,2
-0.7324042599888381,-0.28405155280176775,0.06217022245642159,-0.05993089360642967,0.08905232929350529,0.7370547477945564,-0.004326788635529127,-0.0317951350936371,1.1,9.716306,7.8983707,0
-0.5191389966102754,0.04840073104968945,-0.009729173898952864,-0.07845413417600813,-0.034007591308498675,-0.202825749689187,0.02071178748970301,-0.05678596299012004,0.664,13.508102,5.0307755,2
0.14786596243947422,-0.4357276749100346,-0.002460401694287878,-0.002766300690677098,-0.03592975698768697,0.3759526407216548,0.0018583939511201963,-0.025133238109066564,2.667,7.869763,2.6773689,2
-0.20670091317063805,-0.012938345571270493,-0.016721437672766792,-0.08298421072722961,0.020477135001462005,-0.3864870803819134,0.051736252269736605,-0.033410913575350726,1.467,12.488173,1.5865262,2
-0.6002712052248715,-0.39306063332799096,0.040617872400505045,-0.13296766862799697,-0.03267263456988015,0.6081083966072698,-0.008757665718227753,0.11329589171143259,2.763,9.8496065,7.799738,0
2.4917264343442715,0.3280771698870038,-0.07394109477529803,0.10594610929216625,0.10365409320047594,-0.44655172886885103,-0.1045779353329051,0.030762729156589924,5.00001,0.20513774,-0.6849481,1
0.7180121257775178,-0.04809362380936394,-0.05450054081415523,0.07650771402361833,0.03446249579968502,0.36583609058259253,-0.019506528700279135,0.05268903733669528,3.459,5.3670263,0.11831108,2
-0.6646270082202921,0.05014934871338192,0.14551050701736606,-0.027606333647992393,0.05436691108369751,-0.13888029283676068,-0.02913719024763542,0.07167212029158962,1.813,13.269817,5.9992223,2
0.22985452558126218,-0.2856055004140866,0.11304158444443718,-0.014982332710214818,-0.0018496304486579351,-0.2905651390837772,-0.061791361002427214,0.05005696180415639,1.652,9.612494,0.92078465,2
1.645127284249467,0.2879517961311123,0.15436401278142153,-0.055263955315796254,0.05646843113539318,0.050545762706260045,0.12491638448996004,0.09957406402532584,4.085,2.8037531,-0.7264253,2
0.1868404933225389,-0.13082075135746032,0.05993903534769654,0.003247461937724516,-0.11682378981000927,-0.17440646003137908,0.014874833571844298,-0.23486901305837915,1.761,9.4366665,0.87267506,2
0.16728923766075318,-0.2793961463045245,0.10010986299325286,0.015143511267392495,-0.06466740918740344,0.049874959078198805,0.03674977291377177,0.030889936100439247,1.573,8.673254,1.6668701,2
0.21076806506101992,0.20038577658106205,0.02875176122964096,0.12563477499060105,0.033075453818550815,-0.23192758059432939,-0.079402533611094,-0.018241309399012473,2.086,9.738314,0.10880202,2
-0.5460915719420149,0.011771750181417684,0.055372373073569875,-0.04268323491500953,-0.0989559268737861,-0.008997062847575427,-0.03808867961384904,-0.0014068585444521886,1.679,12.708081,5.250047,2
-0.6227906962487217,-0.1114847170594859,-0.01959757824610306,0.05075555218992922,-0.11979132830105899,0.041517553157312204,0.09913832677741452,-0.004105370466206321,1.53,12.046016,6.130681,2
-0.6932398209377665,-0.030603611906425382,-0.0016117768672171684,-0.059409491033435985,-0.07125259428065223,-0.09876665050148481,-0.07778649993585765,-0.09677045467189568,0.953,13.171458,6.3904953,2
-0.06482571959398983,-0.3989024485204785,-0.05004461244843453,0.02233578148549345,-0.03006444874092512,-0.19828321453639783,-0.04059454924064232,0.11356263756480037,1.326,10.740103,2.5728695,2
0.0036119051350861076,0.07934753307541118,-0.10453945065401596,0.013971966390779994,0.025959897928219317,-0.42702844931106465,-0.0843381334429033,0.03426442663797216,1.375,11.640488,0.783189,2
-0.1520970499130939,-0.1769505549154387,-0.06740205320756049,-0.027056341922628707,-0.027470505318148375,-0.19913935393439944,0.09030278589529184,-0.017670942557631214,1.184,11.329005,2.7612336,2
0.19755759316208948,-0.40916007974632684,0.11469929857702627,0.04577058770490769,0.11426197719955794,0.20251257968682249,0.07301552509388701,-0.0009202189373956893,1.667,8.001914,2.3550477,2
0.9535373383811554,0.04271419068331053,-0.07174213909108429,0.1051135568665707,-0.001428830298148609,0.3054080262171471,-0.07842320062994487,-0.17973278276563356,2.725,5.132048,-0.05134576,2
0.5939768741978,0.29939954087590825,-0.11513123592727081,0.05368983613012018,-0.009844815656363581,-0.12847860610639353,0.056625700202754814,0.11349138588379182,3.267,6.9073277,0.13205148,-1
-0.8140705341301954,-0.21852978785293972,-0.05480017654190314,-0.1440748556692825,-0.09292035033429366,-0.3080743374731092,0.03884241478584401,0.011439813106216862,0.821,13.428275,6.9445863,2
-0.18726432956238892,-0.05774735225736427,0.05112315247227062,-0.06469338242592701,0.11572298395351807,-0.41626189075244385,0.07462111139452354,0.08163782518578247,1.49,12.340215,1.7153174,2
-0.38332818301442073,0.2420668296830936,-0.02779019953076084,-0.059941906955454066,-0.07588050911699967,0.8329482083000259,0.14186371767720474,0.1676957572737129,2.188,8.83298,7.591298,0
-0.0032802674769871754,0.6248785693930037,0.011931222728590124,0.04254245423761718,0.0931088257988118,0.480275522773915,-0.14422422711765634,-0.03777635163996604,4.929,8.859508,5.1343355,-1
-1.1320046206161234,0.29749860478037315,-0.012790782448683563,0.011391902129320314,0.0418943767397027,0.5158760704210963,-0.02747522717220019,-0.06951892693350356,1.278,10.540807,8.675966,0
-0.9256484395754245,-0.004309250958955166,-0.06389484345494428,-0.0696301316138628,0.00344347391912897,-0.22588346066936066,0.09014846558830943,0.001629413757021178,0.59,13.682286,8.172848,2
-1.0651089789471444,-0.013324058123372312,0.10294975437670548,-0.0190173309980127,0.03240835784711413,0.8858230123979903,-0.10766745609887074,-0.08314412186206357,2.25,9.5042,8.506079,0
0.7000081430832106,-0.26344432328310086,-0.031194345659140782,-0.030288769719745923,0.022352052977123033,-0.32042086691005234,0.047517423843907086,0.020939539558912534,2.699,7.2841544,-0.4580814,2
1.3586385484050032,0.23570697799204265,-0.05924527995332285,-0.04206684324398047,0.045620755287695575,0.1744525420742766,-0.0368698884860541,0.07493124938944362,3.507,3.5795865,-0.60779583,2
0.2062062300240326,0.2861439038806911,-0.11104289399750861,-0.03712166370801137,-0.0441565240646728,0.49284970567470926,-0.0022298148596809897,0.030231362677014484,3.189,7.74147,4.0522842,2
1.5962520896862316,-0.05767876986977488,0.030138562641166378,-0.07768496721465265,0.05995593392010573,0.4909976292221593,-0.0608105797999276,0.02092164200126101,4.836,3.2682667,-0.40578562,2
-0.42632160546598286,-0.007193480102948208,-0.07684855484847011,-0.054953308263599954,-0.06101618822361088,-0.18908577125457052,0.04160628155262713,0.07062630723715596,1.958,12.992849,4.3724794,2
0.06966109702780279,-0.36798128703193733,0.00408287420049866,-0.15772704081623223,-0.10155776607107658,0.32980687205751147,0.07034696052002296,-0.04960858793996001,2.318,7.9576735,2.8648531,2
-0.4174742739819679,0.27487647511275054,-0.04819257097280072,-0.02505597544780766,-0.029538754293353037,-0.01446174213510898,0.0040169591672053195,0.05251839397688399,0.821,12.740863,3.866474,2
0.06234238568891351,0.22867029189974616,0.015747304078733038,0.08322285493902362,-0.03561773440098864,1.0492522200550636,-0.05544064141247834,-0.015346429017372765,2.711,7.071312,4.5710464,2
-0.6031258944974665,-0.055292259533927385,0.07360388891772648,-0.0200951198185991,0.060103735754465204,-0.1612803252894391,0.02314346658216293,0.0059098056903831575,1.984,13.021302,5.79276,2
-0.15520740149072706,-0.09271938497172727,-0.012237604189732743,0.09735755403608534,0.08428434638819032,0.36752175771664675,-0.046872543794127364,-0.013121912010587072,2.306,8.772013,3.628902,2
-0.1483974762115688,0.10786484032978844,0.016264962167123115,-0.08206514529045772,0.025222008759413633,-0.02482074418198227,-0.015590669112231725,0.0013667372089182783,0.928,10.151376,2.9498456,2
-0.24272516577583667,0.3046654386858131,0.01370680441026173,0.01691211134387191,-0.005960647788000845,-0.20716721304269622,0.01230029551880088,0.0897603921962418,2.191,13.205558,3.107788,2
-0.22024399917406834,-0.31563573354930585,0.021240692172270675,-0.12578409533143492,-0.08543349342184642,1.4430273446099253,-0.008415746148092651,0.01532371515760228,2.167,6.874502,4.161142,2
0.7776143516710512,0.014278589465862412,0.00990399097088912,-0.008933499471813044,-0.10837706949419149,-0.30655118758492006,-0.06786023643912764,-0.03803759207642349,2.298,6.391587,-1.0822022,2
-0.6609222075625003,-0.2807760304154814,-0.041503587861522584,-0.13696791045315554,-0.05937157572016591,-0.1269856656274354,0.07599316172696477,-0.12434590146602914,1.375,12.201768,5.6750946,2
-0.6839166982733297,0.0906048051973623,-0.06660025049969298,-0.07488422617103352,0.05341057224675183,0.02442790847649276,0.032174003514611776,-0.05858311415887715,1.531,12.243925,6.8890514,2
-0.5818038573079465,-0.1401533251594294,0.06372753789962299,-0.015399028300154244,-0.05489547711432405,-0.25505511465258757,0.009627286756095033,-0.11015951154457435,0.771,13.060907,5.535598,2
1.0678471623510752,-0.6191834441441044,0.05760080084683125,-0.05303069433690233,0.0027562228868279748,0.32481438029069715,0.05356623714735037,0.02892513054949325,2.728,5.230445,-0.5005813,2
-0.0661112374870543,-0.000670844742572535,-0.0339467404226117,-0.10450027044735316,0.05206783680622551,0.1254049368215222,-0.019820542869450675,-0.06851512559117245,1.625,9.737554,3.156717,2
2.4954184074406762,0.1046998781190544,0.018210930138569087,-0.005541362802906846,-0.015719131797396507,0.12675733724371233,0.011653174894502544,-0.03140182822691906,5.00001,0.20094135,-0.48546368,1
1.60863576451971,0.1376511765841663,-0.01809546443143617,-0.001087376115381955,0.06811369575688866,-0.028555122148923445,-0.1610184904029769,-0.06720253511180482,3.482,3.1894999,-1.2124927,2
-0.16866211531655811,-0.29188116382376705,-0.0693453058217692,-0.05880592844469715,0.01258697846715745,0.15006682071319755,-0.02686713551149192,-0.18890055261314487,1.244,10.36995,3.5766745,2
-0.7260779462258407,0.1129906375054821,-0.010031390207649593,-0.012158734576250746,0.04606090491979273,-0.0514894672702495,-0.022996311921693546,0.033055122984513574,1.593,12.600345,6.903846,2
-1.0555310870268826,0.39709203730459397,0.01483512748943347,-0.03078461952100342,0.014125194623192033,-0.04273159757379763,-0.07761555931420996,-0.02292215376299961,0.551,13.067486,9.10629,2
-0.9926158057334773,0.18438572740979714,-0.0764854402505037,0.06124337778306638,0.051437248789760456,-0.23588541515273664,0.008839181314701947,-0.022964028470759748,1.125,13.80928,8.535465,2
0.29150237230086995,-0.11820430825445247,0.04470585034151717,0.013404966195685847,-0.07360541883201221,-0.1357153541942543,-0.0934376615696462,0.023710712359131636,1.011,9.151257,0.50229895,2
0.3602404827632898,0.12480363288083124,-0.013189726169180321,-0.023913398305439676,-0.056893607331068685,0.30443362580511396,0.022725362325830722,-0.07822506907722998,3.409,7.372102,1.6945386,2
2.2004876881596003,-0.018372671030436688,-0.01135144677110625,0.09968848657748527,0.06310920708329029,-0.18205683416337698,0.024133099494704074,-0.08730114699886402,3.663,0.76725715,-0.75714153,1
-0.281806233691126,-0.10648645407702337,-0.05456868638091872,0.030444792003903015,0.034550553915823595,-0.12174758146187872,-0.00027219013266258085,0.052244745966821354,2.65,11.840018,3.513957,2
0.1626969655712341,0.19406017030703568,0.03814293441074146,-0.004016740428210291,-0.08795884628505629,-0.013653170700568762,0.004792053424027304,0.22472227348654836,3.202,9.502836,2.4056416,2
-0.5932355390354455,0.01984566044448116,0.07056624670029704,-0.02283262853138543,-0.03195510690221956,-0.11473293232527923,-0.07590311082073581,0.13700783055121935,2.142,13.238214,5.7718945,2
-0.04445876568501722,-0.18635728506726626,0.059875269550762056,0.016610350926771295,-0.05899054905861478,-0.34871562759179997,0.030030361154080976,-0.0540517333022634,1.371,11.047874,1.9148502,2
0.10802519562925536,-0.6495101076873603,0.04290986055426771,-0.08949901223341195,0.0040321124780244855,0.40964575432724143,0.046983890735041195,0.009799769143209625,1.58,7.7195506,2.7376084,2
-0.7092422638576404,-0.15010401453328143,0.10488480576756837,-0.09676007921922444,0.07517462489271104,-0.003799706941882419,0.009426093273967234,-0.10002772190724354,1.216,12.261673,6.259613,2
-0.16215581047249092,0.2981220964582324,0.07508511319181507,0.03675530681114103,0.031085075382927096,-0.19090576612834192,0.002959156883643954,-0.019117420528117823,2.125,12.997959,2.941229,2
0.48231059581984326,-0.16412852419379037,0.025808668973479415,-0.07438614204946575,-0.05486654374175226,-0.2970849735053027,0.08208511778300978,-0.10522208240366127,2.137,8.447973,-0.4161653,2
-0.6015611284190704,0.16709210947470068,-0.007401282119643443,0.04685607399636815,-0.0019409814898731503,1.0825563245482885,-0.0899227106214289,0.09267907252873364,3.041,8.799062,8.026633,0
-0.5626268929061092,-0.3313662990213163,-0.046353139987044184,0.11392629362136605,-0.007277738671975897,0.7629230658399502,-0.043802877515883604,-0.09009414212528385,2.337,9.716232,7.819532,0
-0.5485455996011366,0.024551281473167846,0.03592586104543058,0.04159561894201283,0.07507138504175259,-0.09244442451867974,-0.03576661915975807,0.00975510799025922,0.85,13.0113945,5.643579,2
1.1729950139100087,-0.08255540108016904,-0.02575223723996628,-0.055656057215011184,0.023957571922225224,-0.04923918753320114,-0.042976212706461264,-0.1828324920857197,2.891,4.5192857,-1.1239202,2
0.7059028909866816,0.11410572266651806,0.08841407187799241,0.018707985835811985,-0.03256769512204627,0.07419685417832522,-0.014695581507187278,-0.06771673348102031,3.64,6.0572853,-0.21021801,2
-0.6511361534163551,0.5098704114200907,-0.06230396934951654,-0.034102218675586105,0.03548464924035227,0.36989780743276846,0.03714267286518452,0.10726682993222145,2.41,9.8603945,5.927,-1
-0.3996660312353097,-0.20554257518937855,-0.021719662193560307,-0.036348829888473155,-0.029365050347735927,-0.18574232997656848,0.003854621778899503,-0.06939791790264946,1.279,11.95247,4.455925,2
-0.10186223214175993,0.3866608919364516,-0.015967709701104588,-0.060690579527102606,-0.019473284995072143,1.1328912486415907,-0.04947164288951231,-0.003364855621093732,3.55,7.01549,4.6762033,2
-0.6757269559745847,-0.33357373408671087,-0.01630416827791545,-0.011434847251032054,0.060624285193536714,-0.056699509694644046,-0.046510075934334344,0.003339654274615994,1.965,12.006235,5.822046,2
-0.0462100802589121,0.33477958716067036,0.03982259410342209,0.11110157929240938,-0.027482182232894975,-0.07315604591695718,0.038302184527630734,0.19347775370528905,1.557,9.893246,2.3887348,2
-0.6269019583530655,0.010073864159425155,-0.020543496959711333,-0.0314975678697898,-0.030847997819267364,-0.30145389408090884,-0.02894430310509674,0.0844160525807802,0.931,13.8749485,5.7508116,2
-0.6321047867003585,-0.38853236806061914,-0.017278515823407586,-0.026100950986288368,-0.07543622037017333,0.07161946256967214,-0.10603266248947875,-0.03859084579762517,1.178,11.704567,6.1623874,2
1.4157430627030203,0.2373179100170235,-0.08987359365913744,-0.006263211179057759,-0.04473012039288943,0.1463036910672208,0.03938302732536314,-0.09775064098198746,1.722,3.5192342,-0.587743,2
1.0844013262181562,-0.004470979637079431,0.06963972999641424,0.014230504884710699,0.0344592385182792,-0.13753949554276315,0.0014676564020717209,-0.03280841017469763,4.222,5.249166,-1.0032209,2
-0.6544545890977015,0.07041129870451807,0.030925514588955372,0.10757292315775568,0.07544239790221552,0.3844359714492402,0.2108229125835554,-0.01614299313627912,1.569,11.00786,6.554662,2
0.34396461935651323,0.417395043895878,-0.047667745591608524,-0.027471143014835137,-0.07441516126576786,-0.09908002698156487,0.13239456448436904,0.10498991281836506,2.815,7.5705614,0.6566218,2
-0.6720669792904026,0.1596860957796382,-0.025636729303895545,0.08217486650966022,0.001099673356372316,-0.16742259515013563,-0.022877501042063042,0.03142622072625781,2.47,13.507625,6.521097,2
0.17072382629527508,-0.3230212694244201,-0.07874550430890209,-0.1156183490524405,0.1071148481075021,0.25050949162883007,0.04237442197206717,-0.16889080537616147,2.261,8.1500635,2.3663523,2
-0.5502144693555584,0.13040966241475355,-0.10092917284667421,-0.010913744847389217,-0.08239491845489286,-0.05672383412278251,0.0448332857774533,0.10476422032010224,1.706,13.213215,5.628043,2
-1.0175528601763082,-0.006749595341604797,-0.07906409368675435,-0.011608887191636122,0.04217354330639404,-0.1353063546498796,-0.049799424453411664,-0.01552225308499132,0.505,13.242796,8.473691,2
-0.0006638940040357699,0.04578844438271884,-0.016536438296085976,0.08934080848428178,0.10308221932877393,0.09085088699229693,-0.0032419406879737878,0.017269959693923642,2.32,9.54367,2.9996989,2
-1.0877649629191724,0.01638472447481444,-0.016979107882279312,-0.09422633923890353,-0.010979607645640599,-0.25092935227615987,-0.03553145077299398,0.03596337519361072,0.518,13.67078,8.673107,2
0.32408879559232107,0.038219514026024026,-0.026492604908634226,0.02313660379951965,0.08425261175104085,-0.16592173425879173,0.011615605574032545,0.00441776178293235,2.896,9.382292,0.03905842,2
-0.6612426116730805,-0.11624825214886297,-0.02478603807192964,-0.09935080002825616,0.02198705827386574,-0.20046079791542976,0.052620517388928145,0.08136277447194298,0.592,13.077865,6.275267,2
-0.6991391187373849,-0.07073300075371144,0.06315725164662411,-0.033423774216246094,-0.01015925666284434,-0.1267403249822189,0.0394302668863587,-0.011930409709457857,1.109,13.02362,6.4305015,2
0.1744604077314494,-0.18038792454579924,-0.010232170569499016,-0.009021599303421945,0.019173139652800625,-0.10308258503405082,0.08553329455889219,-0.08141417595710498,2.109,9.211087,1.1074704,2
0.042882294214331235,-0.1108979331555836,0.052240462883796135,0.03518275962602099,0.08463796376699756,-0.20556967992050423,0.06476096594693878,0.19468260125498102,2.313,10.924147,1.0070437,2
0.912339513200729,0.08272066280028503,0.009256890502658044,0.05430350510156243,-0.1642194304731116,0.32294292442003114,-0.02708715052841376,0.02502000443277161,3.425,5.0987287,0.07796773,2
0.026471312751387338,0.028675003528436466,-0.016003384026744394,-0.03970746068881656,0.031828020802491336,-0.3000736991649753,-0.001190499333642403,0.00822335532595303,1.133,11.284553,0.8752059,2
-0.07256762902845754,-0.316101807427988,0.0037709227534014067,0.045178995894401525,0.0810396964148182,-0.26441969275183785,-0.0410873555753683,-0.09326079104443133,1.159,10.869751,2.317672,2
0.06975407525502086,0.17618609296800786,0.10243690323546306,-0.01929906927302416,-0.07021293429117018,0.269203880714501,0.045577143172009726,-0.031978178610652774,2.325,8.951232,3.3916123,2
-0.979643062918665,0.48550350708565343,-0.09326537550764344,0.07645551319294103,-0.026902580609373616,0.03229483209147288,-0.02204592272291081,0.047213768017708296,2.625,13.002755,9.152539,2
-1.151269235248501,0.18969090778242775,-0.046010932451293174,-0.07508210803242679,-0.01083156236241492,0.7244115970804281,0.015510987512893315,0.05182690946414459,0.6,9.888788,8.674765,0
-0.6788330626988776,0.1123975244352852,-0.012849786255075019,0.015487456352294537,0.029799267205828484,-0.2130277630795018,0.07613949161320482,0.0022294770749154147,0.828,13.818537,6.3046536,2
2.555740468952776,0.20079330195697617,0.010675149128945849,0.13557780292906818,-0.03374705901166314,0.0822781418184475,0.08066468923481104,0.052972243290024645,5.00001,0.11717742,-0.5064219,1
-0.7515626044540329,0.008917269274088868,0.05113770190055608,0.017202001986413473,0.16258818056018343,-0.1094031701559938,-0.0677350447806884,-0.061203913663419984,1.488,13.209364,7.1034236,2
2.225629827725425,0.01878604796823055,-0.011705525182474086,0.02171297534651137,-0.07555887671114175,-0.13903783261312636,-0.03199861659863806,-0.037002867098837905,3.806,0.7679517,-0.7538259,1
-1.108696796144197,0.14454709765797147,-0.011317681369418797,-0.029713733139373644,-0.017301718742660732,0.27553909747503635,-0.09832643108689565,0.14955163696357268,1.625,10.989119,8.740695,0
-0.8214152838119533,0.0194684017587525,0.002104262717480654,0.0016360387561043799,-0.01777662279845138,-0.09979024139632539,-0.07222009465752721,0.01568941880201774,1.082,13.25241,7.4827743,2
1.6602775031417312,0.3761231067800008,-0.01894237569936663,-0.022185105450001158,-0.065576404736374,0.42133822708522956,-0.04809159273766328,0.11206364890187093,5.00001,3.0240364,-0.294599,2
1.8827374925799876,0.08364562679551882,-0.0007344440402849428,0.08753536929068062,0.02746265211101831,0.23002890478599786,0.06533811030649067,0.0011596063310967963,5.00001,2.3430085,-0.5986091,2
-0.9146728528830719,0.14864656400964146,0.02691656593320227,0.04324354066818939,0.09809947932575327,-0.12249286436824666,0.03207830531284511,-0.10982724640372543,1.375,13.589598,8.053443,2
-0.03860248859118817,-0.2686995260718013,0.05219678268210365,-0.05091363512781305,0.0562968456312975,0.5485528578968021,-0.01788858735966245,0.030078767804632256,2.529,7.931846,3.3499858,2
-0.8138314204821621,-0.030643082576501002,-0.03946870159162569,0.03852207230353105,-0.037988913776863545,-0.5506279953249088,-0.01565426628781935,-0.034512543637012394,0.468,14.317962,7.5622606,2
-0.007456095002909363,-0.10327060249104048,0.034797346204531565,-0.09354891168671134,0.059851767124203786,-0.2293201874720339,-0.06830153174063697,0.12103209832786882,1.417,11.161054,1.2083284,2
0.04102136517346014,-0.1598720779690121,0.02994129017558997,0.04608152873636728,-0.005348582107962935,-0.08214398194552144,-0.011258444579204746,-0.025223498193852917,2.298,10.094992,1.5102626,2
-0.043771062501294145,0.25957986170373765,0.006833226895842148,-0.0214373439394262,-0.045254700547059185,0.3442856288251468,0.07144879576597518,0.04849515347824296,2.858,9.010889,3.6465952,2
-0.6762170000680744,0.2557904072125422,-0.001184113209503429,-0.011647232510195948,-0.004314407957610011,-0.031686949562401534,0.04971758453832731,0.010482624367416565,3.0,12.14372,6.8555093,2
-0.3917002990100683,0.23126319026600267,0.060803219849748374,-0.018149099997358947,0.0007911041270955987,-0.2490250018474566,0.0491364322277649,-0.07614660277190297,1.52,13.350422,3.5941129,2
-0.4131198043731398,0.09461150070469299,0.04955195755493469,-0.010708771720214949,-0.009475194117420677,-0.2690606448821156,-0.008025764697007887,-0.06719404549187483,1.453,13.46393,4.2036266,2
-0.22300876343793732,0.030906886376927206,0.0844194760197651,-0.024008165098432288,-0.005860879389569779,-0.30388010264224474,0.0027281123958323716,0.013027916232875109,0.985,12.619262,2.1858892,2
0.20671573539909804,-0.1680543208752863,-0.034364996184289176,0.05243923962155839,0.042722865303132074,0.22397865055501795,0.14580054425819114,-0.031356585443740786,1.393,8.5703,1.9905115,2
2.278512582725765,0.03145080120766053,-0.056102022483588865,0.0029339572818196658,-0.07065453828577753,0.1607170368536401,-0.12218214941100242,0.24012302541149533,5.00001,0.9908133,-0.55142576,1
-0.4786392508590058,-0.21415549280638937,0.15438425362425326,0.1030112026468184,-0.01064341897001167,-0.10275901450593,-0.06946181745227875,0.1137837273699325,1.661,11.557298,4.5785336,2
0.6532663651924615,-0.4378599595533742,-0.04405573415212949,-0.08472784103700848,-0.10319879008575727,-0.20875630271333362,0.05167795376691972,-0.0567313013233835,1.608,7.610818,-0.21981095,2
-0.48960669802596474,0.30782996757600245,0.10759649810922503,-0.06074194778290429,0.01022667609591138,1.2566369954999443,-0.05577006901885351,-0.07659043282731445,4.125,8.691619,8.044648,0
-0.16467978466261288,0.06219225659516664,-0.08261129168681339,0.05983616906466621,-0.05610219420957177,0.32710377722276374,-0.021966119937851858,-0.11228479208635522,1.104,9.025941,3.7151995,2
2.0657494022959515,0.29309256733510264,0.07921593580242359,-0.03935966346873615,0.0599126659672323,0.3354062995276404,-0.06434675087086575,0.006344849341669623,5.00001,1.9855002,-0.50819254,2
2.4670475068129827,0.08822940677638733,0.010087410494015708,-0.1346812281117343,0.051808932947276676,0.32178010663190426,0.0333421584404513,-0.013326811467455096,5.00001,0.2877503,-0.46914572,1
-1.130236790531217,-0.13347081835137126,0.0366113297673796,-0.034164266205825036,-0.02798557378368076,-0.2220291572882814,-0.06955921388217284,-0.0505452634100782,0.521,13.190148,8.612299,2
-0.5079653203712136,-0.2827245949706735,-0.029329747915136678,0.032424037621570645,0.03758106702155778,-0.11759476507830127,0.04095456596774261,-0.00043536008183395203,0.916,11.927946,5.0964503,2
-0.5958002259082024,-0.08912595702735332,-0.0765624830118383,-0.08831600066116463,0.018673227059808367,0.12702428622437484,0.10758163421887479,0.13899947598091,1.527,11.448753,5.9970074,2
-1.1960003494642675,-0.017711765966104867,-0.004076768779305573,-0.042109543408492184,-0.005504024053210932,-0.1343327438637376,0.07021532404169856,-0.024607854656409064,0.847,12.634444,8.886273,2
1.5996459901662348,-0.08465891780568122,-0.03987099761327256,-0.010909780417639264,0.0018183554669618796,-0.22269742901079861,-0.06571007393410497,0.047380430269238494,3.25,3.5893617,-1.6352748,2
1.456210606871766,-0.2631791540323686,0.001200856780967291,-0.06433871656936441,0.010243739805130547,-0.09610798269199733,-0.047598129309211645,-0.014073327477094222,2.786,4.0554614,-1.7050443,2
1.3011119802193074,-0.28091577927478006,-0.02035537376671634,0.026302626834560194,-0.05008424713921927,0.000794807399255304,0.020399538295611502,0.06812417998184728,3.288,4.390455,-1.5845088,2
0.9127070144874181,0.30437298588664247,-0.055595269289127086,-0.015684682752610868,-0.05810898350096677,0.1664498598887358,0.06710029101593254,-0.016651625471202747,2.549,5.079723,-0.05207578,2
0.6551482626008633,0.04249677711097752,0.02935127159695941,-0.005250106071695737,-0.007433544904805273,-0.32008187784634273,0.03379182883710269,-0.0021765685912439048,2.091,7.189897,-1.0088278,2
0.34603147535532,0.13771621826602937,-0.03919749949576723,0.055392727584602286,-0.08999401123009265,0.37263784109877884,-0.07294587546734144,0.01710046912058985,2.241,7.3249674,1.7482051,2
-0.8406752665940657,-0.06315084112860275,0.11529099519707486,0.04683101943033391,0.030793102662285216,-0.32109145235216774,0.03730586210023901,0.08588233012102503,1.929,14.121376,7.2263436,2
0.25144036668227554,-0.34727051072178994,0.054781834419585285,0.08408591920828504,0.0375709631963968,-0.016506479953385278,0.05907211968754078,-0.18119245534019604,2.233,9.030524,1.3342986,2
-0.21848725366019853,-0.23674324840927166,0.04907697794384053,-0.010815613144536412,0.03513839508220917,-0.16440519886794194,0.051806926423513866,-0.08873769287021516,2.158,11.11277,2.8985286,2
0.3422419174768252,0.09730374903778069,0.022713484452553223,-0.16492082639151737,-0.10713061780940594,-0.27359873999579454,-0.024348282738130944,0.013981260189442513,1.741,9.303828,-0.20377412,2
-0.7829996659745362,0.14947208054362077,-0.10605357783029454,-0.027292540045769365,0.05802373656396498,0.06394449929247162,0.040069130026255534,-0.16818963131767245,1.542,12.087266,7.136166,2
0.13066501646084233,-0.45077761259990645,-0.07310775462085548,0.051691624189791646,-0.04785887306094316,-0.16950718687494798,-0.03982904406095189,-0.031492294572092905,1.272,9.557297,1.4666796,2
-0.5458058300773971,0.02836844556815349,0.11796312317709384,-0.027432906504322008,0.026796485964939637,-0.07616028358484742,-0.033995598367854485,-0.008314802890782597,0.828,12.830326,5.4182568,2
-0.42940380270018924,-0.14208442198993873,0.008710316330704904,0.05813078387679793,-0.02943466680281448,-0.153558020917296,0.015588289884706619,-0.023652467311485986,0.968,12.256627,4.601135,2
0.40961781423652743,-0.4438329637170709,0.034553803528202504,-0.06993234177677904,0.025952673543459898,-0.2784449798646733,-0.02306052133693265,-0.11433398073166878,1.614,8.144467,0.09481835,2
2.2518941506606036,-0.2983381334916121,0.0016669021376593818,0.022962994218026667,0.020814491869012963,-0.039076731537784376,0.047453561040530196,-0.08111501037320937,3.74,0.862724,-0.7096665,1
0.35629051475346313,-0.0925966617108834,-0.03132701128845039,-0.09824243216559245,0.08037380653136045,0.03047961740254662,0.04014018968358132,0.15803365625691845,3.344,8.36232,1.0137444,2
1.5162943859166815,0.1435932030516658,-0.0022140927693365953,-0.0043110695490690965,0.07581385123956824,0.08154889665234083,-0.025392887513792622,0.0975431993498296,4.466,3.1017644,-0.8073907,2
-0.8614545550184602,0.015775799366289867,0.005125522207041919,-0.047626764235715616,0.006835192098475926,-0.4915058214102569,0.012047996511697079,-0.03126198270760165,0.503,14.316557,7.7284217,2
-0.4853552234392269,0.06823827628414766,0.0873865386126641,0.02331879705475773,-0.17667029723647043,-0.035838896283854726,-0.027774607282776947,0.05204929140393433,0.887,12.769243,5.0653825,2
-0.1368449030250042,-0.031770541924614204,0.024014534260566156,0.054777374829232284,0.008848821996800593,-0.27591554222962666,-0.08240886554789495,-0.07550737688136153,0.87,11.837519,1.9202564,2
-0.39199370597336086,0.12513002936497367,0.0027935785488822917,-0.02208811843430472,-0.03169593329394488,0.17857294150078204,-0.06370312388084906,0.09176138703118242,0.828,10.186947,4.6530256,2
0.008778305056983238,0.0843591540874796,0.011424853036590743,0.12587179200570786,-0.04711680605004026,0.8964245466110565,0.015974221887794737,-0.009249882998122988,2.613,7.211597,4.542085,2
-0.5436486913424396,0.5422000240935407,0.032964980422772294,0.04250834804274495,0.05259370653404705,0.11548557264035719,-0.08942596679567527,-0.0110427522907674,2.594,9.832378,5.859591,-1
-0.7139417895706873,0.24062194982947513,-0.08524099955631362,0.013169796594112493,-0.015793251189591767,0.016210761120237033,-0.025136849732280447,-0.01039707755038366,2.375,12.024925,6.923125,2
1.8344171139171415,0.19066208749679525,0.059087350949881545,-0.10725233322249622,-0.02643850670125228,0.1510944474032729,0.11565057327697739,-0.02961659462213334,5.0,2.5527792,-0.5846064,2
0.1768951155107746,0.575453194088043,0.07536115670479909,-0.036286802171982824,0.09484307103204942,0.7387325329668106,-0.060378102498653274,0.1637536215570607,4.569,7.634405,4.4369926,2
-0.28236008638747295,0.09705279363262917,-0.049074340507348685,-0.051445226006597844,0.007016893223805859,-0.24072507711085497,-0.00698275117838329,0.0608887535141904,2.324,12.786527,2.5061367,2
-0.8080624278823667,0.01107070889923506,-0.061095213103466356,0.03168777293847819,0.007168225494545294,-0.3406890025289693,-0.024287512345002843,0.10485262987937702,1.438,14.092696,7.0202174,2
-0.04859722517437767,-0.26812705985849167,-0.1052813537074812,0.15512897860905306,0.08760183373993799,0.3216359427378489,-0.04691084211754251,-0.10947925175420559,1.781,8.644038,2.9541867,2
-0.7406819230283043,0.1015621729318428,0.023714784682589474,0.06584182199783742,0.004932364485183555,-0.3465561798697117,-0.04961208585507315,0.100598879295028,1.011,14.255438,6.5922484,2
-0.648096511245454,-0.08383392565563136,-0.026190957735513803,0.09167728695758173,-0.025477138305295133,-0.10228895805984811,-0.040430277235783796,-0.047532831905324036,0.938,12.774354,6.2563257,2
-0.027627531274772826,0.04267759761501397,-0.12408362623227115,0.001950432189614576,0.05901456231508484,-0.742600647302924,0.12159164717854556,-0.04571073269342649,0.875,12.049629,0.6231905,2
-0.6479883622285474,0.0775381717544972,-0.07182719802757032,0.019538368813140278,-0.04719689188810833,-0.20231090859002812,-0.029670520739784628,-0.045024524568815755,0.375,13.744575,6.190628,2
0.1057682710928898,0.25020302472785877,-0.04064134738673858,-0.04044485776122045,0.013680708888924253,-0.4408017576952201,0.058408523917382854,0.0654280180951966,1.706,11.551495,0.5158348,2
-0.20617040424126498,-0.21426960028420497,-0.04061422648201796,0.007920422228091084,0.025580736820881023,-0.1492953366427461,-0.021314538653797788,-0.15032943741184857,1.748,11.181394,2.8724322,2
0.13520304191199845,0.04861022088950079,-0.007452044843840627,-0.11227558724061293,-0.09072866308112065,1.0451313492326266,-0.07639539274908558,-0.026864839373213018,3.0,6.8806424,4.483325,2
-0.11020012747392541,-0.026578738550902925,-0.020237852879459534,-0.007278295266688384,-0.035624239158147414,0.1530150715933789,-0.15635191790533273,-0.0018001542688896865,1.052,9.795367,3.3388712,2
-0.19910047460145697,-0.17033618828435315,-0.007776086138749194,0.07682254725924173,-0.08838363659335843,0.04431955019582848,-0.03906713887367344,0.027790402928880853,1.95,10.4749565,3.7753837,2
0.6449911811774832,0.20497548276574157,-0.10910002849891706,0.10670358605331143,-0.05284222084666709,-0.2854874188016043,0.10431661137448472,0.043240753441316976,2.409,7.097598,-0.7136905,2
-0.17028838423110376,-0.20441047402837645,-0.06752383159055872,0.041906521013543585,-0.030505230764893643,-0.23535744077534188,-0.08805315974247982,-0.054033501839442416,0.88,11.136733,2.6208725,2
-1.0107406109311172,0.21334055255243828,-0.08221736975549103,0.05631817879386236,0.06891142237714394,-0.35207318732638637,-0.003090339305472478,0.10891427570430484,0.895,14.027407,8.585547,2
1.4538419009326131,-0.06980405305940868,0.08265514084055445,0.021675023574238533,-0.01183914847823575,-0.16523137199044644,-0.02785840151679314,-0.05084661872805493,3.356,3.6890697,-1.6347572,2
-0.866191490027918,-0.17797270731779127,0.0010699873352509326,-0.08419072200967018,-0.04266654880892437,-0.019569530594641477,-0.0003434673041585734,0.03076433265338635,0.567,12.614213,7.615887,2
-0.6051040486563599,-0.09924816237705328,-0.002839738558960553,-0.034760986819663914,-0.020130282215757384,-0.24335552062841512,0.003489859890362157,-0.027687069897660593,0.788,13.260511,5.614753,2
-0.9925717307879675,-0.05952402234282546,0.02073843358182839,0.09105725813188084,0.0010151898763820222,-0.17531918873014773,0.01705886124019354,-0.04675380905920522,0.875,13.221179,8.3982725,2
-0.8652241932017044,-0.2035023114194752,0.007289564588306124,0.03863364391679851,-0.10638440144697955,-0.23579420968399634,-0.1054549903528119,-0.007442839155326161,0.58,13.345654,7.4224133,2
0.0320686749286794,0.04964004452059803,-0.08179711000155965,0.009395964142164287,0.09004227585502125,-0.37862860571654944,-0.0546855428289478,-0.11254874681650079,1.602,11.525535,0.83677316,2
-0.39669896405490046,-0.18150335524220423,-0.10881365231698492,-0.12861038476934203,-0.03930354483561124,0.06870614485189411,0.09777188657422117,-0.028711557829834033,1.25,11.428931,4.645883,2
-0.20572135077801185,-0.13328987702018497,-0.0458933729127578,0.04057590325483448,0.0373993966938308,-0.4087738801862003,-0.042789837099468236,0.058133001401053486,0.713,12.30861,1.8395443,2
-0.15894423805582764,-0.3628570131178097,0.02211709904634218,0.08468677170109895,-0.10424705332077944,0.7427778084312142,-0.030564949886591863,0.06228774912837293,2.215,7.3505936,3.4350915,2
-0.22377085399793212,-0.3342289645393068,0.050898209748102996,-0.010937854074316855,0.03591093361371431,-0.10033106081326998,0.0397987181711498,0.00576525630274749,1.936,10.956105,3.2274258,2
0.2543803496457804,-0.2728944118968189,0.016757637841376127,0.06794962913189817,-0.007042884530283289,0.05997290552430712,-0.034583063511081175,0.10373551581256196,2.175,8.578057,1.615914,2
1.1479262058811799,-0.16403584205101177,-0.08836839724831394,-0.0002805732293652552,-0.08762454826545399,-0.3213981881576836,-0.11208261183968388,-0.1368682353924496,2.415,5.2178826,-1.4857002,2
-0.15357252801445181,-0.08022947252766172,-0.04987268529879843,0.015803705772870685,-0.05463505362429821,0.0673737678023621,-0.014488643700572068,-0.13165144956645164,1.841,10.192149,3.3890467,2
0.6674723765065596,0.22818512541646524,-0.053456820887520656,0.057656881318853964,-0.001136696603105447,0.2380639340105878,-0.0028073694846315056,-0.1547096490998095,2.228,5.748733,0.21282314,2
-0.4307754894181934,-0.10620217427410808,0.09962996625261578,0.0028847932779335894,-0.00030606396028803884,-0.17513117630734568,0.06048237211153262,0.015396126694528528,2.568,12.504443,4.6064367,2
-0.75077737256821,0.17801721562896294,-0.03810008995739447,-0.09942206185976377,0.005450471298292459,0.3951351772636359,0.010133267076129188,0.03257032794662307,1.713,10.88682,7.2240415,-1
2.2584316803612663,-0.0676904470636629,-0.022934156170189818,-0.08580036514248904,-0.01979655335469177,-0.1718247162450474,0.018701615875754557,0.032722033006618995,3.822,0.78880286,-0.73079115,1
-0.30182086183918383,0.16842723463231982,-0.023301476267173382,0.10866299530108187,-0.20770132275497108,-0.0379048894215995,-0.08565017376077075,0.10222012815664783,3.5,12.475287,3.6107016,2
0.47127163582787757,0.39489862071060833,0.0035396690546593557,0.0648147536401395,-0.031109654499849843,0.12272817276579007,-0.0027249572350385165,0.01399606352202537,4.46,7.2752256,1.1311797,2
1.4833414954690922,0.05408356920605506,0.05725913280439904,0.09490423327161021,0.05981991354102714,-0.0673152001225571,-0.029931583563205022,-0.08431017617541847,3.742,3.4784393,-1.4233578,2
0.4845721591310176,-0.14489114005566928,0.03840335263776273,-0.11740068114759653,-0.053573150586760376,0.30271435908724176,0.10658054454707033,-0.02012501928387697,3.407,7.547883,1.7973589,2
0.15206906782532836,-0.02948552738717594,-0.01318484648260218,0.12268586895163608,-0.11440928268889075,-0.31613037609468264,-0.08930740345284296,-0.14850083792435398,1.849,9.913258,0.05433463,2
-0.044033221186335736,-0.2084256590025125,-0.060330204079629496,-0.04783498556365787,0.13347561025127871,-0.13159798392635072,-0.0671556500320811,0.032967795376787234,1.599,11.001667,2.4969194,2
-0.2841930615896698,-0.33498720851310243,0.0032928932014849865,-0.07440402826704848,0.04031347087995765,0.1684598087881994,-0.025925219791351012,-0.07282339307583202,1.804,10.440392,4.075757,2
1.276263290527261,0.1212773844850307,-0.05579263289849329,0.059542257300803175,0.12733514500545054,-0.13757205367726838,0.044282449753751785,0.09234990709972168,3.435,3.7357485,-1.4143846,2
0.6923366337549863,0.04576602700958332,-0.11123477731288284,0.05337986953786003,-0.08796165720193633,0.9758079703877407,0.01934069207658365,0.027579391412827253,3.5,6.2451057,4.0192647,2
-0.8379204660518933,0.009189876550784598,0.08116657478288576,-0.08812198712164171,-0.03392502779056937,-0.33073523587050235,-0.07492517217864017,-0.018876997860591993,0.865,14.024623,7.4351315,2
-0.6735858682113997,-0.008132936229622217,-0.01704680845584533,0.041211344911039366,-0.04966966782639773,0.1638446544899158,0.10351239951435282,0.006820579600240739,1.356,11.541919,6.4857264,2
-0.19276075799424106,-0.21490562654621673,-0.03901698712489701,-0.03204935098831982,0.04190249787585046,-0.22445568032701915,-0.14342383442136666,-0.005797132077154349,1.151,11.083665,2.6738179,2
1.0306641607165143,-0.013182954237188627,0.038389350421197455,0.16006371173714806,0.007779973394872297,-0.5736262910389878,0.05597850856800418,0.028558912453183177,2.394,6.095387,-1.4644313,2
-0.9480952315689506,0.016581098799591673,0.08671821057941882,-0.016801534982618174,-0.051788685795553555,-0.1356216367262822,0.13766686457692168,0.05093242043393979,1.297,13.408125,8.42243,2
-0.6412233845278832,-0.21191337907685498,0.002511136288682575,0.011503541951163848,0.07925470929665801,0.2324288361102578,0.0049651050059214,-0.024031521680677403,1.188,11.223123,6.2453694,2
-1.2394202811052606,0.0974696272419992,0.00040300493759734546,0.031782057322683493,-0.04383635882777165,0.5956899507936597,-0.0024457747853522116,0.010255174707019699,1.125,10.292966,8.743679,0
0.7807604331130957,0.11415911019174516,0.06663632130469224,0.030577670432890447,-0.0455656175334293,-0.16664787602527042,0.03140227268033119,0.0687895145342432,3.326,6.2828426,-0.6450999,2
0.929030120027531,-0.023366274702302903,-0.05327781739457224,0.012144626586704482,0.10466243721485985,-0.223503382924689,-0.004803847681476986,0.01698035849967308,2.45,6.005568,-1.0624979,2
1.1861913855054589,-0.18350574028508757,-0.05850958660914918,0.009472276121885392,-0.08482987100032588,0.0031658127982994166,-0.011607714217445997,-0.13279782554219785,2.708,4.6131744,-1.237907,2
0.799263794556628,0.11294182542865905,0.026728172444538234,-0.029398838994144194,-0.009234296848203483,0.02956074929137853,0.11337148077068787,0.02360890035495733,2.96,5.9220476,-0.29457104,2
-0.5299094084388786,-0.16743771248071057,-0.03793124746193463,0.0423680651247228,0.05320002735765747,-0.07305964446726804,-0.046043259836653416,-0.051255726542638214,1.22,12.245575,5.2745347,2
-0.17592216719229592,0.13358926485997422,-0.020917130679502183,0.03765316454016571,-0.030612824295826346,-0.2603418800901868,-0.09419153693216506,-0.0557321587000586,2.938,12.495643,2.19558,2
2.121128510655515,0.2809598462197517,-0.037512341761401446,0.017648884846402896,0.02562741592404183,-0.10529530476889837,-0.030092599041797924,0.04126256904386358,5.00001,1.1526372,-0.6225913,1
-0.4008659051341406,0.0453693972350076,-0.056016143097116056,-0.027647862853152627,-0.01687292319139161,-0.3173023123128823,-0.07933727499954824,0.008965579777372973,1.817,13.20859,2.643684,2
0.11688927819791595,-0.2216630978420547,-0.04543384406659998,0.017917841260009088,-0.06331855913774007,-0.14687588402244378,0.038193264917742276,-0.09533855246561956,1.583,9.551753,1.2748802,2
-0.7922340813522593,-0.03870909531017455,-0.010250744818596669,-0.002197879506289163,0.004641119307008695,1.446234584525416,0.05476389056642139,0.2915847397979151,5.00001,8.912451,8.200591,0
0.026778347971398164,-0.16276401821267175,0.02744751320797925,0.03786688756768869,-0.03323789592942453,0.0790093311977201,-0.01685875280957494,-0.036319723045744656,1.61,9.113388,2.227365,2
0.8042187380410104,-0.19213226135196043,0.06730659990436125,0.027255480537133475,-0.04959785924556723,0.17417845390339703,-0.08712054045711379,-0.22752641451152714,2.716,7.0196085,-0.21591572,2
-0.865472047702911,0.12837611362100865,0.007379796897527241,-0.08616006071957874,0.06056501436477682,-0.19413977260663207,0.030325418498045847,0.010493218285285155,0.696,13.8383045,7.9163737,2
-0.2443980722704944,-0.03636649850759005,-0.014502869551769326,0.0009803185344881837,0.05621177502173971,-0.021365219019448323,-0.062053260207863586,-0.04837476422783393,1.361,11.553036,3.396101,2
-0.6338070975277729,0.08246754802984096,0.09106667792474016,-0.01123262971550687,-0.028542368472061624,-0.12990396992252704,0.01682244160283966,0.08591638247350258,1.327,13.210306,5.9553366,2
2.5420298095979987,0.0933825156278126,0.004490445024742773,0.09695160647098588,0.024565672491313695,-0.13799804877740687,0.027817221677548853,-0.13694113602503658,4.188,0.21471608,-0.6234251,1
-1.1771600465586585,0.21122454616777925,0.03944693838473709,0.10628858660892612,-0.00039125845863779984,0.41363629670344465,-0.1237721684109529,0.06876665194321877,1.2,10.723562,8.766731,0
-0.41711506148505684,-0.1432725710758955,-0.03333062225792288,0.03993476943876212,0.060758898410150586,-0.19001537147878023,0.031490318869560774,-0.10044500693946004,1.225,12.347537,4.4270077,2
1.1748958437036985,0.1775739500518567,-2.991229001828022e-05,-0.12579290536414361,-0.002911209698834849,1.0221942197314244,0.06592231839662413,0.06591714630023679,3.559,4.161463,0.43629637,-1
1.6956765030518026,0.19006463943245627,0.043716266813287386,0.009312371508686884,-0.05309670381561088,0.045242139769142015,-0.06471027489315398,0.0632576698166343,3.839,2.7611773,-0.7757704,2
-1.0218787360014758,-0.3804665991202184,0.025107519589964628,-0.026432914884446074,0.00165550057850114,0.8739800100640753,0.10422928148136429,0.0035312437208818853,1.035,9.693283,8.18061,0
2.145352362804466,-0.004033120229160442,-0.012815186690643632,-0.059348292049638596,0.03208339391292758,-0.21412052425848835,-0.04255447619746677,-0.04347124426741855,1.313,0.7966161,-0.7575815,1
-0.1791592987696853,-0.16400464931533484,-0.001206111251825126,0.05373141954497862,0.029666641968705165,-0.22118567804201464,0.06254988509855836,-0.061758576024498996,1.262,11.292706,2.620466,2
1.0754046163798312,-0.027365038022122784,0.025548467892731325,0.0785750552645206,0.025624349338183,-0.3863482998886344,2.8465925293374994e-05,-0.09370708277955117,2.374,5.836096,-1.4230202,2
-0.44030042327932123,0.3857799779200333,-0.04229069166808069,0.09216460129747145,0.029560538780717183,-0.30031623596766144,-0.022473875822666328,-0.0022600195270283674,1.293,13.575268,3.248971,2
-0.7406897203141748,-0.007564871773401927,-0.017393202603208924,0.05016747853753212,0.004309991054948087,-0.1763614689069714,0.06133912189914259,-0.02216146339600114,0.621,13.476012,6.5711837,2
-0.48303152607799016,-0.34705744822679363,-0.08566178607957942,0.06557925539866921,0.01926339610110686,-0.06754345843627094,-0.012132138846845691,0.12758691331140629,1.036,11.803959,5.0530896,2
-0.3192363783884529,0.16142652746567365,-0.0520245864254916,0.04051583789431876,-0.015663138106552926,-0.05619577205699916,0.050520353727682044,-0.06505219028924525,2.2,12.6122675,3.4188967,2
2.12183224873018,-0.0194419335577089,-0.007694840706897493,-0.033636126843508,0.09180977817740071,0.12749513914585547,0.12515441296867105,0.017678173169464906,5.00001,1.0374805,-0.60468286,1
-0.051455268301879686,-0.07960071766675891,-0.0031205490034690864,0.0012858158695003008,0.028632141286651563,-0.3026402661675993,-0.03251252932704024,-0.023177954605903578,1.821,11.532564,1.6535833,2
0.5809359703733461,0.0695391047521915,0.0179379535407847,0.032706369182999795,-0.014307535419796125,1.122589298115118,-0.022498741740008266,-0.0051684639172916436,4.188,6.2580566,4.1292877,2
0.6080844415312283,-0.36547793653963573,-0.13054279997391205,0.05382785856033567,0.12991143069029615,0.15215241589204098,0.03823302147033514,-0.1278481083792454,1.818,7.3968997,-0.008568934,2
-0.2245425960488579,0.08101448753606896,0.06353536750098435,-0.038581068083443,-0.03948238490696601,-0.7285486217211767,0.037554758409756916,0.020724823730057573,1.375,12.418469,0.8802151,2
-0.9418144182444782,-0.05028498889330213,-0.03738771104261396,0.02324643217879535,-0.007169023583095735,0.13832290157123703,0.051856222379831396,0.07526615458972297,1.125,12.141548,8.071166,2
0.12729008241156106,0.2972620650631904,-0.0794273939654406,-0.10740170735616841,0.01595052451045298,0.22974442357317987,-0.03896342723884119,0.029842723618399486,3.381,8.937374,2.9987335,2
0.7017467809723945,0.16698331922189927,0.006956803400996525,0.04383979614902639,-0.00031608007730857257,-0.39069072008577393,0.12061654501642671,-0.13331856858114705,2.607,7.1651845,-1.0658276,2
0.4038427076578115,-0.37593949349411515,-0.026824157725903852,0.0454672273334332,0.04972208927151367,-0.2366647087899422,0.035866129168077326,-0.11771865253275435,1.539,8.02085,0.032805063,2
1.3471395908208699,0.17163187275729716,0.09175497137473826,0.016658781496885294,-0.02391147888430306,-0.09341944055500889,0.06326067483513867,-0.010834944586338408,3.985,3.6400607,-1.3732384,2
-0.4928742626612239,-0.1485119738761055,0.11140970319397667,0.08146439146334794,-0.0628112792624522,-0.1739031141524644,0.036437880491904384,-0.06274378497068533,0.618,12.40854,4.846812,2
0.6748405765589367,0.082895308309263,-0.04097111171215018,-0.0367034421483213,-0.11072242538275043,-0.1871826704626092,0.005152772414953183,-0.1486351594782918,2.645,6.591127,-0.7230697,2
-1.1324476921682058,-0.03816758737981596,-0.017505449172039125,-0.07553593120396529,0.04929865659456298,0.2751531769423899,0.010709075790126768,0.009589611647797092,1.014,11.199251,8.565801,-1
-0.8382629120558762,0.15331397625916857,0.10981876840791238,0.001843888423195189,-0.06169326711631404,-0.11746075800401815,0.024036983304974613,-0.06422818263199309,0.853,13.501516,7.474001,2
0.13676355751883681,0.1916498421243704,-0.06435864710700595,0.008006703927814579,-0.05253178297895994,-0.42530957199709674,0.043385363825067164,0.047707113539524365,2.115,11.395897,0.3914213,2
-1.5266517026190336,0.09133027808880463,0.049986872973423635,-0.056751026585054015,-0.080840905230115,0.5050549175815348,-0.010589745568167469,-0.0019828548134139673,1.046,10.345053,8.867176,0
-0.7766845806062033,-0.043632812828949,0.0923557117227027,0.07247294070531252,-0.02709288156625418,-0.18914493133807142,-0.04408051133638677,-0.08721956471358855,0.63,13.436104,7.187592,2
2.480719446191558,-0.005376274317993701,-0.04453110682691505,0.08639675842202679,-0.10557018169651464,-0.036622134032570364,0.05908792789448988,0.07136209110817762,3.997,0.28246316,-0.56244636,1
1.3819735761076162,0.0014386316693061063,0.018353679302862025,0.013273621054865958,-0.06147576196882151,-0.1233662397500229,-0.14363947683019002,-0.2206018495106224,2.961,3.6847262,-1.4610126,2
-0.5981593569860818,0.30275867489497726,0.10989090326547724,-0.05734540187717027,-0.04224025755077984,-0.4102637083359083,-0.09729200922269687,0.004845678703920997,0.623,14.541995,6.3775706,2
-0.8968211847167674,0.20788455670412292,0.07589284288459405,-0.11444638391218423,0.04472652887194506,-0.18940485260665074,0.00401174009993549,-0.049749066009193266,1.074,13.807331,7.8779817,2
-0.3767738698490266,0.11605914467845002,-0.155534990346575,0.02062041170607748,0.04389109527182136,-0.2062952540841238,0.005648285800246344,0.22435262059831718,1.628,12.912103,2.7321844,2
-0.0008627866956965047,0.029846750693721613,0.029505853537960813,0.029787827457054716,-0.13439773855651868,0.3261084122843119,0.060668373681468823,0.12297605868757966,3.328,8.874887,3.46816,2
-0.5149267779051728,0.09540359354246855,-0.07915633154076673,0.048829092414274494,-0.08048044230870782,-0.27384881380641857,-0.01623819903630791,0.13414167191161322,1.292,13.999532,5.5367384,2
0.8705153837175632,-0.012241269807292676,0.012961175851180784,-0.013917896230414645,-0.02617948390811553,0.2777603210650013,-0.022294043517612105,0.1636170719263294,3.951,5.18634,0.0350226,2
-0.010231813361214093,0.1729378591131965,0.026366296219617336,0.004034248165905724,0.04282663138958248,-0.24856357468427473,-0.047988108490976095,0.04023387276221313,2.189,11.127203,1.1550931,2
-0.9850786795282653,0.06360152779503252,-0.007492874747034195,-0.02118222492350824,0.07392491998322241,-0.2892817214137148,-0.08034710008605625,0.0828445973127737,0.813,13.90099,8.448568,2
0.330862498998616,0.17102003540638572,-0.10277039555914633,-0.06659217595888411,0.11692767045484104,-0.16132967389452185,-0.0017919632716530687,-0.11454872719885603,2.168,9.582187,-0.09134426,2
0.24465736666946,-0.1765063338154462,-0.10723435056587743,-0.016324606729543445,0.11099469791070732,-0.12061240586326041,-0.004043430145867499,0.037722132944786185,1.589,9.240273,0.8871203,2
-0.3558330937037113,-0.24378667665673986,0.0767290402946541,0.0471238762400048,0.0034383366792939685,-0.10091833448734805,-0.07901935006680497,-0.03409747758272916,1.125,11.378457,4.2280383,2
-0.9559419641722112,-0.13731049138025908,-0.001248965662434931,0.1236672727789589,0.07923596385009193,-0.15917079478189172,-0.05577244903279745,0.05182782333722978,1.688,13.149301,8.253455,2
0.25974454761246624,-0.11748990940424378,0.0038151753556618373,-0.05862650593134791,0.05855954047202211,1.194756552377537,-0.06539189041502091,0.050814289300465,4.636,6.784461,4.240101,2
1.8851701336778597,0.21316032331007223,0.033697977498739845,-0.049465263237549295,0.1567039440895059,0.23452574525722866,-0.0716295811423957,-0.015101764768747639,5.00001,2.3762949,-0.5531621,2
0.17634756141444752,0.14953259929199436,0.17516750289228716,0.0992089540923341,-0.02797015351935042,0.4516758063036529,0.026773888937712237,-0.06176473287830431,2.799,8.555043,3.4110584,2
0.3750687078967154,0.14952466626121225,-0.05899656727291147,-0.034678975737350015,0.17574157333153342,-0.10344190838941811,-0.09324952749786267,0.10435362939654325,2.192,7.964034,0.5495869,2
-0.36181200094153726,0.44427779989636973,-0.08943687914311044,0.07739445589968036,0.10435746980231941,0.3159029045448236,-0.04084793393512104,0.11185141034834106,4.0,9.684297,5.6634464,-1
-0.17555654281772415,0.06010206966948897,-0.030098399313164548,-0.054260793183600886,0.02740519631161284,-0.46529811528909465,-0.014347677820764876,0.10821385115513757,1.779,12.529276,1.252459,2
0.5333695888657467,-0.0868796909808579,0.01155327383729729,-0.04786907413407554,0.0056921409373124066,-0.11824875963340722,-0.03696010941282113,-0.12135636335627983,2.348,8.246284,-0.12606244,2
0.15588912000379226,-0.22419049246360656,0.031229164791394676,0.021883299327041222,0.020073223234079424,-0.10046457673036549,0.040214931166169005,-0.11441006132907855,2.123,9.272164,1.2242124,2
-0.4679557192972411,0.06795828790044448,0.1271587722858042,-0.059788761782469974,-0.11204096169274905,-0.15100233559716322,-0.07820536100752817,-0.043770556547422346,2.577,13.165702,5.0642734,2
0.449041554720703,-0.08007753475484719,0.12404633613113475,-0.14346375295099142,0.05366990667159624,0.14984012742959812,0.010659752728371996,0.20099619304297178,2.616,8.158131,1.1486686,2
-0.8859179879622152,0.06263950300251853,0.1262213586166464,-0.053469827665583586,0.08864672562608752,-0.2712014281349917,0.025324372391294675,-0.025455817673080722,0.901,14.042044,7.781761,2
0.8978691898140169,-0.17788007417183652,0.09417127332630948,0.08344436843732078,-0.04272946243616296,-0.14980117600813334,0.025301180985032617,0.04917471698861603,2.778,5.6751766,-1.2383397,2
0.5568802178438605,-0.4325745223183469,0.016580085936706568,-0.1670130836976217,-0.11478021060993074,-0.06376810573743419,-0.01178941489410576,-0.17122050191885488,1.678,7.6630883,-0.07383381,2
-0.2927331833571211,-0.005106749870860516,-0.037864672461590865,-0.03721185328686638,0.07310895402436982,-0.1230209268491611,0.07563231581383015,0.06357178095602417,1.875,12.5250225,3.552434,2
-0.09024126160562213,0.02473550667118596,-0.046120468778959284,0.154283637900329,-0.0371016359074785,-0.5374963849118567,0.05974216294566073,-0.016302435637234908,1.392,12.258166,1.0383786,2
-0.8991378111771906,0.005904932179595285,0.02816684102100686,-0.013784206288600026,0.028486464730429234,0.10004186627495124,-0.010192009201511448,0.03679152296371446,1.648,12.182047,8.015864,2
0.8932370277002228,-0.015282575788795105,0.01679579235015155,-0.02009560897389423,-0.09687888767471745,-0.046583232754229514,0.000322593681457789,0.024095017314766487,2.314,5.691088,-0.6771085,2
0.4954416733356287,0.17489143892296546,-0.1046169336007548,0.11222062470850655,-0.03720674076929653,0.4623584636624514,-0.027531249134758184,0.11454872153382162,5.00001,7.1387463,1.6838876,2
0.13856899268650721,-0.35214862330922536,0.009949579399600644,-0.015000196925508746,0.14963317324820272,-0.07014580309435645,0.010257288771598344,-0.09882703539563514,1.515,9.214357,1.3909395,2
-0.6542692104818821,-0.040933877607136404,-0.024112090368198752,-0.07725755705700349,0.08344908206344864,-0.23069735867590005,-0.0339398938396723,-0.022006191123495555,1.388,13.65281,5.83485,2
0.7462376781419758,-0.013060615278532417,0.05137470114561604,0.045971762702820634,0.07418473140205958,-0.28778952313141004,-0.07656494577122552,0.024331063954380894,2.796,6.559536,-1.0401018,2
0.8641309634724432,0.23590750427725818,-0.02550693979147195,-0.06914998303437733,0.004448860937712629,0.36366490344484925,-0.07517973445003556,0.08698256661126741,4.554,4.9641476,0.15974739,2
-0.11101779940828271,0.10531398119263938,0.07906372996222452,-0.060260370594921175,-0.16516480679381138,0.5056757569842172,0.010026265666605222,0.06971552589204488,2.713,8.756014,3.9726982,2
0.10892994439853881,0.03311066008425623,0.0386132210793666,0.01828448250687259,0.03835518211962005,-0.34732039173080037,-0.014355659437033985,0.02677807439515495,2.152,11.060115,0.45672348,2
-0.4385622744734159,-0.19293022916195474,0.0236175687327439,0.039609752536646475,0.025252447719500803,-0.1039250865707255,-0.035664255147207696,-0.009502517549576983,1.292,11.870945,4.625097,2
-0.16456302040108362,0.10854486183935827,-0.034155013097462106,-0.0443634006694536,0.003069472278062424,-0.43391747590207486,-0.0599339979382974,-0.03270200086128405,1.114,12.5044985,1.2046,2
-0.1215496923657666,-0.01575237651153802,0.020766781892987973,-0.00010062665681445648,-0.016505785100563858,-0.16486634715697548,-0.05245307603060123,-0.15001185920867968,1.234,11.709288,2.5926416,2
-0.7750744122108781,-0.17686811695446403,-0.005921138442075008,-0.005945263614463389,-0.002841728045698419,-0.08600698910650115,-0.04434576735279014,0.03685831915441026,0.25,12.689811,7.126364,2
0.2856325130846005,-0.22821245413133112,-0.0386902066500405,0.061165000400409675,0.0033748352408433657,0.16979193081737004,-0.10761190444617988,-0.08313273301771362,2.83,8.453001,1.7818648,2
0.28252477023102723,0.06536073950191815,0.05116698292959376,0.007434429708090884,-0.006978704833323829,-0.19351405434561206,-0.024331631315253482,0.15266606811294323,2.033,9.392608,0.120227486,2
2.864815775855652,0.1579771336203213,-0.09009805227571,-0.09051165951458698,0.04445535843324411,-0.06605905974648152,0.03177445930076578,-0.11441711911765143,5.00001,-0.33277968,-0.6895201,1
-0.7194015128310033,-0.021570837469232107,0.039928398926729614,-0.013658005708195559,0.06541484901136413,0.10715107197020796,-0.018876460757781655,-0.02844883177787455,1.583,11.940642,6.78954,2
1.0931860094409873,0.3188190960090064,-0.08153834316738734,-0.07928839678485189,0.06754413077242163,0.26092172478172837,0.09088471742088441,-0.12291480276500899,5.00001,4.7033362,-0.115197204,2
-0.13847641209516592,-0.16428709177961523,-0.05208966468329321,-0.0008276820573135113,-0.06432301261183027,-0.1015709455002578,-0.0029366681460075705,-0.08984645885721146,1.326,11.183514,2.8611922,2
-0.9502657029994723,0.028095956028955052,-0.018497844933026086,-0.05345489325556503,0.02395920065342641,-0.0814982082035461,0.004083235447450775,0.04540816717042678,0.541,13.280387,8.255572,2
-0.7186774952748538,-0.0789701170672818,0.053533737049477795,0.006362919160723568,0.04555624468792063,-0.2203886429774983,-0.005139792700210685,-0.09889573680942702,1.018,13.436593,6.6912594,2
-0.21891406928617793,-0.14908180734271828,-0.120476257717368,-0.08439390398935562,-0.05535939390556377,-0.3557735501651159,-0.023185477448875974,-0.01180832121072145,1.78,12.166442,2.1446195,2
1.0790129186859099,-0.2776816493721146,-0.05911514571068882,0.025040874313493028,-0.02015216342620449,-0.06975988810920625,0.0551141261381973,-0.09688243171045224,2.673,4.888223,-1.3452978,2
0.3541431329155353,0.11387624315160155,-0.055066227433949566,0.07491387433270386,-0.0033564987848695993,-0.02066477135472783,-0.08771311435927423,-0.04756129038478024,1.335,7.9651933,0.80555475,2
-0.49312846399435245,-0.23001155970826528,0.09953506546291754,0.04280726106682883,0.028531284428412823,0.054738903848812914,0.1406167823731861,-0.0267044504700574,2.043,11.832721,5.1228275,2
-0.6322005670117381,-0.0856542321215332,0.03830535514130434,-0.05094495725980985,-0.02587094426405709,0.6353198442519602,-0.11638173559746581,0.07659119194947245,1.75,9.565411,7.6502113,0
0.7361548505299349,-0.28436798896750914,-0.09767146978180441,0.07908293295773605,-0.11193674481265498,-0.14920592628079388,0.04043653971382191,0.06780052862353525,2.656,7.323422,-0.34937575,2
0.19439230312888264,0.32395311074205696,-0.028661174585213944,0.04868029805503618,-0.0070905422735402235,0.8996532668135766,0.05109834040979122,0.10249528731132801,4.714,7.3087544,4.4134364,2
-0.23186866908534118,-0.24445195230842817,-0.08246355109495004,0.0749108843890067,-0.031065070080796647,-0.06457415754097476,-0.006682944098517163,0.05866289101803607,1.03,11.097209,3.6139982,2
-0.17607810955332273,-0.4782381319146394,0.023131120213623207,-0.07812557385737154,0.06000944016425308,1.112171835639465,-0.08635528177861707,-0.049750703647143374,5.00001,7.028398,3.8097405,2
-0.4298409357569785,-0.08060379498496945,-0.018890403147613283,-0.08337010660534527,-0.04920738835470215,-0.31109117099005995,0.05237777739138444,-0.06006688380532768,1.086,13.010761,4.123719,2
-0.008679450190335058,-0.08569828106552743,-0.05910716100464308,0.013322442807346319,0.09359649611250323,-0.07054531710547099,0.055044875609358085,-0.07909693959645966,2.115,10.96557,2.1618378,2
-0.6344903670231922,-0.13773111112513767,0.09212011813585785,-0.009810185478359157,-0.029236681166861678,0.07114454835086084,0.011247645917428245,-0.13366532044212592,0.704,12.047783,5.952962,2
-0.6542113513226705,0.05427406959871525,0.015864108529933613,0.09203898768436389,-0.05030950258151301,-0.15251010773840804,0.0938981097519487,0.23907242573993984,1.25,13.473069,5.918731,2
-1.0007609558698662,0.02518934394883654,0.07430250498224879,-0.06063301391049465,-0.05811172617789649,-0.21016497302175657,0.0302274342388779,-0.017883033673522966,0.675,13.621153,8.553068,2
0.2290348340002119,0.3600626032011761,0.05049818236243481,-0.13678752751823947,0.06586130673869023,0.03007313040625753,-0.06761370945707357,0.0075907485098792304,2.625,7.7498603,1.1353445,2
0.949249227718188,0.09754600712631897,0.002527337958467879,0.05430839462269377,0.005843422737872445,-0.19636596591285982,0.03497128978396846,-0.013068605414164491,2.747,5.89147,-0.93396866,2
0.5409282314041565,0.4053897208421937,0.11414946768443734,-0.08369911429735288,0.07873392422468922,1.146855532887153,-0.03658706103372186,0.2393549134126633,5.00001,6.186097,4.3127036,2
1.21671436795216,0.06510545127403866,0.035470080281467475,-0.0815208909980435,0.04203067824316456,0.026332673524725764,-0.07233508431383381,0.16718477485458438,3.509,4.056677,-0.7277361,2
-0.6421430760558543,0.03466455532070073,-0.13443719127890813,-0.0017388865813806331,-0.11245715435447107,-0.08191187352022142,-0.05697436518645424,0.10138073449894375,1.629,13.179388,6.0033135,2
-0.09145231523717173,-0.06782914255727535,0.09157345199343683,-0.04902054679462628,-0.017211523852070698,-0.12923586308592458,0.06803299505375443,-0.03622934573558531,2.06,11.393899,2.2829506,2
1.4332443169934708,-0.17683977980915436,-0.08432263024347444,0.03357279585996739,0.039471534807569625,-0.12097308224423489,0.023601769443055726,0.02882240004856143,3.667,4.000031,-1.5412401,2
0.28758162122876474,0.025429142807478267,-0.0002626002982489828,0.04815022540889663,-0.037200543417419796,-0.28150403699690496,-0.052168356912591474,-0.04393017692902779,2.207,9.650421,-0.17254288,2
-1.0934433896233202,0.22164592802007607,-0.00977358407379067,0.026122627734165987,0.007345266316164667,0.2916589293943302,0.1976201716906882,0.10306406473710816,2.875,11.066795,8.675852,0
-0.15836230767037718,0.062066474910176084,0.029641163963941647,0.021021065005331463,0.006238992494592033,-0.2269689759849367,0.10473427187852652,-0.0078122783502559134,1.717,12.4528265,2.2044046,2
0.7777889683159704,-0.047224714922443345,0.024494570065304144,0.11090973831327666,-0.04741802147795127,0.38850601503503185,-0.07051580554352377,0.04481706593991336,2.632,5.2599716,0.10301793,2
0.06213428861974887,-0.07608572053711318,-0.0005551600732060791,-0.09072480989359119,0.07535066320304082,-0.26744057380936964,-0.009152444227001927,0.000549406268556818,1.625,10.959944,0.91167337,2
0.17492444581454403,0.13161385188426708,0.012184609750080316,-0.05782249908717224,-0.03676455413603141,-0.13561733677446702,-0.07312104680215717,-0.003998100402486243,1.801,9.808819,0.50349915,2
0.29604932248938987,0.16536971542481524,0.004669184305752833,-0.0382890369224711,0.058060078086322936,-0.2880055839968127,-0.019717102101468043,-0.05923476641919173,2.268,9.619615,-0.16599907,2
-0.394875172347662,-0.0024684250859812185,0.02952243366113111,0.0876140822707436,-0.08312121317846194,0.40871893923555186,0.02690196979880108,0.0524385889695036,2.227,9.944701,4.906755,2
-0.7440816451688549,0.0028774153937723423,-0.004288104039875895,-0.03960742388575933,0.03749479123219285,-0.3321026406645246,0.002760743583018782,-0.005231631225318528,1.599,14.060547,6.7672887,2
0.26978995424337443,-0.17125114893488108,0.022584062739313765,0.00781425136047445,-0.006126993564496586,-0.053490302219657754,-0.01731686463524834,-0.08145683599239509,2.392,8.942097,1.051153,2
-0.4737467205409302,0.058556640700607676,0.029168681848606243,-0.02538988802810821,0.0262138548401529,-0.05583158323464685,-0.053254239229349354,0.01591204907873267,1.728,12.85087,5.1542134,2
-0.30920535334683474,0.19252000417349727,-0.07603118561408553,-0.14375239620410463,-0.07618977189274176,0.1387025958645899,0.02269359711198407,0.03582066548703622,2.167,10.172182,4.502537,2
-1.4453080028649858,0.41731706744798325,-0.015691561706159235,0.02042815617424948,-0.10149484688791946,0.21565885967936793,-0.07716809051223131,0.03583749543297382,0.875,10.9346,8.909921,0
0.3223108097965826,-0.10316283552700581,0.02606921879283486,0.17576030748101618,-0.06154933116409447,-0.1567883669975291,0.053908895362685894,0.011137044152673276,1.484,8.994359,0.13886556,2
0.08134685933578717,-0.12012328494270155,-0.002546609141782147,0.04167136010095082,0.07282058006366807,0.3622974889948855,-0.13970775260413545,0.03956817614426725,2.75,8.421276,3.2912557,2
-0.10810363605032589,0.10467239386156618,-0.036876098511673894,-0.0511296082512851,0.06832178317390902,0.3134590665920137,0.07595195513388334,0.08211348542893326,2.456,9.0608,3.716344,2
-0.545328040938653,0.10639936564792965,0.08332860674762854,-0.05751106217765359,-0.14021104285406083,-0.04521587431207208,0.04981485846648431,0.09586241108429736,1.523,12.81705,5.383969,2
0.7029010361263406,-0.09819953525569236,-0.00266170647228664,-0.01236383441465494,0.002426633415803986,-0.22347944095978117,0.0026000781440206344,0.12202068458861856,2.358,6.701644,-0.82816166,2
-0.41796402715374115,-0.06744043326320562,0.024204577810918754,0.009773006969535147,0.10891019105349131,-0.3023141552239392,0.033889686583809864,-0.06793777652791658,1.846,13.117286,4.39363,2
0.09669649444553138,-0.3868172045849603,0.020116084685436186,0.05679538958359229,0.017462591917076747,-0.12630626142488535,0.03707248074177841,-0.16327037010632345,1.896,9.421363,1.4125587,2
1.3557554540661843,-0.3385435548482039,-0.009218677727379138,-0.04800117893881667,0.018816569779607245,0.021969256067892545,-0.08408606836535751,-0.12293764929976309,2.75,4.290105,-1.6290916,2
-0.22605129910957147,-0.0319173011055921,0.06616207103831498,-0.052016098712557135,-0.0016826399138511472,-0.21400187540545354,0.07808776315404461,-0.004435076565182494,0.71,12.338182,2.567068,2
-0.3452530274514994,0.04143175719260836,0.09720519590516496,-0.08814599959830108,-0.04020687573880591,0.38823942279132617,-0.012208348772534405,0.11177511261497869,1.228,9.640912,4.594484,2
2.2487010426386607,-0.18584214667686258,-0.10102433653826287,0.005482160172586653,-0.0419389269744499,-0.07862111498922192,-0.017826190702407763,-0.09830424613673092,3.48,0.8478836,-0.71058786,1
-0.5660532583953182,0.07237201210687033,-0.007935784284262337,-0.0948450610251837,0.0045542397726809625,-0.20042701289367024,-0.03851889255208052,0.09273703244565565,0.646,13.583755,5.5096583,2
-0.36650739545530153,-0.11537324795101861,0.02091302230699499,0.09263771566388626,0.00794145852108094,-0.25916160061565274,-0.043401284648239474,-0.15111994524879094,1.164,12.747553,4.377433,2
0.2042046265098214,-0.025244920496085288,0.025276013648891954,-0.0128670809508305,0.007948693191864531,-0.384439487143137,-0.001296542830139663,0.07381861916711538,3.067,10.809284,0.2454791,2
0.00219602652791126,0.03865212830151582,-0.01027263201007661,0.031211173618766824,-0.009327634822324293,-0.29529325435771875,0.03323118289837662,-0.039837026830196576,1.539,11.339791,0.98501277,2
-1.230485261913463,0.1715595652453129,0.029558340092507157,0.03480857626961703,-0.0073363071799461416,-0.12406883616568276,-0.02789877591644839,-0.10024835733210498,0.851,12.7221155,9.145573,2
1.591789476911766,-0.347122774395605,0.005563856787841964,-0.04941820760169016,-0.020631002312830743,-0.011452527112297523,8.463562460023222e-05,-0.09529606701405069,3.125,4.1147513,-1.6584786,2
0.9090080870512974,-0.1090085967213211,-0.042338144432813446,0.0383552906985756,-0.1540439481082529,-0.25900321396677134,-0.13148400719000966,-0.05690384832862355,2.47,6.079172,-1.1338218,2
0.22430329266346224,-0.38575529568142575,0.03074388974546008,0.12260198790457957,-0.11304870127099181,-0.1312043167362513,-0.050647048322822436,0.05119978581318921,1.845,9.495964,1.4053783,2
-0.3890294268902542,-0.11241575000290335,0.010727050835014185,-0.0343962606285137,-0.03426551083496768,-0.29335735480417513,0.030934575639129103,0.034286113727628215,1.797,12.927906,4.139984,2
0.2699708640098453,-0.44765571124164033,-0.054568114429975445,-0.01731824867211626,-0.028043520196359695,0.2079658329958313,0.010527229766764234,0.01849649081330601,2.075,8.008247,2.3011005,2
-0.6348588436612391,0.02508284076576711,0.02392898155159079,-0.013551668364225972,0.018187173578543964,-0.09663726826633928,-0.01924295110970886,-0.028878580136650067,1.625,13.05032,5.959563,2
-0.4169934131271853,0.010627245448094486,-0.020302672499319357,-0.061069175499075645,-0.01787074819685694,-0.043814903202554684,-0.039889825576212706,-0.038747642812585165,2.059,12.497421,4.582229,2
