feat_MedInc,feat_HouseAge,feat_AveRooms,feat_AveBedrms,feat_Population,feat_AveOccup,feat_Latitude,feat_Longitude,price,Latitude,Longitude,shap_MedInc,shap_HouseAge,shap_AveRooms,shap_AveBedrms,shap_Population,shap_AveOccup,shap_Latitude,shap_Longitude,umap_1,umap_2,cluster
5.3922,26.0,7.085858585858586,0.946969696969697,1617.0,4.083333333333333,37.64,-122.46,3.537,37.64,-122.46,0.5498818930824638,0.042315083696033505,0.04591330216007163,-0.06266343851977121,0.08051894312948943,-0.1723666809311803,0.008795493897948588,0.6620808791814289,7.1553116,5.8538704,2
7.2392,31.0,7.281889763779527,0.9826771653543307,1852.0,2.916535433070866,33.77,-117.81,3.346,33.77,-117.81,1.2515368758873504,0.06805922220417518,0.03801880819125025,-0.09832959055165821,0.014721933462132073,-0.10520962702996782,0.1630620481691305,-0.08647447010545163,5.4185686,2.9135826,2
5.6506,10.0,7.092150170648464,1.0392491467576792,1878.0,3.204778156996587,37.99,-121.79,1.786,37.99,-121.79,0.43601205709616025,-0.2551398814114649,0.047245070651156754,0.0027766013619287882,0.031005938496816165,-0.20542836137917664,-0.3172710909590357,0.08685909807512086,6.5488787,4.892011,2
3.2279,43.0,5.662790697674419,1.1007751937984496,800.0,3.10077519379845,37.37,-121.83,1.824,37.37,-121.83,-0.3401932782983516,0.16430991560357266,-0.14848853929258476,0.018135956028045446,-0.01525446022424039,-0.15825812951366802,-0.031313953421615685,0.12970521366577678,8.095513,8.774002,-1
5.2166,17.0,5.078073089700997,1.0066445182724253,2030.0,3.372093023255814,37.28,-121.83,2.309,37.28,-121.83,0.25003945854958554,-0.148876780435944,-0.03189507035929603,-0.05956550769824138,0.021000112096489006,-0.2246370763667947,-0.007139987639109056,0.13265852188073973,7.102685,4.848868,2
2.9559,16.0,4.284403669724771,1.0160550458715596,1323.0,3.0344036697247705,36.2,-121.13,1.632,36.2,-121.13,-0.3314260669448266,-0.12360642648350506,0.031106547768774803,0.0394395557717836,-0.0035344641281228346,-0.04928753028254821,-0.03864350952321226,0.0025786536536970515,8.126335,8.46067,-1
2.7986,29.0,4.409090909090909,1.1414141414141414,649.0,3.2777777777777777,34.06,-117.69,1.144,34.06,-117.69,-0.6694908420905347,-0.015013008725812913,0.015407259543022871,0.02756503079407275,0.04795635710600832,-0.155733325487418,0.09696772030863358,-0.3625328162847078,10.647516,10.043226,1
7.0177,17.0,6.405693950177936,1.1103202846975089,891.0,3.170818505338078,33.29,-117.05,2.676,33.29,-117.05,1.1577407993058937,-0.12190431724153714,-0.003160896764177673,0.06231691214035882,-0.06321649678250502,-0.29289231907959773,0.24123426016827404,-0.2854896227395087,5.0745482,2.6996849,2
2.5335,8.0,6.021786492374727,1.1688453159041394,1674.0,1.8235294117647058,33.72,-117.2,1.101,33.72,-117.2,-0.7599450735048419,-0.12566901841572392,-0.026769896059420987,0.05624372957277996,0.026093152306185845,0.4126252949414848,0.1932121498563281,-0.6897015231166207,11.567602,10.293564,1
5.3316,37.0,4.548929663608563,1.0779816513761469,1291.0,1.974006116207951,34.06,-118.39,5.00001,34.06,-118.39,0.847355159399569,0.2049645113702973,-0.026258622063107983,0.11321961366817991,0.07644289675996677,0.5611012361365088,0.45708121012193564,0.10162383390091956,6.410021,2.9950213,2
5.5376,42.0,7.0,1.0204081632653061,116.0,2.36734693877551,38.04,-121.22,2.125,38.04,-121.22,0.6681545537584451,0.09694016297348806,-0.02374174394474576,0.02427549234440275,-0.274411713213345,0.14583365102952917,-0.5769259831590022,-0.006902193335646234,5.780492,4.460664,2
4.3039,29.0,4.5987012987012985,1.0207792207792208,2259.0,2.933766233766234,37.66,-122.43,2.784,37.66,-122.43,0.10908582695981656,0.021061335149390098,-0.02089318769094087,0.03652001000051251,0.040484856246432034,-0.09778180029716263,0.022488168239489955,0.4932058044708833,7.197624,5.9668174,2
2.5224,39.0,4.110970996216897,1.0353089533417403,3130.0,3.9470365699873895,36.67,-121.61,1.192,36.67,-121.61,-0.7011203636811103,0.05224849136092387,0.013467909375042424,0.0013339991089947262,0.014254724448235046,-0.26787584922575886,-0.0512212343270645,0.10884225936143699,8.093476,9.888144,0
6.5483,20.0,7.588516746411483,0.8947368421052632,699.0,3.3444976076555024,34.3,-118.71,3.35,34.3,-118.71,1.0630052846857379,-0.0009545747028213843,0.11306479124681569,-0.10347447459653814,0.11139894921783114,-0.2480466052091069,0.15969877613629774,-0.028774024258236292,5.1314216,3.0385094,2
3.9375,52.0,4.688693098384729,1.0102790014684289,2099.0,3.0822320117474304,37.77,-122.46,4.029,37.77,-122.46,0.1026083647687985,0.5891937414330343,0.034834439744325485,0.04900572734031163,0.10552502850251232,-0.04935449493492962,0.12621859048236242,0.8201121114324843,7.5995617,5.91778,2
3.5714,5.0,4.6938775510204085,1.2693877551020407,648.0,2.6448979591836737,37.49,-121.93,3.0,37.49,-121.93,-0.12773340831988234,-0.10681747653068478,0.03502999396715481,0.10333872351995048,0.06620457558191813,0.030042818639825455,0.05819544014131963,0.15333708817870279,8.071964,8.033468,0
5.7476,19.0,8.04535637149028,1.1727861771058314,1412.0,3.0496760259179267,37.73,-120.97,2.486,37.73,-120.97,0.8724529045818655,-0.030012864171299367,0.11639746723826384,0.035153920436453816,0.014101701694496952,-0.10217817895304486,-0.2520800086568469,-0.014748854182806324,5.4131775,4.063371,2
1.3971,37.0,4.642857142857143,1.0942857142857143,1243.0,3.5514285714285716,33.96,-118.26,0.898,33.96,-118.26,-0.9836894607725162,0.022807565612607404,-0.02166742692379917,0.018655277086019773,-0.028690193755677607,-0.3400764636162905,0.29173220082840945,-0.10947512078190456,13.1611805,9.91004,1
2.9028,11.0,4.013207547169811,1.0962264150943397,1989.0,3.7528301886792454,34.22,-118.37,1.741,34.22,-118.37,-0.29329178418152746,-0.1724158861322037,0.022203042999316924,0.0284120491071343,0.01324971686942201,-0.2581664314153005,0.21176843362509384,-0.030649251510954725,12.988756,7.87925,1
13.1107,17.0,8.111650485436893,0.9320388349514563,678.0,3.29126213592233,33.89,-117.89,4.676,33.89,-117.89,2.219221344218094,-0.15304035404833757,0.10771724881087064,0.000497676866526467,0.18877453119155949,-0.10909229877507946,0.1775527434921541,-0.0422639534848135,-3.0758724,7.076195,-1
2.9698,15.0,6.029473684210526,1.2021052631578948,1480.0,3.1157894736842104,36.3,-119.32,0.934,36.3,-119.32,-0.40934767061744276,-0.1404747451475543,-0.0626235239796695,0.036082474072294236,0.00628473858799896,-0.1411719789433657,-0.15208907146653447,-0.2470004920249568,9.309017,9.240175,-1
8.583,5.0,7.2727272727272725,1.0995670995670996,617.0,2.670995670995671,33.49,-117.71,3.977,33.49,-117.71,1.9747589091596467,-0.2956083945314765,0.04476847353457129,0.049397441680205614,0.08886218792321242,-0.0008096979062802408,0.2887986935450603,-0.28735837177106843,-2.9952786,6.9008574,-1
5.7578,20.0,6.630366492146597,1.037696335078534,2668.0,2.793717277486911,36.58,-121.86,3.477,36.58,-121.86,0.9868422891265932,-0.007986346536119068,0.014952876521132127,0.009640883617918697,0.044798777942433296,0.0021850291352198134,0.028576400907976782,0.11695846607322974,5.2924085,3.5674288,2
3.055,6.0,5.528,1.0346666666666666,826.0,2.2026666666666666,38.52,-122.76,2.241,38.52,-122.76,-0.30133690793895246,-0.031112316465260817,-0.06112093780475009,0.022389334108398613,0.006292182679436808,0.21903458106123297,-0.4667875727549816,0.46761121422338126,6.372434,9.289753,0
2.401,37.0,4.492581602373887,1.0,1121.0,3.3264094955489614,37.97,-121.22,0.584,37.97,-121.22,-0.6257006276358356,0.006833430143784549,0.023129235257067938,-0.0750237224216474,-0.0039182751585508805,-0.2258157066168781,-0.3663816968921449,-0.009280401805771405,7.640743,10.765623,0
1.6806,46.0,3.948936170212766,1.004255319148936,790.0,3.3617021276595747,32.67,-117.11,0.925,32.67,-117.11,-0.9832609969030327,0.05774711974022,0.0021462085013362942,-0.06242384662525243,-0.04551223134438855,-0.21860354119546122,0.30216421079494366,-0.3008906149250263,12.832176,10.041488,-1
5.5101,35.0,6.13968253968254,0.9746031746031746,905.0,2.873015873015873,34.19,-118.62,2.674,34.19,-118.62,0.5553154737073488,0.0935773515526296,-0.0020454132690452442,-0.07547702491103835,-0.04800364914618272,-0.14509380168038297,0.20008661633066907,-0.053962621326747805,7.2780013,2.8873715,2
5.8587,52.0,5.885922330097087,1.0558252427184467,962.0,2.3349514563106797,34.04,-118.43,4.947,34.04,-118.43,1.0527238513166728,0.46142891768126315,0.044808372440195504,0.09364007862835944,0.08084216694617563,0.4451849595945618,0.4081264578248363,0.10277940231276132,6.1809373,2.8989093,2
4.4821,35.0,5.9879310344827585,0.9706896551724138,2091.0,3.6051724137931034,33.84,-118.02,2.141,33.84,-118.02,0.1424896891749426,0.031789222151277066,-0.0035225275538219324,-0.060517470259462636,0.011317232550010778,-0.3421412291884315,0.2158455109481564,-0.09465238964799025,9.045829,3.8947117,1
3.066,17.0,5.346303501945525,1.0817120622568093,1174.0,2.2840466926070038,39.71,-121.71,1.026,39.71,-121.71,-0.4453321785172919,-0.058278118331077114,-0.07559851141398168,0.036471418659539595,0.024208471071370617,0.16771228525592358,-0.7635614200236209,0.09748206562277374,5.887646,9.66388,0
2.32,25.0,4.517676767676767,1.3535353535353536,1134.0,2.8636363636363638,38.95,-119.94,0.913,38.95,-119.94,-0.6214530048027157,-0.013300506294139905,-0.0189490109910976,0.05043312971712459,-0.001162029565171255,-0.043186233796570356,-0.4435561697068545,-0.05860000032408552,7.1950574,10.752391,0
2.2083,52.0,4.107438016528926,1.0909090909090908,547.0,4.520661157024794,34.03,-118.21,1.463,34.03,-118.21,-0.816877481842681,0.2584710974512888,-0.006283326813091449,0.03498769280056767,0.05414598324171788,-0.3336739000387858,0.33094115658683027,-0.084043442908097,13.463503,9.722296,1
4.5769,35.0,5.891447368421052,1.0592105263157894,988.0,3.25,37.73,-122.42,2.545,37.73,-122.42,0.16661776211871324,0.025672376812003517,0.03820560706641647,0.018243350836349058,-0.014321315055424812,-0.274574541804106,-0.018679481261887457,0.5424612440571891,7.1316295,5.8478594,2
4.1933,6.0,6.674351585014409,1.085014409221902,1851.0,2.6671469740634004,34.48,-117.26,1.631,34.48,-117.26,0.003263506905674933,-0.2763393044282301,0.029690288588094863,0.02805841305201706,0.02202278059724908,-0.03660984042818032,0.021060000803102618,-0.357459719138806,8.880184,3.144332,1
6.5945,21.0,8.132992327365729,1.1099744245524297,1413.0,3.6138107416879794,33.9,-117.88,2.773,33.9,-117.88,1.0771866777943797,-0.03697751730349369,0.10698564572869074,0.056802276958452046,-0.013071004166979596,-0.3723366434688165,0.1428005634380639,-0.09912566192957904,5.1879063,2.9508104,2
3.3675,33.0,4.84144645340751,0.9847009735744089,1726.0,2.400556328233658,32.78,-117.02,1.582,32.78,-117.02,-0.25463003762410985,-0.020467270408845037,-0.05557098027464796,-0.08902804642768959,0.029413595014995596,0.14962432751255053,0.3214325974999675,-0.4487464833199243,11.057999,9.486804,1
6.0433,20.0,6.470756062767475,1.0099857346647647,1812.0,2.5848787446504993,38.07,-122.41,4.359,38.07,-122.41,1.1782508280204544,-0.0013525850576150862,0.05026395458939007,0.03070272918679961,0.19791024207638774,0.27016594690428647,-0.29394467635154964,0.4326802238369217,5.0521393,3.9625146,2
9.3959,52.0,7.512096774193548,0.9556451612903226,1366.0,2.754032258064516,37.85,-122.24,5.00001,37.85,-122.24,2.2618541665764695,0.3598741038520734,0.04232295016126423,0.01773338745998153,0.02795440855612318,0.0013877484090123638,-0.22869126341479848,0.1386813666148446,-3.2755926,7.33497,-1
1.6591,52.0,2.5,0.8181818181818182,65.0,2.9545454545454546,32.73,-117.17,1.125,32.73,-117.17,-1.0219634027066722,0.20232484478243146,0.12094848399978736,-0.125492078342092,-0.05939910243532547,-0.07214643298254039,0.3533954951744737,-0.4550618865634636,12.010486,10.326798,1
2.0324,35.0,4.216666666666667,1.0208333333333333,633.0,2.6375,36.78,-119.81,0.555,36.78,-119.81,-0.7299656971131501,0.008649019693692512,0.0068173532225512985,-0.008985388459359266,0.012144872258768646,0.0022046483677878948,-0.20306405056549157,-0.24712772524319807,8.832686,10.094355,0
3.1304,44.0,4.181208053691275,1.0251677852348993,1951.0,3.273489932885906,34.15,-117.99,1.856,34.15,-117.99,-0.3446015995003805,0.13030269549780502,0.03332006653540752,-0.01057437064578795,0.009320324804261747,-0.31802116907159683,0.2731881503130296,-0.08437231055443814,12.772073,8.0786295,1
1.8875,34.0,4.247126436781609,1.0603448275862069,1735.0,4.985632183908046,34.02,-118.19,1.367,34.02,-118.19,-0.7039187426382503,0.0056627700137871495,0.03808283000380772,0.011894716544236163,-0.01059070494251517,-0.3230560996135172,0.2655355950469505,-0.11880428073755524,13.686251,9.362902,1
2.2917,44.0,3.514018691588785,0.8130841121495327,273.0,2.5514018691588785,34.09,-117.28,0.908,34.09,-117.28,-0.7811098188748726,0.05271507963785295,0.11555295817613156,-0.15189047522160573,-0.01810001526043899,0.05227319782181417,0.11625905906154599,-0.46950467420646735,11.327222,10.252613,1
13.2935,27.0,7.607142857142857,1.012672811059908,2336.0,2.6912442396313363,34.11,-118.49,5.00001,34.11,-118.49,2.1883979336983335,0.15297109773288456,0.05163152058235338,-0.004076838973323458,0.030203384233359106,0.014411243075091404,0.24208342806970598,0.0253144880695459,-3.0272171,7.3399243,-1
4.3897,14.0,7.451612903225806,1.1612903225806452,108.0,3.4838709677419355,38.93,-122.61,0.713,38.93,-122.61,-0.0848573772891423,-0.25466196019627135,-0.025057328613604664,0.011021475453592416,-0.25642980016171885,-0.22801237527270535,-0.5216610384824552,0.17188370253194762,6.6135926,7.9599743,0
4.7109,35.0,5.92,1.0057142857142858,1001.0,2.86,37.62,-122.03,1.987,37.62,-122.03,0.17847591673748234,0.01804117532078114,-0.09939820165981784,-0.09185512579835302,-0.016510598314472408,-0.09325442847803078,-0.09085451157419794,0.14112257071028705,6.976841,5.0564613,2
2.2917,14.0,6.105590062111801,1.0124223602484472,399.0,2.4782608695652173,39.22,-121.24,1.451,39.22,-121.24,-0.5666137222838126,-0.053390386276605875,-0.04148340380129149,0.025928940871567677,-0.03496959566172082,0.11755916191470403,-0.3236654214569744,0.04297120052485008,7.183438,10.354651,0
2.625,19.0,4.870307167235495,1.0614334470989761,1026.0,3.5017064846416384,36.3,-119.2,0.57,36.3,-119.2,-0.6764114620024918,-0.030726552318320367,-0.10017553239696468,0.013083377938729567,-0.02263275425837183,-0.3051472060384082,-0.18341000547731928,-0.25485417417962314,8.854942,10.315151,0
1.9871,35.0,5.1248073959938365,1.0724191063174113,2511.0,3.869029275808937,38.62,-121.46,0.609,38.62,-121.46,-0.7481759669517914,0.005604312712070026,-0.11254727031204395,0.012353984341777193,0.04059552792975459,-0.22228732452245056,-0.3724364037387093,-0.003992027480345035,7.803235,10.809283,0
1.3571,36.0,3.982689747003995,1.0945406125166446,2378.0,3.166444740346205,34.12,-117.28,0.706,34.12,-117.28,-0.9999058275222071,-0.0038562281721258806,-0.0004854321238984063,0.019423457217491474,0.025026093179673123,-0.186446002369921,0.05388301177338706,-0.28862967738108575,9.085253,10.9693575,0
2.8167,52.0,4.145985401459854,1.0170316301703164,1336.0,3.2506082725060828,37.35,-121.88,1.835,37.35,-121.88,-0.6304938676782407,0.2989232627873084,0.025827417169534992,0.04464655266396895,0.0071290387176964065,-0.24532196816456417,-0.0035261548407364367,0.1395682424593768,8.014447,9.739713,0
4.3571,51.0,2.813813813813814,1.045045045045045,527.0,1.5825825825825826,34.11,-118.34,4.688,34.11,-118.34,0.3296623504794754,0.5189321693856381,0.17858731407831754,0.08512284156054596,0.08358249359810105,0.8001773608769029,0.4744754244901001,-0.009380385783704865,10.790422,4.8977385,1
2.8043,16.0,5.158227848101266,0.989451476793249,721.0,1.521097046413502,37.99,-122.06,0.875,37.99,-122.06,-0.635945602832858,-0.04819094939743276,-0.13137769178617068,-0.108611387294983,-0.02257268017766049,0.1837232850323749,-0.5168605478397463,0.14097318045436366,6.4773774,10.47261,0
3.9659,33.0,5.322314049586777,1.0661157024793388,334.0,2.760330578512397,40.73,-124.1,1.118,40.73,-124.1,-0.28416529509164545,-0.03119021682357116,-0.05446287065701843,0.011173128244903269,-0.04649174573199421,0.0013101036621046916,-0.8484495427624147,0.2866799359686804,5.7988324,9.534545,0
6.0901,8.0,7.5360623781676415,1.050682261208577,1555.0,3.0311890838206628,37.95,-122.01,2.982,37.95,-122.01,1.0581598099161895,-0.2116386599194481,0.051822344382847677,0.04831322956004323,0.012915743784833181,-0.06927681995427126,-0.31187883846333153,0.08162316505264001,5.1100464,4.033461,2
3.6691,35.0,6.175438596491228,1.087719298245614,184.0,3.2280701754385963,33.97,-117.51,1.375,33.97,-117.51,-0.2698892535247877,-0.03609236348875766,-0.025794106371113082,0.021551479473933606,-0.01508114084080344,-0.2085755330802943,0.10546885744364877,-0.34099064633570914,10.540561,9.103932,1
2.5536,23.0,5.48,1.2114285714285715,425.0,2.4285714285714284,40.81,-124.11,0.961,40.81,-124.11,-0.6857988467048095,-0.003329266392266432,-0.08444211516070475,0.024881845222207568,-0.017892076019165162,0.09458893965949672,-0.7495144874933986,0.24392683731104817,5.867706,10.241238,0
2.375,32.0,3.2567567567567566,0.918918918918919,1799.0,4.8621621621621625,33.79,-118.25,1.28,33.79,-118.25,-0.5984830405022388,0.004072912058306085,0.143825511672626,-0.1005296599419328,-0.0023596895740315127,-0.33566702576977736,0.2409720629213037,-0.12071834528438145,13.788426,9.1131,1
5.7396,16.0,6.653846153846154,0.9461538461538461,403.0,3.1,36.97,-121.59,3.087,36.97,-121.59,0.8784719625308487,-0.12611396900987734,0.06044648713600059,-0.06459298599547804,0.09825104564034193,-0.015875919919579696,-0.004376974769438534,0.1007941686330023,5.426276,3.8074217,2
4.7569,19.0,5.701812191103789,1.044481054365733,2790.0,4.596375617792422,36.96,-121.75,1.908,36.96,-121.75,0.20176052621451432,-0.0426179892800762,-0.056116657782988175,0.015920369106675658,0.028847342540966377,-0.2731817135862587,-0.05652454012585139,0.09617675257082323,6.982518,4.998604,2
3.8147,19.0,5.024813895781637,1.0272952853598014,1663.0,4.126550868486352,33.14,-117.2,1.392,33.14,-117.2,-0.22473258270575414,-0.08188813721313262,-0.06346052119742326,0.006849724789649804,0.01077012034746045,-0.24020955580617862,0.26794451081477005,-0.31523379147361347,10.934036,8.862096,1
1.6351,23.0,4.9950248756218905,1.099502487562189,697.0,3.4676616915422884,32.79,-115.55,0.596,32.79,-115.55,-0.9696896219435832,-0.025422456111463335,-0.08405115677543366,0.017703301617622683,0.00028165377470067984,-0.20399633333679926,0.29849015009216656,-0.48810560086667687,12.073541,10.264509,1
3.7844,4.0,3.958795562599049,1.2282091917591125,1213.0,1.9223454833597464,37.25,-121.87,1.839,37.25,-121.87,-0.06831300178277568,-0.21390087015241407,-0.04001593826467634,0.004617717354673046,-0.003629209634219388,0.3267207768540637,-0.040022617673895075,0.15937909066083011,7.812725,7.238685,-1
1.3125,10.0,4.438356164383562,0.9680365296803652,773.0,3.529680365296804,33.94,-117.28,1.357,33.94,-117.28,-0.7528436419765981,-0.08430212911476168,0.014378712801889605,-0.017338303303478002,0.004550770165935059,-0.14514950516793385,0.12940252002481653,-0.1628946905795818,10.758416,9.989003,1
2.4964,32.0,5.79020979020979,1.1083916083916083,1037.0,3.625874125874126,37.37,-120.75,0.888,37.37,-120.75,-0.6853092186614662,0.0036948597843355396,-0.11142704220261306,0.0187676584131115,-0.014464118603526182,-0.30574869725307174,-0.1490619062157324,-0.03929969922837474,8.5164175,10.337424,0
2.096,34.0,2.466893039049236,0.99830220713073,1987.0,3.3735144312393888,34.05,-118.3,1.875,34.05,-118.3,-0.5382056918027521,0.011059670667112727,0.35711904933575916,-0.06856049326666004,0.016989055681636275,-0.34644546623027134,0.2782534310894964,-0.08350250266443299,13.85416,8.972519,1
3.8047,13.0,4.079741379310345,1.0495689655172413,1018.0,2.1939655172413794,37.26,-121.88,2.047,37.26,-121.88,-0.09290391223374232,-0.21116789208911682,-0.038562322338892584,0.027882045015864745,-0.005456923712197392,0.30083820819202994,-0.03618669697776731,0.1622510193847145,7.828795,7.307313,-1
1.625,25.0,6.338842975206612,1.7024793388429753,301.0,2.487603305785124,40.77,-123.28,0.792,40.77,-123.28,-0.9348222181571055,0.010845681912627716,-0.04901105684069812,0.08618895449274622,-0.070989539836104,0.08383863394985233,-0.7331291530114837,0.1930182180322116,5.8872595,10.365938,0
3.7527,38.0,4.410596026490066,1.0364238410596027,1627.0,2.693708609271523,33.87,-118.18,1.619,33.87,-118.18,-0.18639369908312556,0.12459852378707702,0.01897135470512443,-0.0018813303051933058,-0.0013908851773723689,-0.011792803611782953,0.32217041510492567,-0.09786642400521614,12.325946,7.0981364,1
4.0729,38.0,5.271875,1.0484375,1906.0,2.978125,34.13,-118.01,2.123,34.13,-118.01,-0.15288478402222308,0.125986999364351,-0.04716945055925288,0.021909192884601046,0.005024712951132356,-0.11502006207328828,0.2493627609871031,-0.0647910540336715,12.474767,7.311929,1
3.942,47.0,5.379069767441861,1.0069767441860464,947.0,2.202325581395349,37.94,-122.34,1.433,37.94,-122.34,-0.2551096331251591,0.07551097515254025,-0.0410401351146919,-0.09885580266045856,-0.01727695697885841,0.23002495791740166,-0.7093760673739954,0.2152208422304364,5.9788246,9.440044,0
3.962,43.0,4.536723163841808,1.152542372881356,862.0,2.4350282485875705,34.0,-118.45,3.458,34.0,-118.45,-0.10255027549722481,0.21221802799280537,-0.041066557853716525,0.06033902792864743,-0.02862424952467474,0.2027259224591904,0.45719725952859547,0.09767067100052869,10.855293,5.4117146,1
2.6607,16.0,6.151468315301391,1.054095826893354,3174.0,4.905718701700154,32.82,-117.11,1.75,32.82,-117.11,-0.5414482396910706,-0.06927839186270215,-0.03915692793448143,0.022502137913295767,0.16046477200449363,-0.1729542047030281,0.32283894822905357,-0.3509615873320475,11.01614,9.554868,1
1.815,52.0,2.8531468531468533,1.0,313.0,2.1888111888111887,32.73,-117.17,1.167,32.73,-117.17,-0.9277568637392066,0.1930806174555351,0.10529586946038672,-0.1651376809983369,-0.039380535803148924,0.20384104960558025,0.3578439570888311,-0.6381248660163049,11.763678,10.338639,1
4.7426,19.0,5.871428571428571,1.022857142857143,1064.0,3.04,37.93,-121.66,2.631,37.93,-121.66,0.1994422892283752,-0.013977547428414424,0.03462120378033348,0.014198095609936274,-0.002583295495976854,-0.08036632795498595,-0.1549357904491599,0.13382262229637074,6.873462,5.1413403,2
1.8816,33.0,7.871794871794871,1.8241758241758241,631.0,2.311355311355311,41.06,-122.34,0.658,41.06,-122.34,-0.7427235960627877,-0.03569438050246271,-0.029744976364178305,0.06294089528368324,-0.038814503923458754,0.06015505852840415,-0.8244131977988244,0.13519634964304364,5.784765,10.328048,0
3.1012,34.0,3.6923076923076925,0.9467455621301775,1960.0,5.798816568047338,33.9,-118.18,1.404,33.9,-118.18,-0.3818227806666926,-0.01163538498192139,0.06596740920651227,-0.08272793911508693,0.009906552176679198,-0.30541805044366077,0.24538758354686713,-0.12079196790992636,13.099053,8.109523,1
6.746,5.0,7.080645161290323,0.9650537634408602,1173.0,3.153225806451613,34.05,-117.14,2.041,34.05,-117.14,0.9688156628743224,-0.2712925973311521,0.0595773696020776,-0.09026289281338339,-0.012822997441184794,-0.3315546564875514,0.0762874485617736,-0.31496758559863536,5.096164,2.7405636,2
2.8727,25.0,4.365346534653465,1.007920792079208,4579.0,4.533663366336634,34.23,-118.55,2.451,34.23,-118.55,-0.30677918790261693,-0.035816143742543945,0.05449200873797602,0.01812059315738614,0.17197667790954801,-0.22460869838727132,0.21147887471427737,-0.019312591928570547,13.043892,7.793369,1
4.1797,43.0,6.344569288389513,1.0599250936329587,674.0,2.5243445692883895,34.15,-118.03,4.868,34.15,-118.03,0.3035915231049638,0.3804744959735198,0.1136612399318777,0.03323520997907125,0.14032492785865147,0.3467991791195444,0.4815839976288827,0.024042879071871623,10.655933,4.8317847,1
6.2609,8.0,7.468879668049793,1.020746887966805,1421.0,2.9481327800829877,32.77,-116.9,3.071,32.77,-116.9,1.0499593823854578,-0.26183379023147124,0.06888605195673594,0.017662602288276184,0.018495925100889838,-0.07087438912662931,0.28628070940353617,-0.3104556537598587,5.1764026,2.5894895,2
4.2759,33.0,5.513119533527697,0.9737609329446064,932.0,2.717201166180758,33.81,-117.94,2.38,33.81,-117.94,0.1020735407370446,0.026089277567602574,-0.044006849535666116,-0.07097981585414416,-0.030928210438328555,-0.013341661411824962,0.2588469762716597,-0.04500534461727992,9.569606,4.1558995,1
3.1378,13.0,4.135957066189624,1.0590339892665475,2038.0,3.6457960644007157,33.92,-117.95,1.37,33.92,-117.95,-0.29277674832668243,-0.16645506540521926,0.02278606566798114,0.009970378062359089,0.0008343740438910234,-0.2872645134800179,0.21914185741908568,-0.09869599523451619,13.044826,7.9474607,1
6.5764,17.0,6.55511811023622,0.9724409448818898,755.0,2.97244094488189,33.89,-117.95,3.49,33.89,-117.95,1.1244615248030763,-0.11585300479445577,0.03469646062463969,-0.07604315860350523,0.043881951525101326,-0.03719081731408354,0.18681286818297854,-0.057090346121286106,5.2572412,2.8022594,2
4.6071,30.0,6.114180478821363,1.0847145488029466,1470.0,2.707182320441989,37.97,-121.99,1.841,37.97,-121.99,0.11880695307053793,0.04075081368917293,-0.0068410721346924075,0.024251948095059244,0.016578129440205435,-0.03361086662606418,-0.44272141541977905,0.12253015518206894,6.4946423,7.3346148,-1
3.6094,42.0,4.900990099009901,0.9570957095709571,971.0,3.2046204620462047,37.95,-122.35,1.146,37.95,-122.35,-0.2619391752104216,0.05736281038808743,-0.049146490888601735,-0.05254685342813406,-0.07499670053275474,-0.2325025512872762,-0.4869286299080676,0.16556567370879616,6.460456,8.468374,0
3.1625,16.0,5.99234693877551,1.1377551020408163,1302.0,3.3214285714285716,37.68,-120.97,1.303,37.68,-120.97,-0.40345447588313665,-0.10129409532920919,-0.06343391793976678,0.04299231733326657,-0.005568596411697877,-0.2810298552868782,-0.2054307443361681,-0.05330165191085959,9.045171,9.151042,-1
4.7625,13.0,5.265206812652068,1.002433090024331,1087.0,2.6447688564476888,37.41,-121.95,1.375,37.41,-121.95,0.04972479310583528,-0.28586963876463073,-0.036595890525076114,-0.0922174545229647,-0.010333611032180704,-0.008355291999575526,-0.0408839019442244,0.13447495229263745,7.607725,7.237387,-1
2.817,19.0,6.108695652173913,1.1603260869565217,1207.0,3.279891304347826,33.72,-117.29,1.1,33.72,-117.29,-0.5834551613090065,-0.03232048729421682,-0.05391720349221844,0.04056431237139211,-0.012140276835640871,-0.19257467417596366,0.12395131026967948,-0.33574078264451973,10.693999,9.914344,1
4.8,20.0,5.430232558139535,1.1046511627906976,229.0,2.6627906976744184,37.08,-122.04,2.615,37.08,-122.04,0.22131172594795967,0.019475858218065384,-0.03205030380578674,0.025092356252289352,0.01598502064838482,-0.02862231549903238,-0.04848936758807929,0.16284288242496395,6.9513884,5.1927443,2
3.9559,42.0,4.6528662420382165,0.9617834394904459,986.0,3.140127388535032,33.88,-117.99,1.611,33.88,-117.99,-0.16116527846545187,0.1523505826513498,0.02643908062806737,-0.058279158583136474,-0.03247774829437215,-0.3633017707611546,0.22571472597378878,-0.07665158337059338,12.670321,7.7352977,1
4.8906,16.0,6.404210526315789,1.1031578947368421,1516.0,3.191578947368421,34.02,-117.67,1.785,34.02,-117.67,0.14596346655936937,-0.1513885477824504,0.005282830686155975,0.024341714451839,0.008395686991354854,-0.21429583385280312,0.06679042280587882,-0.26064805976460403,8.876491,3.2211413,1
3.3534,41.0,4.318367346938776,0.9306122448979591,778.0,3.1755102040816325,34.21,-118.61,1.805,34.21,-118.61,-0.17932791655794686,0.13889597454462926,0.03695326226854728,-0.0802233061656894,-0.03037830332423995,-0.31977841279936287,0.19743569294118032,-0.05890163964777736,12.691115,7.750361,1
1.8269,32.0,4.445544554455446,1.4653465346534653,825.0,2.722772277227723,39.24,-120.02,2.25,39.24,-120.02,-0.5669811302324063,0.023690322088107264,0.06946109009276424,0.21200348722633477,-0.013582771891329112,0.057963103957168305,-0.19441684454074334,0.11111749182103814,7.4237666,10.0164,0
2.2482,19.0,4.524978089395267,1.077125328659071,2680.0,2.3488168273444345,34.14,-117.25,1.145,34.14,-117.25,-0.7644043204465931,-0.01867693973952108,-0.043719783783161256,0.050397272585546674,0.02006452593711829,0.10498287580100746,0.07479407918816798,-0.4034168700293227,11.147885,10.149238,1
2.1836,24.0,3.1074380165289255,1.0611570247933884,2646.0,4.373553719008265,33.98,-118.18,1.62,33.98,-118.18,-0.6157151336650754,-0.016139141878975805,0.1921779448740248,0.02518383130076644,0.05835485687479811,-0.35672895071348243,0.27259413783690506,-0.11026620347250354,13.834884,9.002673,1
4.4122,40.0,5.605113636363637,1.0852272727272727,774.0,2.1988636363636362,34.16,-118.37,2.823,34.16,-118.37,0.12856127378527873,0.1582184479154951,-0.051264666237683436,0.04200560566660992,-0.030784308682520627,0.34352631769755,0.3214984923015968,-0.015242585768688933,10.28324,4.832182,1
3.6429,42.0,5.246628131021194,1.115606936416185,1419.0,2.7341040462427744,37.78,-122.49,3.284,37.78,-122.49,-0.05740749266640171,0.18162243753314447,-0.03016413359877004,0.03506928252981572,0.02142581177284642,-0.017046718927833576,0.055953967815411336,0.7542627779669777,7.466445,6.194956,2
4.8594,38.0,6.363636363636363,1.0714285714285714,874.0,2.8376623376623376,34.1,-118.06,2.659,34.1,-118.06,0.1941119471096612,0.14908852778265028,0.008073506179351743,0.0194235055882742,-0.027801580482332666,-0.1342662642643294,0.26399384608196075,-0.036588247727568565,9.471508,4.1454263,1
1.9643,41.0,4.6066666666666665,1.065,2122.0,3.5366666666666666,37.63,-121.01,0.749,37.63,-121.01,-0.8249006249938241,0.040459229456695486,-0.029215052850504547,0.013022506662115593,0.016229577891234276,-0.2857419570479762,-0.20992643831949961,-0.05799232805330539,8.50795,10.649661,0
3.1795,32.0,4.889830508474576,1.0084745762711864,1509.0,2.557627118644068,33.93,-117.42,1.256,33.93,-117.42,-0.5401167499790738,-0.027564242767964656,-0.0653048919004616,0.0029754906672005733,0.012110910632095498,0.09448805753887501,0.07836690844999938,-0.4366191522821443,11.037206,9.95547,1
2.7601,25.0,4.553738317757009,1.0724299065420562,602.0,1.4065420560747663,33.6,-117.71,0.725,33.6,-117.71,-0.7033868621993592,-0.04212542429482035,-0.12287051410762946,0.018545375270466635,0.006113408466700321,0.42667632798633826,0.11723756616466424,-0.7774551107860165,11.469245,10.249045,1
2.8472,27.0,12.32,2.993333333333333,396.0,2.64,40.16,-123.22,0.413,40.16,-123.22,-0.4961401132955068,-0.044972075219665494,-0.07545138674780501,0.027841968249733662,-0.0806504910352629,-0.05960948120298787,-0.8833957812746364,0.14079184986689708,5.745001,9.706856,0
2.734,26.0,4.2207920792079205,1.0267326732673268,2199.0,2.1772277227722774,32.77,-117.04,1.489,32.77,-117.04,-0.7049794489526894,-0.01495467425300446,-0.027346150366711557,0.009999587060590294,0.025775191320310437,0.16748429017866626,0.32961460132583686,-0.5658465913832167,11.458312,10.129315,1
3.3643,52.0,4.161592505854801,1.1381733021077283,932.0,2.1826697892271665,37.8,-122.42,4.2,37.8,-122.42,0.08546886143304222,0.5977591956356975,-0.013481164155817344,0.11336860513716931,0.0035002687422638684,0.33530852306985987,0.12604604825719629,0.6220516679337051,7.638115,5.8179774,2
8.5403,23.0,7.851528384279476,0.9847161572052402,1292.0,2.8209606986899565,33.77,-117.79,4.513,33.77,-117.79,1.9845463996881363,-0.09867040548300465,0.06178709389585161,-0.003939243795459717,-0.0021678044491824752,-0.036122759054934866,0.15832740708779303,-0.06655399612964522,-3.15164,7.1348352,-1
6.0666,30.0,6.446064139941691,1.0087463556851313,844.0,2.4606413994169096,37.84,-122.2,3.115,37.84,-122.2,1.0343966407534075,0.07704917973655939,0.01776134247281845,-0.01303782145313713,-0.05789620545024314,0.196040010137949,-0.3099136616595699,0.15799562846346313,5.162494,4.077057,2
4.3229,7.0,5.6235697940503435,1.0125858123569793,2833.0,3.2414187643020593,34.7,-118.12,1.3,34.7,-118.12,0.05600122866394696,-0.284733566476996,-0.06799383987683498,0.027737369058389066,0.009029890857130468,-0.2876243783133097,0.11553900005165775,-0.15044485872405453,9.094165,3.4048154,1
5.8362,32.0,6.511029411764706,1.088235294117647,995.0,3.6580882352941178,33.77,-118.01,2.175,33.77,-118.01,0.8318820809191078,0.046312863221678026,-0.001370285677073634,0.038248425137399955,-0.0478103343351096,-0.4322492520942923,0.18187075165088598,-0.09682162408319285,5.285935,3.11846,2
2.95,35.0,4.370535714285714,1.0803571428571428,1146.0,2.5580357142857144,37.68,-122.12,1.489,37.68,-122.12,-0.4533074815777615,-0.024841070264675618,0.02120291942048728,0.042119344240951546,0.012737285325971672,0.06359866983973435,-0.22347168821326227,0.23365545031985438,7.1655626,9.751803,0
5.5925,13.0,5.757981462409886,1.043254376930999,3188.0,3.283213182286303,34.3,-118.9,2.086,34.3,-118.9,0.4433724073158839,-0.27597696232322233,-0.06300499693002522,-0.00813447090112078,0.051119172516723904,-0.2778596888962346,0.14709928999777414,-0.06902849598362938,7.675605,3.066471,-1
6.5783,15.0,5.9335443037974684,1.0,890.0,2.8164556962025316,33.69,-117.79,2.448,33.69,-117.79,1.0158968319035542,-0.24828129771365728,-0.10636801575156586,-0.1038948308272175,-0.0607723154011566,0.00535370597172316,0.2166173722522479,-0.10421132042366504,5.1068664,2.548658,2
1.9224,36.0,3.902542372881356,0.847457627118644,585.0,2.4788135593220337,37.92,-122.35,0.94,37.92,-122.35,-0.7588536275140911,0.005670236072709364,0.010858013394502364,-0.13105120786967514,-0.019874226901948393,0.07184453045562081,-0.27443445157446267,0.158844546232742,7.223685,10.359035,0
3.9808,35.0,5.3099630996309966,0.9630996309963099,804.0,2.9667896678966788,34.07,-117.89,1.886,34.07,-117.89,-0.20314974307797823,-0.025402290188167993,-0.041564285412822644,-0.0676232215748531,-0.0381254002824559,-0.0986840733112126,0.243300091421763,-0.056704937678401686,12.396557,7.1960316,1
4.6019,8.0,5.05175983436853,1.0393374741200827,1113.0,2.3043478260869565,33.67,-117.81,2.425,33.67,-117.81,0.08117936566182332,-0.3489016470356338,-0.0517173385032644,0.03097248529510855,-0.024075719308847127,0.298289135095831,0.36858212930359346,-0.12493302410990603,10.149724,5.2663965,1
5.8661,16.0,7.888888888888889,1.1071428571428572,770.0,3.0555555555555554,33.06,-117.16,4.045,33.06,-117.16,1.1900266406967812,-0.12125495704532016,0.22985011377417874,0.08253214706451045,0.0234156832686077,-0.03193604403530627,0.34305646174831134,-0.17012841052638417,5.331626,2.4926283,2
2.5197,15.0,3.8697318007662833,1.049808429118774,649.0,2.4865900383141764,33.67,-117.82,3.5,33.67,-117.82,-0.48046040060000955,-0.09709256949932403,0.2961974591062132,0.05320103663976271,0.17665382167478394,0.19319902688162416,0.502645157483042,-0.019728785280195144,12.228174,6.7211995,1
5.0196,52.0,4.7224576271186445,1.055084745762712,1079.0,2.2860169491525424,37.74,-122.43,3.243,37.74,-122.43,0.24136796060963056,0.5099744445962907,-0.017970465096290165,0.05817147984009488,-0.012595807175610372,0.2622773890680458,0.03158105963453514,0.4188972223286237,7.498696,5.8113847,2
5.2149,18.0,4.758426966292135,1.0393258426966292,733.0,4.117977528089888,34.2,-118.59,2.019,34.2,-118.59,0.18461889393131556,-0.04794483685588482,-0.026471864090811918,0.0038562016490476317,0.0011851455666574988,-0.28608459031833694,0.18946865701431234,-0.0652921636014907,9.048261,3.8779337,1
4.3952,12.0,5.860688550840672,1.0240192153722978,4048.0,3.2409927942353884,32.88,-116.98,1.517,32.88,-116.98,0.06686240233831248,-0.2663551644426039,-0.06374072791973905,0.005357851874971597,0.09080447245663094,-0.1977285047470599,0.2645416708101694,-0.3382799582519579,9.031288,3.0720716,1
3.9375,17.0,18.5,3.0125,202.0,2.525,39.19,-120.1,2.132,39.19,-120.1,-0.1705063066650433,-0.026899855795312493,0.07142177814499957,0.10294362456107184,-0.028347201930547926,0.0873025805050041,-0.33006623125327744,0.12474127618579625,6.597872,8.370664,0
1.7622,36.0,3.928716904276986,1.0712830957230142,974.0,1.9837067209775967,32.75,-117.25,2.058,32.75,-117.25,-0.8377720030209554,0.03219458881697383,0.06823602711848248,0.0713279946093277,-0.010895475540920154,0.2970994866994201,0.4204798906116898,-0.3521398674765616,11.692836,10.218265,1
2.3674,18.0,5.348453608247422,1.111340206185567,817.0,1.6845360824742268,33.68,-117.96,2.192,33.68,-117.96,-0.6757855547614496,-0.04394925814781297,-0.09345786736359141,0.03568244896640328,-0.05007126861538055,0.5772795480703722,0.40548477994525095,-0.03622833935818005,11.62899,6.1120467,1
9.0683,15.0,7.226235741444867,1.0304182509505704,1992.0,3.7870722433460076,33.89,-117.97,3.674,33.89,-117.97,1.9196162532577001,-0.2914898808628133,0.0588661887545405,-0.028587119504383154,-0.015486931881301255,-0.16886801446324665,0.12001644668707624,-0.0695426533905653,-3.1341295,6.9312897,-1
7.5218,23.0,7.7362068965517246,1.006896551724138,2024.0,3.489655172413793,37.23,-121.82,2.915,37.23,-121.82,1.2074320852446043,-0.029227908808068425,0.0453162120954238,-0.09981964331346849,-0.004071690835812098,-0.23994070351091887,-0.015298297304641842,0.07149448748280772,5.1851425,3.5589035,2
6.6818,25.0,6.345,1.0,1678.0,2.796666666666667,37.3,-122.04,4.113,37.3,-122.04,1.2961330044773216,-0.008869309155604178,0.01787094033756855,-0.09796769163937384,0.06676969765357951,0.06087515339991206,-0.012987311187721394,0.14648187425534548,5.118955,3.556259,2
5.5767,36.0,5.993055555555555,0.9965277777777778,820.0,2.8472222222222223,33.83,-118.11,2.181,33.83,-118.11,0.561657550690907,0.0848008929554237,-0.001268280345423228,-0.07679602088342113,-0.06548397546250259,-0.1420371256153682,0.25032907680107214,-0.09543088238269724,7.1933203,2.825969,2
3.4695,6.0,6.402402402402402,1.1246246246246245,2005.0,3.0105105105105103,34.42,-117.56,1.388,34.42,-117.56,-0.187607919835733,-0.1595378583591136,-0.013248697613698969,0.011506188987130314,0.015448107892849576,-0.08016589264941577,0.045141324308857304,-0.3595663600143494,10.462616,9.102388,1
5.6184,29.0,5.885416666666667,1.0069444444444444,1543.0,2.6788194444444446,34.24,-118.28,3.169,34.24,-118.28,0.6587907942136535,0.04798441839321911,0.021645973136710853,-0.0735679143746338,0.03461955075252601,0.05142158449882002,0.21677928481898065,-0.1104412901539938,7.050773,2.8372402,2
3.1818,36.0,6.510067114093959,1.0570469798657718,850.0,2.8523489932885906,35.29,-120.65,2.496,35.29,-120.65,-0.39707098314372663,-0.010204433624606516,-0.044622717477495306,0.040373714810875656,-0.017939156246386898,-0.059147910054499056,0.22955184280192323,0.10062630556795905,12.353038,6.986705,1
2.5478,15.0,5.394833948339484,1.1586715867158672,774.0,2.856088560885609,38.89,-121.94,0.917,38.89,-121.94,-0.5665617277555457,-0.07007323105422188,-0.08690668596632192,0.03378603350490059,-0.009639728780008381,-0.04756380288534123,-0.41521716293729216,0.11432809766371424,6.9715466,10.577096,0
6.3132,18.0,6.73536299765808,0.990632318501171,1395.0,3.2669789227166275,37.69,-121.91,2.592,37.69,-121.91,0.8798101475657923,-0.05904300357703091,0.027661452184160572,-0.09836446591156311,-0.0027859097979201857,-0.25141878756078884,-0.10985561307395245,0.10205016353982013,5.438214,3.7962716,2
1.4531,42.0,4.281376518218623,1.1275303643724697,1532.0,3.1012145748987856,34.13,-117.3,0.715,34.13,-117.3,-1.1054282483224642,0.05610059989376992,0.007180547966118926,-0.00371509727758281,0.004947192767908081,-0.11053437857997336,0.04013608583966967,-0.32976567344424124,9.051364,11.020179,0
3.1417,15.0,4.658823529411765,1.0549019607843138,1197.0,2.347058823529412,36.8,-119.73,0.746,36.8,-119.73,-0.4278708973180982,-0.16091501564218455,-0.013764530654734104,0.029437909397896207,0.0018545159850090606,0.06321632393278868,-0.23352938636421094,-0.24924430073705978,8.866912,9.621066,0
3.5441,14.0,5.980535279805353,1.0535279805352797,1352.0,3.289537712895377,35.37,-118.87,0.87,35.37,-118.87,-0.1781588772089264,-0.1567746630369612,-0.05069919719205306,0.019173982464350602,-0.005201216690717023,-0.32436698212232373,-0.15324458600955554,-0.24099126652983496,9.562421,8.942001,-1
5.5702,19.0,5.356435643564357,1.0507425742574257,2243.0,2.775990099009901,33.71,-117.96,3.426,33.71,-117.96,0.6790836516990072,-0.011394367844363318,-0.045072613004117495,0.039474368651827484,0.014815244791427679,0.05436379606367998,0.33326273576435805,-0.09968115839597888,6.8808618,2.7613435,2
2.0217,43.0,4.718220338983051,1.194915254237288,956.0,2.0254237288135593,34.01,-118.33,1.875,34.01,-118.33,-0.756635993129793,0.12501402013404286,-0.09008268144495842,0.01128000707907483,-0.026544382955239365,0.3959426916983665,0.3995130739125739,-0.00032984709786451746,11.752651,6.221934,1
5.0679,30.0,6.18849840255591,0.9424920127795527,695.0,2.220447284345048,34.27,-119.22,2.343,34.27,-119.22,0.20906631925380303,0.06603823668601495,0.007857181746289245,-0.09027405535997558,0.006686941484023564,0.2621556429125515,0.2111483936647836,-0.07280234793448649,10.078416,4.710095,1
4.7946,18.0,7.049056603773585,1.1886792452830188,747.0,2.818867924528302,34.69,-120.37,2.906,34.69,-120.37,0.16151183133557256,-0.04363549420910928,0.0710703527059151,0.07749994456504768,0.007194648827011952,-0.07366173852437617,0.2011070297400601,0.08396298631112464,9.445162,4.190145,1
4.7283,30.0,7.295264623955432,1.0306406685236769,940.0,2.618384401114206,38.63,-121.36,1.645,38.63,-121.36,0.09906591856121685,0.03638224952920463,0.05868600225499172,0.004544580448232158,-0.002820435798233303,0.004000225856014596,-0.45720988306043464,0.03542096075262059,6.5019784,7.383749,-1
6.8099,15.0,6.221590909090909,0.8977272727272727,361.0,2.0511363636363638,33.03,-117.07,3.282,33.03,-117.07,1.2047837973688367,-0.25022333477760317,0.028874133113655796,-0.11203533820227568,-0.019283445195569356,0.19019745207730412,0.3169983349599644,-0.35607884982334154,5.1890616,2.5658317,2
1.564,35.0,4.519886363636363,1.0340909090909092,1290.0,3.664772727272727,37.63,-121.02,0.818,37.63,-121.02,-1.0075259808551034,-0.002607926212617229,-0.011586246693814662,0.004321813460342993,-0.01062745582191623,-0.2836974503684752,-0.18999167715185983,-0.012298671047049079,8.497863,10.90027,0
2.2768,14.0,5.132553606237817,1.0331384015594542,1324.0,2.580896686159844,40.46,-122.27,0.786,40.46,-122.27,-0.6430052645614646,-0.07016820714089857,-0.09790346023944767,0.009324026381366922,-0.013333463942849061,0.07270792286302476,-0.6120977713370793,0.13063302288685624,6.2942038,10.416983,0
4.7515,18.0,5.260416666666667,1.0873397435897436,3079.0,2.4671474358974357,33.71,-118.01,2.956,33.71,-118.01,0.2335134061765489,-0.03801814862319065,-0.058871338636866354,0.05283942802321602,0.001179040277218804,0.26722856549800084,0.3755957608219384,-0.09072961456740919,10.13235,4.8012652,1
3.5775,33.0,5.767857142857143,1.0482142857142858,1579.0,2.819642857142857,37.68,-121.01,1.097,37.68,-121.01,-0.21510457238522235,-0.03732072255737204,-0.08260264181768073,0.020363944418632034,0.017494845221358888,-0.07594720438817379,-0.1862961339685288,-0.03486145660642199,7.8635225,8.44258,-1
3.1679,21.0,5.080962800875273,1.1334792122538293,662.0,1.4485776805251642,33.62,-117.72,1.1,33.62,-117.72,-0.5789855164498906,-0.07505619972154239,-0.1224713662739192,0.05597339680271265,0.04598063508141268,0.3323526713770434,0.1770924275386039,-0.7406171296493094,11.497165,10.214055,1
2.6307,36.0,4.803571428571429,1.2633928571428572,773.0,3.450892857142857,34.13,-117.31,0.664,34.13,-117.31,-0.6817541551033873,-0.012057252621812982,-0.0899813399875163,0.007493722141570156,-0.02299584629096856,-0.2071170987372363,0.06014180251881721,-0.2856371547682935,10.575772,10.066916,1
3.9792,15.0,3.0072992700729926,0.9343065693430657,310.0,2.2627737226277373,33.96,-118.41,2.667,33.96,-118.41,-0.030185010920061556,-0.172737386203044,0.11270243993075771,-0.1529792446575532,0.024215335915306335,0.405392489412512,0.48078161319672447,0.136425113726422,10.863462,5.6410704,1
3.6398,27.0,5.952702702702703,1.0518018018018018,1455.0,3.277027027027027,38.21,-121.32,1.467,38.21,-121.32,-0.28168120288799064,0.00399216122830177,-0.05076273456089918,0.0204364298318829,0.012809074968354721,-0.227210677745416,-0.39968648756175534,-0.0020957618273779806,6.6503496,8.507729,0
2.9338,18.0,2.866228070175439,0.9671052631578947,884.0,1.9385964912280702,34.0,-118.41,2.763,34.0,-118.41,-0.351038659478718,-0.06086653612562013,0.17251589049576357,-0.13399683320014955,-0.022155227384066566,0.4076452767831515,0.44568707994709783,0.16358010627906006,11.076132,5.842435,1
15.0001,43.0,5.6875,0.75,58.0,3.625,37.46,-121.87,5.00001,37.46,-121.87,2.4333699963553586,0.2612096018749642,0.015133438655771193,-0.005427358856092225,-0.08767486553012292,-0.006181678337811987,-0.008551870932170042,0.11372838805954162,-3.2034295,7.4458566,-1
5.1333,43.0,5.335968379446641,1.007905138339921,1146.0,2.2648221343873516,33.97,-118.39,3.459,33.97,-118.39,0.19033457906290924,0.2664284233541764,-0.08491865028381587,-0.014875828648817474,-0.0023096636693627952,0.3538915702317626,0.4449002884760147,0.09571458680311541,10.432636,4.7965126,1
2.2234,19.0,2.752393980848153,1.0013679890560876,3483.0,4.764705882352941,34.2,-118.39,1.813,34.2,-118.39,-0.5266964919307666,-0.006589631965150805,0.18239155824233882,-0.06485185089716163,0.1336620029294623,-0.26640374186695365,0.21317043897517068,-0.02697935008919473,13.87821,8.907017,1
5.0164,13.0,6.58154859967051,0.9967051070840197,1969.0,3.243822075782537,37.98,-121.82,1.652,37.98,-121.82,0.058810508797931,-0.2048812338946908,0.032475756870294734,-0.08034733965997067,0.024840668358688457,-0.15550965678234938,-0.35063894752429015,0.09833818204600547,6.713249,7.464331,0
6.5784,38.0,6.327402135231317,1.0249110320284698,870.0,3.096085409252669,34.12,-118.02,4.085,34.12,-118.02,1.245680424484684,0.21710590219401124,0.026603268753284635,0.011844183331475282,-0.044061554539964354,-0.01981389381171019,0.211195998773446,-0.049557475293567965,5.6199207,2.889915,2
4.2192,14.0,5.816326530612245,1.054945054945055,3597.0,2.8233908948194664,32.74,-116.97,1.761,32.74,-116.97,0.04621736382804971,-0.25817896755082703,-0.059328654758060505,0.018966602409302525,0.05114796624770519,-0.09301057354746839,0.3066203559510902,-0.3879578344293314,9.097454,3.001722,-1
4.2448,10.0,4.823889739663094,1.1960183767228179,1582.0,2.4226646248085757,34.26,-119.21,1.573,34.26,-119.21,0.04952159892610416,-0.37294722846913747,-0.07097142248676376,0.030116546705424675,0.009244304786644857,0.21010997692417344,0.18997422754568832,-0.07337720687332812,9.966064,5.266622,1
4.9803,29.0,5.33378196500673,1.0390309555854644,2104.0,2.831763122476447,33.83,-118.01,2.086,33.83,-118.01,0.220273896219088,0.030538692775514405,-0.05011450805820407,0.011197335638419556,0.0017520223250599876,-0.1335532800653032,0.22630966616172057,-0.08472982576350208,9.311383,4.1343412,1
2.824,36.0,4.467775467775468,1.0956340956340955,1359.0,2.8253638253638256,33.97,-118.03,1.679,33.97,-118.03,-0.43417063870416034,-0.005986729440618068,0.028234189497864347,0.028932071788860814,-0.011720002319912146,-0.08765394778561351,0.2694996566628693,-0.06381541278851126,12.383652,6.914262,1
2.4537,20.0,5.508219178082192,1.1835616438356165,1658.0,2.271232876712329,38.62,-121.34,1.53,38.62,-121.34,-0.6143784578347314,5.481740863125545e-05,-0.09173975591081296,0.06118083756180865,0.030602079767589066,0.28352479790715135,-0.485900229437895,0.0206998400815242,6.527386,10.407389,0
2.8068,24.0,4.391203703703703,0.9814814814814815,2225.0,2.5752314814814814,38.68,-121.79,0.953,38.68,-121.79,-0.6389867695691701,-0.01284033816034199,0.001491225233174738,-0.08260365435435733,0.021083213509861913,0.0553147496526943,-0.44447179582801705,0.09722763631403628,6.9284415,10.473729,0
4.0435,9.0,6.922459893048129,1.2887700534759359,1050.0,2.807486631016043,38.76,-122.51,1.326,38.76,-122.51,-0.14513006211616972,-0.1228410701902149,-0.014052327933281804,0.01440983141542036,-0.02375659938575943,-0.0670518627266321,-0.5725461990422833,0.2899341103465362,6.502862,8.207192,0
3.1563,42.0,6.1875,1.0,158.0,4.9375,37.36,-121.92,1.375,37.36,-121.92,-0.38877831352700787,0.13900931874119307,-0.08133470423320542,-0.07768184282336958,-0.05961916757899587,-0.24237458537848916,-0.031576022509370846,0.14982733469121517,8.1192255,8.930987,0
3.2444,16.0,6.179166666666666,1.2041666666666666,1365.0,2.84375,38.7,-121.32,1.184,38.7,-121.32,-0.29693930144051567,-0.07114871764532729,-0.04526570393429988,0.030683497712836297,0.004125878090209049,-0.04693468488423099,-0.43977125238551856,0.042369345318600884,6.522089,8.5298,0
4.226,11.0,3.718840579710145,1.1304347826086956,718.0,2.081159420289855,37.33,-121.9,1.667,37.33,-121.9,-0.045988284052393774,-0.40205957368592393,0.0005497468151745286,0.03583809119235006,0.013725944173665358,0.20768482031425392,-0.08909362005966114,0.13251361902077338,7.7722545,7.384038,-1
5.6346,36.0,6.154205607476635,1.0654205607476634,531.0,2.4813084112149535,33.72,-117.6,2.725,33.72,-117.6,0.7351799475370091,0.1013587726330877,0.03683727829295097,-0.0044417431484619725,-0.03894049035514236,0.2534458313253715,0.17828788933725945,-0.49952391247178435,6.643391,2.7541564,2
4.575,48.0,4.441108545034642,0.9422632794457275,1142.0,2.6374133949191685,34.0,-118.45,3.267,34.0,-118.45,0.14212827159263186,0.2587871622254613,0.004169517706699918,-0.0701718773239265,-0.008172946761788993,0.023205106559588823,0.4290410555038209,0.10117545165187919,9.733929,4.3350105,1
2.3937,20.0,18.793522267206477,5.2631578947368425,658.0,2.6639676113360324,35.82,-118.7,0.821,35.82,-118.7,-0.6787861037228743,-0.017610036354235182,0.03255515882638461,0.053623627388489824,0.034700049854729874,-0.027236637814180484,-0.2370493408387363,-0.18860282148778634,8.697166,10.08712,0
3.83,35.0,5.593283582089552,1.078358208955224,1112.0,4.149253731343284,34.03,-117.94,1.49,34.03,-117.94,-0.2749633331312701,-0.0231431493839667,-0.10000530190683536,0.04196021068945003,-0.021550865565179968,-0.37003428265523974,0.22054905472737493,-0.08890602366646459,12.826224,8.013337,1
3.225,46.0,4.326639892904953,1.1178045515394912,1373.0,1.8380187416331994,37.81,-122.25,2.188,37.81,-122.25,-0.33323763201614925,0.14395373885523285,-0.008808629001000613,0.016554179491821214,0.00152416812061444,0.3969986962658681,-0.22373466925469598,0.2508025503056812,7.105544,9.178234,0
3.35,52.0,4.783001808318264,1.132007233273056,1275.0,2.305605786618445,37.77,-122.45,4.929,37.77,-122.45,0.12621418835605194,0.6394352136333161,0.00195591343950234,0.1304881447459953,0.06259959348125888,0.3570609362994934,0.1554723649714271,0.773008988464984,7.6480765,5.854082,2
2.3594,43.0,3.804560260586319,1.0488599348534202,1203.0,1.9592833876221498,32.76,-117.12,1.278,32.76,-117.12,-0.8148760112288461,0.13899880963509822,-0.01756342624272503,0.0472935805961113,0.004449523086028204,0.24848969357247708,0.3304220716768363,-0.589744581344531,11.6183605,10.274998,1
1.8068,34.0,3.9066339066339064,1.0368550368550369,1272.0,3.1253071253071254,36.54,-119.39,0.59,36.54,-119.39,-0.8804874226076372,0.008662525355984113,0.05004492456985046,0.01524840151349067,-0.012213912349987872,-0.32648376226378656,-0.1769423254542796,-0.22967749107560678,8.791004,10.810447,0
1.9925,18.0,4.277207392197125,1.0390143737166324,926.0,1.9014373716632444,38.58,-122.57,2.25,38.58,-122.57,-0.5917651991353025,-0.0052026800892430785,0.017886556533442476,0.03710168319458906,-0.028701309219326947,0.2640646497376333,-0.46325023436442364,0.3893585915233012,6.47861,9.937427,0
5.3351,14.0,7.714596949891067,1.0871459694989107,1577.0,3.4357298474945535,38.29,-122.33,2.699,38.29,-122.33,0.5527197270009188,-0.17719288020445645,0.12284172817383528,0.053349235151423105,0.11549967908341201,-0.18405998008243238,-0.3375385758745048,0.31504372906226213,6.320025,4.727253,2
5.9582,38.0,6.4534412955465585,1.008097165991903,633.0,2.562753036437247,34.16,-118.04,3.507,34.16,-118.04,1.0508405587268903,0.17309309579280632,0.03626019816639459,-0.03228104932748872,0.019783983581651978,0.20114908514682148,0.24200905563458774,-0.03833275436904357,5.86851,2.8572373,2
3.8456,51.0,4.667315175097277,1.0038910505836576,1160.0,2.2568093385214008,33.83,-118.32,3.189,33.83,-118.32,-0.02701442823937373,0.4725134588744239,-0.020743350435340698,-0.13647954656877576,-0.008409832080919803,0.40192472583532013,0.43834194159764533,-0.012785183687187207,10.803792,5.061244,1
6.4956,33.0,6.297587131367292,1.0911528150134049,954.0,2.557640750670241,33.81,-118.38,4.836,33.81,-118.38,1.395485025782812,0.17172693433130465,0.04226287257948258,0.09133621758278991,0.07308646801068298,0.3550966709455745,0.39015601231229974,0.08467721122258572,5.841314,2.9447706,2
2.6862,19.0,3.9668141592920354,0.9889380530973452,1222.0,2.7035398230088497,33.93,-118.13,1.958,33.93,-118.13,-0.5706941217629992,-0.017954251580226798,0.004974922939458067,-0.07263101755675391,-0.023200286101399556,0.03644234852861164,0.33386874735088107,-0.06910859498581386,12.146051,6.6428766,1
3.2917,10.0,34.57142857142857,7.022321428571429,483.0,2.15625,37.63,-118.99,2.318,37.63,-118.99,-0.13090423190265485,-0.13959451104164106,0.06091345888815095,0.09099370464500489,0.010882444462112131,0.30595682833393445,-0.13191988711776975,-0.08183596796132249,7.914443,7.437362,-1
3.3929,39.0,6.656626506024097,1.0843373493975903,408.0,2.4578313253012047,39.48,-121.79,0.821,39.48,-121.79,-0.28092956703968475,0.03634656742759667,-0.007758178031438255,0.03149614377440058,-0.0656135088084815,0.0443729876244192,-0.8967157087062794,0.07878616956761615,5.820294,9.478769,0
3.5528,27.0,4.073627844712182,1.0535475234270415,1398.0,1.8714859437751004,33.77,-118.15,2.711,33.77,-118.15,-0.18722692454062578,-0.037214710356094784,-0.03246630754320077,0.036021948920160085,-3.8523749312299393e-05,0.4688689551730795,0.37354563428439713,-0.03395522334159468,10.975416,5.735147,1
2.3633,28.0,3.5587734241908007,1.091993185689949,1666.0,2.8381601362862012,37.32,-121.92,1.984,37.32,-121.92,-0.6197174598430494,0.006064330660659162,0.19748897188118136,0.05678321536790805,0.011708535535802745,-0.081244735041609,-0.07317705764915905,0.13414798059126823,7.833591,9.772923,0
3.2465,27.0,5.258116883116883,1.0892857142857142,1469.0,2.38474025974026,37.67,-122.07,2.306,37.67,-122.07,-0.2711214545502412,-0.023146030837790172,-0.06608383237262595,0.03366623230092967,0.01974603499717103,0.1392110357213273,-0.1125937027280023,0.14843662663398996,7.7591186,8.299607,-1
3.5833,32.0,5.829479768786127,1.0375722543352601,855.0,2.4710982658959537,40.79,-124.13,0.928,40.79,-124.13,-0.2947429928267997,-0.02652863786055647,-0.08155173653194876,0.025585758284346238,-0.035450903121494376,0.06309450028651765,-0.8736671877621323,0.2580806100923634,5.849725,9.514644,0
3.0313,40.0,4.91919191919192,1.042929292929293,1434.0,3.621212121212121,37.72,-122.4,2.191,37.72,-122.4,-0.3186376645579619,0.09432208317857906,-0.06121959653433063,0.015025618197201293,0.02243626859117853,-0.2738392686013145,0.029955075141101625,0.6489511371105678,7.300258,6.299728,2
3.4561,20.0,5.451171875,1.06640625,785.0,1.533203125,38.43,-122.59,2.167,38.43,-122.59,-0.14585136543935587,-0.019132371989773567,-0.05626652416925265,0.020224027964913082,-0.025425882448009102,0.5536508823165024,-0.6156570119256369,0.3994374465506615,6.14078,9.352664,0
6.1834,25.0,6.2611940298507465,0.9402985074626866,862.0,3.216417910447761,34.29,-118.7,2.298,34.29,-118.7,0.8922184232802084,-0.024804389425295642,-0.016686087278376758,-0.10026626164186772,-0.052601028987442254,-0.3241371157774924,0.13990506878694467,-0.0644866380314844,5.250985,3.1154869,2
1.8299,9.0,3.7304747320061256,1.1026033690658499,1780.0,2.7258805513016844,32.72,-117.13,1.375,32.72,-117.13,-0.5735833038035866,-0.13395123127784286,0.06872529336904411,0.04061852832978178,0.0161092485657897,0.051139341647951614,0.3078338618901264,-0.45508614040362144,11.243691,9.822321,1
2.6726,33.0,5.032154340836013,1.2540192926045015,759.0,2.440514469453376,38.51,-123.0,1.531,38.51,-123.0,-0.6366288810795149,-0.00726992368702975,-0.07207502909617283,0.018792212470305384,-0.03975952996082049,0.1010323812862791,-0.43726394603462687,0.37963992919093825,6.614087,9.996331,0
2.5568,18.0,6.114035087719298,1.3157894736842106,356.0,3.1228070175438596,39.49,-121.21,0.771,39.49,-121.21,-0.6278504377990727,0.00378681156991429,-0.08713073311326122,0.024670659553923623,-0.02658887780680017,-0.1446800416803237,-0.4787262074450873,0.05610218235626682,7.3570457,10.865544,0
6.5356,15.0,5.233333333333333,0.9733333333333334,747.0,1.66,33.66,-117.83,2.728,33.66,-117.83,0.9076913425697208,-0.3283692719357699,-0.03907421047218756,-0.15867065427385396,-0.05663452769214354,0.31470056096008087,0.2598741811794246,-0.11949358632765612,5.4427285,2.551393,2
3.2321,20.0,5.3755458515283845,1.0829694323144106,1117.0,2.438864628820961,34.09,-117.66,1.625,34.09,-117.66,-0.4469980981068265,-0.031964759425228105,-0.1019892556096417,0.04744389258910401,0.0019050484986131255,0.13900702152582112,0.10501960067923877,-0.4183534923340875,10.974153,9.759534,1
8.1888,37.0,7.235138705416116,1.1003963011889035,1925.0,2.542932628797886,34.09,-118.53,5.00001,34.09,-118.53,2.0668603233997835,0.19150765600736758,0.06895733418109985,0.10044632287510342,0.05416394216308358,0.21441623509524815,0.2908409771997519,0.033966043804158026,-2.9851344,7.4085655,-1
6.4666,37.0,6.608910891089109,1.0132013201320131,1602.0,2.6435643564356437,37.88,-122.11,3.482,37.88,-122.11,1.286972721160587,0.12124639532063866,0.008773257614711098,0.020346987000599878,0.11065026499778223,0.08214729745363399,-0.3549918892532999,0.14579415886016855,5.023282,3.96096,2
3.2569,15.0,5.444444444444445,1.08994708994709,891.0,2.357142857142857,36.84,-119.77,1.244,36.84,-119.77,-0.2406057024733193,-0.1593919050848541,-0.09722028404769673,0.03723037534287128,-0.02521235536861718,0.12092936297698122,-0.20217624924614966,-0.24908122024800491,8.861297,9.172272,0
2.3241,43.0,3.5569620253164556,0.9409282700421941,1590.0,3.3544303797468356,33.96,-118.21,1.593,33.96,-118.21,-0.6789254564982157,0.11272947943313857,0.07144390835714655,-0.07692607714382434,-0.0025786490484011287,-0.33494447662854504,0.2721499420906147,-0.11865244776110877,13.703102,9.418476,1
1.7636,52.0,5.175637393767706,1.0084985835694051,855.0,2.4220963172804533,36.75,-119.81,0.551,36.75,-119.81,-1.099202998490978,0.20246192995208712,-0.08220191304725812,-0.05067967513815339,-0.041341770749363446,0.06547493824303188,-0.1764356884382139,-0.2378549562581846,8.7806225,10.991314,0
1.9338,43.0,3.2420091324200913,1.0776255707762556,1506.0,3.4383561643835616,37.78,-122.23,1.125,37.78,-122.23,-0.7856849711090976,0.08861405807631417,0.11713545626966931,0.0364056240651346,-0.02152329262075303,-0.3357669423635645,-0.1661830553868974,0.18690006950282578,8.067533,10.190768,0
4.7804,19.0,6.347058823529411,0.9941176470588236,1378.0,2.7019607843137257,36.83,-119.77,1.011,36.83,-119.77,0.1164719898700154,-0.03706081412180621,-0.006980979294713838,-0.08852698065951581,0.00465492498117654,-0.05393051934972549,-0.17439375364616103,-0.284999992790438,8.77524,3.2147985,1
4.375,34.0,4.532051282051282,1.0192307692307692,381.0,2.4423076923076925,37.6,-122.39,3.409,37.6,-122.39,0.22760197488008407,0.049219775818140056,-0.0006695100707130141,0.056603146500835484,-0.010170858978322908,0.21988296827058357,0.04487863578602636,0.48954810265007653,7.2711883,5.607009,2
8.7657,24.0,8.093117408906883,0.9878542510121457,759.0,3.0728744939271255,34.14,-118.85,3.663,34.14,-118.85,1.9441831496034603,-0.11085996594178149,0.05565083366762002,-0.059539378958961955,0.014503668609444466,-0.07914895318703691,0.14391043874076562,-0.03040805635439629,-3.1135993,6.9922333,-1
3.5234,31.0,4.220588235294118,1.0833333333333333,1675.0,2.7369281045751634,33.91,-118.35,2.65,33.91,-118.35,-0.26037219406433604,-0.030536005058461553,0.021966413525930942,0.049397642484867214,-0.0014672451725630741,-0.003550384803746821,0.3670148605620905,0.02923520815997586,12.360557,7.0591803,1
3.7361,48.0,5.754617414248021,1.1055408970976253,1041.0,2.746701846965699,37.75,-122.49,3.202,37.75,-122.49,-0.06686119496781828,0.23358989866423252,-0.05710682091738788,0.03598855701561527,-0.00013514746688977764,-0.020740209663567478,0.08001753575751713,0.7367266574327892,7.3943787,6.1423197,2
2.4113,23.0,4.7565445026178015,1.0471204188481675,1376.0,3.602094240837696,37.7,-122.41,2.142,37.7,-122.41,-0.6142389065946575,-0.020633070811400173,-0.012521274407782135,0.016535074798133535,0.01854985263506488,-0.24007895833023005,0.006536568914914458,0.6199493612234086,7.7081227,9.506483,0
3.9414,18.0,5.366754617414248,1.0448548812664908,4976.0,3.282321899736148,33.87,-117.55,1.371,33.87,-117.55,-0.27284602001408187,-0.0915854053566949,-0.09344020927829866,0.01494157493459495,0.07603613765716828,-0.20443499496330786,0.04853060651828472,-0.28931084204703217,10.372957,9.12029,1
4.4259,6.0,4.114130434782608,1.0570652173913044,1531.0,2.0801630434782608,37.56,-122.01,1.58,37.56,-122.01,-0.0027970231730577028,-0.37861872793521534,-0.042072541198696245,0.024256730488735192,-0.0029239005842121666,0.19165207559349326,-0.12174483960259094,0.13302248899993369,7.6930833,7.3394113,-1
2.6033,22.0,4.055194805194805,1.0876623376623376,699.0,2.2694805194805197,38.34,-122.71,1.216,38.34,-122.71,-0.5923863116796879,-0.01744942011491174,-0.05391749442241587,0.02715724002305592,-0.05078480283562924,0.18796838811988345,-0.5164583836231633,0.3401101500353741,6.428844,9.966719,0
3.2368,44.0,5.264840182648402,1.08675799086758,657.0,3.0,36.98,-122.02,2.125,36.98,-122.02,-0.25464941563045246,0.16550687974672817,-0.036539839196718486,0.03048814557453034,0.033760782118332514,-0.08164687449605149,-0.04239999920456903,0.13466124553674566,8.039825,8.582952,-1
5.225,16.0,5.502906976744186,0.9825581395348837,1461.0,4.247093023255814,37.58,-122.07,2.137,37.58,-122.07,0.2453949634375966,-0.1637877361317384,-0.04859984629529632,-0.05999598297800313,0.004030193241810543,-0.2248080727407097,-0.06971466786890837,0.15517058901725,7.02574,4.9452004,2
2.9384,38.0,4.30186170212766,1.0226063829787233,1284.0,1.7074468085106382,33.77,-118.16,3.041,33.77,-118.16,-0.41200018018794327,0.17601486664698593,-0.006362143872310855,0.006372934440980164,-0.005423487156702721,0.6082388426453983,0.3847190346217614,-0.03923754344992672,11.276153,5.538088,1
2.2868,16.0,5.220843672456576,1.1129032258064515,1634.0,2.0272952853598016,35.25,-120.68,2.337,35.25,-120.68,-0.5474354673400342,-0.08925885055627107,-0.09374707471185013,0.04816741347230772,0.014089322714134177,0.3842655104383392,0.2616950885119625,0.1492800457532208,11.63353,6.148258,1
3.1753,27.0,5.134228187919463,1.0033557046979866,2212.0,2.4742729306487696,35.35,-119.04,0.85,35.35,-119.04,-0.5457004560668244,-0.018656344200315145,-0.06778229384521531,-0.10124698807217822,0.01879947979284854,0.06114994858597554,-0.19139353094656336,-0.22631152154690556,8.791592,9.903474,0
6.0298,23.0,6.874251497005988,1.0658682634730539,902.0,2.7005988023952097,38.48,-122.72,2.891,38.48,-122.72,1.0195459298880225,0.004730478416535333,-0.008229328911606203,0.023006084159381796,-0.08353836615091488,0.019662096193488462,-0.4091769498797618,0.2955092799416489,5.129432,4.1047673,2
4.1842,34.0,7.020576131687243,1.1358024691358024,628.0,2.5843621399176953,34.36,-119.71,3.64,34.36,-119.71,0.23497346431515095,0.052281435572983,0.10132583218748817,0.07614269806162301,0.04568581684892199,0.2673496585022498,0.29895938136756905,0.035728293850560026,10.128336,4.7140217,1
2.6411,52.0,5.170403587443946,1.053811659192825,481.0,2.1569506726457397,37.77,-122.24,2.41,37.77,-122.24,-0.7523182936754739,0.30503120610136764,-0.06270269285816545,0.04968254701876559,-0.015818042749039533,0.3605214437996673,-0.0544916974657637,0.2994956610370234,7.3087654,9.875328,0
2.9542,15.0,6.074581430745814,1.143074581430746,2317.0,3.5266362252663623,33.85,-117.3,1.279,33.85,-117.3,-0.405110474857059,-0.1256416250397671,-0.048918190150178745,0.044044664484153395,0.03545869469589289,-0.1795411239540911,0.07304114915476065,-0.30013146685120795,10.447182,9.298902,1
3.25,39.0,4.503205128205129,1.0737179487179487,1109.0,1.7772435897435896,34.06,-118.36,3.55,34.06,-118.36,-0.20543203662031834,0.17925103418563912,-0.0010472083559110376,0.02933005405995712,-0.0013018826789233087,0.6807715873899711,0.5126713841600128,0.18359876184967647,11.166299,5.352196,1
2.8835,17.0,4.4476744186046515,1.1744186046511629,883.0,2.566860465116279,33.81,-118.0,1.965,33.81,-118.0,-0.4172116143826457,-0.10796504505948458,0.022136456170557203,0.05129350577589005,-0.02991648802253228,0.12729909069666526,0.29929226932364,-0.059806454773655315,12.240237,6.7556944,1
3.6154,52.0,5.616016427104722,1.1478439425051334,1076.0,2.209445585215606,38.06,-122.21,1.557,38.06,-122.21,-0.2388943980261885,0.24874276903633316,-0.06470457563965082,0.013877183049884953,0.02398683385998586,0.24150248106088298,-0.9039332066400466,0.18420456643768388,5.924207,9.419743,0
1.9038,39.0,3.77734375,1.0,903.0,3.52734375,33.91,-118.26,0.931,33.91,-118.26,-0.7196309047108845,0.04446951474480931,0.053358167877443255,-0.07118432179506064,-0.05708291736138713,-0.3318559581022554,0.2613652243607002,-0.09550578291230319,13.608694,9.524193,1
2.7868,15.0,5.338129496402877,1.0095923261390887,1004.0,2.407673860911271,38.7,-121.33,1.178,38.7,-121.33,-0.5696574160572672,-0.06839594165828977,-0.09760434529643966,0.02611578362703985,-0.009931365457647974,0.10695527043960901,-0.39106811497918925,0.03873875228319121,6.9415545,10.605837,0
7.3841,40.0,6.698412698412699,1.0,158.0,2.507936507936508,37.65,-120.98,1.722,37.65,-120.98,0.9458918914686204,0.03903544913858089,-0.0564622308967046,-0.14158244979761334,-0.48982994088833487,-0.03372493150194326,-0.3053932816266944,-0.03818330753339698,5.612742,4.0926456,2
5.9359,24.0,6.786307053941909,1.053941908713693,1496.0,3.103734439834025,32.81,-117.23,4.222,32.81,-117.23,1.1243729288478574,-0.03166689449215132,0.049207595580886415,0.08268915182466327,0.020829664185302826,-0.006100227459406002,0.44495824703043035,0.005246226466142216,5.6270514,2.632772,2
2.4632,35.0,5.56043956043956,0.9862637362637363,786.0,2.159340659340659,38.61,-121.39,1.569,38.61,-121.39,-0.5916547910272428,-0.015020219518710768,-0.08279940015872791,-0.0788168466139095,-0.004001964605165096,0.19401111888028924,-0.5050468588923729,0.021033710093650054,6.5893,10.537843,0
4.5493,43.0,4.6923076923076925,1.026525198938992,1102.0,2.923076923076923,37.66,-122.43,2.815,37.66,-122.43,0.1527355574506427,0.22511440555494588,-0.056303427248670566,0.00963490414298092,-0.0164137226311073,-0.10010896190763137,0.042728968296228395,0.46886091657136364,7.309607,5.876677,2
2.2847,26.0,6.001420454545454,1.2585227272727273,1795.0,2.549715909090909,35.28,-120.69,2.47,35.28,-120.69,-0.6909871296014343,-0.010787407224022393,-0.009855759378470655,0.041691787361333006,0.026318128470758623,0.17995904087475453,0.25210081402235374,0.10420669869521132,11.827633,6.3219185,1
4.3702,7.0,7.409893992932862,1.1890459363957597,1355.0,2.393992932862191,39.24,-121.21,2.261,39.24,-121.21,0.03299321151009173,-0.23153647446851083,0.09384657780238963,0.07454284770885261,0.018098034920698097,0.18442544518393766,-0.35165378336771885,0.07195378236820006,6.8298864,7.562993,0
2.3375,33.0,3.6363636363636362,1.0267379679144386,2649.0,4.721925133689839,33.93,-118.35,1.706,33.93,-118.35,-0.5974139983003158,0.009833213216047586,0.1535178720093673,0.010162244549013568,0.05568689549354348,-0.3337568302127826,0.3238681345230869,0.02199906245936288,13.796236,8.983551,1
1.5319,20.0,4.521929824561403,1.0219298245614035,1285.0,2.817982456140351,37.11,-120.25,0.505,37.11,-120.25,-1.0385729347253885,-0.023908177678710705,-0.033193299773488005,-0.00717449914810188,-0.006695323978143657,-0.086218179731673,-0.12847288378627814,-0.049612441363284986,8.624826,11.016407,0
3.8668,45.0,5.460949464012251,1.0735068912710566,1601.0,2.451761102603369,34.18,-118.34,2.32,34.18,-118.34,-0.17690259827780452,0.16421524654205963,-0.08650210284165717,0.028433130724394337,0.017012607280539365,0.17380927430057397,0.2714255467066727,-0.11397795608481051,11.069827,5.8724465,1
1.3713,23.0,4.329938900203666,1.030549898167006,2091.0,4.258655804480652,36.96,-120.04,0.518,36.96,-120.04,-0.997162807794555,-0.021593224444415426,0.00953840173417583,2.4208328243262875e-06,0.01385826369807715,-0.26957480668066197,-0.1594515535399533,-0.07094967797595612,8.650203,10.932533,0
4.725,23.0,6.442260442260443,1.0933660933660934,1103.0,2.71007371007371,33.7,-117.96,2.896,33.7,-117.96,0.1450530848454526,-0.00595558257257894,0.006755553819200165,0.03745426621034348,-0.025454343811367176,-0.022556503726792708,0.3613782178489506,-0.08408633091198255,9.46041,4.1018157,1
2.2754,23.0,5.1298527443105755,1.036144578313253,2435.0,3.2597054886211514,39.0,-122.13,0.592,39.0,-122.13,-0.6910411304860941,-0.006544414214500882,-0.09902705986994212,0.0016049384711894418,0.02830899474419332,-0.21389502961014356,-0.45164598284249746,0.17587612200299468,7.4627,10.8162985,0
2.7857,20.0,5.11018711018711,1.0207900207900207,1227.0,2.550935550935551,37.79,-120.98,1.109,37.79,-120.98,-0.7174053626175352,-0.01650107555717912,-0.0945273702865916,0.008232622315696315,0.002782317855188472,0.08866940784938543,-0.20138824586676396,-0.03160352459788863,7.994995,10.212351,0
5.0278,14.0,6.230088495575221,1.1084070796460177,1448.0,3.2035398230088497,32.99,-116.89,2.109,32.99,-116.89,0.17524252316438807,-0.25059209011245637,0.01037349046648107,0.0360232675290056,0.018076152683072087,-0.21114301379830056,0.3000738315888861,-0.2974299348671647,8.996584,3.0839653,1
4.3906,36.0,5.8621621621621625,0.9702702702702702,1018.0,2.7513513513513512,33.78,-117.93,2.313,33.78,-117.93,0.108731261610529,0.029874145882605063,-0.04580512313824518,-0.06615944213610278,-0.024367928224549168,-0.006818923351134142,0.25618341812382284,-0.04690797373645186,9.609338,4.2598224,1
5.1271,22.0,6.018867924528302,1.044811320754717,1066.0,2.5141509433962264,34.43,-119.77,3.425,34.43,-119.77,0.32999788304683575,0.04183275772563876,0.028974773623030053,0.03735041380659876,0.012338774253656554,0.2972787942751784,0.27488071152020943,0.00425260106012049,10.075906,4.769317,1
4.5122,36.0,6.379679144385027,1.0588235294117647,1176.0,3.144385026737968,33.93,-117.43,1.133,33.93,-117.43,0.14188103611216873,0.011600097693865438,-0.013433433221874005,0.014351256998617033,-0.010715664035482358,-0.32144826989048964,0.022718331669869328,-0.3399627479522708,8.962974,3.4266143,1
4.106,10.0,5.7818012999071495,1.0807799442896935,2909.0,2.701021355617456,38.55,-121.55,1.159,38.55,-121.55,-0.21716302454781763,-0.11151560618529895,-0.07920643320661555,0.033111503113623146,0.011615439256775046,-0.00708342863432928,-0.43679599903052124,0.037334801142006005,6.5856633,8.398692,0
4.1161,49.0,5.406417112299465,1.0338680926916222,1284.0,2.2887700534759357,34.17,-118.34,2.325,34.17,-118.34,-0.08558147672702074,0.2218394356405702,-0.062224991614493554,0.01048737429312802,0.008325822848683695,0.44447814158589,0.2245971050552331,-0.05260769797458867,10.86779,5.5030856,1
1.9944,52.0,6.046610169491525,1.1906779661016949,620.0,2.6271186440677967,37.76,-122.41,2.625,37.76,-122.41,-0.7551752291671027,0.2664482450912697,-0.018244173712911704,0.054587730314920604,-0.003960120440403664,0.06982257209286681,0.006538842278375265,0.6092292516290502,7.408981,9.798363,0
0.957,52.0,2.709016393442623,1.2950819672131149,392.0,1.6065573770491803,40.8,-124.17,0.6,40.8,-124.17,-1.0994980307505895,0.09165395103658408,0.05002004840480246,-0.004882812777525176,-0.11204894401179383,0.30738864451668807,-0.9555582337522502,0.20585257269139648,5.9502554,10.429984,0
2.8056,26.0,4.673684210526316,0.95,992.0,2.610526315789474,40.76,-124.17,0.828,40.76,-124.17,-0.6679302166370197,-0.020506069810689642,-0.0078093283545120455,-0.07301494785681681,-0.022309838527831662,-0.003195850062123236,-0.7027716380057993,0.23418444743658764,5.8957653,10.26982,0
15.0001,52.0,8.444954128440367,1.1009174311926606,693.0,3.1788990825688073,34.06,-118.33,5.00001,34.06,-118.33,2.1840005436462846,0.38325493482069173,0.09256324338950232,0.03371392727463119,0.10259893088391084,-0.15528582009943587,0.2476067994259698,-0.07652488182204523,-3.01646,7.4247193,-1
2.6226,40.0,4.071216617210682,1.0504451038575668,2747.0,4.07566765578635,34.09,-118.18,1.488,34.09,-118.18,-0.6767181631970121,0.04919155531049022,0.007706228613863887,0.02135371699614875,0.04132677069772399,-0.3035179413143313,0.27796397314438714,-0.10491738827314279,13.611534,9.416016,1
8.0837,25.0,7.587242026266416,1.0337711069418387,1699.0,3.1876172607879925,37.3,-122.01,3.806,37.3,-122.01,1.9557755341456322,-0.11001810927959653,0.050666847322710026,0.0056996993314277385,-0.010904534452945014,-0.15189755301803542,-0.03405753791982999,0.0809371152707351,-3.17956,7.0715036,-1
1.6331,34.0,2.283471837488458,1.0812557710064634,2655.0,2.451523545706371,34.09,-118.32,1.625,34.09,-118.32,-1.0586070216397612,0.02215806177797616,0.2434633158523494,0.05722676295022931,0.022292204349705167,0.045109384361693,0.37462040539429253,-0.0502074231967144,12.963679,9.909074,1
1.7132,38.0,4.408740359897172,1.06426735218509,1714.0,4.406169665809768,34.0,-118.24,1.082,34.0,-118.24,-0.9422519022261753,0.053002199322119074,0.018272351666319527,0.011467425692741725,-0.008169152523686126,-0.33639266354054254,0.28943940757700815,-0.11998330295541317,13.20323,9.858389,1
6.3267,36.0,5.246628131021194,1.0539499036608864,1090.0,2.1001926782273603,33.96,-118.45,5.00001,33.96,-118.45,1.2970110234436345,0.19719723737051886,-0.013935745144779747,0.08361622912163101,0.08781135242579295,0.4312738216435254,0.39144978612095255,0.10679534237346731,5.871471,2.9230816,2
7.6447,45.0,7.432748538011696,1.1111111111111112,419.0,2.4502923976608186,34.06,-118.47,5.00001,34.06,-118.47,2.038287805037389,0.22178713808945485,-0.00828314524166316,0.0856541776156245,0.024013219032330748,0.14322514558281257,0.38784776721213854,0.07159460013741707,-2.987257,7.3782516,-1
0.7054,43.0,2.2291666666666665,0.9166666666666666,107.0,2.2291666666666665,33.12,-117.08,1.375,33.12,-117.08,-0.9355627215297179,0.1343263873907213,0.16792118977442896,-0.06199327968060282,-0.07320172567541927,0.17954468285928885,0.3248523138662507,-0.605409336561959,11.775667,10.33216,1
3.2353,16.0,4.40282131661442,1.109717868338558,1260.0,1.974921630094044,33.66,-118.0,2.529,33.66,-118.0,-0.1766955713469347,-0.1374149075848509,-0.012581667616971765,0.04246276699060067,-0.013415815415900704,0.43315046308516536,0.41682042971354416,-0.04079986937125325,11.000719,5.774945,1
1.625,32.0,4.582491582491582,1.2222222222222223,1483.0,4.993265993265993,35.38,-118.97,0.468,35.38,-118.97,-1.0228237635501969,-0.001802263372657184,-0.029787372998641096,0.0025359124824094865,-0.004507331223694587,-0.27724272968187563,-0.20010948131381032,-0.23872390316388153,8.820128,10.939448,0
4.0625,19.0,6.729064039408867,1.083743842364532,596.0,2.935960591133005,39.11,-121.68,1.417,39.11,-121.68,-0.24199312159670866,-0.02882827963760827,0.0021516008235380156,0.02525224632623906,0.02912675798213437,-0.07822301178349698,-0.4692480471267841,0.08635089433092745,6.505913,8.43368,0
3.7153,16.0,3.2144578313253014,0.9373493975903614,1103.0,2.657831325301205,37.39,-121.87,2.298,37.39,-121.87,-0.19047903706469857,-0.11849328124077373,0.1523864250481333,-0.1198777794711297,0.009118541738631535,-0.036434674248689056,-0.03275204201696553,0.11986582767367067,8.101524,8.287836,-1
4.0536,29.0,4.785294117647059,1.0544117647058824,1593.0,2.3426470588235295,33.8,-118.32,2.858,33.8,-118.32,-0.1575528636994894,-0.03868868856470053,-0.03744122766874599,0.03330877604546182,0.006276832135560789,0.392510360093501,0.37083276406346366,-0.03299468341124914,10.886052,5.727566,1
1.925,43.0,2.3435582822085887,1.031441717791411,3920.0,3.0061349693251533,34.08,-118.29,3.0,34.08,-118.29,-0.47593377629762296,0.11264449662028611,0.44437548513973957,0.03642632804172221,0.27858146801980654,-0.11016480272443308,0.3233611985810417,-0.057051495784368834,13.818659,8.831344,1
3.5268,33.0,4.022964509394572,1.0062630480167014,1623.0,3.3883089770354906,33.98,-118.1,1.52,33.98,-118.1,-0.23068063417361187,-0.022950414078988686,0.02773927736793731,-0.06101338203602515,0.00046882069457460367,-0.3292148065794837,0.24974869875295252,-0.12184403898941765,12.895143,7.9142694,1
3.4634,37.0,5.505586592178771,0.9636871508379888,939.0,2.622905027932961,34.1,-117.66,1.453,34.1,-117.66,-0.30573941551775186,0.00031418952451558275,-0.07006325135337961,-0.06287613109721955,-0.01070989256667604,0.010329670760937163,0.07221503992453442,-0.3985420681869179,10.639277,9.278452,1
3.3661,31.0,5.58648111332008,1.0298210735586482,1640.0,3.2604373757455267,38.05,-121.98,0.985,38.05,-121.98,-0.28079372377609035,0.0010627453486060465,-0.09115055398697555,0.0027070238481595454,0.016256735023907582,-0.21367461395373416,-0.3816262643780736,0.10110469462058087,6.638268,8.436497,0
4.6111,36.0,5.4576271186440675,0.8135593220338984,133.0,2.2542372881355934,38.64,-121.37,1.393,38.64,-121.37,0.12411624055897394,0.0432935788841341,-0.016350180769864973,-0.11346318542547014,-0.12491296104504375,0.10227180190789019,-0.6410727392891838,0.02224584684173396,6.360262,7.329019,-1
8.7382,34.0,6.4421487603305785,1.0041322314049588,600.0,2.479338842975207,37.36,-122.22,5.00001,37.36,-122.22,2.2173982932307603,0.168033385204659,0.0497001354829493,-0.048871027972490655,0.0289799221587921,0.10114025500639678,-0.006758948484291422,0.2423838700454186,-3.2118666,7.345323,-1
2.7125,14.0,4.094262295081967,0.9508196721311475,1037.0,4.25,33.93,-117.94,1.661,33.93,-117.94,-0.5195579576203876,-0.06971485656274067,0.02142508810283738,-0.047358454561663224,-0.027319633590104846,-0.28108905094342546,0.22658216904889195,-0.07488916498507893,13.406195,8.982167,1
5.3363,9.0,6.284931506849315,1.0657534246575342,1142.0,3.128767123287671,38.01,-121.93,1.608,38.01,-121.93,0.4566475621153943,-0.27750300775267867,-0.016560149458824995,-0.029418961351512136,-0.008086268975331497,-0.2444318541321217,-0.3297114175037044,0.13264220015660214,6.4655733,4.8388724,2
3.0682,52.0,3.732843137254902,1.0955882352941178,636.0,1.5588235294117647,33.99,-118.47,4.125,33.99,-118.47,-0.24394354118942574,0.42890520156634965,0.2105536067741627,0.08865942846612668,0.043689784400892134,0.7645768652222515,0.5746297375084912,0.16979337454304091,11.066938,5.071366,1
3.0938,32.0,4.7176470588235295,1.1254901960784314,571.0,2.23921568627451,38.25,-122.04,1.104,38.25,-122.04,-0.43484595707774537,-0.025381377100094,-0.0404780596372814,0.008769548455691278,-0.020732596898015463,0.1114053141460602,-0.5784244450533196,0.14814451886243946,6.098273,9.687448,0
8.2664,52.0,6.63481228668942,1.0511945392491469,696.0,2.3754266211604094,37.43,-122.14,5.00001,37.43,-122.14,1.9835137459153656,0.3985324401188452,0.04148491576760291,0.09124991874235096,0.016377719277228326,0.11754951229094063,-0.0056267006212740184,0.2490173537431279,-3.193138,7.3753347,-1
10.3983,31.0,7.888888888888889,1.2006172839506173,1530.0,2.361111111111111,33.49,-117.73,5.00001,33.49,-117.73,2.264028596958068,0.11423686089934619,0.10816621209298133,0.04406384738783789,0.05468729597925914,0.18167224088245884,0.2983994303290114,-0.22407696853380202,-2.9339504,7.2800875,-1
1.7105,21.0,4.8244444444444445,1.0733333333333333,1315.0,2.922222222222222,35.5,-119.27,0.521,35.5,-119.27,-1.019206186264738,-0.02998915633624648,-0.07273671251954363,0.01242274660929817,-0.007105043411092946,-0.08779611371672211,-0.1673719375250514,-0.22855175864375904,8.833959,10.9649935,0
2.3159,13.0,4.1274060494958755,1.0421631530705775,3094.0,2.835930339138405,33.16,-117.2,0.916,33.16,-117.2,-0.562797354188242,-0.11405715042257032,-0.038301399779982634,0.007018039363294628,0.00396580209087884,-0.060975093947854525,0.28613309620038163,-0.4308770073837986,11.102248,9.944245,1
2.9688,22.0,5.987261146496815,1.1464968152866242,743.0,2.3662420382165603,41.68,-123.91,1.527,41.68,-123.91,-0.4546522624113406,-0.009199183693954498,-0.0205232791959399,0.059583219633749664,-0.02728823522202744,0.1325030219978756,-0.7279544604501019,0.2642847850084933,5.8903418,9.746869,0
1.2625,45.0,5.32404181184669,1.0139372822299653,801.0,2.7909407665505226,37.73,-122.19,0.847,37.73,-122.19,-1.0780273898019037,0.04885799140605847,-0.05111013686226605,0.013053589955634482,-0.021386306513932064,-0.05953490411293965,-0.20718566195394322,0.17390910744610982,8.216049,10.999342,0
6.7978,24.0,6.589189189189189,0.9567567567567568,610.0,3.2972972972972974,33.99,-117.95,3.25,33.99,-117.95,1.0862085029123816,-0.010265472443003056,0.04282431862595743,-0.07619579449515913,0.1548678492905681,-0.2669418126738988,0.20790179046514307,-0.06487063365112593,5.192568,2.9621866,2
7.1298,16.0,7.837719298245614,1.0350877192982457,770.0,3.3771929824561404,32.82,-117.08,2.786,32.82,-117.08,1.1334276881787175,-0.16384439743879955,0.08015026948575017,-0.00020742510984325376,-0.0016286100397428125,-0.23421489346425728,0.2374497273667357,-0.28284787340035966,5.14305,2.6102262,2
6.5891,17.0,7.254464285714286,1.0669642857142858,703.0,3.138392857142857,38.29,-122.15,3.288,38.29,-122.15,1.1856788602504615,-0.06269281419304888,0.04118689822131116,0.02095605668189307,0.06847779620561036,-0.1425076296665452,-0.356451610812565,0.19468777928377404,4.9889984,4.0193357,2
5.3015,40.0,6.696296296296296,1.1185185185185185,746.0,2.762962962962963,37.71,-122.07,2.549,37.71,-122.07,0.5632628660024677,0.1027800639328208,0.015508782216745558,-0.0008978521555556619,-0.026926702877028776,-0.04432482432929614,-0.2788533749818425,0.1402774871263908,6.158913,4.644471,2
5.477,26.0,6.450413223140496,0.8760330578512396,817.0,3.37603305785124,34.27,-118.68,2.091,34.27,-118.68,0.586925424231019,0.04617387959227558,-0.01849207308493422,-0.08982431448790582,-0.058315302524937024,-0.3116363909399775,0.17229622566572458,-0.0652070361294954,7.345161,3.0132134,2
5.0359,51.0,6.892109500805153,1.0177133655394526,1486.0,2.392914653784219,38.55,-121.49,2.241,38.55,-121.49,0.21912513502327582,0.22538478684267985,0.0369706029536486,0.03805420933803025,0.05525227241791335,0.19911860949420315,-0.7391088118121839,0.03117084875563257,6.3307357,7.299488,-1
2.4167,36.0,4.732984293193717,1.0,627.0,3.282722513089005,34.19,-118.39,1.929,34.19,-118.39,-0.6267479101297768,0.014931493133824882,-0.015314606948314758,-0.044365158901680295,0.05994236738824875,-0.2526679471946884,0.25257987395540943,-0.00271494045873408,13.512702,9.286748,1
4.6667,4.0,5.858695652173913,0.8586956521739131,571.0,3.1032608695652173,32.72,-116.98,2.233,32.72,-116.98,0.11019352565577423,-0.22448779785268225,-0.05526192128879392,-0.042515034045061184,0.07211140527202506,-0.019985831610834937,0.3156604973114961,-0.3781389734603136,9.128175,3.0385075,-1
3.3958,12.0,5.3202416918429005,1.0317220543806647,1780.0,2.688821752265861,35.32,-120.82,2.158,35.32,-120.82,-0.17178516269322433,-0.18627246793588398,-0.07474386879112897,-0.006039113858283284,0.006385209687278885,-0.0012853733479956506,0.1991557107554036,0.06580796789524285,12.176519,7.2206407,1
4.7019,35.0,4.991769547325103,0.9094650205761317,790.0,3.251028806584362,37.63,-122.09,1.741,37.63,-122.09,0.1841577356972441,0.017524833726714324,-0.033966438336128627,-0.08636407537824636,-0.021704932992622553,-0.2437214176935037,-0.08088128476586309,0.15870153901887546,7.023978,4.977261,2
2.3148,37.0,5.133587786259542,1.047709923664122,1219.0,2.3263358778625953,32.75,-117.07,1.542,32.75,-117.07,-0.7831153821818074,0.038849120918309006,-0.08896271828682469,0.029508509397030012,0.011766961348353408,0.2392335791817525,0.3365501835074108,-0.5564471953023982,11.546162,10.171654,1
4.5568,11.0,4.934210526315789,1.049342105263158,899.0,2.9572368421052633,38.34,-121.97,1.272,38.34,-121.97,0.04811556076280394,-0.21999935085666614,-0.0400630011762711,0.01820143946533971,-0.025252779523435263,-0.040010013699678035,-0.3798354701792117,0.1286908872778814,6.7705503,7.5367866,0
2.9453,37.0,5.693593314763231,1.0974930362116992,894.0,2.4902506963788302,35.38,-119.11,0.828,35.38,-119.11,-0.5456457419993564,0.011728384931217783,-0.10434247319832941,0.03655083104162722,-0.026040773243853062,0.0751174153186716,-0.1732973902127019,-0.22636405651209918,8.772141,9.89675,0
2.75,34.0,5.556701030927835,1.0231958762886597,1269.0,3.270618556701031,34.69,-118.13,0.968,34.69,-118.13,-0.6533553632653866,0.008976379565826325,-0.10910904784570745,0.00401990221868539,-0.014561300431665734,-0.3217348242068213,0.18141010970334792,-0.14271465292697555,13.445256,9.473702,1
5.246,11.0,7.290148448043185,1.0074224021592442,5221.0,3.5229419703103915,34.14,-117.38,1.614,34.14,-117.38,0.06629004691761821,-0.27319249873405566,0.05426117162152126,-0.03202621845230826,0.09231509805477824,-0.15821617523783926,0.016491012856309495,-0.2524581985182698,8.93288,3.197439,1
8.2653,4.0,7.231265108783239,1.0217566478646254,3754.0,3.024979854955681,33.79,-117.76,3.74,33.79,-117.76,1.914591503273374,-0.31070275446434686,0.03659734153810731,0.0007075086439716909,0.07816007132519008,-0.05962513351188669,0.051553183011052314,-0.24939974750555982,-3.0204558,6.9276958,-1
4.8906,36.0,6.34703196347032,1.0502283105022832,683.0,3.1187214611872145,33.85,-118.36,3.344,33.85,-118.36,0.21756925879039266,0.05615078908713397,0.005281208514190859,0.025993417676458543,0.14278496626370246,-0.16572424539069636,0.4008811574314048,0.08993427839611742,9.354986,4.1874175,1
6.4232,41.0,5.3578947368421055,0.9789473684210527,746.0,2.617543859649123,34.01,-118.43,4.466,34.01,-118.43,1.2535943724378713,0.2535588835487024,-0.013633305111640981,-0.08054116724929566,0.0016094144932103742,0.16568017609471875,0.3951367119668832,0.09056580701823397,5.898514,2.8659518,2
1.625,33.0,4.491071428571429,1.0476190476190477,1734.0,5.160714285714286,36.53,-119.29,0.503,36.53,-119.29,-1.014289289101853,0.008099222999509468,0.014520803319279003,0.016931932003150105,0.0021674854154422156,-0.2867451000015197,-0.18598457018448655,-0.2517063416813524,8.879281,10.939011,0
2.2734,47.0,6.002777777777778,1.2222222222222223,966.0,2.683333333333333,38.09,-122.22,0.887,38.09,-122.22,-0.6559497622629132,0.022614470075477903,-0.06781832234338787,0.00253780739764865,-0.005927458717695966,0.017543517088660924,-0.4742955873590018,0.18776910748716422,6.779676,10.443681,0
3.7533,26.0,6.460296096904441,1.1184387617765814,2365.0,3.183041722745626,35.38,-118.94,0.87,35.38,-118.94,-0.2439025602953773,-0.039875553657145464,-0.04984318490906115,0.01040571619602397,0.030885235085343417,-0.32849775265994313,-0.15563680861331203,-0.24481400522523705,9.548765,8.97391,-1
3.4107,26.0,5.815384615384615,1.1538461538461537,164.0,2.523076923076923,38.05,-121.27,0.828,38.05,-121.27,-0.27189973672603207,-0.03577297973936821,-0.1081992644730964,0.04344858819960192,-0.1604591192688809,0.09437464572136925,-0.5831026528665451,0.014202404702316672,6.3768187,8.77045,0
3.725,30.0,3.3307543520309477,0.9477756286266924,1057.0,2.044487427466151,37.39,-122.09,2.613,37.39,-122.09,-0.13553481292171649,-0.01713424335844485,0.15865780615088226,-0.15251756637592834,0.005312347527421547,0.3744025548532135,0.015689476739713288,0.19166642769548484,7.942109,7.053568,-1
2.6654,52.0,5.0091324200913245,1.1506849315068493,997.0,2.276255707762557,34.05,-118.34,2.594,34.05,-118.34,-0.7447658294051664,0.3093816071333946,-0.06994153176262859,0.06384238827547585,-0.01571431366226489,0.4364614313500216,0.41416927912032275,-0.005111747530705382,11.713279,6.1853833,1
2.2321,46.0,4.927272727272728,1.3454545454545455,150.0,2.727272727272727,34.15,-118.09,2.375,34.15,-118.09,-0.6602509906245702,0.08375166806776914,-0.00832761236103572,0.054764446192998174,0.05824666238520912,0.0762924036364686,0.46119307735925935,-0.020089150011217232,12.005789,6.4807568,1
6.777,23.0,8.103960396039604,1.1435643564356435,1480.0,2.442244224422442,36.58,-121.94,5.0,36.58,-121.94,1.477369467326081,0.020088749273482937,0.09303713121672297,0.20967725605147908,0.09544505451327737,0.3077157352455439,0.02978308659683448,0.10653475935693014,5.3913856,3.302481,2
3.4265,52.0,4.703448275862069,1.0367816091954023,944.0,2.170114942528736,34.07,-118.36,4.569,34.07,-118.36,0.02097063843493671,0.6108713170998175,-0.018627834990059496,0.056295817925120804,0.012188501479360864,0.4167476491808433,0.5268878269442315,0.13941507327521735,10.786225,4.988007,1
3.5039,32.0,4.205630354957161,1.062423500611995,2583.0,3.1615667074663403,37.65,-122.41,2.324,37.65,-122.41,-0.12670242754391572,-0.02494885710226542,0.028048651190170658,0.01703226389114313,0.05597102177009554,-0.2532301976169903,0.0270651255912424,0.6379253202595634,7.297972,6.2468457,2
2.1859,38.0,4.472222222222222,1.0462962962962963,389.0,3.6018518518518516,33.89,-118.16,1.438,33.89,-118.16,-0.7326110867895826,0.04731085085746823,0.030226487626582012,0.01578197078171792,0.06265854582409373,-0.3321436806380204,0.3012939237400294,-0.08784528850833184,13.5978775,9.586257,1
3.7045,16.0,3.972299168975069,1.0304709141274238,804.0,2.227146814404432,37.37,-122.0,1.781,37.37,-122.0,-0.1043427968509817,-0.1592331351047359,-0.028568328514218703,0.009046463148092019,-0.011478110919169842,0.29162863358010327,-0.018586138955854186,0.16469205047546204,7.896046,7.2981563,-1
2.625,42.0,4.7882037533512065,0.9597855227882037,1318.0,3.5335120643431637,33.91,-118.27,1.011,33.91,-118.27,-0.7219253791915939,0.06888041296413375,-0.0926336643863907,-0.052520674820454756,-0.024907897730866158,-0.33173761493749393,0.2654433523287888,-0.11178516175339595,13.496356,9.567512,1
2.6065,18.0,5.534883720930233,0.9767441860465116,859.0,2.8538205980066444,36.29,-119.11,0.938,36.29,-119.11,-0.6490585728058901,-0.03074549589731742,-0.08924619364090135,-0.057210413624512055,-0.01980115972125695,-0.05937586274884474,-0.1753579351406592,-0.2160587224024689,8.758782,10.094292,0
4.1167,18.0,5.466666666666667,1.1333333333333333,391.0,6.516666666666667,33.73,-117.74,0.875,33.73,-117.74,-0.27100704023591987,-0.0816914056706923,-0.08372008154649492,0.026371406527919097,0.00303114174640782,-0.2863524058114418,0.12551673796375726,-0.43380478028393576,10.579034,9.024961,1
2.2321,36.0,5.865671641791045,1.4477611940298507,573.0,4.276119402985074,35.52,-119.28,0.375,35.52,-119.28,-0.7494827740637294,0.006809807355875993,-0.1385926394031685,0.04175828023222922,0.019498760494792378,-0.30507873001082836,-0.18420686247027093,-0.24591255138495757,8.776251,10.430464,0
3.9408,49.0,4.444794952681388,0.9873817034700315,1268.0,4.0,33.97,-118.21,1.706,33.97,-118.21,-0.15286511077554912,0.19466611734682654,0.037586859163644834,-0.05923164522161,-0.02020102808806749,-0.35828172937560704,0.2722124894776309,-0.1165202774873453,12.708099,7.7593513,1
3.7041,11.0,7.260932944606414,1.186588921282799,1934.0,2.8192419825072887,37.62,-120.95,1.748,37.62,-120.95,-0.15493431080151468,-0.1606343137635687,0.05361682748764608,0.061514642242093936,0.014763894798629138,-0.12280779218256305,-0.13804386736878135,-0.015916861826169124,7.9959064,8.402346,-1
3.9728,28.0,4.433806146572104,1.1217494089834514,1691.0,1.9988179669030732,37.57,-122.34,3.0,37.57,-122.34,-0.09065299774447934,-0.03394677018739735,-0.024328360677517816,0.018679076961632627,0.06388316442826109,0.3750821381488938,0.011373397876966156,0.43204635698186034,7.7123566,6.6162124,2
3.212,33.0,5.684073107049608,1.0548302872062663,891.0,2.3263707571801566,38.0,-120.39,1.052,38.0,-120.39,-0.4628566642324504,-0.03323081913045265,-0.09542293088123184,0.03212408228809965,-0.012758611305900242,0.21026691354196592,-0.5549924869383975,-0.0036113031040376086,6.3816123,10.246176,0
3.2759,18.0,5.340673575129534,1.1321243523316062,1895.0,2.454663212435233,38.01,-122.31,1.95,38.01,-122.31,-0.35358390721298594,-0.0255344095488585,-0.1021163913802209,0.0505424318004166,0.10309748457394005,0.11032081163173048,-0.47617866589341895,0.271045457080857,6.3838787,9.1248,0
5.2088,28.0,6.701357466063349,1.158371040723982,688.0,3.1131221719457014,37.27,-121.89,2.409,37.27,-121.89,0.256046914669923,0.043583661141582505,0.039383313170273514,0.03738414640355338,0.04990396899332053,-0.13162469789396597,-0.05352243797980341,0.12993280764979917,6.926203,5.1029954,2
4.0197,17.0,5.819338422391858,0.9923664122137404,1330.0,3.3842239185750635,36.59,-119.62,0.88,36.59,-119.62,-0.2028863357036674,-0.104226656856079,-0.09228589831474338,-0.07337654646871246,-0.011918619549626709,-0.33118653327638037,-0.15112703807522804,-0.2310438345244727,9.582944,8.947766,-1
1.9479,50.0,4.82520325203252,1.0609756097560976,907.0,3.686991869918699,37.76,-122.18,0.895,37.76,-122.18,-0.9249771802153743,0.12970389063310434,-0.09749070264405173,0.018934391000808477,-0.034666837811136456,-0.30502971001170737,-0.20642124392041517,0.1985922615497039,8.1063,10.768862,0
7.0735,14.0,8.056485355648535,1.1171548117154813,2052.0,4.292887029288703,37.38,-121.87,3.356,37.38,-121.87,1.2287866923212187,-0.15089639707906635,0.10727464496834004,0.08252586782625754,0.02370261447527348,-0.2290427476917119,-0.061268691857502715,0.10609491755250687,5.021867,3.7158365,2
0.4999,15.0,11.596491228070175,2.56140350877193,131.0,2.2982456140350878,40.43,-123.32,0.567,40.43,-123.32,-0.8291070930905079,-0.06949646049238951,-0.02881449881369168,0.05566727971234102,-0.15360587919301172,0.12114607758231395,-0.7947232171009934,0.15492056282776676,5.877686,10.353099,0
2.4432,21.0,4.464337700145561,1.027656477438137,2140.0,3.1149927219796214,34.07,-117.25,0.788,34.07,-117.25,-0.6376766940681776,-0.03156366674086043,0.012180846299968143,0.0015150319723378342,0.011419907041926369,-0.14024008102844093,0.02708357583045173,-0.3818056452634476,10.628504,10.04231,1
1.6875,22.0,4.307332293291732,1.1809672386895476,2612.0,4.074882995319813,38.24,-122.04,0.875,38.24,-122.04,-0.9229821542220921,-0.008575396523202989,0.02624604711969418,0.032751476507076306,0.05188157202750008,-0.18181485715467754,-0.3637341869067248,0.14750896559077017,7.892033,10.955309,0
2.0216,18.0,5.463291139240506,1.0455696202531646,1461.0,3.69873417721519,36.38,-119.21,0.58,36.38,-119.21,-0.7190529800297656,-0.03665684073699233,-0.10998509035210308,0.017245194103638135,-0.007155691097440138,-0.30374989335584535,-0.17761626112679407,-0.2548827465284452,8.869685,10.329293,0
4.1154,26.0,6.191044776119403,1.0626865671641792,1228.0,3.665671641791045,32.63,-117.04,1.602,32.63,-117.04,-0.2342532259817345,-0.0422583635812121,-0.0232883939345678,0.018830636642766442,-0.012996125478465629,-0.31181552000845925,0.3274453659459348,-0.32587433777848496,11.025718,8.826265,1
3.1667,23.0,5.225531914893617,1.0,569.0,2.421276595744681,32.8,-115.64,1.25,32.8,-115.64,-0.5056701178040921,-0.03608429236895044,-0.06517129491900966,-0.0771947342003562,0.008365496318995967,0.07218240766735856,0.3282501402128235,-0.577580200387366,11.32194,9.90096,1
3.5417,16.0,5.311643835616438,0.928082191780822,1010.0,3.458904109589041,36.79,-119.68,0.713,36.79,-119.68,-0.20286533610843327,-0.11693341682501032,-0.08931244570867213,-0.07910113761401062,-0.02635309627449776,-0.3191081521195579,-0.1601545102535947,-0.271043223222578,9.592105,8.979946,-1
3.3545,24.0,4.25402144772118,1.0375335120643432,2945.0,1.9738605898123325,34.17,-118.4,2.215,34.17,-118.4,-0.1693172353533995,-0.060410184628216464,-0.025157938264660843,0.009051281082706534,0.006486272446180466,0.4079936262130497,0.19178602631627617,0.02501124654669937,10.811792,5.852372,1
3.3571,14.0,5.227941176470588,1.1066176470588236,1613.0,2.9650735294117645,38.3,-122.49,1.936,38.3,-122.49,-0.1332302133016347,-0.12489289160302286,-0.038911698174999905,0.023585086067675436,0.05819738209582869,-0.045461226812141056,-0.3992653080044664,0.5038331462984548,6.4025207,8.270658,0
4.6406,20.0,6.109979633401222,1.0692464358452138,1207.0,2.4582484725050917,38.07,-122.19,2.175,38.07,-122.19,0.20880621775592972,0.07125835189260486,0.02747682938481491,0.02319896119049187,0.02387372642213658,0.20944575148947464,-0.5813041054570357,0.20691290240878188,6.294553,7.2323947,-1
6.3721,12.0,7.617157490396927,1.0230473751600513,2936.0,3.759282970550576,32.96,-117.14,2.415,32.96,-117.14,0.9461467781565956,-0.27982730308855464,0.0799480220904481,-0.0029385131718291527,0.020801928737236443,-0.28698228829439004,0.23177561716686143,-0.2924632199361588,5.0368037,2.7033863,2
3.7568,4.0,5.727411944869831,1.1439509954058193,6666.0,2.5520673813169985,33.22,-117.3,1.841,33.22,-117.3,-0.22509843571670354,-0.16930531947311894,-0.09805171223898611,0.04447704570364819,0.07125879599777439,0.1543029838918476,0.313237363680761,-0.3391182713390155,11.02422,9.349019,1
5.4333,29.0,7.233766233766234,1.0584415584415585,385.0,2.5,32.78,-116.99,2.228,32.78,-116.99,0.6974126750622317,0.06772099461285616,-0.0018590472206881396,-0.002990686068706483,-0.1394444708218992,0.2194207751811442,0.34055024436770204,-0.5813790769562718,6.7643366,2.7953193,2
2.8342,35.0,3.923076923076923,1.0671550671550671,2401.0,2.9316239316239314,34.16,-118.3,2.568,34.16,-118.3,-0.4046284949134028,0.001048180680385399,0.10090195044361007,0.043465877099807496,0.019545288873465207,-0.06507048609219572,0.3164196785195532,-0.057376260901248664,12.406588,6.899977,1
2.6312,28.0,4.169312169312169,1.0582010582010581,891.0,2.357142857142857,33.9,-118.31,1.713,33.9,-118.31,-0.6688557743013189,0.005109544105045779,-0.009245682278874172,0.025736430813400445,-0.041743142844460505,0.13215619904363227,0.3596230954349576,-0.04043361633043492,11.95959,6.43708,-1
8.039,20.0,7.432314410480349,1.0363901018922852,4083.0,2.9716157205240177,37.93,-122.1,3.822,37.93,-122.1,1.8807819029514377,-0.1114360894990235,0.02216721782890411,0.012864759775735568,0.08785137353300901,-0.06298591923675187,-0.2518469268251052,0.12441316986379033,-3.3150933,7.1498957,-1
3.1359,38.0,4.10668380462725,1.06426735218509,2410.0,3.0976863753213366,37.73,-122.48,3.5,37.73,-122.48,-0.22144025067108575,0.16837730356584177,0.04240215148288159,0.0313418611337892,0.061647022111918456,-0.02363048712190124,0.031649430281751045,0.8476588471630274,7.404433,6.188887,2
4.5192,52.0,5.582781456953643,1.0596026490066226,333.0,2.205298013245033,34.06,-118.37,4.46,34.06,-118.37,0.2645035783965132,0.612532054684531,-0.02936813550353677,0.06856552263856788,0.05048390148135563,0.36565200599740943,0.5629389299383974,0.10537542245990651,10.683862,4.8977804,1
7.4056,26.0,8.044230769230769,1.0365384615384616,1504.0,2.8923076923076922,33.68,-117.94,3.742,33.68,-117.94,1.3088762585713305,0.046569736542070465,0.08424292260675308,0.03220705798201413,0.003420238480099729,-0.11595648524256764,0.2382933008055446,-0.10313079192798119,5.5052514,2.7833772,2
4.4828,26.0,4.9904761904761905,1.0095238095238095,1282.0,2.441904761904762,33.88,-118.37,3.407,33.88,-118.37,0.2291806286627618,0.036804014551568245,-0.047755924970953725,0.01682920542132179,-0.0029266081458833243,0.2809340751827817,0.40851959551708716,0.09581116416368306,10.236865,4.806323,1
4.285,34.0,5.208469055374593,0.9641693811074918,938.0,3.0553745928338762,33.87,-117.95,1.849,33.87,-117.95,0.11071867594717782,0.02627646973813499,-0.037486943888905715,-0.06715771112260767,-0.02814344137294202,-0.12245850795975285,0.21760609124816513,-0.057142267226708364,9.402365,4.220708,1
4.0625,35.0,4.794466403162056,1.1225296442687747,742.0,2.932806324110672,33.93,-118.34,1.599,33.93,-118.34,-0.2156044693514969,-0.03028335134255595,-0.049993964759640186,0.006147620050811768,0.022190103925236217,-0.11266678588281925,0.30722577817300784,-0.07219601901285272,12.465994,7.237884,1
3.2024,15.0,5.952286282306163,1.0377733598409542,1231.0,2.4473161033797215,33.15,-117.07,1.804,33.15,-117.07,-0.4573338645003073,-0.15701505789514755,-0.004645293156411853,0.020316284465623943,0.021616038976376997,0.14274854192673478,0.3306299879813787,-0.43169863301266936,11.1801195,9.748709,1
6.1043,36.0,5.545562130177514,0.9242603550295858,2254.0,2.6674556213017753,37.46,-122.24,3.435,37.46,-122.24,1.1672955446597437,0.14550933037914413,-0.046926790046060596,-0.13342828586506505,0.0872113140668846,0.10222717817415258,-0.07197635505295664,0.18775852939009188,5.072542,3.671413,2
4.1792,42.0,5.433212996389892,1.1696750902527075,553.0,1.9963898916967509,37.93,-122.66,3.5,37.93,-122.66,0.31274969163472627,0.23943390524062683,-0.029131035470503473,0.055975534024993105,-0.01721820745323214,0.2924264102266507,-0.22560070893211334,0.5126123720742387,7.1129966,5.6748424,2
2.1587,43.0,4.319648093841642,1.0879765395894427,1231.0,3.6099706744868034,37.73,-122.17,0.865,37.73,-122.17,-0.7695722103979571,0.08327964721817978,-0.014013443236446698,0.01585553200479471,-0.006398815766062901,-0.2922358254704297,-0.245533919267209,0.20247219452928633,8.015835,10.425446,0
2.48,20.0,4.6453900709219855,1.0780141843971631,1538.0,2.181560283687943,37.69,-121.01,1.356,37.69,-121.01,-0.6235232929261609,-0.024125906839614488,-0.06128599996902703,0.03736068281690666,0.012421773710111389,0.3143980315174104,-0.20386764829353296,0.012662568191221366,7.4220867,10.254822,0
3.5223,8.0,8.591549295774648,1.7195902688860436,2069.0,2.649167733674776,33.81,-116.43,1.151,33.81,-116.43,-0.22904008754640656,-0.16098640624485136,0.03773927941195597,0.061449421576864796,0.024057089500668566,-0.056616174845891334,0.0631176026271466,-0.5062434829315234,10.513935,9.173879,1
5.9224,24.0,6.349397590361446,1.0068846815834767,1898.0,3.2667814113597244,34.18,-118.94,2.394,34.18,-118.94,0.9091976601284368,-0.03432077453317401,-0.006014817834860116,-0.10694413296895725,0.019332786424899384,-0.3450109783988411,0.15583754784231124,-0.08475585841332627,5.084268,2.9987378,2
1.625,38.0,4.052631578947368,1.0736842105263158,402.0,4.231578947368421,34.04,-118.17,1.297,34.04,-118.17,-0.963964841706565,0.05071367542922381,0.006367668424588828,0.00933167060123553,0.06584546880206374,-0.332820619061381,0.3369003812410872,-0.07716579352842955,13.23198,9.860245,1
2.5238,22.0,4.6184,1.056,2607.0,2.0856,38.6,-121.39,1.188,38.6,-121.39,-0.6097655891962513,-0.011337280433742802,-0.06376269809627784,0.027758922052317565,0.04111002944543923,0.18499915304370987,-0.5138238194682297,0.016699536392291874,6.5959787,10.524598,0
2.3611,31.0,6.151079136690647,1.5611510791366907,280.0,2.014388489208633,38.46,-123.07,1.125,38.46,-123.07,-0.6057289796727602,-0.007805996200856409,-0.0778429747105051,0.03328346314142891,-0.0960957336888187,0.21717783610657695,-0.5802369846247956,0.27577476644548576,6.3275514,10.002376,0
5.2799,36.0,5.3203125,0.953125,360.0,2.8125,33.86,-118.36,3.326,33.86,-118.36,0.6349904026550696,0.08699242537900093,-0.016869237640305623,-0.055817378360884684,0.031828927322191364,-0.01920366227910884,0.3934603378732276,0.07943154967630787,7.211208,2.8575087,2
5.98,22.0,6.586469534050179,0.9901433691756273,6693.0,2.9986559139784945,37.66,-121.79,2.45,37.66,-121.79,0.913917611200722,-0.04349862979660882,0.011531863523065285,-0.12197937291865912,0.039581978069525466,-0.08442113978993493,-0.14434144654222686,0.08663904195274164,5.5362606,3.9591935,2
6.4514,16.0,7.204488778054863,1.054862842892768,1227.0,3.0598503740648377,33.91,-117.86,2.708,33.91,-117.86,1.0484527911221477,-0.22795436760887922,0.038276972371114895,0.030707011807548444,-0.0025657953840430418,-0.10242281334086782,0.1603053910761986,-0.07925108408611375,5.11474,2.605717,2
5.4847,36.0,5.735562310030395,1.0911854103343466,761.0,2.31306990881459,34.17,-118.59,2.96,34.17,-118.59,0.6141712350621722,0.12196174806913658,-0.05511267366968658,0.03677866114167391,-0.08670195128403611,0.33293285791298155,0.1717880605889748,-0.02503139705107587,6.639842,2.9665656,2
2.3849,11.0,4.983529411764706,1.0341176470588236,2410.0,2.835294117647059,37.59,-120.96,1.22,37.59,-120.96,-0.5735274718268427,-0.11008401900851691,-0.08392795127439533,0.002337572875739902,0.01048661577200069,-0.06215531155461127,-0.16389514188008839,-0.022671430279527727,8.532287,9.951837,0
3.3472,37.0,6.625,1.015625,266.0,4.15625,36.87,-121.77,2.938,36.87,-121.77,-0.20550943952437908,0.013698486966898507,0.15982012413780086,0.04258579332658339,0.11236913034969213,-0.12976692033615708,0.061539179951923734,0.21145224456485148,8.119041,8.545769,-1
7.9184,19.0,5.970890410958904,1.1746575342465753,2782.0,4.763698630136986,34.05,-118.74,5.00001,34.05,-118.74,2.2563043933902915,-0.08080387904979164,0.07390992606207106,0.20955703412016907,0.07226050693785625,-0.13010730106435006,0.29287155692049854,0.05935072510117211,-3.0723743,7.0522523,-1
2.8438,32.0,3.851985559566787,1.032490974729242,1053.0,3.8014440433212995,33.95,-118.37,1.817,33.95,-118.37,-0.4272512532372179,-0.008259056406239099,0.1444209755610134,0.004883988864814509,-0.01750231929491104,-0.32811135600000524,0.33968652962492285,0.0875343481725699,13.554849,8.743422,1
4.976,3.0,6.57201646090535,1.0345679012345679,3664.0,3.0156378600823044,38.33,-121.96,1.583,38.33,-121.96,0.07189553367665168,-0.214324375058236,0.012889587280661894,0.0010533731865381031,0.040227254228599026,-0.06473864952598704,-0.38259736980659476,0.10060067060226663,6.7552204,7.537429,0
2.3304,26.0,1.8247191011235955,1.1393258426966293,628.0,1.4112359550561797,37.78,-122.42,5.00001,37.78,-122.42,-0.10525031546449536,-0.008697768554551996,0.9088604944930302,0.1067779557315204,-0.005816325430191307,1.051761633041848,-0.0006423477548044391,0.6569225154086454,11.243054,5.1907163,1
3.8068,12.0,4.906194690265487,1.023008849557522,1335.0,2.3628318584070795,38.64,-121.34,1.61,38.64,-121.34,-0.19695985442408512,-0.1125997702713761,-0.0521478302161424,0.00921756052035708,0.004834902741168702,0.1737808591196844,-0.4776126032072711,0.03555406035866518,6.4789815,8.554935,0
5.6197,3.0,7.465875370919881,1.2729970326409497,781.0,2.3175074183976263,33.49,-117.64,2.716,33.49,-117.64,0.5661463109761278,-0.2914594227976677,0.05137266228812947,0.06674916922066923,-0.051027166437148115,0.20629476734728788,0.32747137551316524,-0.27806273311951035,6.859694,2.7313585,2
2.6127,36.0,4.858156028368795,1.024822695035461,812.0,2.879432624113475,36.78,-119.82,0.696,36.78,-119.82,-0.7099928227857757,0.01332012142240912,-0.0858381262930992,0.005716093284047306,-0.018112143405292304,-0.06443116837665305,-0.1834108469688709,-0.2423755778247368,8.799331,10.148708,0
3.6817,21.0,5.70911214953271,1.0379672897196262,4674.0,2.7301401869158877,38.59,-121.32,1.361,38.59,-121.32,-0.3146851351869185,-0.013810517501184514,-0.08363513212593547,0.008909320635035196,0.06558761379925292,-0.010092639479008741,-0.4488914985206352,0.005624210474078881,6.583613,8.613216,0
2.5833,37.0,4.158536585365853,0.9829268292682927,1839.0,4.485365853658537,33.92,-118.21,1.327,33.92,-118.21,-0.645162758919206,0.027351078163497262,0.014736768754828468,-0.05401989389552619,0.0028439882264738327,-0.29435741907620616,0.2661221035531703,-0.11689211298314844,13.586184,9.404069,1
9.1531,25.0,5.811764705882353,0.9529411764705882,254.0,2.988235294117647,37.74,-121.77,4.188,37.74,-121.77,2.071537672612976,-0.07433244226680077,-0.0015341349693021734,-0.0061476047067092945,0.05840663030267529,-0.06632071754324226,-0.128251507550014,0.11364552874249832,-3.270876,7.1552877,-1
2.0556,52.0,8.316602316602317,1.9266409266409266,524.0,2.023166023166023,38.46,-123.02,1.2,38.46,-123.02,-0.6397422068374372,0.1292992708523741,-0.011444499239351048,0.023468035961201148,-0.06150569696466713,0.16739834034213974,-0.635444279917123,0.253556027540555,6.1188197,10.135739,0
2.5284,11.0,3.478527607361963,1.1288343558282208,620.0,3.803680981595092,33.12,-117.09,1.225,33.12,-117.09,-0.5328622494043368,-0.14218869321887065,0.09153729520339816,0.013207054725657431,0.04656743925163392,-0.24678823862963925,0.2954026951212519,-0.3972977504672988,11.03361,9.559138,1
5.2853,31.0,5.169444444444444,1.1944444444444444,736.0,2.0444444444444443,34.15,-118.42,3.559,34.15,-118.42,0.6034108374190589,0.08295741475708865,-0.037969580384926885,0.02695788745987429,-0.016813456846098838,0.40164057596323016,0.40034580257182567,-0.004532442390291742,6.6196566,2.9241378,2
6.828,36.0,6.109375,1.015625,348.0,2.71875,37.38,-122.08,3.839,37.38,-122.08,1.3518568541743445,0.11836451198007433,0.014855181018483127,0.032992912785111364,-0.010756710719359583,0.04544428815301314,-0.010000362710594353,0.12646017406384652,5.142157,3.4845173,2
1.4418,24.0,4.17831541218638,1.0869175627240144,1851.0,1.6586021505376345,34.02,-117.04,1.035,34.02,-117.04,-1.0519891753960788,-0.04680087075729676,-0.016498658735504976,0.03287975046180994,0.0231335271075359,0.37248712671327056,0.16538343373540498,-0.6078701025057313,11.661385,10.364356,1
15.0001,52.0,8.461538461538462,1.2307692307692308,55.0,2.1153846153846154,37.19,-121.59,1.313,37.19,-121.59,0.7337700364597398,0.18466603432665227,-0.17846923898070255,-0.45503058500871246,-0.5700943171732352,-0.25789947239960914,-0.11935467179359624,0.0825035066596117,5.785062,3.923155,2
3.2202,24.0,4.4,1.0775193798449612,2151.0,3.3348837209302324,34.11,-117.92,1.262,34.11,-117.92,-0.36624434286107704,-0.04389678195960651,0.04272777620914617,0.03706650093028253,0.002589123078912502,-0.3264200467411902,0.21620168807822507,-0.08886856409700115,13.074518,8.132017,1
5.9164,23.0,6.605194805194805,1.0077922077922077,1297.0,3.3688311688311687,37.24,-121.83,2.374,37.24,-121.83,0.8825813478199162,-0.03420348073884156,0.024287030351979863,-0.08025119726719146,-0.024124523215516645,-0.3262716963359196,-0.003887952748816996,0.1139336963621896,5.5773144,3.6208155,2
3.2917,52.0,5.564245810055866,0.9636871508379888,948.0,2.64804469273743,33.96,-117.39,1.293,33.96,-117.39,-0.35985397887798953,0.3519032933529539,-0.06865407711565222,-0.15079764614337973,-0.006631919909376645,-0.0028132466660626397,0.10373819246523647,-0.42467245244641283,10.663653,9.438444,1
1.0398,25.0,5.465798045602606,1.1954397394136809,971.0,3.1628664495114007,38.64,-121.44,0.621,38.64,-121.44,-0.9358463513945438,-0.003304931291188951,-0.07694188586580612,0.019663840160460983,-0.027552159154150446,-0.22427761815702904,-0.39024318775841965,0.030148394967837343,8.03499,10.929936,0
3.0313,17.0,5.870614035087719,1.1644736842105263,1244.0,2.7280701754385963,41.84,-124.3,1.036,41.84,-124.3,-0.4227259346361741,-0.07424551510114848,-0.08381887257334085,0.04011629700951601,-0.008728724846613542,-0.019877144539452954,-0.7262381346225841,0.26306132494961626,5.8231344,9.639398,0
3.3482,30.0,5.680412371134021,0.979381443298969,800.0,2.7491408934707904,37.67,-121.09,2.2,37.67,-121.09,-0.22686863990105918,-0.021472186102392557,-0.06989780291179892,-0.06410272763033924,-0.013464420822373462,-0.029308073578065735,-0.0914731570776348,0.005890222234121055,7.983848,8.446088,-1
8.153,36.0,7.580474934036939,1.108179419525066,850.0,2.242744063324538,34.14,-118.47,5.00001,34.14,-118.47,1.9823878020545975,0.177798732904733,0.05175317017551793,0.07800108235080327,-0.006843027170435845,0.22944210803955714,0.2714033287682998,0.03563491156873775,-2.975509,7.35548,-1
4.0474,22.0,4.745070422535211,1.0859154929577466,2751.0,3.8746478873239436,34.28,-118.88,1.821,34.28,-118.88,-0.1934510789661109,-0.04947715422270436,0.017189676417155148,0.03088492545237555,0.032166068135783,-0.30841703569427964,0.1839082205917336,-0.05730874701787861,12.969594,7.987933,1
4.7361,50.0,5.539393939393939,1.0121212121212122,322.0,1.9515151515151514,33.76,-118.14,4.188,33.76,-118.14,0.3708475824817945,0.4602922107762904,-0.010195792541146803,0.040406344150033933,0.10547490578604654,0.5334823457006113,0.5349275091305438,-0.041194457989658095,10.605385,4.8065033,1
5.1315,17.0,5.460176991150442,1.0147492625368733,764.0,2.253687315634218,33.89,-117.97,1.818,33.89,-117.97,0.10048338911721229,-0.1978151481918757,-0.049121933928517755,-0.009970084574495969,-0.03574711833536889,0.3163641634362367,0.2824686322853677,-0.048977855917569674,10.138779,5.1894336,1
3.4191,52.0,4.530612244897959,0.8163265306122449,1107.0,11.295918367346939,39.73,-121.85,1.375,39.73,-121.85,-0.24044192359946298,0.184442820950761,0.03619230448341126,-0.14298936652204539,-0.001696095909630834,-0.113079488180679,-0.6899741469906112,0.09272485018019871,6.071424,8.867155,0
0.9355,24.0,3.482051282051282,1.1897435897435897,1371.0,2.3435897435897437,37.78,-122.43,1.125,37.78,-122.43,-1.2002026663046304,-0.028316747182085603,0.022610545239478235,0.0023913415859168527,-0.004554362508613657,0.07215635268464753,-0.04485967931737911,0.4470941768186115,8.129072,11.040542,0
3.0833,50.0,4.641160949868074,1.071240105540897,1724.0,2.2744063324538257,34.05,-118.36,3.381,34.05,-118.36,-0.33246516988547925,0.3666863139655358,-0.021163468021219246,0.050995720625994403,0.013267238700688995,0.377170887813148,0.4952130634521338,0.14603226551720924,11.087795,5.3187265,1
5.3693,26.0,6.2304147465437785,0.9308755760368663,654.0,3.013824884792627,32.86,-117.21,2.607,32.86,-117.21,0.6323137171365827,0.03607726275979962,0.020165213092782453,-0.07600700986687031,0.10804718375207525,-0.09725793408945144,0.32023080660446346,-0.35585842114310745,7.0954146,2.786513,2
5.1878,10.0,6.7990430622009566,0.9760765550239234,657.0,3.1435406698564594,38.04,-121.33,1.539,38.04,-121.33,0.05743956068473936,-0.19479007297627635,0.04176859771959732,-0.046741267662883085,0.0673353670493281,-0.15895434094574726,-0.4002722990795487,0.0017208001916076425,6.673432,7.3989897,-1
5.7415,37.0,6.424581005586592,1.1340782122905029,511.0,2.8547486033519553,37.13,-121.93,3.985,37.13,-121.93,1.039862626818277,0.1391324402620624,-0.0008479822075127898,0.0838749815137092,0.06734206222309633,-0.03538040424590744,0.007920084476623849,0.13309069862511433,5.2421794,3.6159558,2
2.5288,16.0,5.315638450502152,1.06025824964132,2463.0,3.533715925394548,36.98,-120.05,0.618,36.98,-120.05,-0.6102498479636267,-0.07343656830132979,-0.10931897257660352,0.01126776052580058,0.020287694365604028,-0.2825166897876503,-0.17456653379066486,-0.07393542898315783,8.599664,10.11713,0
5.2887,21.0,6.4,1.083076923076923,1040.0,3.2,37.25,-121.89,2.645,37.25,-121.89,0.6685952299789739,0.013832863402429828,-0.015725022081017982,0.04948285594715997,-0.009022487741739416,-0.29759594760806507,-0.09519320942681009,0.1444875555808819,5.961254,4.296861,2
1.5957,18.0,6.327586206896552,1.5593869731800767,986.0,1.8888888888888888,35.7,-118.5,1.014,35.7,-118.5,-0.959193238612122,-0.04594017829182597,-0.08553821286313436,0.06985298157054796,-0.016352417266706155,0.4057775316015227,-0.18144342835309432,-0.1447458658279226,7.9318104,10.350753,0
2.7188,43.0,5.188755020080321,1.2329317269076305,647.0,2.5983935742971886,38.75,-121.27,0.853,38.75,-121.27,-0.6463951673274609,0.057783551823331544,-0.12518778685774679,0.006674715071656584,0.021350453961083107,0.06638202387320016,-0.531796381761587,0.043933352931383535,6.599102,10.582977,0
4.1375,38.0,5.095070422535211,1.0316901408450705,1042.0,3.6690140845070425,34.03,-118.14,2.115,34.03,-118.14,-0.06424857451978998,0.1239280253099139,-0.04769310214496136,0.008059864218658095,-0.02285951979896793,-0.38901161578002386,0.25591065639455524,-0.11172663905393623,12.642495,7.736955,1
1.3993,28.0,4.806709265175719,1.1150159744408945,1200.0,1.9169329073482428,34.03,-117.05,1.046,34.03,-117.05,-1.0116199337587897,0.0009153029092815,-0.06193734682860744,0.01832029813433806,0.001922258872051854,0.27872862836641304,0.17404111445401313,-0.5842334991333347,11.677116,10.346531,1
1.8355,34.0,5.1030303030303035,1.1272727272727272,635.0,3.8484848484848486,39.36,-121.69,0.63,39.36,-121.69,-0.7611557799532807,0.0029904865829918736,-0.11379042757327656,-0.00876118052259986,0.006603253680414489,-0.22287755305551987,-0.443275203819079,0.08487337348843599,7.654313,10.9412985,0
8.9571,33.0,7.210696920583469,1.0307941653160453,1684.0,2.7293354943273904,37.86,-122.18,3.997,37.86,-122.18,2.1031809812404365,0.13453428384625143,0.02389928171276901,-0.0037036290326908144,0.041223510199326026,-0.011007022689479248,-0.29349509104734667,0.14002984602571897,-3.326712,7.2610264,-1
6.6437,25.0,7.331775700934579,1.0825545171339563,1995.0,3.107476635514019,37.28,-121.97,2.961,37.28,-121.97,1.1102845932007612,-0.03477612265198003,0.03986918447462888,0.06666325951555417,0.020451830656298048,-0.19841888946824437,-0.12198325945304361,0.08525378963698199,5.249215,3.8693354,2
2.3056,43.0,5.193370165745856,1.149171270718232,690.0,3.8121546961325965,37.96,-121.26,0.623,37.96,-121.26,-0.6825656394184001,0.05872108510191454,-0.14265125467687612,0.022895036423182958,-0.008504946239208201,-0.24126037184471066,-0.41851474111607223,-0.003450648834261765,7.630247,10.882682,0
1.7052,48.0,4.238095238095238,1.0453514739229024,1834.0,4.158730158730159,34.0,-118.27,1.074,34.0,-118.27,-0.9990053994308058,0.0706376832257496,0.022997159603087118,0.013716720408967811,0.004778236745601237,-0.32893659547321064,0.2952782046640043,-0.12045358535987041,13.093573,9.958087,1
2.9688,42.0,4.536931818181818,1.0596590909090908,1311.0,3.7244318181818183,34.08,-118.03,1.628,34.08,-118.03,-0.359273701226927,0.12446114945077306,0.012165240045736696,0.01729764215742418,-0.021601039962577374,-0.33148196810116437,0.24323410886789176,-0.07977834596868526,12.887557,8.089169,1
3.7167,46.0,4.699822380106572,1.0781527531083481,1418.0,2.5186500888099466,37.78,-122.5,3.328,37.78,-122.5,-0.03315103407780909,0.18963024966667355,0.020514203101622917,0.04631446016804092,0.028012256108768986,0.13799492612583403,0.052738212531190334,0.7251116181288602,7.497408,6.199725,2
2.7813,41.0,3.4464285714285716,1.1785714285714286,1209.0,3.5982142857142856,33.77,-118.2,1.292,33.77,-118.2,-0.6653191558390908,0.060935568164564934,0.12598647742223598,0.016973488600382454,-0.026819003936034935,-0.39615100282268134,0.25979762367035153,-0.11065152230649813,13.800017,9.239875,1
5.0457,34.0,6.328787878787879,1.0954545454545455,1586.0,2.403030303030303,37.45,-122.23,3.951,37.45,-122.23,0.3923852002814406,0.07721981903094081,0.06674477708173562,0.05394614844416638,0.10860559805706345,0.2610759119518966,0.06677497248937843,0.371722238061972,7.1221566,5.4729095,2
4.4881,36.0,5.759776536312849,0.9804469273743017,1134.0,3.1675977653631286,33.92,-118.16,2.189,33.92,-118.16,0.13824460301499225,0.03989827072724284,-0.049753261323032996,-0.05615247907521802,-0.021690800905808265,-0.3373113944106815,0.2522091419232913,-0.1158009843126684,9.113914,3.9468772,1
1.6023,35.0,6.323529411764706,1.3235294117647058,100.0,2.9411764705882355,37.95,-122.37,0.813,37.95,-122.37,-0.8747895629442428,-0.009423580874947384,-0.05952196621866734,0.025372184597416515,-0.11856907628798302,-0.04666167866446216,-0.45373119434037856,0.2096508482028944,7.5222096,10.895139,0
4.7361,22.0,6.08021978021978,1.0362637362637364,2474.0,2.718681318681319,37.7,-121.8,2.168,37.7,-121.8,0.1869134972281335,-0.0034645424476770865,-0.005614413788207044,0.004485422114898756,0.02265804818120206,-0.0715905848398936,-0.1340908015337915,0.1196282293495162,6.925825,5.1551256,2
4.6625,44.0,6.197333333333333,1.1013333333333333,823.0,2.1946666666666665,38.6,-121.45,1.589,38.6,-121.45,0.09879915214121171,0.06855356282418366,-0.037333830055450996,0.03217619440555201,-0.010593674074178895,0.17171723649372306,-0.7060040452753061,-0.0007240501318018369,6.2942657,7.4406385,-1
2.875,17.0,5.691082802547771,1.0509554140127388,1341.0,4.270700636942675,32.82,-117.11,1.125,32.82,-117.11,-0.4078515127673168,-0.10762725011895792,-0.11489432680546888,0.022173293784785126,-0.0180850544725143,-0.20089306732847292,0.2745532457010351,-0.34039054592619383,10.8966055,9.106746,1
1.5972,34.0,2.510250569476082,1.020501138952164,1325.0,3.0182232346241458,34.05,-118.29,1.688,34.05,-118.29,-0.9607228010496097,0.02420618903854277,0.16729068641812767,0.03464772901816598,-0.016179514103020126,-0.11707327778386539,0.3329965770757661,-0.04354174370296644,13.125556,9.909409,1
3.6019,20.0,3.6911392405063292,1.1063291139240505,2165.0,1.8270042194092826,34.03,-118.41,4.636,34.03,-118.41,-0.016135598941235237,-0.03186227015091649,0.4246826015823817,0.06577612079492705,0.02060607727297319,0.9744275552192437,0.4603464612251564,0.1499873494801414,11.169777,5.186062,1
7.6229,35.0,7.2251461988304095,1.0204678362573099,881.0,2.5760233918128654,37.39,-122.1,5.00001,37.39,-122.1,2.1039130090065084,0.1771712902356464,0.05187578816579557,0.04688649182251472,0.009148737814163282,0.1369970968486228,0.036017568100524845,0.17470176068296972,-3.0718553,7.4683027,-1
4.1136,30.0,4.145009416195857,1.0527306967984935,1194.0,2.248587570621469,34.12,-118.07,2.799,34.12,-118.07,-0.16240791788732242,-0.03508826589703912,-0.029750896095972226,0.0360753694396562,-0.005906642772152785,0.42681117812412916,0.3454205786180239,0.03297182640549174,10.9146385,5.6750937,1
5.0787,45.0,5.790625,1.025,945.0,2.953125,33.84,-118.17,2.192,33.84,-118.17,0.22643655639856605,0.1579376865767089,-0.0817971552855929,0.001545300265785262,-0.015532975586404324,-0.1255788397444185,0.2833348376066033,-0.10414745611220798,9.3575945,4.093062,1
3.3839,52.0,4.364556962025317,1.0531645569620254,1016.0,2.572151898734177,37.8,-122.41,4.0,37.8,-122.41,0.0677424759725882,0.5751784640913735,0.01883548796121005,0.07019643702916384,0.00414632274110001,0.15534753346563296,0.11183836009674444,0.6222512979109958,7.6633162,5.9011774,2
3.5757,35.0,4.539087947882736,1.0407166123778502,1923.0,3.1319218241042344,33.99,-118.09,1.779,33.99,-118.09,-0.22148340435478425,-0.025065869303078088,0.022141332664548513,0.015004804223473176,0.009511259916126712,-0.3399211552339365,0.24514183562827604,-0.09825724414935345,13.009114,7.936887,1
5.5779,16.0,5.938223938223938,1.0038610038610039,835.0,3.223938223938224,33.65,-117.65,2.348,33.65,-117.65,0.5606960052172191,-0.12218498223626785,-0.018299476438155236,-0.062398918965377775,-0.03772079660812008,-0.1951733412835225,0.09497379432441651,-0.23029941067597487,7.429396,2.9203718,-1
4.5841,4.0,7.006453099792579,1.1424291311362065,13251.0,3.053929476837981,33.52,-117.12,2.123,33.52,-117.12,0.025379935703777085,-0.24118138943929224,0.03326512426244183,0.04995832645387595,0.08004065653353565,-0.10149147624812699,0.30586817928428855,-0.3634653792551345,9.036678,3.0267487,1
2.9286,20.0,4.507142857142857,1.2178571428571427,1819.0,3.2482142857142855,32.56,-117.12,2.577,32.56,-117.12,-0.37046743260759585,-0.014546063798164297,0.06334298392709313,0.044120763459293076,0.04567663245349536,-0.11578829139652613,0.674603010187715,-0.31375776410693484,11.162961,9.069368,1
4.99,50.0,5.929701230228471,1.0509666080843585,1484.0,2.6080843585237257,34.17,-118.11,2.616,34.17,-118.11,0.2890825207544478,0.3048463514898461,-0.16733125591255937,0.028520727195251852,0.017952153283779672,0.12068654610050529,0.20779452450515468,-0.1213257423321767,9.914509,4.493948,1
2.0187,39.0,4.8760683760683765,1.1025641025641026,1313.0,5.611111111111111,33.94,-118.23,0.901,33.94,-118.23,-0.7767310653591107,0.047165221024780254,-0.10139752790884396,0.016860264772364887,-0.02947223925845266,-0.35861266354681814,0.26802213263297314,-0.10891629643902981,13.520206,9.6657,1
6.1642,13.0,6.541353383458647,0.9924812030075187,1432.0,2.691729323308271,38.78,-121.18,2.778,38.78,-121.18,1.0950293364687333,-0.16872957997648982,-0.013241844681698199,-0.09318166191662725,0.02620616844624145,0.05269063998335096,-0.35409329343305596,0.0375174861429099,5.1502037,4.0980015,2
5.5875,9.0,7.593667546174142,1.0646437994722955,2158.0,2.846965699208443,34.51,-117.23,1.678,34.51,-117.23,0.4397346528690633,-0.3107773081187195,0.07417751676743477,-0.03461778158747611,0.02635478240146625,-0.1277626210993445,-0.03665778523126455,-0.30409506765500055,8.035281,3.033781,1
2.4432,24.0,3.399168399168399,1.054054054054054,2480.0,5.155925155925156,33.96,-118.16,1.875,33.96,-118.16,-0.5637187253192213,-0.014010529878047228,0.18982745953955302,0.037572585763562,0.06045637134944917,-0.3458991337824954,0.2749942600850067,-0.10692887111166863,13.830889,9.052171,1
4.0231,31.0,4.003322259136213,0.9302325581395349,1476.0,4.903654485049834,33.75,-117.89,1.392,33.75,-117.89,-0.2124600048066217,-0.02431384409008627,0.0248086694580848,-0.09919210361061474,-0.023587791885476505,-0.3351132006125313,0.23184003986607626,-0.1032462231525606,12.891366,7.8643727,1
1.9932,29.0,4.32994923857868,1.0532994923857868,990.0,2.512690355329949,38.47,-122.72,1.648,38.47,-122.72,-0.6473319614100461,0.0025291003082842252,0.02321307991936567,0.03487321913128182,-0.02607991908139673,0.08657576175991609,-0.4049504693098346,0.3778070810445168,6.7795033,10.031548,0
5.6292,24.0,6.454954954954955,0.9831081081081081,2444.0,2.7522522522522523,37.94,-122.04,2.314,37.94,-122.04,0.6695942602903955,0.03514068722104429,-0.007930149309588023,-0.058305704245982734,0.06005858381737824,0.008708488938133441,-0.39908726117716387,0.12142308126560725,5.8778515,4.5194454,2
4.9519,31.0,5.896049896049896,1.0187110187110187,1138.0,2.365904365904366,37.4,-122.11,5.00001,37.4,-122.11,0.6465278249672033,0.11126022891555155,0.24329537262952422,0.06025830714491964,0.036672068182919744,0.3016510134148799,0.0956919319984455,0.33365461998669327,6.578049,3.7659652,-1
4.8984,8.0,5.023255813953488,0.9069767441860465,626.0,3.63953488372093,32.56,-117.09,1.515,32.56,-117.09,0.11362386768418727,-0.3024330373330893,-0.04629636729507467,-0.11922823174593897,0.041952551668685854,-0.24490478468119528,0.4532399383854898,-0.3302701026963072,9.060392,3.0004756,-1
2.3062,16.0,5.2631578947368425,1.0368421052631578,508.0,2.6736842105263157,39.09,-121.11,1.388,39.09,-121.11,-0.5756065323667432,-0.03800770060714742,-0.08605129175779933,0.0043385591347080065,0.019372284327810702,0.05843126381499587,-0.39931594116723895,0.05393425595863208,6.7674246,10.420273,0
5.5,34.0,5.84472049689441,1.0351966873706004,1429.0,2.958592132505176,33.87,-118.35,2.796,33.87,-118.35,0.6003963478741019,0.11428357256840792,-0.05512596922791558,-0.012257927556037562,0.022874066807474547,-0.17030387409705122,0.2997508175143461,0.009966297713383511,7.2578106,2.845625,2
5.2865,37.0,6.169291338582677,1.047244094488189,1220.0,2.4015748031496065,34.18,-118.04,4.554,34.18,-118.04,0.8298866021053304,0.17653695173029893,0.04473983069306201,0.03409930027924523,0.08873614368176432,0.3723784083413622,0.2713829487147045,-0.016233384669511724,6.3456483,2.9709265,2
3.3292,31.0,4.682203389830509,1.0995762711864407,1047.0,2.218220338983051,33.94,-118.12,2.713,33.94,-118.12,-0.25832801331116045,-0.027347395880697817,-0.04621126432401336,0.0370715425913212,-0.00885385527690072,0.40688505252532203,0.3970036554127016,-0.03843691614117447,11.029352,5.802332,1
4.4211,35.0,5.3059701492537314,1.027363184079602,1473.0,3.6641791044776117,33.65,-117.93,2.152,33.65,-117.93,0.13987110123711965,0.025609849177714798,-0.04590621763408023,0.012297939387588911,-0.016895803290778194,-0.3490956895084327,0.2786324130355169,-0.12324861096128595,9.054998,3.884572,1
2.5556,11.0,5.825112107623318,1.2556053811659194,1158.0,5.192825112107624,34.96,-120.45,1.292,34.96,-120.45,-0.5386601554871834,-0.10503787106080446,-0.11064161112263218,0.030924913165225592,-0.020212018702967804,-0.3255920993344678,0.16506680002584856,0.06558077674506292,13.276501,9.080627,1
3.6875,36.0,5.861940298507463,1.0597014925373134,1001.0,3.735074626865672,32.69,-117.08,1.114,32.69,-117.08,-0.2654202257329524,-0.02048862808826522,-0.09619635449336897,0.020110114824659985,-0.029803809311020682,-0.2582941134278277,0.2818666643962428,-0.3369941709992366,10.846326,8.979236,1
3.864,24.0,5.444714459295262,1.094775212636695,2398.0,2.913730255164034,33.96,-117.41,1.234,33.96,-117.41,-0.24896296797358267,-0.06847795861401261,-0.07832322411814037,0.028187844268575415,0.021440432227419863,-0.08098153811696988,0.07747217648825228,-0.3951965723263681,10.552436,9.182727,1
0.8571,21.0,1.6296296296296295,1.2222222222222223,64.0,2.3703703703703702,32.79,-114.65,0.25,32.79,-114.65,-1.1135809740927423,-0.03738743648435647,0.11561257354896556,-0.04125738944691541,-0.16319955488198337,0.0020183071834332556,0.2734477524455276,-0.7500350572732258,11.858474,10.4297495,1
5.0,24.0,4.492753623188406,0.9528985507246377,690.0,2.5,37.29,-121.96,2.83,37.29,-121.96,0.3510319072365299,0.04342245451056064,-0.011974823070372377,-0.08707202853323977,0.012779275591924398,0.17529918150954707,-0.018516705631238004,0.13040294997783408,6.8872404,5.2880816,2
4.8571,36.0,5.327327327327327,1.045045045045045,934.0,2.804804804804805,33.86,-118.14,2.033,33.86,-118.14,0.1473481875877055,0.029658853956360295,-0.048086314802148734,0.017831835765960716,-0.02359012980230686,-0.08138358714740139,0.2903835707162943,-0.09520602623105726,9.519942,4.188718,1
12.4429,30.0,8.267326732673267,1.0841584158415842,606.0,3.0,32.86,-117.25,5.00001,32.86,-117.25,2.338854237072084,0.1412012473002885,0.09242123204132971,0.026739471815467018,0.08977708764089135,-0.053857912657167474,0.3586624864520462,-0.19818137143552103,-3.021421,7.2935767,-1
2.8097,33.0,5.260416666666667,1.0163690476190477,1568.0,2.3333333333333335,32.77,-117.05,1.583,32.77,-117.05,-0.6734780891936101,-0.002878574639283896,-0.0758242361919329,0.05669483087946438,0.028333522963433028,0.20247663453648065,0.3370581186137242,-0.5565051230389434,11.41793,10.10117,1
5.3963,33.0,7.509394572025053,1.0835073068893528,1207.0,2.519832985386221,34.45,-119.61,5.00001,34.45,-119.61,0.8790001987977629,0.14175537782978995,0.12300066640671699,0.1549063863872865,0.09487613821275631,0.3580271477248873,0.30166517735233117,0.04945670526399766,6.3711886,2.9978075,2
3.6033,9.0,4.946764091858038,1.0686325678496869,10323.0,2.693893528183716,34.1,-117.61,1.326,34.1,-117.61,-0.21752783789157268,-0.1718500274910886,-0.04646630158335398,0.01039530340499741,0.057651933125734404,-0.02573683664094675,0.060408180509665343,-0.4045554732199257,10.399891,9.133517,1
1.5515,37.0,3.9106796116504854,0.9805825242718447,1787.0,3.469902912621359,37.62,-120.99,0.541,37.62,-120.99,-1.0106708596791683,0.012634027662890663,0.014904483628521066,-0.05851765265010234,0.01004208722494814,-0.287127244003049,-0.19767022174303667,-0.05827101604226845,8.630037,10.96453,0
2.1767,13.0,4.050724637681159,1.1202898550724638,1869.0,2.708695652173913,32.75,-117.12,1.018,32.75,-117.12,-0.5942765619876146,-0.11414916641867305,-0.028899601697437334,0.0074356676547352825,0.015187690997524766,0.02437865624213496,0.30510678483901765,-0.4561141749052894,11.277358,9.885423,1
3.5865,35.0,5.372972972972973,1.0972972972972972,602.0,3.254054054054054,33.89,-118.1,1.78,33.89,-118.1,-0.26956908436585897,-0.02491051485633459,-0.09289593087429655,0.022133925358067498,0.07422348988553047,-0.36257417975878065,0.2813539203266073,-0.10205792457639508,12.849444,7.897461,1
6.1885,10.0,6.631578947368421,0.9818511796733213,1638.0,2.972776769509982,34.26,-119.17,2.673,34.26,-119.17,0.9076889932131861,-0.2618441022220107,0.016013491741177135,-0.10584125347295897,0.007860526972855941,-0.07391106702373841,0.147774755150359,-0.06897610370175532,4.9957557,2.6400242,2
4.8021,45.0,5.927536231884058,1.0434782608695652,340.0,2.463768115942029,37.74,-121.42,1.335,37.74,-121.42,0.31791794251205313,0.06184306102024553,-0.19541250525003814,0.020290590934441848,-0.10573216944821477,0.1910014140126871,-0.2355835740729896,-0.003262912707617936,6.755222,5.403907,2
2.9605,12.0,4.915341440598691,1.0224508886810102,5633.0,2.6347053320860616,38.55,-121.78,2.043,38.55,-121.78,-0.32903670824167,-0.09977430452070069,-0.06159518805996295,0.003844394087188457,0.11540370385451898,0.04070253745235961,-0.33006200566354665,0.12095702200789951,6.5957584,8.58423,-1
2.125,18.0,4.5,1.0185185185185186,115.0,2.1296296296296298,39.23,-123.18,1.75,39.23,-123.18,-0.546412144023112,0.0027520183600909438,0.026783300839829025,0.0779021921358045,-0.09563391178417471,0.20736057807551597,-0.48323393290950484,0.3035553097882278,6.459049,9.900571,0
5.4089,16.0,4.728026533996683,1.0381426202321724,1985.0,3.2918739635157546,33.86,-118.05,2.656,33.86,-118.05,0.5152133362295043,-0.14876156137946403,-0.007512078796931147,0.001740045995182951,0.011304897852772394,-0.2976823299990887,0.20254933301334144,-0.08511063361294922,7.417699,2.9510853,-1
3.3882,52.0,3.77125,1.06375,1588.0,1.985,37.78,-122.44,4.714,37.78,-122.44,0.15084799693838125,0.6538965672564645,0.12622832657152808,0.08759797282083831,0.12865558802286384,0.4155987758196942,0.10512977363887553,0.7913597568546576,7.6847,5.8640423,2
3.363,17.0,5.644539614561028,1.046680942184154,7235.0,3.0985010706638114,38.49,-121.42,1.03,38.49,-121.42,-0.28852927802917916,-0.06985431798774816,-0.10054852963239168,0.017938378120863123,0.06030178256879134,-0.10349743753664414,-0.4246157655016852,-2.0389767273301342e-05,6.621816,8.537087,0
2.2857,14.0,2.4413145539906105,1.3708920187793427,282.0,1.323943661971831,34.06,-118.44,5.00001,34.06,-118.44,0.0921611133092317,-0.11246159198274995,0.8288602879722593,0.07003406804435833,0.010394178607359727,1.256728678046899,0.4939293350310849,0.2031947206481502,11.171643,5.196493,1
2.5391,33.0,4.324324324324325,0.972972972972973,831.0,3.7432432432432434,34.05,-117.66,1.086,34.05,-117.66,-0.652956900605256,-0.004323966928704105,0.02398010504674399,-0.04671695504794962,-0.031059250755172657,-0.15422126863589083,0.0604862778175978,-0.2720049664593384,10.560958,10.062784,1
4.1026,25.0,3.5496828752642706,0.9936575052854123,1314.0,2.778012684989429,33.65,-117.92,2.115,33.65,-117.92,-0.18859820438519165,-0.04583041384652309,0.10202328893685068,-0.13454993962834078,-0.025303316994865106,-0.016057956351001525,0.3276257332759083,-0.05600072237835738,12.426677,7.213603,1
2.7198,26.0,5.866817155756208,1.1241534988713318,1332.0,3.0067720090293455,34.89,-117.01,0.704,34.89,-117.01,-0.6828349514041744,-0.021104926904837167,-0.10072958340984975,0.012012228354382223,0.00439322730995154,-0.04969208757563348,0.0735078760140396,-0.4912841122752356,11.039483,10.125383,1
2.6458,50.0,3.2091836734693877,0.9591836734693877,742.0,3.7857142857142856,37.79,-122.25,1.25,37.79,-122.25,-0.7287602181223667,0.11323626047143014,0.12356611744348034,-0.10385504852858149,-0.02409345580750659,-0.28176572984814197,-0.13466996889763921,0.20058527374301915,7.983513,10.016959,0
1.75,50.0,4.096385542168675,0.891566265060241,235.0,2.8313253012048194,40.81,-124.15,0.675,40.81,-124.15,-0.8461362185578657,0.05058072853009207,0.0373774082481009,-0.07089550852447742,-0.04275209100028082,-0.08236009845250596,-0.720797984944987,0.2358187783485063,5.9252815,10.302935,0
5.0917,52.0,5.628458498023716,1.1422924901185771,550.0,2.1739130434782608,37.82,-122.25,2.625,37.82,-122.25,0.25511638845015067,0.30071778801061005,-0.04260921450222103,0.010973757261849867,-0.035911490777840366,0.2599691762122008,-0.3675322629505665,0.2208795037720023,6.8415313,5.661908,2
5.6194,32.0,6.746594005449591,1.002724795640327,1048.0,2.8555858310626703,37.72,-122.08,2.747,37.72,-122.08,0.5776538554075139,0.05089307753514104,0.011474137548905208,-0.07762980923049256,0.0015970036510527023,-0.1447808808905916,-0.1371202257077564,0.12844683402583215,6.1706743,4.497915,2
3.9934,41.0,5.004830917874396,1.1859903381642511,742.0,1.7922705314009661,33.75,-118.12,5.00001,33.75,-118.12,0.06630828919079179,0.22578390767748052,-0.04787493822844164,0.15238276812337923,0.08404945289445356,1.0815483145622207,0.6088506306691535,-0.00014477880381652772,11.119042,5.093777,1
5.8972,35.0,5.663551401869159,1.0996884735202492,853.0,2.6573208722741435,33.83,-118.34,3.509,33.83,-118.34,1.1429340459360504,0.11673926169101922,-0.054728517184274295,0.07114816377093217,-0.08766322740811501,0.11566620830686518,0.2991768375076913,-0.090464736610825,5.771021,2.8002684,2
2.7325,25.0,4.93687374749499,1.0070140280561122,2756.0,2.7615230460921842,38.31,-122.29,1.629,38.31,-122.29,-0.5988349463517515,-0.011986651605159902,-0.0785773380933074,-0.020098627047934373,0.08979782416249756,0.0264961616826278,-0.34285884479339385,0.2525468074335691,7.033208,10.275642,0
3.9583,35.0,5.3828125,1.0,379.0,2.9609375,34.08,-117.93,2.06,34.08,-117.93,-0.22482864360638885,-0.026122004251874015,-0.05760741045715077,-0.054662549014638066,0.08561933791807962,-0.10613876571920916,0.29171804036537663,-0.03160511016000446,12.544574,7.2992215,1
7.3445,13.0,7.8977272727272725,1.106060606060606,852.0,3.227272727272727,37.89,-121.93,3.667,37.89,-121.93,1.3624445748746985,-0.07236954162632833,0.11410179881823489,0.0795879207147795,0.03003367430637682,-0.1053329994713179,-0.20018040257351172,0.11046372394380974,4.9828963,3.8320882,2
4.6042,31.0,5.539823008849558,0.995575221238938,714.0,3.15929203539823,33.84,-117.98,2.207,33.84,-117.98,0.16170074980461885,0.024304519711140497,-0.05143432725946069,-0.05380312942445242,0.03353696531456165,-0.3368588669811796,0.23167457740349628,-0.0699281959399794,9.081551,3.9450529,1
1.725,52.0,3.386215864759428,1.0884265279583876,1798.0,2.3381014304291288,37.88,-122.26,2.875,37.88,-122.26,-0.826745397362602,0.2516108561080909,0.2384333522343738,0.09561057348221652,0.17424100775201945,0.40651679308719185,-0.21061578876386788,0.3479726021383393,7.2076464,9.973984,0
3.1982,29.0,4.78698224852071,1.047337278106509,3036.0,3.5928994082840235,37.36,-121.83,1.717,37.36,-121.83,-0.3945272007056704,-0.021576558695461753,0.013123050266208499,0.024827021561465414,0.03096360388755983,-0.21549943014042316,-0.06276998928035053,0.15923065783790932,8.116176,8.880579,-1
5.1691,38.0,6.854497354497354,1.1216931216931216,905.0,2.394179894179894,37.91,-122.29,2.632,37.91,-122.29,0.3688568044555359,0.14046367161198486,0.03675703385433584,0.01796856835897499,-0.054543528831510625,0.2380727960793867,-0.2483926718672205,0.18465040041185032,6.7663245,5.394245,2
3.9833,21.0,4.311871227364185,1.13682092555332,1803.0,3.6277665995975856,34.25,-118.45,1.625,34.25,-118.45,-0.21300502394781856,-0.05103689529945339,0.03185433299304304,0.049550576265535266,0.0084228015363985,-0.32677555521344614,0.18038451455801188,-0.05359218341844742,12.965807,7.907821,1
4.9286,25.0,6.735537190082645,1.0137741046831956,983.0,2.7079889807162534,34.63,-120.45,1.801,34.63,-120.45,0.1715248403257261,0.002157809408029115,0.014467518192672633,-0.02039359412169035,-0.014612906110407702,-0.057371055000125154,0.1574346289367855,0.006185377029112938,9.418298,4.2969017,1
4.3977,31.0,7.441520467836257,1.090643274853801,956.0,2.7953216374269005,32.76,-117.0,2.268,32.76,-117.0,0.13405864522520902,0.01635313996290675,0.04056075564355488,0.03046993972938398,-0.010031557888756816,-0.07285685257360819,0.31639852543967384,-0.42131776657801995,9.157313,2.94813,-1
3.2981,52.0,3.9532908704883227,1.0021231422505308,872.0,1.851380042462845,37.77,-122.43,2.227,37.77,-122.43,-0.15546230918343334,0.28489855476332,-0.05959504314268377,-0.24680128024438402,-0.064759316865557,0.24933349583987116,0.03162407635180893,0.42788333459375083,7.7004566,6.451379,2
2.5833,19.0,4.309153713298791,1.0967184801381693,1571.0,2.7132987910189983,37.7,-122.12,1.599,37.7,-122.12,-0.6128931399558853,-0.02024326807992961,0.007689944311741451,0.022294602099504852,0.014789597471652056,-0.02356044603178047,-0.2202734516316514,0.20270725491927888,7.3923664,10.205671,0
4.4148,17.0,5.8563049853372435,0.9970674486803519,952.0,2.7917888563049855,33.7,-117.98,2.392,33.7,-117.98,0.09175722616463323,-0.13713588586371278,-0.04977109829682865,-0.07578237253596433,-0.040409735892475956,0.005105318626683941,0.3360234302324976,-0.066477813034357,9.616979,4.0052357,1
2.6,19.0,4.043557168784029,1.014519056261343,2845.0,5.163339382940109,37.33,-121.85,1.728,37.33,-121.85,-0.599117507969302,-0.014249855678801118,0.032703849190642266,0.024185142927736495,0.03910095846787253,-0.20963755706281448,-0.052065120074834895,0.15802803494897386,8.064709,9.629632,0
3.5,43.0,5.287081339712919,1.1220095693779903,1042.0,2.492822966507177,33.82,-118.18,2.167,33.82,-118.18,-0.1566447491657073,0.21379999739314998,-0.10496342778229532,0.01816947171870257,-0.009675264829059825,0.2093558747221947,0.367982884224747,-0.09112145082142796,10.970515,5.521821,1
1.5057,52.0,4.77992277992278,1.111969111969112,622.0,2.4015444015444016,37.82,-122.28,0.875,37.82,-122.28,-1.1581133082373636,0.19814983019746846,-0.037453930475566055,0.03836681170137071,-0.04067201740079566,0.06698636173997628,-0.30748345316146664,0.17850894220143831,8.2516775,11.025869,0
5.086,17.0,7.359663865546218,1.0571428571428572,1720.0,2.8907563025210083,34.51,-117.21,1.484,34.51,-117.21,0.16570434121706026,-0.16206703464637798,0.03858084399750789,0.007367859459658018,0.017402060068136996,-0.106880774405145,0.0568004882698231,-0.40931128788460686,8.819944,3.191623,1
4.0556,20.0,4.405769230769231,1.0807692307692307,2325.0,2.235576923076923,37.65,-122.53,2.75,37.65,-122.53,-0.0646817779625528,-0.05699673849237339,-0.012398112895108943,0.03935364611247242,0.01269148186139396,0.28347851313835065,0.02541008599352027,0.6032167062230375,7.6201487,6.4021826,2
3.5777,32.0,4.604342581423402,1.06875753920386,1888.0,2.2774427020506636,34.21,-118.24,2.456,34.21,-118.24,-0.16331898226260233,-0.029946621961040882,-0.03956414481719502,0.028186881989745456,0.02119270238794648,0.37760425799719516,0.2763383538946714,-0.07679963557573415,10.886066,5.6948724,1
2.8036,30.0,5.234413965087282,1.0124688279301746,1156.0,2.882793017456359,38.42,-122.72,1.523,38.42,-122.72,-0.6287724169945103,0.0041386085443985985,-0.06354317956976105,0.03811830266799324,-0.009812962770382497,-0.0473710538708466,-0.3616584307617168,0.38823341106675163,6.9575915,10.126634,0
5.3559,26.0,5.741496598639456,0.9546485260770975,1274.0,2.888888888888889,33.74,-118.04,2.358,33.74,-118.04,0.5622844576489815,0.02665487720399339,-0.04806017696240226,-0.10454631611155225,-0.019652815451434026,-0.1700377442256062,0.25379801467055757,-0.07568190081633748,7.2343354,2.864308,2
2.9479,32.0,4.306709265175719,1.0223642172523961,2330.0,3.7220447284345046,33.82,-117.91,1.846,33.82,-117.91,-0.36731849563335167,-0.02123650010719746,0.04393364713410115,0.009792755655614006,0.030040869723489832,-0.28340067462534313,0.2228146254918832,-0.08743392895713155,13.158065,8.043742,1
5.0159,6.0,6.5582329317269075,1.038152610441767,4583.0,3.06760374832664,38.68,-121.15,1.896,38.68,-121.15,0.0660656017449542,-0.20183209456978893,0.007798427595416525,0.006692579546598029,0.08253619679023314,-0.060129250906699565,-0.4145058638013457,0.040948057196857346,6.6954994,7.4639378,0
6.6783,16.0,6.456876456876457,0.9463869463869464,1269.0,2.958041958041958,32.77,-116.92,2.75,32.77,-116.92,1.124775165611648,-0.21241917600424068,0.01155255956882247,-0.10401839689063264,0.002171874729469373,-0.05845624309950075,0.2675811824938877,-0.2775677358092003,5.1136656,2.561892,2
3.0,5.0,5.484725050916497,1.034623217922607,1785.0,3.635437881873727,36.08,-119.07,0.71,36.08,-119.07,-0.3802128714827759,-0.15841388498727493,-0.1001842830001845,0.001694896980559785,-5.00313001482656e-05,-0.28042590856460203,-0.1820097487149493,-0.2618624177746211,9.418478,9.083475,-1
3.3348,52.0,4.929133858267717,1.031496062992126,722.0,1.89501312335958,38.56,-121.46,1.228,38.56,-121.46,-0.3142110648196411,0.21901464659449693,-0.04722489976950992,0.021251410132993854,-0.04009764942800138,0.22088873201565803,-0.8384102820702785,0.011397952888544843,5.910158,9.449565,0
8.1611,4.0,8.394871794871795,0.982051282051282,1312.0,3.364102564102564,33.59,-117.64,3.48,33.59,-117.64,1.9348417491783048,-0.2864863393009691,0.09904736601747108,-0.07206264542210275,-0.03779750940737121,-0.1317714707883082,0.057016999258900636,-0.17929319296789445,-3.1495428,6.8832364,-1
2.7222,25.0,5.528301886792453,1.2547169811320755,1117.0,2.634433962264151,41.86,-123.26,0.646,41.86,-123.26,-0.6493077098555353,-0.02036055394646258,-0.07831978171671121,0.015424968714989308,-0.007950313777142498,0.009412472400229157,-0.7379219470115452,0.21108483992680294,5.8750906,10.169904,0
2.9386,18.0,4.895196506550218,1.1379912663755458,4028.0,3.517903930131004,34.06,-117.53,1.164,34.06,-117.53,-0.4441111170977417,-0.08373270883056731,-0.08284064689595795,0.03598808728520931,0.10934415483728008,-0.16393218367869605,0.07459856609148277,-0.3147135281717832,10.41424,9.387665,1
4.5337,31.0,5.524390243902439,1.0528455284552845,2544.0,3.4471544715447155,37.68,-122.47,3.067,37.68,-122.47,0.18699346439440864,0.0299564742123749,-0.03188767173378841,0.02233847538656276,0.09809102722982119,-0.20728474591852525,0.00358450460137565,0.7663993172350501,7.21627,5.9940677,2
3.9167,28.0,3.675767918088737,0.9829351535836177,1377.0,4.699658703071672,34.26,-118.44,1.539,34.26,-118.44,-0.21779698485518334,-0.019806215675349424,0.10718492192118285,-0.07920111011046133,-0.008212762243999262,-0.3241009865566722,0.1674242251821458,-0.04483112160491477,12.93856,7.816825,1
1.6196,38.0,3.83011583011583,1.0772200772200773,732.0,2.8262548262548264,37.75,-122.17,0.851,37.75,-122.17,-1.0803032172466187,0.03518807143307117,0.02772388070758827,0.028767312681052207,-0.0024093505944208235,-0.09476255295834513,-0.23078075701925035,0.19733283476837224,8.1637745,11.055277,0
6.6131,17.0,7.358344113842174,1.0659767141009056,2111.0,2.7309184993531694,37.79,-121.97,3.125,37.79,-121.97,1.1680708049025517,-0.09994693644694179,0.011766651625711373,0.02420073383449137,0.04687553313745036,0.033653145730531395,-0.2059575880102476,0.09523320836672472,4.9749885,3.897098,2
6.0661,16.0,5.992537313432836,0.8955223880597015,1117.0,4.167910447761194,37.58,-122.07,2.47,37.58,-122.07,0.9332098387303771,-0.11302469843581096,-0.015234858673515228,-0.10882274073406432,-0.01042338008295043,-0.2724976419729307,-0.10022213435525143,0.12990351714976361,5.5393696,3.8472893,2
4.5594,13.0,5.084321475625823,0.9354413702239789,2283.0,3.007905138339921,34.14,-117.95,1.845,34.14,-117.95,0.0392994059874014,-0.27260059170247575,-0.04419711642119838,-0.06133588594529856,-0.008021423251568873,-0.09121339124615356,0.20118614323472872,-0.05359893461779478,9.3545685,3.7667274,1
2.6618,19.0,4.666666666666667,1.1421319796954315,2047.0,3.463620981387479,33.88,-118.28,1.797,33.88,-118.28,-0.605247888903965,-0.016194388881126155,-0.0045244569690240845,0.04339859146200687,0.012607909684989572,-0.29466082483712,0.2684668470126587,-0.0802503903414222,13.493611,9.269023,1
5.5464,3.0,5.224137931034483,1.0761494252873562,1486.0,2.1350574712643677,33.7,-117.77,2.075,33.7,-117.77,0.5360499135120499,-0.4038541835796783,-0.05308660318455306,-0.025010237879162338,0.05504400867532988,0.3014942163015966,0.13848539684655864,-0.38414868726978724,6.9494762,2.728457,2
2.4353,36.0,5.717213114754099,1.0819672131147542,700.0,2.8688524590163933,38.19,-121.57,1.625,38.19,-121.57,-0.6284241711957662,0.003512314479817731,-0.09563747292989912,0.02747326876223553,0.008293754648293072,-0.03301084208806019,-0.36383616198496166,0.13185360881943445,7.1131425,10.530794,0
2.8594,45.0,3.455072463768116,1.0753623188405796,1084.0,3.1420289855072463,37.33,-121.88,2.059,37.33,-121.88,-0.3536331962611215,0.13300881790735325,0.1546705441966634,0.03703076188396715,-0.01017486672850401,-0.3133309355043001,-0.04616028874589896,0.17250986968596513,8.156893,8.94736,0
