feat_MedInc,feat_HouseAge,feat_AveRooms,feat_AveBedrms,feat_Population,feat_AveOccup,feat_Latitude,feat_Longitude,price,Latitude,Longitude,shap2_0,shap2_1,shap2_2,shap2_3,shap2_4,shap2_5,shap2_6,shap2_7,shap2_8,shap2_9,shap2_10,shap2_11,shap2_12,shap2_13,shap2_14,shap2_15,shap2_16,shap2_17,shap2_18,shap2_19,shap2_20,shap2_21,shap2_22,shap2_23,shap2_24,shap2_25,shap2_26,shap2_27,umap_1,umap_2,cluster
1.5217,34.0,4.374509803921568,1.068627450980392,1568.0,3.074509803921569,32.97,-115.53,0.603,32.97,-115.53,-0.018317128888009248,-0.025081887872171235,-0.0017739560154986414,-0.0006654539166973723,0.025845512850018564,0.04808701157394311,-0.018103959935987443,2.6858142250091432e-05,8.328976113223511e-05,0.0006686239757210093,-0.00955332766607938,0.0026543936888924055,-0.009698276649172746,-0.00041832577119587527,-0.0006572640251223777,0.00247166471806645,0.008825600254978375,0.006768797830443856,8.159684940626845e-05,0.0005130793690287856,-0.005466600532521036,0.001155471772808347,-0.00028900979636467197,-0.001540137293382446,0.002328463623779277,-0.0016271239663809799,0.010587413571907085,-0.25205108376807134,10.658511,-0.49195406,-1
0.9142,52.0,2.0153452685421995,1.184143222506394,805.0,2.0588235294117645,32.72,-117.16,1.625,32.72,-117.16,-0.08496075867677329,0.18498684885709765,-0.009114253418916217,0.0003404300662290924,-0.09625498782583111,0.03872782235482107,-0.058463982088386074,-0.003908521327879919,-0.0020339038695122175,0.0008523774015435413,0.03160388931122838,0.007586266978443921,0.004019913811153395,-0.00011618574648023024,-0.0005706526911038344,0.10304193704279045,0.0006478543563020955,-0.030292716144656822,0.00015931025065548765,-0.0031336083273167076,-0.00034536429554906197,-0.004259666913786755,0.003441054543134989,-0.00034562782955529245,0.00041607108243712273,0.019896185427478886,-0.053018128291099094,-0.22967599428879565,11.706512,2.9981914,-1
2.8594,22.0,4.715214564369311,1.071521456436931,1800.0,2.340702210663199,32.76,-117.01,1.896,32.76,-117.01,0.003958325566594259,0.011674501511016016,-0.0017163799823130433,-0.0012444708678432228,-0.06785370463302975,0.042011023015881784,-0.04797562961591731,-0.0003710753050248622,0.00010191514224581989,-0.0005080343054924121,-0.01604627371025113,-0.003206447851155573,-0.013778946417698936,-0.0006723048235707401,-0.00038895096213630037,-0.00585989374474338,0.0076265058940098865,-0.009190004361554921,0.00028934399008083867,-0.000895656049108722,-0.005395017783627026,-0.002202814147303327,0.0013321735896501756,-0.0009522579021156241,7.719407948487942e-05,0.024005679087710386,-0.0380235276126807,-0.23206249498344436,9.884733,3.249016,-1
3.5585,16.0,4.560869565217391,1.108695652173913,2165.0,3.13768115942029,33.07,-117.3,2.848,33.07,-117.3,0.01943310335077866,0.01744478127604506,-0.0005475910932924909,-0.0025243662149784627,-0.02284201212016207,0.04168367274548411,-0.051124306759725846,-0.0026088911085922224,-0.0005257685706596179,5.156523589980994e-05,0.03381341060692757,-0.004690234566030412,-0.011395635368862438,-0.0010893790643283258,0.0003689036707603803,0.0048537237113918845,0.002943060375943377,-0.019042748708184575,-0.00026853101927298785,-0.0015094817228865631,-0.004384396654585071,0.003170499451941972,-0.002235048856108039,0.004124914216817727,-0.004589814469103362,-0.003814720956184797,0.016862674614834178,-0.17316807145260296,7.9879127,2.4113412,-1
3.2633,21.0,5.265270506108203,1.0514834205933683,3795.0,3.31151832460733,32.61,-117.05,1.297,32.61,-117.05,-0.0021484754233619405,0.005061576783473477,-0.0020419876303522616,-0.00022324225002180774,-0.00695924612616384,0.03943126840284291,-0.059505786986718184,0.0010905015335191288,1.8615314388889024e-05,-0.00012031628315128343,0.020963806338482258,-0.000914524212197315,-0.012352376552455453,-0.0006612619722282179,-0.00016884442167233488,-0.0033730947198321805,0.007385300363487628,-0.009325106823122266,-0.0002019212948597153,-0.0001696880613114814,-0.0045146771566628285,-0.0025661760366751715,-0.0008646069410296084,0.0035958976280977407,-0.0034484286488986136,-0.006545019186194106,0.02300418797658317,-0.2514892924160761,9.183146,1.6898496,-1
5.0829,5.0,5.972014925373134,0.9925373134328358,2061.0,3.845149253731343,32.69,-117.03,1.794,32.69,-117.03,-0.051424737099761926,0.01415428685027674,0.0002646139738499097,0.0032269017761888926,-0.03747105892524287,-0.01086329608916558,0.007834027863317198,-0.0032639061669744117,0.00030698169238570694,0.0013679412380568129,0.05318910544924908,-0.001441542685342979,-0.0037351369733858116,0.0001795247543207565,-0.002737858074904267,0.0022589234839033084,-0.003136029978897813,0.0001477775370764097,0.0014473371644054683,0.000327470739453912,0.004200821359403092,-0.001462261020014658,0.012941159182519866,0.0046823582348359885,-0.002121159578541682,-0.02667489661352913,0.051302083798197055,-0.21363954296789464,3.8899455,2.5679822,-1
3.25,34.0,5.426573426573427,1.034965034965035,1684.0,3.925407925407925,32.71,-117.03,0.996,32.71,-117.03,-0.012173763950874923,0.004607426601928543,0.0008313652856330641,-0.0020429075116597697,-0.004801889740244125,0.04013264188883517,-0.05738758601527712,-0.0002599567223869734,-0.0007399117822670669,0.0003275009637560233,-0.02123033071304225,0.002018714499601182,-0.002188966214434776,0.0011814663552042583,-7.638186815602431e-05,0.001250792168737607,0.007373987382169921,-0.007934244870418753,8.264197975293374e-05,0.0024685537789301605,-0.005846857156859545,-0.0004916068545457638,-0.0035332977998165623,-0.0017909557747889657,3.0486995119221318e-05,-0.0275760484628234,0.05481607247652026,-0.20929095087629013,8.095861,1.0122796,-1
2.2454,39.0,4.449111470113086,1.0533117932148628,2263.0,3.655896607431341,32.71,-117.07,0.896,32.71,-117.07,-0.039246810886281715,-0.00406587875852279,-0.001789412180230525,-0.0037923690802853668,0.04874933839739957,0.049416427449126464,-0.04268751866063808,-0.0010775662274014064,-0.00013544271238041057,3.0167478210625834e-05,-0.014688450000077957,0.003494901051212711,-0.002291649855771242,-0.0006612619722282179,-0.00019655569862693555,0.004527052508866866,0.008525079447734,-0.00945956611555542,-0.0012791448751014764,0.00027128990055455543,-0.005493843804756175,-0.0012290273110724095,0.009824360056390613,0.0049806664798932865,-0.002367483521464769,-0.021428403788797484,0.05555046323078105,-0.2163462737433512,11.349352,-0.5662681,-1
1.5987,28.0,4.211586901763225,1.0478589420654911,1335.0,3.36272040302267,32.8,-115.56,0.594,32.8,-115.56,-0.009811242604609714,-0.01752298753102311,-0.0018648125079841883,-0.0008444834970801557,0.036111950673888796,0.04770073814340154,-0.02730959962812983,0.0015493760462065205,7.811594055827869e-07,0.00041290598819070914,-0.007328527667564176,0.004421983531439702,-0.012183234155849385,-0.0012507347528972188,-0.0006909222758753068,-0.001360747969703873,0.008847299766950336,-0.0039037212176155356,8.053416034227804e-05,-0.0013330331298150127,-0.005454448108973222,0.0007672062256708429,-0.000621174397978383,-0.0015596572672644223,0.0025219559134839835,-0.010789852361845534,0.027781851313577844,-0.2483533130945421,10.780612,-0.48001316,-1
4.0982,36.0,5.880769230769231,1.023076923076923,683.0,2.626923076923077,32.79,-117.09,1.712,32.79,-117.09,-0.005557046510766984,0.010116385913750994,0.0009285122988703545,-0.0010426535476961679,-0.046692708159022565,0.023350486316906283,-0.03127525995869958,-0.0013488318680752302,-0.0006576905893475999,0.0006517389158253009,-0.008969639443441799,0.003566429395216935,-0.0051274610060253,0.0009305396213747355,0.0004007766119267759,-0.0021437923066911745,-0.003995618224952101,0.0018132862222928817,-0.0003686306399406031,0.00035232394121919084,0.0033490535801978627,0.000728566383652071,0.0016195154183970132,0.0021709368240024527,-0.0025635588641145634,-0.0002485770275239696,-0.01376921848059342,-0.2136567170951766,9.183485,2.6507068,-1
2.3284,30.0,4.048780487804878,1.054878048780488,577.0,1.7591463414634143,32.81,-117.26,2.906,32.81,-117.26,-0.028437221024860605,0.029601747084290062,-0.00021762578244114518,0.001542582878573944,-0.13212769281613013,0.042726688132823994,-0.039297173302521554,0.003516874516768753,0.00011545784837552919,0.0008487723633563837,0.031168570774363948,0.0050156082109865645,0.010555026574985783,-0.0005227981787501732,-0.002678467989043722,-0.0028103041820749164,0.0042433837059854965,-0.023997266595163755,-0.0003652482431844127,0.008160158346562795,-0.004590883879824521,-0.005957070270698184,0.004419822036598763,0.003394629607024906,-0.002071163593755169,0.003439345543216967,-0.06619258715282939,-0.16788067428050615,11.938105,3.7152169,-1
4.7068,6.0,5.81031976744186,1.059593023255814,4771.0,3.467296511627907,32.62,-116.98,1.843,32.62,-116.98,-0.039937761217845605,0.015040067628449241,-0.002320169419747831,0.006384973733078575,-0.032514828825237076,-0.007933384488151349,0.0064830133497831115,-0.004779259389352427,-0.0003234894608789551,0.0020661552150670415,0.04654521024544218,-0.0017335093839149635,-0.0026980752361996786,-0.0010872019194187379,-0.0029708199565021704,0.0005157317631637806,-0.005081873296220226,-0.0008008724031121268,-0.0013251542971329624,0.0014441991080454445,-0.004907976691111798,-0.0017103599480210448,0.009155987090873154,0.00241187700253849,0.0016338478098092807,-0.02580969137109735,0.05185882457856037,-0.2067801800223269,3.8146994,2.807223,-1
2.478,16.0,3.838763575605681,1.1203007518796992,2849.0,2.380116959064328,33.17,-117.35,1.856,33.17,-117.35,0.05209029842681085,0.05183224312621587,-0.0009994327238996685,-0.00282350094054345,-0.033941180298864886,0.04677077093625977,-0.04032928117748629,-0.00261801050995264,-0.0005298399054615357,0.00010373782831724453,-0.0266419524547101,-0.007769245961969251,-0.00942617108725858,-0.0004046849799040768,0.00026100307109909714,0.003588364875039925,3.377002038420021e-05,-0.026395692002372424,-0.0002342831042188879,-0.0009062873248540896,-0.0036723026455090057,0.002872475109690303,-0.0017548360704950198,0.0035388201199921905,-0.003627919364488052,0.01823949752531769,-0.032397924100234024,-0.16881585331242052,8.5424795,3.9179351,-1
4.5,14.0,5.227043390514631,1.060544904137235,1639.0,1.6538849646821392,33.03,-117.05,2.222,33.03,-117.05,-0.09636911463054518,0.018965113975298473,-0.00534250212649457,0.0006016101952753349,0.0787621764189585,0.007826724289920466,0.01215261336708314,-0.0056964613764546096,-0.0010363769188414368,0.0002133299666276339,-0.17083842682183795,-0.007822331890422543,-0.0052787993992710796,-0.0015297243407994961,0.0010576754250534448,-0.036852812267103296,0.008912007977910167,-0.015573406243698554,0.0003211814323020673,0.0029956367441685058,-0.005070544539217743,-0.004978670537434279,0.0003912802434134914,-0.0011381916111825863,0.0003161798289377248,0.01540091442735301,-0.06845985939561736,-0.2071987972621851,6.724863,5.800737,-1
1.9286,33.0,3.912772585669782,1.031152647975078,1315.0,4.0965732087227416,32.71,-117.12,0.785,32.71,-117.12,-0.017579637520423276,-0.010001165362302248,0.0020326803746003796,-0.003372531420264465,0.05663678855075499,0.05176174879232471,-0.04296907375858358,0.001874807227094488,-0.000753866134019252,0.0005099136878565104,-0.01426201309970369,0.0018268631758362806,-0.00188369638115977,-0.00034233449262835946,0.0002319732195838305,0.0032050653212224683,0.008822239977234999,-0.00921714688519327,-0.00017177900564345537,0.0028165090594419896,0.004654431571989088,-0.001814794212936653,-0.004373085604224783,-0.0020645815839795537,-0.00022833812601740774,-0.024184489035915382,0.052726582081287665,-0.21777086542755503,11.086897,-0.70121175,-1
4.5625,25.0,5.628205128205129,0.9647435897435898,722.0,2.3141025641025643,32.82,-117.18,1.623,32.82,-117.18,0.026168838290410976,0.014483992924360417,0.00026547714434521684,-0.0017081197088111952,0.038754137726915855,0.0009178041144908746,0.003478844560272666,0.0016541474882345922,-0.0002732636213746179,0.0009823727248062086,0.022207130658249592,0.005417102542546997,0.008030669727132981,0.0009403625614672903,-0.000376119750338917,0.0016692888382423188,-0.008347739730723834,-0.011439237595737306,-0.0004579582563366461,0.0024539445568457063,0.0031429314528322503,-0.002530289368063361,0.00286709667527168,-0.0004710443209279923,7.949952601039033e-06,0.031530933316713444,-0.0339401725622625,-0.15157884787683346,6.240156,3.4024026,-1
3.7763,36.0,5.686274509803922,1.0336134453781514,1142.0,3.1988795518207285,32.72,-117.02,1.269,32.72,-117.02,-0.013249991158005212,0.008894156961047586,0.0004472659352953625,-0.0014933738330882825,-0.038252210478661994,0.02863412690137767,-0.03611179203429181,-0.0016324616976237157,-0.000676362748732548,0.0007217019930478312,-0.021139427813971247,0.0028338128150519728,-0.0029911719147736396,0.0001856558891030041,-0.0007533888362959354,-0.0023292143797961707,-0.004027377894049235,-0.00032387494163747604,-0.0003376539474130324,0.0006934301286079231,-0.005727210998676735,-0.0012691904171707469,-0.002735756642767792,-0.0014527738458392629,0.0010775909737124913,-0.010901927053839097,0.03134854326803166,-0.20389093413628345,7.7991543,1.1696191,-1
5.4563,10.0,6.5358024691358025,1.008641975308642,2312.0,2.854320987654321,33.34,-117.21,3.257,33.34,-117.21,-0.0893422191876802,0.022819204995535698,0.00029798042679327,0.007091687546165187,-0.013146509856928642,-0.017136984213254134,0.03928286498568558,0.01174264350425537,0.000124646169412829,0.002326092233436039,0.04275928674816465,-0.0060271181714052526,-0.008149495245263443,-0.0016963243628512707,-0.002047179625393066,0.0016248245375999558,0.013747404039774863,0.04404162361446014,-0.001114028113581993,0.0012252415934043723,0.004175822919721913,-0.0011247537571911284,-0.0038575595602746773,0.004404914103486915,-0.006841617230556954,-7.901692174267947e-05,-0.004691981658546669,-0.1267924857125451,4.5452013,2.3436248,-1
2.7218,38.0,3.809090909090909,0.9745454545454544,1240.0,2.2545454545454544,32.64,-117.09,1.459,32.64,-117.09,-0.03913113133886028,0.05507841597618706,0.001517501140844196,-0.0017422235152394132,-0.06764307456474399,0.03951203657396594,-0.04456392492380258,0.0004801658895422213,-0.00048051178498193393,0.0007020613659117994,0.017726773739388434,0.006227046428542504,0.001537547065242502,-0.0003446160551174701,-9.78795695074327e-05,0.006873558703259936,0.00843517860764616,-0.010413430062003006,-0.0010591182405177578,0.0019148244980740118,0.004832798604829445,-0.0007264461734538096,0.0021352244732152294,-0.001029358078338489,-0.000434383314359275,0.025062336226460435,-0.039480175754921236,-0.26069795385404354,11.13464,2.8636453,-1
2.7401,24.0,4.08816120906801,1.0503778337531486,911.0,2.2947103274559195,32.82,-117.17,1.981,32.82,-117.17,0.0013520335765074597,0.03558810688856109,-0.0018810256175184799,-0.0009105564847974852,-0.062047469537739326,0.040190113516988556,-0.04197285663908043,0.0008980654704181841,0.00032541807520401577,0.0003145082603348146,-0.017934611114126184,0.0006177316939787059,-0.007710534042107001,-0.0005055082480189335,0.0001317648622958679,-0.007050243669579079,0.002979009767281279,-0.023694274337269675,0.00023301156349026458,-0.0009180279967025474,-0.005038552390645486,-0.0012356999884927773,0.0025539865231601804,-0.0007440661903150517,0.0004265234708899315,0.023869039724247147,-0.037461856849869045,-0.21035905764238907,9.60925,3.249936,-1
5.1842,17.0,6.59581881533101,1.0348432055749128,936.0,3.2613240418118465,33.15,-117.07,1.577,33.15,-117.07,-0.05158713512106973,0.023621813312531034,-0.00015796159878295833,-0.0017372925201777376,-0.038657221467766026,-0.012038744538686388,0.018680146130812293,0.004968347596467005,0.0002586705254044769,-0.0015555588353467799,0.06132303891389856,-0.004779342938186683,7.609129524580324e-05,-0.002549965478575228,0.0032304534227714523,-0.007892507757168234,0.00043772825170815196,0.0011379842691023536,-0.0010806917613401005,0.0006777179013916019,-0.004486610245360446,-0.0001388816434568391,-0.002848240364048149,-0.0015641146468303214,0.004918160677808856,-0.007244581733210976,0.027398593678326977,-0.18005748393828225,4.1281385,2.3732226,-1
2.4375,15.0,4.851926977687627,1.0537525354969577,1810.0,1.8356997971602436,33.22,-117.32,1.089,33.22,-117.32,0.09467866878297618,-0.007049040469809688,0.0014679919502259343,-0.001348583235062633,-0.07292196862376032,0.039598716815478024,-0.04084774659554264,-0.00441244746989615,-0.0009495976947334849,-0.0009226418706421776,-0.06976328796466442,-0.007994816829387418,-0.012674816761464645,-0.001156304069068117,0.00021526653049187787,-0.015199253170526915,0.0011929180384984692,-0.024079899750709392,4.5051487871486685e-05,-0.010079309015048592,-0.004863667179979761,-0.0017795628631350243,0.0008488095386193278,-0.0010932308818587884,-0.0007633980038220748,-0.0020053405875701835,-0.04063493913042482,-0.17906601468233688,8.98449,4.448032,-1
1.2614,42.0,3.729641693811075,1.022801302931596,1114.0,3.6286644951140063,32.71,-117.13,0.875,32.71,-117.13,-0.03805617604946552,0.04845787100877426,0.0017696261092237755,0.0007205024858271437,0.04656223999332796,0.04953736094193372,-0.03955179886226764,-0.000713699227405677,-0.0006793030771243273,0.0003631589166232746,-0.014330598188508252,0.0034916164466630532,-0.0022653078422183014,-0.00040145538952756233,0.00018768944542376308,-0.01819247028042372,0.00502658978691825,-0.004672481329156469,-0.00017177900564345537,0.002770766433225136,0.004302630696639728,-0.0008466765901963928,-0.005650043213600977,-0.001845430757344317,2.527733737734787e-06,-0.023030228536927023,0.05318016792563673,-0.2210976096290375,10.994631,0.29789808,-1
4.8836,16.0,6.5233644859813085,1.0186915887850467,1628.0,3.0429906542056075,33.06,-116.93,2.399,33.06,-116.93,-0.029198917047927785,0.025004459554753684,0.00031658618186611374,-0.0003518619592392828,-0.012075287426819098,-0.002519254556821681,0.005613471167765184,0.0035724909376180624,0.00026338833303724023,-0.0001368828165203359,0.033104858986148684,-0.005184019380746059,8.124062133561278e-05,-0.0016692179116269859,0.00043548550463822085,0.002115253887784512,-0.0012205142060671649,0.001646957280102127,-0.0013448899041552575,-0.0022066718419705557,0.00355724139996388,-0.0021474627670005028,-0.00013001469498352076,-0.0018948435736475123,0.004269116242998997,-0.005547276330881716,0.015957270136986924,-0.18550541083414723,4.800239,2.8321514,-1
3.9737,18.0,10.200217627856366,1.936887921653972,1678.0,1.825897714907508,33.79,-116.54,2.356,33.79,-116.54,-0.028075106792084296,0.016800815699957138,0.00401174951400821,-0.00025385014459366947,0.12650488049341826,0.006260235316184625,-0.016185968735309034,0.00760530775813281,0.0033284174943839593,0.0007243410178558684,-0.10223315104524275,-0.004124767582275267,0.0036615594650572466,-0.014120340988218991,0.0007498233775862062,-0.017717543543288427,0.0034541077064874116,0.0009408379733950972,0.0006306587471167028,0.019833584890087793,0.0022186798138954552,-0.027847838834372876,0.0029545956172698055,-0.0004512302165321131,0.0026397782265347525,0.024710600869785056,-0.018687389520512507,-0.0999979434008816,6.665539,5.093231,-1
4.6336,2.0,4.96078431372549,1.1019607843137256,1066.0,2.0901960784313727,33.58,-117.71,1.875,33.58,-117.71,-0.07871223689568513,0.01118386716671256,-0.00024364147053031456,-0.004208717242507921,0.0064638944078733605,-0.008830121039101406,-0.013239589802467549,-0.009731653326090368,-0.0010204927463163666,-0.007447137215630994,-0.07877542969905059,-0.005840048714292288,-0.0076844270065922924,-0.0011272210259790157,-0.0005466299774019776,-0.004712960493354805,0.011397030489124209,-0.020876771951266394,0.00011963367370417948,-0.0006428179869026142,-0.00113299249531739,0.003731708477823706,0.002426241607912737,-0.0007155751463486253,-0.0004726685126624998,0.027137700138915588,-0.036227562105565464,-0.23470605412606174,6.5162477,5.513461,-1
2.7069,18.0,5.065918653576437,1.0336605890603086,1864.0,2.6143057503506317,32.84,-116.9,1.538,32.84,-116.9,0.005263372112708859,-0.015808202912719088,0.0010919658003405773,-0.0026739240787334952,-0.008529049405604786,0.04328042267746721,-0.04461416532267135,-0.00085353512931063,-0.00017569832409104684,0.0003998853226047539,0.012929517941396454,-0.0038376597099134273,0.0026685878043774106,0.0011466325338468574,0.00016089703023572984,0.000257250686982268,0.007674156034339689,-0.007937674613068433,-0.0001614683052703055,-0.0010907477908411998,-0.006068479288440749,9.83390008698934e-05,0.0011866772037565365,0.0039570185341981645,-0.004216752683054038,0.004753735886672105,-0.00827504952472603,-0.23347393210612669,9.429722,2.0891469,-1
3.5078,36.0,4.510703363914373,1.003058103975535,806.0,2.4648318042813457,32.83,-117.21,1.66,32.83,-117.21,-0.02033835102584763,0.016215316190575507,0.0006379507679950908,-0.001307665061377394,-0.017276195718607418,0.05151898989723136,-0.057096224401557295,-0.0014837041228996169,-0.0004537589542508486,0.0006439810166373336,-0.007112154077925146,0.005863801409913328,0.008998816409081305,0.0005663809003210663,-0.0008938396877005903,-0.004395713404847334,0.0023722641235623884,-0.019623582258097714,-0.0009374232192059105,0.001799923992854888,0.002755364783119207,-0.0022452919484825464,0.0018923740962669723,-0.0014322447753471073,0.0013315793525939114,0.025040726923714868,-0.032066764178720716,-0.18265747318026948,7.7837296,3.2676756,-1
3.6273,7.0,6.651162790697675,1.140396210163652,2975.0,2.5624461670973298,33.61,-117.21,1.509,33.61,-117.21,0.03852223618036879,0.006357703627656788,-0.00017630805621946335,-0.0015864107255902844,-0.04837946095964413,0.04536933809138789,-0.058773386048313746,0.013049869836477945,-0.00018066380064209712,-0.0004437837172285631,0.012917129299882424,-0.0031849702053005006,-0.005513234166772385,0.001404023981491262,0.0008813465862041146,-0.002794374616452805,-0.010782158844718961,0.040224317350598754,0.0005262946487045676,-0.0014420380999463614,0.003491952076272857,-0.005659470145612606,-0.001870607536745639,0.0026488941879902095,-0.0036218056998822295,-0.0003229540545366059,-0.018096636002085928,-0.21427763550052348,8.874998,3.1686397,-1
5.196,4.0,6.281354515050167,1.0936454849498327,7560.0,3.160535117056856,32.92,-117.18,2.107,32.92,-117.18,-0.08885388294379115,0.01936959447968731,-0.00205533290777263,0.007890126415322097,-0.04404896820081658,-0.011306590477450154,0.014154252280620854,0.019596981217341793,-0.0007825364752297506,-0.01120863892474,0.05755621851237151,-0.004592766926046871,-0.01020136509924533,0.0012073841801784329,-0.013081465203950265,-0.0032930933731242693,-0.004243124446071678,0.0054525088835550226,0.0009278421507365932,-0.0014978436813253583,-0.004914793378197524,-0.002499002376698423,-0.0006347814645532066,5.030993035080216e-06,-0.0009442537759938905,-0.0058448855928839374,0.028151009098791674,-0.14151915956656602,4.183347,2.2280138,-1
2.1757,42.0,4.181052631578948,0.9936842105263158,1472.0,3.0989473684210527,32.74,-117.09,1.101,32.74,-117.09,-0.04190288835697927,0.009899266909511902,0.0015213704649117284,-0.003573682158570504,0.03473857032776816,0.05011366237871225,-0.0467359148487923,-0.0006842947352778111,-0.0006682741381421285,0.00046192381716337634,-0.009437150364294378,0.004210643760485284,-0.003049875079462772,0.00047098500764294665,-0.00012619698331179204,0.0023300406432293446,0.008478758735931123,-0.013565665458627292,-0.0008182559144752626,-0.0012099864921493138,0.0035427043362027586,-0.003154004852593064,1.2201365442023516e-05,-0.0016662755184058283,0.000687987084116803,-0.0003484076425892106,0.017042928616565645,-0.22516106265749056,11.1019745,-0.15451097,-1
2.8684,20.0,6.766101694915254,1.7457627118644068,659.0,2.233898305084746,33.41,-116.01,0.628,33.41,-116.01,0.004869596079157114,-0.022422869761045572,-0.0016442787327342148,-0.0010366494136923267,-0.06793637063211305,0.04031412746944015,-0.0677697669237972,0.004251441621399321,0.0033888225393691805,7.787815903581796e-06,-0.02078024558518615,-0.005311491789542762,-0.0017615030082507317,-0.021047024381304607,0.0009086189202867424,-0.008328588066718675,-0.008740559272504096,-0.05036506785560359,-0.0012101584973206615,-0.0023626809263212313,0.009979767128560545,-0.05492486417570346,0.0015356628696257192,0.0023804503359971113,-0.014985967144900919,0.02100780784726657,-0.05840899437794774,-0.2741961447542019,10.116325,3.5337267,-1
2.7417,16.0,4.782805429864253,1.0497737556561086,316.0,1.4298642533936652,33.22,-117.32,0.917,33.22,-117.32,0.08800685303958987,-0.009532673597545222,0.00176380331237765,0.003242801151902138,-0.08341513507224874,0.03572606522865604,-0.0445318685244167,-0.004645763382692778,-0.0008030988311488045,0.0009964341763414823,-0.08192030759132364,-0.00805896942504842,-0.013172020500837009,-0.000672569521585232,0.0014741386953400159,-0.0679305913449833,0.0018969890084137248,-0.026316990673572967,-0.00131253586646178,-0.022537691997289066,-0.0036646605165881114,-0.014978361631903818,-0.0014620848445943944,0.0037550256851269963,-0.0017999458125354216,-0.01582229638070163,-0.20542476719664737,-0.17203063950078373,9.233687,4.6427855,-1
1.2188,40.0,3.882911392405063,1.0443037974683544,1199.0,3.794303797468354,32.7,-117.14,0.925,32.7,-117.14,-0.03891869032292192,-0.014751590415037907,-0.0016005360886654112,-0.0012067372714513233,0.05682194481067054,0.04913615338272953,-0.03887395999332362,-0.00048453656642356407,-6.317182350567856e-05,0.0003803792754789115,-0.014330598188508256,0.0034916164466630524,-0.0022653078422183014,-4.9003173179096055e-05,-0.00019147087401376144,0.0037827055280114583,0.007836385712140835,-0.010415066846009494,0.000475251104902701,0.0008205947485454058,-0.005600211607982717,-0.0011762537307905437,-0.00475525285198079,-0.0019651070412254022,8.816192701616732e-05,-0.02350310037456901,0.05561624198020069,-0.21125321111636847,11.294792,-0.66373,-1
3.5583,40.0,5.63036303630363,1.062706270627063,796.0,2.627062706270627,32.63,-117.07,1.549,32.63,-117.07,-0.03527160002724164,0.007166578465220275,-0.0027843010371175103,-0.0009638356494568923,-0.06311683443859371,0.041374772299690915,-0.056326188458610774,-0.0015553860122942743,-0.000292017609048052,0.0003888010970468428,-0.015791490513149983,0.004763085414360193,-0.004988504694572933,-0.0011258450139962988,0.002041722961787119,-0.002634109874984161,-0.003661036696034445,0.004649671932224281,0.0002734340595399953,0.0003322994987043522,-0.004386208623008713,-0.0036770224362085184,0.0014110765712811572,-0.0012179551009145013,0.0008143552753276422,0.00036234226117114166,-0.011693077274949469,-0.2369054204984543,9.71744,2.7034376,-1
3.2794,16.0,5.405405405405405,1.0926640926640927,1267.0,2.445945945945946,32.86,-117.21,1.486,32.86,-117.21,0.03957410035284461,0.009594013580096155,-0.001091666585916969,-0.00047666513522899784,0.01138778712366874,0.04840710382249713,-0.055079634232294956,-0.0027072954482292183,-0.0008138640911947151,-0.0009899932580214326,0.005518867052302665,-0.006854769992275858,-0.009952509164473407,-0.0010778024873309116,-0.00012107021024164948,0.0008670873603124104,0.0026897844201873734,-0.018101119346836288,0.00022729728028287336,-0.0014062326052665173,-0.004361737605370097,-0.0041515704366038636,0.0013838715089461028,-0.001452971819993302,0.0014144765027861435,0.024503363378030708,-0.03399030172675768,-0.18108854994238896,7.865739,4.002463,-1
3.6354,7.0,6.307152875175316,1.1654978962131837,2248.0,3.152875175315568,33.66,-116.31,0.98,33.66,-116.31,0.02733901687856111,0.005850470395842495,-0.00014111747878989647,-0.0017035606073583045,-0.014593537816131118,0.026327412980799027,-0.0600730524772183,0.008215541856013892,-5.498791387365182e-05,-0.0003423102471621902,0.03394289827649421,-0.0033346698090761296,0.014425974879358738,0.003932333193162435,-0.0012971409588426405,-0.00438531187925454,0.003536548886571585,-0.021389050728488988,0.00015655701637330705,-0.0016110189304638022,0.0031289504225522334,0.0018642461735241154,-0.0010085967306517818,0.003828085480002341,-0.0032712138011254505,-0.007229354884923919,0.01973318343200018,-0.1379501064070844,7.7871747,2.3388956,-1
3.625,21.0,4.8817733990147785,1.0344827586206895,695.0,3.4236453201970445,32.69,-117.05,1.443,32.69,-117.05,0.0011970974822968813,0.011864181650565056,0.000355438183456965,-0.00040760272281243563,-0.008856028284756103,0.04142105614272336,-0.05328892702000134,0.0009191981057038067,-0.0005786990265453781,-0.0004203286076716953,0.02197158586825532,-0.0008601487418181475,-0.013517174315218991,0.0007197936197728997,-0.0028002699583734316,0.002382109981369758,0.007335413525117298,-0.008341014709976042,0.000520016934130412,0.0033858578644140516,-0.004955909558036832,-0.0018043246534913927,-0.006941347179557125,0.0017779557865149989,-0.003021845893581646,-0.02625289655185624,0.05384988875645451,-0.23940352606448528,8.375012,1.1906389,-1
2.3182,23.0,3.6525974025974026,0.8863636363636364,687.0,2.2305194805194803,32.98,-117.09,2.688,32.98,-117.09,0.009692015721952546,0.06019988875402966,-0.002477913690468396,0.001937501586189868,-0.05544276284393033,0.04158982026300029,-0.040070971345949474,-6.450266034116993e-05,-0.0002471662976622795,-3.183812354477717e-05,-0.016315157414319333,-0.002711282555403315,-0.009094046559351036,-0.0016351693789155729,-0.0026525771880598925,0.01837085946822531,0.007764780052254803,-0.005400013918688404,0.0042030802799229595,0.003063979931280779,0.01054787930337287,0.0396153365921777,0.0028029530614410614,0.003705098495884091,-0.0025815405455825707,0.024389195567533398,-0.04295149381814034,-0.21851560407110185,9.690072,3.1199505,-1
5.417,11.0,4.925867507886435,1.167192429022082,1223.0,1.9290220820189277,32.87,-117.23,1.968,32.87,-117.23,-0.16452237711086848,0.006404782661495839,0.0032875928509570537,-0.0008918783308340078,0.046847863662373944,-0.0174220395849512,0.033962719008049126,-0.011333672813251996,-0.0006065682172327066,-0.009317706162873926,-0.17314325168509573,-0.007093025406839649,-0.011119735297393908,-0.001164962670003501,-0.0006997104658061176,-0.004626110559669747,0.0021900599513488845,-0.02374374166016846,0.00024500660152614707,0.007526650122349863,-0.00017759495301956335,-0.0031592992469876347,0.001514578238924869,-0.0014807712904125361,0.0010520583559611835,0.01685937878520836,-0.038434613441789924,-0.16228669254822406,6.511015,5.753208,-1
2.2083,44.0,8.280701754385966,1.4210526315789471,206.0,3.6140350877192975,32.8,-115.73,0.938,32.8,-115.73,-0.03287022368370119,-0.036822976951048025,0.0010171707464184478,0.019686360142396955,0.04382417497694405,0.04329670074055139,-0.03897631822827031,0.008103638853481879,0.0028170009315161898,-0.0006156789512478585,-0.01300589040233666,0.003479673520111546,-0.008226574645264627,-0.013190641571016182,-0.001632027096630281,0.018878186187866224,-0.01602774975348082,-0.02286742028841724,-0.0037495013822001536,0.001023133961038691,0.0005473887953612048,-0.00417579618018511,-0.004319580194109156,0.00400595082608276,-0.010481595605757971,-0.022881598155498884,0.046333747894974506,-0.2361038497195212,11.361929,-0.7977148,-1
3.2174,15.0,7.370967741935484,1.4475806451612905,955.0,3.850806451612903,32.68,-117.05,1.651,32.68,-117.05,0.024395772894569553,-0.0005997031994124096,1.1204344104624796e-05,0.00107276315365999,-0.007531766049876042,0.04305722406823976,-0.06419990920499295,0.0031593776341650773,0.0028825692023568047,-0.0005791432702946392,0.0329171032076149,-0.0019347622738332126,-0.0019363756792496812,-0.013749120060368788,0.0035929948177203116,0.0009178477553899868,-0.0005132798058920857,0.0035899345212146053,0.0009975053581919543,0.0008890024101481158,0.0003675075033286402,-0.011419064069115243,-0.006504423259026429,-0.0014836265908438114,0.004459142533469506,-0.022712109262238243,0.05479597170804298,-0.22772730682021336,8.566709,1.2801422,-1
3.6196,9.0,4.109215017064846,1.21160409556314,469.0,1.6006825938566551,33.57,-117.7,1.199,33.57,-117.7,3.130783645206945e-05,0.03437074516596464,0.006516216179281393,0.0002803478524809928,0.08842148485917191,0.04390327353387268,-0.06450377788800513,-0.009981571921847478,-0.0027313764739217397,-0.007263496522452623,-0.14813095844951968,-0.004713748280531613,-0.007534346990623244,-0.0002318964254901262,-0.0020063469830597144,-0.04479894627531934,0.010977176820584921,-0.024001114228478726,-0.0011698721273698614,0.0023691373592675327,0.007537490002688869,-0.013632065261675114,0.002939118607212888,-0.004364442851480925,-0.007529700990714434,-0.03160454086186579,-0.23515594772229734,-0.2547798735692341,7.2010384,5.776501,-1
3.8719,29.0,5.484674329501916,1.0229885057471264,1392.0,2.6666666666666665,32.8,-117.12,1.742,32.8,-117.12,-0.003296926861628011,0.009996230035822116,0.0008178737948153601,-0.0009715760413596482,-0.042977528263225644,0.030255787698047855,-0.04171162614687301,0.0018442601211079942,-0.0006769731665021417,0.0005916943592188685,-0.01249078236826668,0.0036007594472729975,-0.006592438271737933,0.0005669202596524133,0.00021602379951958577,-0.0007062062054953629,0.0063537850628033795,-0.013435668535374779,-0.0008276871557747379,0.000342668756577838,0.0033795562192597112,0.0006659325710676818,-0.00010414560221324886,-0.0015614916763504827,0.00040331315928849134,-0.0008369749598321995,-0.007133438769722881,-0.2276709820777744,9.250942,2.5437295,-1
2.8357,16.0,4.469565217391304,1.0492753623188409,2557.0,3.705797101449275,33.49,-117.68,1.063,33.49,-117.68,0.025301166092615845,0.022213671050000553,-0.0002763783767977348,-0.0026897983234024435,0.026839565559274452,0.051375336001737715,-0.03118330277314244,-0.0024691731004370275,-0.0009075257175816343,0.00028629344660206107,0.03200984074899618,-0.0019998161893522745,-0.009363751606266327,-0.0011011532017905327,0.000613186248946746,0.006419940363957778,0.011378475213676513,-0.01498818249198076,-0.0013862440210558136,-0.0001915604091117553,-0.004228109472000499,-0.00044779779349793684,0.009900166417268597,0.0035953995559758712,-0.0016370754087994572,-0.02175679143247744,0.038027210652533984,-0.181086246579377,9.213753,0.4155016,-1
3.875,46.0,4.0,1.0,59.0,4.538461538461538,33.12,-117.11,2.0,33.12,-117.11,0.01481357912181498,0.018144811285515924,0.0006803468544927788,0.044474145719519735,-0.026597397176036694,0.02824653641283903,-0.03738246616010219,0.0004597423044328818,-0.00022272417212434154,-0.00616462583391705,-0.022374223479389454,0.003074241897034114,0.007907630656396844,-0.0003655612696883586,0.01309749924376979,-7.772812373343051e-05,0.014138515063670996,-0.01296450250258178,0.00483999187780952,-0.00241528940278086,0.008667890218271513,0.005304714495435583,0.04087702387549733,-0.09284985480796597,0.1120904440074953,-0.02315301598667694,0.03620590701404181,-0.26984783493512826,9.644203,1.885144,-1
3.7644,14.0,5.7569573283859,1.0556586270871986,1704.0,3.161410018552876,33.26,-117.05,2.647,33.26,-117.05,0.005579787519763654,0.009219777087618126,-0.0019204049918632186,-0.00013370319810414663,-0.026687067416006207,0.030280334017978285,-0.03555166274181886,0.0006950179418155274,-0.00036802221404981923,-0.00032018604425738397,0.03599437306640594,-0.003814380120369655,-0.0010234253573072722,-0.0010589927357716792,-0.0010283846035930582,-0.0022503091976307918,-0.0037140436757881756,-0.000863171068988858,0.00014365526684639683,-0.00019388556079733506,-0.003851978948164982,-0.0010970925802353444,0.0014257279483056778,-0.0015856630679387368,0.00111734044537199,-0.007757932353953915,0.035893575699221233,-0.20146810232575546,8.072,1.569705,-1
2.7515,33.0,4.235772357723577,1.1300813008130082,1785.0,1.8140243902439024,32.74,-117.28,2.477,32.74,-117.28,-0.04544097148083597,0.02368440098051077,-0.003786255270212716,-0.002892347729200828,-0.1424597729079073,0.04012911916803884,-0.042542672600899875,0.0030620650351261894,0.0006554415969524505,0.0009173183912710711,0.04107841355295637,0.006057728597135072,0.010025117922183132,-0.000537698334643971,0.0002459763608616271,-0.008007737974711642,0.003368203201661476,-0.023100724221780253,7.433290293258428e-05,0.012830371898092052,0.004278741877256557,-0.008957400778532158,0.0018976506533252603,-0.0008482806669237225,-0.0005877824227999125,0.01422416965232593,-0.055713617919599355,-0.18202838521208525,11.965544,3.73344,-1
3.0217,26.0,4.146341463414634,0.9420731707317072,869.0,2.649390243902439,32.58,-117.12,1.316,32.58,-117.12,-0.0024561483604539362,0.04098495403541861,-0.001476271656025131,-0.0005534323384564037,-0.0061599855521605774,0.04559185551613526,-0.049451547191229225,0.002101247215006786,0.0024204243406510833,0.0001522228337672934,-0.010757744694255472,0.003821124533951091,-0.003423137223668916,-0.00032798424799698126,-0.0012268876349009125,0.004838491785986643,0.006733276991677427,-0.014619822197523868,0.0037098162907789954,0.0014920681086446471,-0.0006872130348893117,0.04703880424110197,0.0015888057702044284,-0.0006421745166460048,0.0019167267295112757,0.0038026571754964395,-0.011499258317438383,-0.22276308076105678,10.290217,1.9168353,-1
3.1786,35.0,5.293906810035843,0.946236559139785,852.0,3.053763440860215,32.7,-117.08,1.006,32.7,-117.08,-0.017909735936642038,-0.0024555866627472022,0.0016663841270213129,-0.0009950782343946009,-0.01358710067318488,0.043446481049357305,-0.05701900888019809,-0.00044990696816114633,-0.001755548260044188,0.00043091258536736025,-0.016215366800806964,0.002733034226625945,-0.0029330223348889104,-0.0003354901218125013,-0.0015909226745319206,-0.0011791912262499702,0.007412545725434484,-0.008137315323062907,-0.000793595056890056,-0.000984644215319401,0.002905815483543191,-0.0020371473658660944,0.001355186193457926,-0.0014051710321560575,0.0008960553606849735,-0.005330407208109015,0.01859159380269276,-0.22083040339754723,8.892281,1.4996907,-1
0.922,15.0,6.287671232876712,1.3013698630136987,160.0,2.191780821917808,33.36,-115.91,0.675,33.36,-115.91,0.06088867231304726,-0.02301888644627881,-0.0027136216503232894,0.015478907810017768,-0.0473899501345253,0.04087861953382356,-0.043718726809746186,0.005297661630438051,0.001620211191147186,-0.002631257751324303,-0.03294004613537518,-0.00666523033643502,-0.0033910485522062844,-0.0006589014494654578,0.002746582053690208,-0.0017634748606118564,-0.0010825972726912342,-0.012254445818540665,-0.00016480968154527207,-0.005998860177762754,-7.302558755899042e-05,-0.002479459550934466,-0.0040004136341611944,-0.01097750644021956,0.005840174878987289,0.02064986012032452,-0.05818743990586874,-0.28252356137825607,9.273141,3.8881273,-1
3.5096,34.0,5.1525,0.9775,1169.0,2.9225,32.73,-117.03,1.42,32.73,-117.03,-0.015485230066440293,0.004307762849556259,0.000926200853241788,-0.0009668109865324246,-0.03535269554223913,0.04296804466682691,-0.06014155084290144,-7.581039499774813e-05,-0.0006713575322926,0.0007020613659117994,-0.014608263146045656,0.0032284823100956614,-0.005027842146963142,0.0007029281145518567,-9.094770315230687e-05,-0.002091943247837772,0.007500245196016025,-0.008039218780222785,-0.001062108123386796,0.0018460570039123096,0.0034725598729875456,0.0005304737097759093,0.0015332310349763525,-0.00164962530626933,0.0008644654101343316,-0.0020086502711064076,0.009404988144837659,-0.22735059859702114,9.352633,2.3820953,-1
2.1765,10.0,4.312020460358056,1.0588235294117647,1000.0,2.557544757033248,32.61,-117.07,1.284,32.61,-117.07,0.06497742944800257,-0.002217894538713904,-0.00037928772894369324,-0.0010073341159057966,-0.023625537955508553,0.04871077553342392,-0.046173580396047194,-0.006985032496594703,-0.0005784753565358331,-0.002903256519948039,0.002820719463815053,-0.0034393457112798765,0.0016793343329342026,-0.0009381450754899505,-0.0008465086315378864,0.00017703331649293656,0.007624531183765046,-0.009327242711616496,0.0002774710355242144,-0.0005004712322313562,-0.0044472113023569185,-0.0031723354122415726,0.001703841108331386,-0.0013465550075497106,0.002025920648305759,0.007475074075958158,-0.014177761104865773,-0.25576957734701683,9.052128,3.5661724,-1
4.4821,15.0,6.908108108108108,1.172972972972973,653.0,3.5297297297297296,32.76,-115.56,1.403,32.76,-115.56,-0.03431926914487368,0.029257294252314752,-0.0002166413531111543,-0.003291606436612276,-0.03653720147189569,-0.004092403453414403,-0.011957624752732423,0.004418468199994732,-2.079404682568762e-05,-0.0011787583609161488,0.04490273837093398,-0.0028364041865568,0.005980930173501354,0.0030353689431236158,0.002002092933726689,0.002769970557957358,-0.002381303233000269,-0.01595599089608904,-0.0006459093393063157,0.0011765107348327057,0.0014746971941855481,0.0027789711714011015,-0.005345255794606739,0.0019196773541148029,-0.012505379947559568,-0.025535010427289142,0.04919951113313656,-0.20587843761578306,3.9316633,2.6420062,-1
4.0313,35.0,3.996794871794872,1.1057692307692308,1126.0,1.8044871794871795,32.77,-117.25,3.853,32.77,-117.25,0.011346751699319181,0.01918878467808278,0.0029477873103400582,-0.0008375043738960655,0.16903141016336717,0.024713020949226422,-0.0321130047765257,0.0011996145485317874,0.0006749800734737374,0.0019860167027759305,0.08662989299350243,0.00627327254500179,0.010112284597741609,2.3837012929605055e-05,1.6829381670345093e-05,0.0014534116177796217,0.0030452778187647425,-0.023369296663099864,0.00017591044755206424,0.025518047310857092,-0.000860660029993963,-0.002812158701040579,0.004515041547965696,-0.0008966165176533082,-0.000495913030641593,0.015790614868137157,-0.04924628729424485,-0.18133230229458666,6.7982535,3.8250082,-1
2.625,50.0,4.74223602484472,1.049689440993789,728.0,2.260869565217391,32.74,-117.13,2.032,32.74,-117.13,-0.033339427447204285,-0.0029084716331065712,-0.0016626786734484013,-0.0014278312641256773,-0.06280060150502254,0.040917385586374935,-0.043413464758451585,0.002333154132273647,0.00044777107346879796,0.0006291290717540893,0.017845972484787347,0.006466014152831402,-0.0017667528867976992,-0.0004452815617171625,-0.0027214033250357616,-0.005872372556824511,0.006421472397416079,-0.009390157407333103,-0.0001014203925318192,-0.0012103045919026334,-0.005342856001278184,-0.00237155248780213,0.0024865685525475396,-0.0004939540407766892,-0.0005121389972576528,0.022159088343869565,-0.03981950400415418,-0.22889840044033952,10.48608,3.24065,-1
1.5,12.0,4.176980198019802,1.1695544554455446,2357.0,2.917079207920792,32.71,-117.09,1.063,32.71,-117.09,0.04179798602060699,-0.017275342731951946,0.0006908461005618508,-0.0022690399866925415,0.009903796202880998,0.048820491118107566,-0.04084480346834994,-0.0023320414051074944,-0.0002358355958382443,0.0002619673477964232,0.014828260807557106,-0.004255740880074142,0.0027023857750321455,-0.000630343103076286,-0.00028176789072372377,0.0016479786975188934,0.008848859935879473,-0.010397184545922164,-7.885930915055326e-05,0.00041918404579027334,0.0005331096621382359,-0.004685667024582625,-0.001981162229207246,0.003590554709288263,-0.0025502501327567782,0.0030630328023837808,0.009296710054747496,-0.2392642645662013,9.820604,1.2388153,-1
1.3125,52.0,2.3372093023255816,1.063953488372093,557.0,3.238372093023256,32.71,-117.15,0.875,32.71,-117.15,-0.04761543977616488,0.14678851562019202,-0.0024163987641146046,-0.0020854507538729103,0.03499714697404789,0.046412664680147875,-0.056442790542486125,-0.0054859026850246385,0.0023622236429967163,0.00046204612375325333,-0.011423716953727356,0.004807750824391606,-0.005099603867800054,0.00011394272562782557,-0.007003303913182124,-0.025457036972941695,0.00027764665068281806,-0.04461162167471683,-0.0017889233750882038,-0.0007487693325652074,-0.00522656750223786,-0.0023812341461768396,-0.00041624347507433654,0.0031455441614358366,-0.0024694467760410293,-0.0054259148402396856,0.024925959129553348,-0.2161233016445306,10.821704,0.7029181,-1
2.7852,37.0,3.7540983606557377,1.0758196721311477,955.0,1.9569672131147544,32.75,-117.14,1.292,32.75,-117.14,-0.05190529054917648,0.061503280036996434,-0.0007461534643342569,-0.002033743011480481,-0.12586409806090626,0.034546724694076325,-0.05014378225975632,0.0007147635876945268,0.00013253607448624328,0.0009686207128137451,0.04863826461459191,0.006188328255129175,0.001292305229286653,-5.9801329535982654e-06,-8.794174702645222e-05,0.01044008353470829,0.003037908476133106,-0.009985696844393299,0.000213741154981916,-0.00013919984936183426,-0.006465981109022146,-0.002247060305124549,0.0035611219343002526,-0.0006166401077162763,9.062140813468559e-05,0.017139939377741848,-0.054203094914181994,-0.2384829200590508,11.818128,3.2120793,-1
4.5987,29.0,4.930894308943089,0.926829268292683,654.0,2.658536585365854,32.79,-117.2,2.556,32.79,-117.2,0.011759846418267115,0.0008605943140691475,0.0038789476422762784,-0.0015769908655963222,0.006055313176239279,-0.0003868315066186137,-0.0019764319644464687,0.0018971728602413264,-0.0011327038585135657,0.0014125549375701577,-0.009938390924162323,0.005998507063129002,0.004953704962841196,-0.0005661005091945166,-0.003719085742794023,0.0011780373790373725,0.002986714685015283,-0.023017851497253834,0.005678122998357489,0.002009621093706037,0.008289816636782183,0.00783272900480073,0.0015473163311686472,0.0035003983068995805,-0.0012011369760645493,0.0010745249092272433,-0.010809242344645885,-0.1486327232585316,5.96387,3.1750453,-1
5.551,17.0,6.881305637982196,1.032640949554896,1125.0,3.3382789317507418,32.67,-117.01,2.669,32.67,-117.01,-0.05885800779580627,0.02292922687085424,0.0008301789963057869,-0.005307724727647468,-0.031245050458852827,-0.02137409284364761,0.03784881283004722,0.004968347596467005,0.0002447161736522917,-0.0017155810378883473,0.06477058466781915,-0.0047007017139757525,0.0003192528274406795,-0.0026246999401670808,0.0025287423637988964,-0.005120850111148212,-0.004381406484568991,0.006944401389972845,-0.0011076119458116537,0.0007521925948229966,-0.004390254969705738,-0.003093295058957535,-0.005176526980323318,-0.002124004990585561,0.006204651279703533,-0.010808594204993414,0.04498465587928671,-0.18673921403969002,3.9509764,2.271321,-1
3.6467,21.0,4.64200477326969,1.026252983293556,1335.0,3.186157517899761,32.61,-117.09,1.13,32.61,-117.09,0.0005249284165196569,0.016489446856292663,0.0006701226757194159,-0.00015556211774044197,-0.013617609811432545,0.04172955501438898,-0.05794876052189652,0.0009877747598629435,-0.0005926533782975633,-0.00011733203603806093,0.02037209701223931,-0.0008950960280330437,-0.012308197485048791,0.0005815481580136929,-9.309543429467848e-05,0.0027353036191798286,0.007386336394883549,-0.009453365190325332,-0.0005838672017727468,0.0017733165738729184,0.004400620631253577,-0.0015798356560580058,-2.5999595187679937e-05,-0.001757213048234353,0.0009204543367475824,-0.008467474470087416,0.026560794934414197,-0.25160596001876595,9.134592,1.6994154,-1
3.4833,15.0,5.746153846153846,0.9769230769230768,997.0,2.556410256410256,33.15,-117.13,1.932,33.15,-117.13,0.040276930208844514,0.004217017046764514,0.0005559983471223095,-0.0002555352668367313,-0.047272730507763684,0.043265643424146655,-0.06334414408586397,0.00038226145768901457,0.00025758637828264644,-0.00044673309159567955,0.014266489174237855,-0.004859328170971944,0.0025762971644306925,0.0015197667150571269,-8.775709957006439e-05,-0.0031187861282471682,-0.00437247644633373,0.001961110559879007,-0.0009905241555034996,0.0020509253738506808,0.005066050372014622,0.001195677278535945,0.001996947752529739,-0.0013171526263379865,0.0009994791765328146,0.0034838203936874024,-0.009766621526471517,-0.21927759803696886,8.821057,3.239649,-1
2.2024,5.0,4.098984771573604,0.9822335025380712,1094.0,2.7766497461928936,32.72,-117.1,1.372,32.72,-117.1,0.056532408108850574,0.02135831929427393,0.0007180349515096988,-0.0006561502399726805,0.006292680958763788,0.05122511249408279,-0.049891513330593704,-0.005428232210461041,0.0005192814951577606,-0.0038008463944666743,0.00956165877264975,-0.0028939042113296488,0.001622590348935519,0.0008323242113855924,-0.0004708223259461839,0.003533583631226539,0.007556447363208732,-0.013662182893797841,-0.0010246851237702603,0.0013386866993657608,0.0033785483206607877,0.0009575475308790592,0.001441377277785974,-0.0014659433070500312,0.0014442549766640023,0.003790822440370035,-0.004168790529167695,-0.23342916038802203,9.747006,1.4188918,-1
4.2679,26.0,5.627565982404692,1.0117302052785924,1326.0,3.888563049853373,32.59,-117.05,1.319,32.59,-117.05,0.012532143041965236,0.013756911413625207,0.0008545482264346671,-0.0012702116642013385,-0.05104390515059379,0.014067809748303094,-0.012943944844714433,0.0006018527412186769,-0.000676362748732548,0.0008033234191329122,-0.014576555497802277,0.004341167503681115,-0.012999937692715622,0.0013635307321941017,-0.0006119325605017979,0.0009373875253283123,-0.0036249840942633284,-0.0004578658916697629,-0.0015612206773723907,-0.001833776315439487,0.004562833189127715,-0.0027365889512551795,-0.005433555612981353,-0.0019728775038495823,-2.8021055196250133e-05,-0.027581998401289557,0.04667857830993848,-0.23382658766889516,7.6092,1.1349282,-1
4.6875,26.0,6.359073359073359,1.0077220077220077,694.0,2.6795366795366795,32.85,-117.22,2.744,32.85,-117.22,0.01827204547507309,0.023024261891326236,0.0006986387264764512,-0.0009055447124825301,0.0018215570070988073,-0.0018685446353709108,0.003700139576589051,-0.0003146194504043535,-0.0004383613913531725,0.0010081101347569994,-0.008696891908792513,0.004804166247974344,0.005214804029767189,-7.800019243274302e-05,0.00867921770341775,0.0009558967398793489,-0.0007385916944029741,0.005185679935503314,0.0005212674142603903,0.0018166722878092242,0.0023814391866931596,-0.0014953278788008444,0.0018662709066032863,0.003129298889918604,-0.0009764257111063518,0.00013647784092556245,-0.006759922012087309,-0.14098642010647705,6.0540204,3.0943139,-1
2.065,19.0,4.3273415326395455,1.0898770104068118,3045.0,2.880794701986755,32.8,-116.96,1.241,32.8,-116.96,0.009625581916009585,-0.018713570239704626,-0.0033568418949031314,-0.00416698555063641,0.024900953883070044,0.049634087045987554,-0.04252600345342291,0.0008123548616913065,0.0005283528180491509,0.0004367199866876354,0.007522002538077722,-0.003771407863213573,0.0027002474592172847,-0.000520973576841228,-0.0002555054553438349,0.0035471188047448052,0.008848859935879475,-0.009184645212708549,2.195192409693307e-05,0.00010829769385671152,-0.003853281826126981,-0.0011104050245328231,-0.002424598619482662,0.003590554709288262,-0.00254455785453398,0.004538586057337565,0.008726021678315677,-0.2311239549799983,10.2922945,0.303953,-1
2.0246,16.0,5.302631578947368,1.199013157894737,1036.0,1.7039473684210529,33.22,-117.23,1.488,33.22,-117.23,0.10107975876857121,-0.0165623149532468,-0.005152381591552237,-0.0019597648369585226,-0.07665676761353324,0.040010266137940315,-0.04114545896533271,-0.004726456270064681,-0.0004024395523411764,-0.0013069220475207882,-0.06959742995905409,-0.007905754290845085,-0.012636899084325642,-0.0006596454468128811,-6.345524924608203e-05,-0.007046523896135218,0.004142843043096551,-0.01947599534395195,0.0002571913654196062,0.015320828189619613,0.004893913479733664,-0.010361337612549995,0.0024252886891603593,-0.0010781425708561265,0.00033148408985073265,0.0030897396865346956,-0.06717327311211772,-0.1937774181763096,9.068128,4.358284,-1
2.765,13.0,4.490074441687345,0.9813895781637716,1759.0,2.1823821339950373,33.23,-117.3,0.985,33.23,-117.3,0.05892214773011209,0.0020411816936191157,-4.960587347976582e-05,-0.0016989862265202114,-0.048514550167139715,0.03931435218836106,-0.04394033462634349,-0.00404112054777729,0.00014815915696010895,-0.00041727408567768286,-0.04229193623343107,-0.008013409647952031,-0.012731817692214537,0.0007956394955399998,0.0005857792488554265,-0.01251554687553323,0.002873592499283731,-0.0197896073179285,-0.0005710137002040541,0.001671774505002958,0.00395081154530924,-0.0071537454236184446,0.001746340015334929,-0.0011919772002594894,-0.0006655915621178892,0.028373058438815747,-0.05770582911911709,-0.19900249776480977,9.011166,4.2122693,-1
4.0585,29.0,6.530275229357798,1.0128440366972478,1533.0,2.812844036697248,33.16,-117.33,2.455,33.16,-117.33,-0.00026173102070737626,0.01775523970617389,0.0009107118378603239,-0.0009585576775375409,-0.04353778277194991,0.025720261594192363,-0.032226444900103186,-0.0069645744320816026,-0.00043836139135317243,0.0006205717924134314,-0.011967855864699254,0.004356123997824154,0.00516553770748981,-0.0016647851052840538,-0.0009172177308118367,0.0032463671765717637,0.012603138628651752,0.03915014570334079,-0.0014006959040289886,0.0013115455736267057,0.004086447953276422,-0.006193339334619352,9.104268762528447e-05,-0.0022573793416118143,0.0003062169184476798,-0.0032317742290883375,-0.003396225638080496,-0.13767290023519912,7.36216,2.8245845,-1
3.1187,25.0,5.905292479108635,1.0612813370473535,588.0,1.637883008356546,33.01,-117.07,1.694,33.01,-117.07,0.027197715395765064,-8.359928269609602e-05,-0.000341551115682616,-0.0006941710110313366,0.04887784842428603,0.045887823848840284,-0.05876712857946568,0.0009797784282054235,-0.00014061796918443854,0.00031991819800144053,0.05493725734490126,0.0042549875168698984,-0.0011946464189482148,-0.0006118326464497934,0.0014807500110430127,-0.04464967618524535,-0.0008092911814198329,-0.001130396858664616,-0.0013856841550203174,-0.010976398895491415,-0.004786561127047489,-0.015262339612998345,0.0027565824975061973,0.0034631906664709775,-0.006516006963451326,-0.0030711629559448915,-0.17584335532804682,-0.21520745916028602,7.180373,4.0302496,-1
3.8194,21.0,4.791773778920309,0.9974293059125964,1498.0,3.8508997429305913,32.71,-117.06,1.257,32.71,-117.06,-6.792720100982433e-05,0.007399878879351361,0.0007487661228440843,-9.877856819827987e-05,-0.019788247682816524,0.029907586251505358,-0.03678706627723922,0.0011107197286516365,-0.0005926533782975633,-0.00021475791495689355,0.02296146258276053,-0.0010396887294314213,-0.015001737249229987,0.0005815481580136929,-1.5831499614161557e-05,0.004156034205804308,0.007220043835892176,-0.012839517931022509,-0.0015708173277527927,-0.0018083083522561728,0.003862249827540332,-0.0020624587945507204,-0.00382522270453244,-0.002141452987700524,-0.000248169527508022,-0.026983619986783048,0.05505673380331681,-0.2216415260390944,8.269011,1.2451476,-1
2.4583,35.0,3.741935483870968,1.064516129032258,538.0,2.169354838709677,33.19,-117.38,1.979,33.19,-117.38,-0.03250096590380732,0.05856514116447234,-0.002421403851458303,3.126837464630065e-05,-0.02871193763794083,0.03915147742567652,-0.04072968086525946,0.0011437831343536638,0.00019976385616643174,0.0007180623167688745,0.024751825454800633,0.0059921716402246885,0.007859990808592733,0.0006131746182212757,-0.002216911004273481,0.013667612521254337,-0.002264541803604226,-0.02136448307781014,-0.001601292103716976,0.00019901848463551737,-0.004351228122816935,-0.0020326368097748327,0.0026559206398671332,0.003576553559157436,-0.0020599655045058667,0.018924861997982073,-0.05437242829759777,-0.16861298581840845,7.8391647,3.2162368,-1
1.9939,38.0,5.0588235294117645,1.053475935828877,1175.0,3.141711229946524,32.82,-115.38,0.658,32.82,-115.38,-0.026917878565754613,-0.016897916774997544,-0.0014248995620412704,-0.0023445036065724606,0.04899926305545598,0.04982871441781252,-0.02425131022671463,-0.0009433503453879957,1.4893492538252962e-05,0.0006408148549151948,-0.012253847142532439,0.004149696655231415,-0.007716487138606028,-0.0005127393314695655,-0.0007003240323923797,0.0016063255824097246,0.008533094973782214,0.006248825799528122,8.159684940626845e-05,-0.0011397403165205994,-0.005601447336118124,-0.00039980825712319945,-0.000864595922087477,-0.0015387967621856404,0.0025198860595462996,-0.0020794767047946252,0.013418726082817122,-0.25147365413991435,10.879762,-0.3220664,-1
1.2667,7.0,3.326241134751773,1.053191489361702,1187.0,4.209219858156028,32.54,-117.04,0.675,32.54,-117.04,0.049595709222374565,0.05052144736654113,-7.964638271791238e-05,0.002919859785678696,0.0248764733574992,0.049825302033894944,-0.03886412653480234,-0.005504201781387326,-0.0005895042955180322,-0.003925468151148474,0.02753030633143088,-0.0010589835127483573,-0.003849802020052693,-0.001547286772240617,0.00012752479750862965,-0.018162836832740215,-0.011305351846322904,-0.029979361446680793,0.0005389809854449994,0.0008481100144289035,-0.004493324070375133,-0.0017341022700090656,-0.011866431837181274,-0.014263882185395961,0.0007582354659184453,-0.013921160099114654,0.05305971862926277,-0.23172400497237358,9.752149,0.8162067,-1
2.5625,23.0,3.8995215311004783,0.8660287081339713,1267.0,3.0311004784688995,32.61,-117.06,1.311,32.61,-117.06,0.0025418869514241393,0.03384725641015283,-0.001443884031138069,-0.0009240422506739327,0.02744184716372165,0.04937218150418228,-0.04251149260248709,0.0015120120058110865,0.0025775657615708532,0.00022920616595216545,0.011057568143635867,-0.0007851972503520673,-0.00880041474536834,-0.001151394111411603,-0.00010995134250719564,0.0027886520337313046,0.0084324684149009,-0.011634444390249106,0.003983770460675411,-0.000657262317608426,-0.000422767782690697,0.04374749501525783,0.0008984799176322679,-0.0009193180260969622,0.0020437755365090107,0.0004692406137007251,0.02067415608073378,-0.2191115340295084,10.290458,0.9309423,-1
1.8417,33.0,3.7804878048780486,0.9817073170731708,420.0,2.5609756097560976,32.63,-117.09,1.5,32.63,-117.09,-0.023947248754340587,0.06425830000836166,0.002110922763663236,-0.0020566360050518523,-0.01870089404430388,0.05051260052019982,-0.045078838540019775,0.0019541182113334945,-0.0006713575322925998,0.0005037306336278274,-0.004777233382276985,0.0033752601638056753,-0.004755869935417331,-0.0009966066763168106,-0.0024771715979056597,0.014844537791023387,0.006056803525257057,-0.00390792684492135,0.002754262689258559,0.0013736823590479188,0.004561693437378168,0.0016211919224718067,-0.0015938222067398053,0.003276956347708764,-0.0031876432375251727,0.007960481231135571,-0.0199251561627145,-0.2612111066621475,10.406298,2.2270966,-1
2.3015,36.0,5.284629981024668,1.094876660341556,1275.0,2.419354838709677,32.76,-117.06,1.568,32.76,-117.06,-0.027920438995361636,-0.023818029729983675,-0.0024305251180933092,-0.00405729019478052,-0.031730752717734456,0.04564108058381981,-0.046446307009553205,-0.00021396047144124752,-4.486448014396241e-05,0.0006677412014174878,0.005965372399668695,0.004908013230540358,-0.0021346281097749595,-0.0006361734462900866,-0.000461097366088514,-0.0012091502206297788,0.008796955119762606,-0.007779007909944485,0.0003112018566185246,-0.0013267423427291078,-0.0038775121646143123,-0.001505421956245588,0.0011728962861909725,-0.0015664818759209432,0.001442599438519508,0.021668713696858397,-0.034825828564121336,-0.22882670834056934,10.2525015,3.1230016,-1
4.5714,33.0,5.649289099526066,1.009478672985782,1066.0,5.052132701421801,32.8,-115.57,0.686,32.8,-115.57,-0.011486055339918961,0.012094878460997792,0.0010052332112096987,-0.002768960613935973,-0.04680612212035503,-0.005965843173977106,-0.03796959486793577,0.0004885908553451319,-0.0006093263716708155,0.0013163867221572508,-0.027106032288540804,0.002250777830411047,-0.021406946496550727,0.0003080354092040126,-0.0009626382145014125,0.0005508984562605793,-0.0037800234560348574,0.0037555516113626595,-0.0015611680903060564,-0.0018108850206667946,0.0032257155020432647,0.0021391548842354933,-0.009162583829454483,-0.001565454647440154,0.00023132200285596834,-0.03219630827289763,0.03325794133228147,-0.20940812915788123,7.6059384,0.9788483,-1
2.2544,24.0,3.9936974789915967,1.0294117647058822,1334.0,2.802521008403361,32.6,-117.08,1.219,32.6,-117.08,0.003412845119248115,0.02491564090401499,0.0015165398963646805,-0.0030815729900572396,0.006446285996921035,0.050847549709353554,-0.04990231018403005,0.0017315815166720858,-0.0005142161113728288,1.830189179652607e-05,0.00850232218963489,0.002220423361169776,-0.009410004797156913,0.00047098500764294654,-0.00012790738342422528,0.002573995821359745,0.008831012288685809,-0.014067773439744467,-0.0008269935465009036,0.000683966397739432,0.0040239933019633025,-3.702865606679312e-05,0.000689126943581469,-0.00168776838938143,0.0008720980027751363,0.003770258581950481,-0.0046025434904376815,-0.2587403581490788,9.980699,1.9637268,-1
3.7139,9.0,5.714093959731543,1.0536912751677852,1293.0,1.7355704697986578,33.62,-117.63,1.967,33.62,-117.63,-0.004966520192555526,0.01440740410410163,-0.006078794949199762,-0.0013413655896337548,0.10699798757805337,0.052471562342415956,-0.058248878885810436,-0.002136333918567166,0.0010022657579077869,-0.0062822925603149265,-0.14498218889418135,-0.00479834557950399,-0.00709305706528208,-0.0010943207246534767,-0.0004801597133030213,0.003016020603100003,0.0005261122819852351,-0.004829844255896052,7.467195877908384e-05,0.004458895288222473,-0.0013907203323339176,-0.0032592884757635518,0.0011426929898596225,-0.0013693222531707457,-0.0007049980175709652,0.018931397121030015,-0.06649414123311001,-0.21361751224084283,7.0386925,5.7690177,-1
4.4777,44.0,5.604373757455268,1.021868787276342,1258.0,2.5009940357852884,32.69,-117.18,4.528,32.69,-117.18,0.03763239838456985,0.014691589792480952,0.0004853647503237314,-0.002104139404322495,0.005726339174734694,0.001703818628952284,0.008771796493851822,-0.0020352653564482265,-0.0005303523156267619,0.0013921725916819752,-0.021335023239979708,0.008635478700249484,0.008422551791393734,0.002070715397303344,-0.00010107307515691323,0.05044947660455704,0.008208518244558852,-0.02336951004520698,-0.0006756982862109175,0.0016076157525974084,0.003916017470519533,5.392218241680653e-05,0.000546841556237541,-0.0015922094409372115,0.0009614250332907625,0.025416578429594383,0.02160577283940707,-0.15065143619106147,6.082721,3.1436162,-1
2.085,9.0,4.3393258426966295,1.060674157303371,1628.0,3.658426966292135,32.71,-117.1,0.926,32.71,-117.1,0.04819967975086039,-0.012738801965727626,0.00015911716901957412,-0.0019020249839619857,0.03359415992736769,0.05078350398978744,-0.043516193276052356,-0.00645376356796297,-0.0006609839582624854,-0.001987327337136246,0.027519125514553947,-0.0007848198104235518,-0.003905851363122734,-0.0009235171771286713,-0.0005664603632605297,0.007077828040194694,0.007457569449242192,-0.009392001472071658,0.0005389809854449994,0.0009090371085463926,-0.005469613466268845,-0.000699004552705217,-0.00272428225954403,-0.002269250485298062,0.00045264901699774345,-0.01958927353573254,0.05322379820766298,-0.21766697505430482,9.617735,-0.0010019146,-1
3.775,9.0,5.552158273381295,1.0953237410071943,1530.0,2.75179856115108,32.68,-117.04,1.25,32.68,-117.04,0.007536593002281649,0.010477743922208507,-0.0006763331815894284,-0.0006970826289278412,-0.038930049717788184,0.028754394807578895,-0.04019016239041536,-0.005390324631569963,-0.000738738697046657,-0.0041306811529891775,0.021387234335834455,-0.003654021378368156,0.0014244497262837514,-0.0007090302289410367,-0.0006292771586116807,-0.00835828181210118,0.008635776529171106,-0.012760309414570811,0.0002894226973801996,-0.0012503692798333985,-0.0030514803452007183,-0.0019678872003519423,0.00031614053024167063,-0.0014962391764498139,0.0016835671508692712,-0.003971758299334215,-0.00024839079311924695,-0.24999567441232484,9.145144,2.2531528,-1
2.25,24.0,4.089430894308944,1.1260162601626016,610.0,2.4796747967479678,33.16,-117.34,1.875,33.16,-117.34,-0.00022456602619441002,0.024030971974325726,-0.0024938515356876198,-0.002082162314425199,-0.04216331748618838,0.046560333345200475,-0.04053368030852449,0.0020402900337313447,0.0006146909306810179,-2.2558098622302968e-05,0.006369266300105681,0.003299227031745336,0.004064581200204055,-0.00016561739334917998,-0.0030196950555354467,-0.005140230390744066,0.0008469187598867756,-0.028013621597374392,-0.0003811658667886937,-0.0009839261803851309,-0.002693905992162572,0.002813724795072112,0.001324519507073206,0.002841556861228199,-0.0008571519265023238,0.017405066343097478,-0.023942405267479955,-0.15548256231310087,7.9032993,3.1405563,-1
2.5625,26.0,4.769230769230769,1.2307692307692308,102.0,2.6153846153846154,33.51,-116.42,1.031,33.51,-116.42,-0.008381132988720051,-0.0026560553217976645,0.00033103055835582285,0.0058884290247174335,-0.011972713477209483,0.04754113695068389,-0.0428138005652603,-0.000303870777279967,0.0030021199032741986,-0.015465106280392911,-0.0077848298182148935,0.003863648831104579,-0.004970522076071591,-8.498074911403876e-05,0.004118336440028368,-0.0019201399919147153,0.00647719492905777,-0.02175409122824559,-0.00019197477160312252,-0.001467622271923467,0.0008274037658797093,-0.006313373664804261,0.011772048174371424,-0.05478205298106176,0.06824260140207214,0.007936587988376207,-0.01883179878383002,-0.29687226625777474,9.984131,2.1126885,-1
4.5547,10.0,6.28,1.0514285714285714,1645.0,4.7,32.57,-117.09,1.607,32.57,-117.09,-0.04076289368320528,0.018746117897968626,-0.0021999923753721643,-0.0006842819302844521,-0.02934943429132282,-0.006075085416741714,0.007712833834386721,0.009030627369347653,-0.0003459076532551164,3.825644984254361e-05,0.05144982348956255,-0.0017292942138632025,-0.0035400709734085835,0.0014937241366957121,-0.003588621613609163,0.00027618514122240424,0.0014169132215728387,0.014100088582028415,0.0011953385935584743,0.002015481962758324,-0.00503468021553162,-0.0010275247158815519,-0.0027225341547639295,-0.0025301093717453502,0.00026431530461989007,-0.02879430061410951,0.05041494356958588,-0.20255738029327286,3.81565,2.6087868,-1
4.6863,4.0,5.204113924050633,1.1518987341772151,1345.0,2.1281645569620253,33.56,-117.67,1.844,33.56,-117.67,-0.07870633651772121,0.014170330805906663,0.001060211958504042,-0.004096946742971314,0.0034241906933074415,-0.007703977049751361,-0.015511235092817781,-0.009731653326090368,-0.000606568217232707,-0.007433852332237113,-0.0787819941896594,-0.005764115156967563,-0.00765280221924073,-0.001180758143096357,-0.0005362972185182373,-0.001801956498995331,0.01153718837309236,-0.019912532835368986,4.701104089015191e-05,-0.005146051932601273,0.0038758940643328025,-0.0007552104783807399,0.0013836418196691944,-0.0009618548473281684,-0.0006918007841763664,0.027059758679898828,-0.03608478011878953,-0.224100975881317,6.7427382,5.303627,-1
2.3,23.0,4.305699481865285,0.9766839378238342,1318.0,3.414507772020725,32.58,-117.1,1.208,32.58,-117.1,0.004016419708625493,0.010841567638306676,0.0014544297966154571,-0.0028865444274692965,0.048255930783629254,0.052321182405526356,-0.044890201483557234,0.0007604094349016073,-0.000596724713099481,6.189144158995378e-05,0.011530781674666042,-0.0008119020970347524,-0.013530197135623628,0.0006216207609036696,-0.00013323448098893524,0.0045334715232548135,0.00873040055313907,-0.010354631066154385,-0.0015701237184789587,-0.0030067847397898507,0.004394756332190241,-0.0018676250904457823,-0.004588255985787508,-0.0022204652148325797,0.0006643452523583496,-0.01600732347251058,0.047524296788467674,-0.24611649653172787,10.500871,-0.30027956,-1
4.3548,17.0,5.713942307692308,1.0540865384615383,2412.0,2.8990384615384617,32.97,-117.06,1.923,32.97,-117.06,-0.026497602310080515,0.01454718303284159,-0.002166411719509283,0.0025618771611717692,-0.012429397401076053,0.01566511075484029,-0.012931477138458722,0.0002837832050653885,-0.0003688134401800978,0.0021470964110463456,0.03281726677984131,-0.005859545076926968,0.002527795958170084,-0.0010603745723470552,-0.0026621439462454783,-0.00033972761858343665,-0.0036345734390580385,-0.0005852132252693638,-3.9233577681738635e-05,0.0007144302106039923,-0.005117294623657946,-0.0025890512089525976,-0.0023516669966803694,0.003686512041906237,-0.0025995403446553663,-0.0006116555164767421,0.007528932490692193,-0.21484415762702966,5.384846,2.585869,-1
2.3693,11.0,4.434607645875252,1.0422535211267605,1472.0,2.9617706237424546,32.86,-116.92,1.27,32.86,-116.92,0.05089494669728631,0.004631102623101524,-0.0005129467496685331,0.0023238468693822026,0.02180262626211232,0.0524683288317264,-0.044047769765458385,-0.007108396807992082,-0.0005784753565358331,-0.004053276716188781,0.015060065463790896,-0.0029513992773317565,0.0025504908768324602,-0.0011027907106953868,-0.000796728912470201,0.004747811390097504,0.007479032573438752,-0.009911397028694287,0.0002774710355242144,-0.00022457404467703397,-0.005157202196729025,-0.0024399370494935157,0.00045216334656468456,-0.0015928347085292578,0.0017366323599336921,0.004088585493778057,0.011270153664011713,-0.2260515820165275,9.814585,1.1034851,-1
2.0109,15.0,7.124542124542124,1.9633699633699635,515.0,1.8864468864468864,33.4,-115.99,0.543,33.4,-115.99,0.09834874441217777,-0.01861441947963063,-0.006408419622834504,-0.0015010570692009415,-0.07594385697558928,0.030475464939159088,-0.05011323379272232,0.009713197996636508,0.0026874612945377288,-0.0004517695733478009,-0.06284702731748777,-0.005922034789437939,-0.002287730223307915,-0.02151331990737824,0.0011222732873399507,-0.019771234626828695,-0.01735445874661211,-0.05103496109545044,-0.003288238424063589,-0.0018189032334291263,0.011746077698469139,-0.05562968851933797,0.0010031674718188471,0.0024851718388540084,-0.014351440069450976,0.0015327762048916004,-0.05137522162416829,-0.2714160997220692,9.4194145,4.184737,-1
2.066,9.0,4.291390728476821,1.0772626931567328,1992.0,4.397350993377484,33.21,-117.25,1.272,33.21,-117.25,0.04636580904370581,-0.012786160489064015,-0.0012193521975120828,-0.0054180805974793755,0.035358548337239074,0.04923984783137319,-0.03627835479079287,-0.006283819100217403,-0.0008427383527652645,-0.000356327203941992,0.027069429150606998,-0.002073627278652752,-0.014471439829239844,-0.0009408249196966353,0.000250234499310844,0.006771140178538273,0.0028938741515878693,-0.01748515824132325,0.0004517724141542157,0.0020902453827724506,-0.004123496535455766,-0.0004403986892988268,-0.0023891443916446444,0.0021701636656697126,-0.0041186857950966825,-0.019647245538303503,0.049310348210455185,-0.17657323178137008,9.131226,0.21239579,-1
5.1298,17.0,5.314420803782506,1.0591016548463357,878.0,2.07565011820331,33.41,-117.59,2.46,33.41,-117.59,-0.11984318296932348,0.016008359625431377,-0.0015652593311681934,-0.0017314819676789253,0.012734311228632004,-0.007288299239385648,0.011596226792395577,-0.005226561805580529,-0.0009455263599315669,-0.0020960057903058014,-0.10816461076978884,-0.008712177981239255,-0.009010931060474346,-0.0011509446125596283,-0.0015812854792595392,-0.0014799300999207548,0.000497607568560984,-0.024677449188209417,8.60435652702767e-05,0.002067393169568159,-0.0039321286083444625,-4.258626703733227e-05,0.004010578695694356,-0.000738390743210566,-0.0006395673030935782,0.029265939034218355,-0.035294396088140736,-0.13704428786428136,6.5038333,5.4587,-1
3.0495,16.0,5.413872832369942,1.0739884393063583,3073.0,3.552601156069364,32.59,-117.05,0.983,32.59,-117.05,0.024996610145459956,-0.012299749040057976,-0.00011387600470608801,-0.0032386681749218215,0.03185586922026809,0.04806400673129449,-0.048946436997367206,-0.0024842443943189937,-0.0007257713230788552,0.0009106625748918448,0.030985441690966956,-0.0022048022701156183,-0.0029600658953332112,-0.001103304142136903,-0.0002975751340058738,0.0011177880091788614,0.007338342058048354,-0.008953928614966173,-0.0012910178296581009,0.0005228597630467106,-0.004744441652127637,-0.0014944312634192346,0.009063782670160484,0.004232677551727635,-0.0010026533522275083,-0.01857237591162455,0.054213379369827515,-0.24571603853862825,9.902039,-0.22567497,-1
1.9392,27.0,3.433734939759036,1.0466867469879515,1235.0,1.8599397590361448,32.76,-117.13,1.429,32.76,-117.13,-0.02172565462495084,0.06110696701779754,0.003858976491837442,-0.004533271658444648,-0.11697828717487248,0.042827072431794996,-0.043239301996293535,0.0028043613866898993,0.00013253607448624328,0.0006444483523094077,0.023573649207787505,0.0052635353724360175,-0.00024214811177777212,3.749208503568951e-06,0.0011952393117929487,0.014965144242688829,0.006230174992760456,-0.004826558463955343,0.00028497087031047316,0.00234529331177891,-0.006498152066624052,-0.002711458015423398,0.0022537625207412998,-0.0011064334730822144,-0.00020513120154072183,0.003078993858486746,-0.04287491439570336,-0.2303969854481261,11.649151,3.2648447,-1
3.0284,25.0,4.240802675585284,0.94314381270903,991.0,3.31438127090301,32.57,-117.06,1.236,32.57,-117.06,0.00041651728666338914,0.038684821887576,-0.0016337097441325346,0.0005109569005687898,0.039937966511371506,0.04672989772015109,-0.04932085879913736,0.0016592159453375681,0.0032906758193512052,0.00034164105534991156,-0.009822576965714938,0.003871724260132917,-0.0070832813816804445,-0.00043654869592466515,-0.00012391643944328705,0.0015989194652762046,0.007531962899780535,-0.009998263888532524,0.0039717484182209125,0.0017552362139741963,-0.0008353596454316177,0.045612577666344266,-0.0013024234371094448,-0.0006658819980555214,0.0023884849191568324,-0.003544917682258851,0.019235722731386032,-0.21832244619291333,10.528061,0.81091404,-1
1.6318,19.0,4.403536977491961,1.1366559485530547,2004.0,3.2218649517684885,32.75,-117.09,1.177,32.75,-117.09,0.008511034793001158,-0.032848052951402515,-0.002482225370728386,-0.0028166586274311375,0.032517157434288145,0.049285461969131604,-0.04505753895023457,0.0010632701168447182,0.0008991242107250525,0.0005002910445740425,0.01265215701485652,-0.002912973849828399,-0.0007329400658779628,-0.0005828723152158392,-0.00017468155572063768,0.0018221405385812845,0.008801014642097219,-0.00947547126275704,0.00010501023274665913,-0.0011678156837293732,0.000867784189602749,-0.003411694233156836,0.0020064618301831256,0.0038067934183711586,-0.004390491676308354,-0.0027856272158672864,0.02311030783353798,-0.2369414393486873,10.387428,-0.25588408,-1
1.2083,22.0,4.00709219858156,1.148936170212766,692.0,4.907801418439717,32.79,-115.55,0.536,32.79,-115.55,0.007484884924461521,-0.014421808605221974,-0.004330188836444199,-0.0016061636767015798,0.047822615590068965,0.050046301072390005,-0.024203187875557832,0.0017777664558595479,0.0004938700430948589,-0.000528512242907809,0.014373135290394346,-0.0009748032116280358,-0.016847699715911792,-0.0001750159311496769,-0.0016313849487835177,0.002739842910533683,0.00877423475025887,0.007690244437368731,0.00011186550619913803,0.0010793908936794665,0.0010683078080670116,-0.0029653368890903897,-0.006099156795914998,0.0018234824177965183,-0.0025470492592627,-0.021493522646158416,0.04090878802129908,-0.2542192481598002,10.387503,-0.5789283,-1
2.5568,32.0,3.731934731934732,1.0909090909090908,731.0,1.703962703962704,32.8,-117.25,2.583,32.8,-117.25,-0.025120500765011225,0.057740456006442197,-0.005090191090761216,-0.0020058285387995396,-0.11934302898787555,0.04119007037986698,-0.04017082985084698,0.0035590902275764945,0.00039578029581982055,0.000781869228129687,0.033788573401383595,0.005887170536653923,0.009923154866286508,0.0008993348211146119,-0.002843253541868747,0.01579048896811981,-0.00023722424650037314,-0.017081174839547807,-0.00024368097193589995,0.018780278966076893,-0.003514379032852383,-0.004974420869977092,0.0043133107750268134,-0.0006040858830523861,-0.0001345136004712928,0.0029238737421093575,-0.06658341773061473,-0.17212927484901488,12.04618,3.5720992,-1
3.375,4.0,3.769953051643193,1.1690140845070425,815.0,1.9131455399061037,33.65,-117.58,5.00001,33.65,-117.58,0.0539853721185434,0.009133601697278197,0.005524218673341859,0.0014269032927995261,0.08980718001708778,0.045703198624627246,-0.03914124331036204,-0.005242418063621024,-0.0006106395520346241,-0.002933738861518649,-0.12410164805075875,-0.003565713243465846,-0.010244709694090378,-0.0005080175009995931,-0.0009115643232534764,-0.001026336664496817,0.004149376822389969,0.0021309544278656726,7.4372615337726355e-06,0.008089966617998889,0.0058743945733478855,-0.0021157460881641617,0.0017470194636060752,-0.0006641644520127361,-0.00011362118332890924,0.026518011980054833,-0.023564611495912987,-0.09128919538402047,6.831248,4.9254065,-1
1.4648,28.0,6.330708661417323,1.610236220472441,567.0,2.232283464566929,32.64,-116.2,0.618,32.64,-116.2,-0.021086576986946784,-0.022763956077712703,0.0007981295546958003,-0.0030188272631803134,-0.06530715063818411,0.04446759427454962,-0.03438714553119497,0.0004359389945593997,0.002063607626121461,0.0002548391132057915,0.017512655612249014,0.005139435647900693,-0.0018443566113865168,-0.01714182111657933,0.005772762571235168,-0.0008857631458859907,0.001141813307664455,-0.02504965032965413,-0.0021863665570187843,-0.0032108469181413397,0.004982056019195227,-0.05388665669580184,0.0013118023715620736,0.0038644908688526053,-0.009372012087840817,0.02630149590303677,-0.043743388517792386,-0.3024125605955833,10.376824,3.287524,-1
2.9875,13.0,5.006908462867012,1.1347150259067358,1946.0,3.360967184801382,33.23,-117.23,1.72,33.23,-117.23,0.03360149007691275,-5.633608511905835e-05,0.0003171464765542952,-0.0036817708499412515,0.029174621492080992,0.0477520318684991,-0.04521776996237251,-0.002333390873224936,-0.00048244816383770763,0.0001396907561015677,0.025128624345878314,-0.004709662750194685,-0.01136228553053566,-0.0011282882830843876,0.0004301994837276895,0.003699130155338803,0.002915604632178774,-0.018430417681314492,3.199791359855528e-05,-0.0014127972695642064,0.0016921099401585062,-0.0059165360016739076,0.0020601086631399108,0.0035773820618585596,-0.004862115850872704,-0.008436358315675664,0.037494612716720666,-0.18675210748890986,9.177443,0.29127297,-1
4.3636,15.0,3.7943548387096775,1.0725806451612905,366.0,1.4758064516129032,33.72,-117.76,1.484,33.72,-117.76,-0.10168938261734874,-0.010269935971041144,-0.0037366266871304288,-0.0021429471743682036,0.08460073177572434,-0.014872787339372733,0.00819749396710061,-0.006446370653495204,-0.000799027496346886,-0.0029747395824591258,-0.17276642443803586,-0.004817487182407221,-0.006180082927763471,-1.0919167094074507e-05,0.0009525727031727345,-0.035434565096754,-0.0017652708810878485,-0.0132988084204226,-0.001963669288523187,-0.02684117113698244,-0.0008964177691460966,-0.012161444254166116,-0.001268793001357404,-0.00292379695074216,-0.008348503098780267,0.012840900193211388,-0.21053693748170046,-0.1446425258496099,6.79702,5.8833847,-1
3.0704,18.0,5.365748709122203,1.0611015490533562,4127.0,3.551635111876076,33.19,-117.29,1.516,33.19,-117.29,-0.0008018013747906044,-0.002306469400098996,-0.0019711982806527115,-0.00010546503535865232,0.013652341686776526,0.04074844524687152,-0.042672012555219595,-9.773892398201601e-05,0.0001753787071678918,0.00021628709151981127,0.02408119133464187,-0.0031682540774237845,-0.013525654361450324,-0.0006890462963351362,0.0003548339286930088,0.0006014028517089112,0.0027605998644494286,-0.01812542275344781,-0.0013833325262667168,0.0005288364157753096,-0.004112725948483326,-0.0009575753451655349,0.010524469875456743,0.004180942962431564,-0.0015954606445123933,-0.02203812212367732,0.05136057233545226,-0.16676968202819217,8.580708,0.58726394,-1
3.7292,37.0,7.661016949152542,1.847457627118644,184.0,3.1186440677966103,34.13,-116.27,0.658,34.13,-116.27,-0.023751154476967944,0.009286997859249123,-0.001397314269227905,-0.0030275783854338523,-0.03426399252236234,-0.0006132520445923538,-0.054395040969555275,0.008373213976826206,0.0028473307365507136,-0.0018120979832501707,-0.017767764244938408,0.003064280622194245,-0.024752669875656746,-0.02191368118055778,-0.008737035970055094,0.009255613139611948,0.00543704528875085,-0.06135875704917178,-0.004187562640584464,-0.0016561993268875469,0.002273742834405643,-0.04192406817778709,0.005731611635533343,0.001489112423528281,-0.01742624227924769,-0.0026346569893191275,-0.010591265395943602,-0.10347701211649711,7.411746,3.337663,-1
3.2663,37.0,4.104868913857678,0.9737827715355806,490.0,1.8352059925093636,32.8,-117.25,2.706,32.8,-117.25,-0.006491361194627996,0.03299156368921113,0.0031425345650018853,-0.0006677101476925669,0.057228945918035186,0.04706945561374043,-0.049993070688023646,-0.0002730235925479034,-0.0004163673974522166,0.0008859199266337702,0.07241628467097326,0.007702777625751023,0.010008432969942402,-0.00029989919782229734,-0.0033618535994085564,-0.005343628394637087,0.002535273781871907,-0.023445197060429974,0.001673571117380789,0.015610666237805167,0.0021400253882454478,-0.007276145306316084,0.0028493617093513853,0.0035213939856801064,-0.0023481058600808603,0.013741803596194807,-0.036862229647416124,-0.16828515888660903,6.933196,3.7502787,-1
2.2042,33.0,3.492063492063492,1.0828924162257496,1057.0,1.8641975308641976,32.75,-117.24,2.313,32.75,-117.24,-0.048055812456128666,0.08608851277471827,-0.005090108699247072,-0.004416498177197484,-0.11869120529561536,0.04194165780176478,-0.03919439315784923,0.0032774100784852107,0.00019976385616643188,0.0011562718985326428,0.038716188433431685,0.006106732961787731,0.009931414284132523,-1.3558534064395241e-05,0.0014422048481437676,0.013916516217029901,0.0024940750811502654,-0.01717409332173522,0.00026082173193761474,0.0033395436585363335,-0.005471372408232018,-0.0014227051355851729,0.0027877105916407096,-0.0008924688137764923,0.00044705926165891093,0.002290219500434055,-0.04025631546150171,-0.1720578495748856,11.857506,3.4883149,-1
1.6007,21.0,3.6454918032786887,0.9549180327868853,1327.0,2.719262295081968,32.59,-117.07,0.962,32.59,-117.07,0.009143465702065302,0.05352528878633853,0.002236997226570394,-0.00019342163530422914,-0.009496739786466823,0.048850220123411274,-0.042889341715970926,0.0009313920640370637,-0.0015269271763799636,-0.0002626395961138228,0.008029976296515645,-0.0014049037372336466,-0.008801930339617917,-0.001313956134135793,0.00044026776192871884,-0.0010460425069075022,0.007379465627531581,-0.0028835458790139605,-0.001018641483087829,0.0008233598109628752,0.004675463648235629,0.0003316747184855146,0.001077699388464084,-0.001966149504966408,0.000866622950108149,0.0023666886788676596,-0.004655045662769781,-0.2637638562045659,10.096949,1.8896816,-1
4.7961,4.0,4.825174825174825,1.1258741258741258,755.0,2.63986013986014,33.12,-117.29,1.688,33.12,-117.29,-0.059305081061521256,-0.0008870279406712966,-0.0007518274352219248,-0.0033224647883749034,0.009540822416409656,-0.0015098711973562204,0.0005780436723063435,-0.008628137639841407,-0.0006103055294441272,-0.005954725010438184,0.018112542238759827,-0.007121270053891185,-0.007109284446012883,-0.0007714714267379334,-0.0036985238058685112,0.0018486529061927039,0.0015228868190489211,-0.023695765398551883,-0.0002671716405723085,-0.0011322356721241026,-0.0032839764083128758,0.003239386619342099,0.0009790538273846828,-0.0011609264946187226,0.0007471674194250992,0.0008678708043302987,-0.007236781092549773,-0.14552600778871813,5.3426576,3.1854267,-1
3.1917,14.0,6.641592920353983,1.491150442477876,515.0,2.2787610619469025,33.64,-114.57,0.734,33.64,-114.57,0.03259707625210969,-0.003429905039473363,-2.673134490872441e-05,0.0004246789182548622,0.008711672480531145,0.02962649723601387,-0.07526574504297547,0.009880046962522794,0.0026874612945377288,7.577764703070364e-05,-0.028161234092757278,-0.005694414324921016,0.001525155097376792,-0.01589560995032057,-0.0008957285051348529,-0.002142509192345987,-0.0008019684530876342,-0.0747650222732065,-0.003302133667276525,-0.0026097071459568184,0.006634535216602745,-0.04012412195371835,0.0015107990355468278,-0.005517221732983121,-0.021206628600701917,0.02033518103759166,-0.055282791005654405,-0.1372428450886747,7.5823336,3.851332,-1
4.0882,12.0,5.36036036036036,1.0705705705705706,3321.0,4.986486486486487,32.85,-116.98,1.345,32.85,-116.98,5.228116801130736e-06,0.010037451005952625,-0.0009145295865905996,-0.0012226208301790705,-0.033201977348803785,0.0229768922152064,-0.029521713154390145,-0.002299543825389759,-0.0007216999882769374,0.0012177614364899518,0.04365624670970474,-0.002754270355637277,-0.003151155917912277,-0.0011033041421369032,-0.0002833565686438369,0.0013740115732511396,0.007199818054135405,-0.012793049982501569,-0.0012917114389319351,0.0009661364735740369,-0.005384022334366816,-0.0008101443745048342,0.008006136357611552,0.00416876397512096,-0.0009778625124548174,-0.024845383031906705,0.05505247464130778,-0.22052091164845233,8.047483,1.4926287,-1
3.6346,22.0,6.052132701421801,1.0592417061611374,1147.0,2.7180094786729856,33.19,-117.23,1.925,33.19,-117.23,-6.440656021161538e-05,0.005489159571196431,-0.0027794446366530986,-0.0005550460066761406,-0.054263900174991074,0.04126972604836761,-0.05211131125093661,0.00010030880741136666,8.932596477445853e-05,8.625737185939902e-06,0.017718458490051627,-0.0002205415794150121,0.0032860494187636957,1.2640910400725036e-05,4.9119697491467444e-05,-0.0015504666861874527,-0.005623457442942111,-0.0029373147456252906,0.000570563323702408,0.0003299080701556553,-0.004292968873102191,-0.004957586782042942,0.0017837586010898301,-0.0015314669141896038,0.0014455379166522094,-0.0026671012170918747,8.591940610782238e-05,-0.16158184686621296,7.8815947,2.9551153,-1
5.0855,15.0,6.039007092198582,1.1347517730496457,587.0,2.0815602836879434,32.86,-117.23,2.098,32.86,-117.23,-0.05762530932239976,0.02028759352204269,-0.0001137408609444663,-0.005273427784441163,0.006949506689085935,0.0013377700764303508,0.009715792951826282,0.0035207011072539876,-0.00015767572113163306,-0.0013561022387405678,-0.06946215483856975,-0.009026542059679364,-0.012691409838692325,-0.0001394067761556761,0.0013841003901187063,0.0004102421348200513,-0.0064421447551234875,-0.0110990483167657,-0.001573525150513342,-0.001527431553271654,-9.881335380134838e-05,-0.0075485240510126715,0.0023412497138661096,0.003708596281181512,-0.005340170987345488,0.03126143546630397,-0.04982224562284297,-0.16028729216087817,6.528295,5.312628,-1
2.6962,36.0,4.096997690531178,1.1039260969976905,1648.0,1.9030023094688224,32.74,-117.25,2.882,32.74,-117.25,-0.04883528793037553,0.03418446179278457,-0.004954727751471965,-0.002885718123880238,-0.14417217179356734,0.03880695342957493,-0.0405974628950925,0.0003170901109490536,0.0004949410665598787,0.0009314453795283284,0.042669736734753376,0.006467665457930217,0.01010390284789618,-0.00048416121752662983,0.00023189661310546501,-0.00801776827689042,0.0028551993382304438,-0.02324322904468678,7.759902276989768e-05,0.003179020946017214,-0.0023539708121791095,0.0014206447841852829,0.0015685320715068537,-0.0008493531531831358,-0.0005997459165589716,0.005671940580899102,-0.036479015193119815,-0.1680081670635124,11.996271,3.79268,-1
2.9896,36.0,4.289393939393939,1.0136363636363637,1279.0,1.937878787878788,32.75,-117.24,2.527,32.75,-117.24,-0.03662978558434636,0.01879648825834501,0.0030856553790774943,-0.002536979692727993,-0.07358391805921127,0.041626067405176374,-0.04257639637610589,-0.0006144350435111299,-0.0004163673974522169,0.0011621055037048563,0.05681814363084127,0.006471804440296498,0.010228468257508687,0.0004716659896768906,0.0005313779149036708,-0.014206583999332187,0.002770965413523796,-0.01915984864457891,-0.0006885695886504578,-0.0017402986264635689,0.002819263364124576,-0.005910349223088482,0.0022999837183885602,-0.0009397302562510325,-0.00016056947126501025,0.005388639584949598,-0.03563295236310115,-0.17606617841839267,11.611839,3.8858457,-1
3.7109,11.0,5.717525773195876,1.0041237113402062,2300.0,2.3711340206185567,33.18,-117.14,1.998,33.18,-117.14,0.024044105520753818,0.012042467542150397,0.00035140061614527876,-0.001765592362383913,0.025204855591639912,0.048538824180651925,-0.06149200741823022,-0.0061669057562558395,0.00032960998242204814,2.972142838696774e-06,-0.028245679127600024,-0.005231004961118363,-0.0024193639227850015,0.0014024852369792355,-0.0003769691316291457,0.0023116238409206214,-0.005709318829481736,0.0006457713188701276,-0.00031286191406475585,0.0017989311417455588,0.005107546416759748,0.0002848723417118959,-0.0025547980511182768,0.004179491908020814,-0.00429255514811185,0.02588768900821798,-0.03835039374202101,-0.21579603175811413,7.82768,4.5185356,-1
3.35,14.0,4.434343434343434,1.018939393939394,1835.0,2.316919191919192,32.87,-117.22,1.71,32.87,-117.22,0.029971103463267687,0.01625117695414953,3.6915178419476996e-05,-0.0022621133852090865,0.023495977752172655,0.04430234847404368,-0.048932596885636004,-0.0033982357051545674,0.00027353096196889014,-0.00041727408567768275,-0.02953911724950793,-0.007917995856602637,-0.012819176488401847,0.0007925756075151145,0.0005857792488554265,-0.003119505165443069,0.0028456277093366067,-0.019776194849319483,-0.0006638598829996779,0.0005660700788820695,0.0031081596438325885,-0.0030504430784435528,-3.191305996890885e-05,0.0024762894003935512,-0.0021322214093395906,0.027880276431752338,-0.03781821089775316,-0.18891874721705557,7.740271,4.364887,-1
3.9922,35.0,6.540229885057471,1.1111111111111112,1761.0,3.3735632183908044,32.68,-117.05,1.298,32.68,-117.05,-0.011691263996991566,0.017469086362491035,-0.0020157590095014302,-0.0010736265369912122,-0.04378071923373454,0.025428282211368017,-0.027492817103648683,0.0031368697787278405,-2.090344546025939e-05,0.00037755176015237665,-0.021255589665924467,0.0022493839348227337,-0.0056789932426401105,0.0021355315659058825,0.003440127504445035,0.0014620675484311313,-0.0023465314270669658,0.001938346379030652,0.0010879657271851235,-0.00015225441903077955,-0.004724961663671588,0.0021974524425808282,-0.0015065196759254656,-0.002106531023535852,0.004108843973367929,-0.021152893637359074,0.0507718784976126,-0.22655846954241068,7.722262,1.0027766,-1
3.0481,21.0,4.214501510574018,1.0251762336354482,3122.0,3.1440080563947634,32.78,-117.18,2.1,32.78,-117.18,0.003355854629000523,0.04089416033009011,0.0015204960270160733,-0.0022323213204202097,0.03568599101757014,0.05086943114242608,-0.04371897797455402,0.0016136707125272275,-0.00029266140267968484,4.172639277794362e-05,0.015791358555314192,0.0005359662018723614,-0.0001996546241466478,0.0004647884431075255,0.0007791531224766461,0.0041869290635562694,0.002797937064659209,-0.02356285547498866,-0.0007560981612041618,0.001311925716946169,0.002967570347949799,-0.00345165589752149,-0.001492096166694237,0.003477522326737388,-0.0034301552595888997,-0.00084551758753055,0.020835150763916517,-0.18574310399304947,9.762456,0.6325284,-1
3.101,29.0,4.004744958481614,1.0462633451957295,1513.0,1.7947805456702255,32.8,-117.24,2.382,32.8,-117.24,0.012759733489535484,0.03721502802219496,-0.0002278292143954554,-0.002411891066259529,0.04500794935500435,0.04461075989287715,-0.04456999088580159,0.0033927083586803267,0.00011545784837552919,0.0009059647689164183,0.0578992947928814,0.0065780736185403876,0.00815170029376329,-0.0008915619261922916,6.314314715716993e-05,-0.0016155776658410672,0.003351183451167983,-0.02310799946419357,0.0002979949566966133,0.007952814172909236,-0.005127360585342052,-0.006663919296980142,0.0015307878484991436,-0.0008457095612712994,0.00014658032450087089,0.019891089920680845,-0.049303625591971115,-0.1794339965583009,6.8638353,3.7590733,-1
3.6027,17.0,6.162251655629139,1.109271523178808,1561.0,2.584437086092715,32.87,-116.93,2.119,32.87,-116.93,0.037672977788302336,0.006452872994583383,-0.001314741678102684,-0.0004727026303036221,-0.05032244805316206,0.043048661117992514,-0.05623068092318443,0.0033123419642127026,-7.28450036563722e-05,-0.000491582996206418,0.012565985760189897,-0.004275548075129191,0.002611267149243224,0.0014188720819651546,0.0001530671622651661,-0.0027948439716654434,-7.528411420950379e-05,0.012072068782419131,0.0009573241987385947,-0.001736748589884813,-0.00448714570525907,0.002274560948053649,0.0005460574184323439,-0.0014978399986687733,0.0016907268571234033,0.0031581752185995526,-0.00547653014707016,-0.21249875055880862,8.825897,3.1913056,-1
4.3542,5.0,4.479820627802691,1.1210762331838564,1185.0,2.65695067264574,33.57,-117.65,1.956,33.57,-117.65,-0.046851445768952504,-0.0008622067755019264,-0.0005467998671622121,-0.004715481505184334,0.0062340839461331315,0.01573552995026165,-0.016333015116107078,-0.007919657414656611,-0.0006103055294441272,-0.008052964245508568,0.015809509791923484,-0.003514632409090269,-0.0051238909555861925,-0.0010965950487891634,-0.0007295044977050216,0.002314091349207,0.011231451513924325,-0.01913119028649136,6.420893336199494e-05,-0.0009774772413845695,-0.001113184450440587,0.00532482085625994,0.0017455914909550172,-0.0017033427669425122,0.0008396587627789634,-0.00023368053057706178,-0.00631935669724476,-0.20446120507092808,5.440849,3.0882542,-1
5.1098,16.0,5.814878892733564,0.9290657439446368,1754.0,3.034602076124568,32.74,-116.98,1.623,32.74,-116.98,-0.03146654328088524,0.01684062784365445,0.0034459676414290595,-0.00029839406734969803,-0.02086400879671756,-0.006030711260310024,0.0002731524903707159,0.0003819019202838845,-0.0029388321247016008,-0.0005963400971368813,0.035846394365948574,-0.00502665505094529,-0.0038333334937862913,0.0026637356055746594,-0.0026663339736033853,-0.00018793617891023248,-0.0034462727397354667,-0.00015380675240616074,0.003713143552571071,-0.0016403146974113918,0.014666062988957933,0.01656827588066876,7.28960692173547e-05,-0.0008302528017794359,0.0018855611491872786,-0.006423778793844429,0.018272846689701562,-0.17419667297354208,4.7716722,2.866954,-1
4.7266,16.0,6.053639846743295,0.9233716475095786,917.0,3.513409961685824,32.92,-117.13,1.911,32.92,-117.13,-0.0223123017350413,0.017789182599085535,0.003337699142747696,-0.0026487657350577486,-0.028183662129257145,-0.005432218164064119,0.0001859531546554621,0.004269443272394263,-0.0027774513185888326,-0.0017750467407443215,0.055384824897828575,-0.0028577889815371797,-0.004653824496923424,0.001513083634598116,0.00038514403435132856,0.0009193304743280093,-0.0022839876451317192,0.0019463503973228295,0.0026082693239181244,-0.003815023808641874,0.01466744482553331,0.018610078865489727,-0.007604493889106003,-0.0005630600598941336,0.0010667858851661173,-0.026292991280839555,0.04704009701299133,-0.17236320525064025,4.017302,2.7733319,-1
1.8125,37.0,4.332627118644068,1.0635593220338984,1920.0,4.067796610169491,32.7,-117.11,0.833,32.7,-117.11,-0.019710943490881823,-0.01924013572229538,-0.0014161252704134764,-0.0036825652774632425,0.05804962610691111,0.050331614694812864,-0.0422625891625287,-0.0009537726787944048,-0.0001377348804006033,-4.649747968663796e-05,-0.014474081497592578,0.003494901051212711,-0.0023756604549331267,-0.0004966163370227815,-0.0002160837852828233,0.004961855685538669,0.008519382829871126,-0.007670391079001714,0.0005508539400016237,0.0009320857490780063,-0.005493843804756175,-0.0010595874742392317,-0.0034543896585322864,0.002547512982717009,-0.003922677292426535,-0.024143640116977567,0.05353191859099062,-0.21606599162671017,11.2080765,-0.6488436,-1
2.0147,16.0,4.598997493734336,1.0776942355889725,599.0,1.5012531328320802,33.18,-117.31,0.877,33.18,-117.31,0.10107385839060731,-0.02848745624788249,-0.0033607250596631804,-0.0009520800680827788,-0.06767280635670321,0.04320997858332984,-0.03146066368085607,-0.004731886644004119,-0.001121272597533327,-0.0006783705514992158,-0.07118972677554147,-0.007992717578348563,-0.013141438584369934,-0.0011782683359253415,-0.002642479094819185,-0.04821105217089895,0.0032253892072329387,-0.026102630328680314,-0.00036561248986510797,-0.022119444338313043,-0.00363697188639182,-0.014529305798955663,0.002650728913279596,0.003377471512247596,-0.002213478475048912,-0.011433411890022487,-0.19206841035321778,-0.1672066285321075,9.250483,4.625143,-1
4.5086,16.0,5.7156398104265405,0.9928909952606636,1612.0,3.8199052132701423,32.93,-117.14,1.711,32.93,-117.14,-0.021456211447790453,0.011721194368881247,0.00027028859479326546,-0.0009535532250946686,-0.028562965886499977,-0.006197540022247623,0.009178882890864527,0.0004636483267562034,0.0002429855536996158,-8.557113355248266e-05,0.056593509363635136,-0.0029476447108754294,-0.003070907057434243,0.0015024763922475543,-0.002012765080572843,0.001957490752437882,-0.004790951214869531,-0.0026037881251369044,-0.0014029145938214155,-0.0018015250923820658,0.0034648789582894467,-0.001156511637625274,-0.0035162779157933014,-0.0022751189418327104,-0.00017291414673261817,-0.027741901325645302,0.05183723087097889,-0.18346678771314884,3.9398518,2.763642,-1
4.9,5.0,5.215189873417722,1.2278481012658229,1727.0,1.8217299578059072,33.6,-117.75,2.556,33.6,-117.75,-0.09957767583373836,0.016540623102001537,0.006236237229450955,0.002162755448135499,0.0723989553557333,-0.00791564853784049,-0.031684856312304076,-0.008264684597108682,0.002198637857188048,-0.0016543577184859675,-0.16652175420885793,-0.005389941848494405,-0.007129875889250561,-0.0011649626700035009,0.0017454390914087585,-0.0016128138053924034,0.01140986892015623,-0.021288660161613297,0.00015934600032767714,0.019471057648587854,0.007417818497896362,-0.004205475269908921,0.00042762043298159245,-0.0008562130151679511,-0.0005397796826218724,0.024579931825824755,-0.04683614185081911,-0.23712938008794426,6.7186127,5.824819,-1
4.5568,33.0,6.1370786516853935,1.0247191011235954,1263.0,2.838202247191011,32.8,-117.13,1.753,32.8,-117.13,-0.00023271912197886374,0.014319384744743334,0.0006970575785935412,-0.0017632853294775248,-0.012916429427339136,-0.002409331589781861,0.007121773505618627,0.000699847192798458,-0.0006576905893475999,0.0013502670611367485,-0.014679985861652641,0.003902845400411396,-0.005083344955857911,6.740644133898619e-05,-0.00040624326371658316,-0.0001210761993197982,-0.001409178027369047,0.006149096174511383,-0.0012081801820963117,0.0012427428119745475,0.0029821853500088254,0.001306215665946865,0.00048527033211690293,-0.0015600842810806353,0.000333279627527406,-0.0022201707161797627,-0.0055694457470354545,-0.18573313212910075,5.819766,2.9157672,-1
4.1678,11.0,5.117122851686824,1.0929344366645448,3445.0,2.192870782940802,33.59,-117.7,1.909,33.59,-117.7,-0.03678127779188199,0.016989535068097136,-3.9405128600880385e-05,-0.0016893608235414846,0.032295913535983385,0.027533416615134403,-0.025141070519097003,-0.008073994595038703,-0.001021283972446645,0.0006255091942609702,-0.04843419161810848,-0.005955135409023562,-0.0063704065406442,-0.0011371180177054683,0.0003715228370869306,-0.0010326619879969753,0.011201633577828664,-0.01891062893376828,-0.00024135664503643117,-0.0015958718472019965,-0.0006380599595863527,0.0020730175114952675,-0.0051669593566405474,0.002225515962062908,-0.0007245202585962813,0.030292663527510706,-0.030700690852279264,-0.23362504368660075,7.081774,5.407465,-1
3.625,6.0,4.618012422360248,1.124223602484472,810.0,2.515527950310559,33.17,-117.22,1.357,33.17,-117.22,0.03765590566787922,0.017178511938053736,-0.00025994238346765453,-0.0009152085773804361,-0.027564857412653895,0.04560852253324383,-0.05632762574202914,-0.007664634845017595,-0.0006103055294441272,-0.004209686928854228,0.0091809365362154,-0.005314494200046301,-0.011015864500247918,-0.0011546697011244685,-0.0012483054141940327,0.00016572895084643937,0.0016090850969098988,-0.019386140420067217,0.00023733708919671488,-0.001665683891295964,-0.003632317315641463,-6.894909425672369e-05,0.0022672631419037095,-0.0014444185507205118,0.0017019463343293274,0.014956496976942787,-0.02429350861367774,-0.1762299204622458,8.198087,3.4979866,-1
2.8421,25.0,3.747292418772563,1.0577617328519855,1060.0,1.9133574007220215,32.81,-117.26,2.278,32.81,-117.26,0.0036405087357742286,0.03723983333167329,-0.00022237395947404884,-0.0017000460736010562,-0.05205403658978228,0.040422141526724846,-0.042895607522664296,0.0037639900251011434,0.00035690527708620253,0.0006889397006941072,0.03594096580945437,0.005702451157808265,0.007567654357384671,-3.829192607227917e-06,0.00018362971727666847,0.008955380948452862,0.00022613459743413432,-0.01668679283216885,4.541573455218195e-05,-0.0001931787347740805,-0.0061975956969963965,-0.002111221738993515,0.0027779806574584824,-0.0006666254510883309,-0.00029204719315587983,0.0038663500536780557,-0.03113294823709428,-0.17339309415042856,7.9967327,3.216272,-1
1.875,16.0,4.436647173489279,1.1578947368421053,1184.0,2.3079922027290447,32.8,-115.57,0.938,32.8,-115.57,0.059550216625449355,-0.029790499322455637,-0.000488933903813046,-0.001746323809462615,-0.04691588421065687,0.04641740739611989,-0.03182629894306184,-0.004024017031224356,-0.0002742636753426099,-0.0008583336344592723,-0.025366756821443053,-0.006470580378871933,-0.0007366408220948511,-0.0018012254377413248,-0.000837986859889889,-0.002254457780264575,0.008895672716185082,-0.0004655736658135157,0.0001677810764439845,-0.0012785346446819196,0.0016740563502657781,-0.0026167300979274364,0.0024698029796316134,-0.0009294255388863383,0.0019251765362812874,0.019271134535355224,-0.03608513125528481,-0.2724148846730952,9.289438,3.7643354,-1
2.5872,31.0,3.8357963875205257,1.077175697865353,1186.0,1.947454844006568,32.75,-117.13,1.306,32.75,-117.13,-0.02779692057920795,0.048988961327719634,0.00044214244417689066,-0.001983659444522373,-0.11282304866519702,0.03867904941327993,-0.04827841036465772,0.003384221263984791,0.00013253607448624328,0.0007315165528980321,0.03915321533090282,0.004438103104832055,0.0016280791060959408,-5.9801329535982654e-06,-8.787159669507497e-05,0.0030111650544360786,0.007404132976842754,-0.01307899582376587,0.00028497087031047316,-0.0013231226381026158,-0.006465981109022145,-0.0023226631402234756,0.0029627627135575857,-0.0008153648370033061,-0.00022323544341707938,0.0031278428756482735,-0.04319820847221202,-0.22765070102765644,11.6800585,3.310164,-1
2.1773,17.0,4.04,1.068,1529.0,3.058,32.59,-117.11,1.432,32.59,-117.11,0.037602009950251425,0.021739065259978537,-0.0006775923848739696,-0.0022825034758437745,0.019283359863790466,0.050821938979569985,-0.04598007378797899,-0.0016870575176512368,-0.0006424714952219244,-0.0008599197522280761,0.01801916705984415,-0.0035098699712838295,-0.0007624481804536567,-0.0009435570638355788,-0.000655344515600029,0.002959942326587259,0.008839130594422309,-0.013946510815221023,0.00012864908765353232,0.0012801627549648216,-0.0046093906228260265,-0.0006291379743517705,-0.00046441667104001044,-0.001599486947413738,0.0013092027965674363,0.0010309412756350366,0.023131380159553266,-0.2487233709559308,9.9572735,1.0169567,-1
2.694,28.0,4.35251798561151,1.087769784172662,1328.0,1.9107913669064749,32.76,-117.14,1.641,32.76,-117.14,-0.018280329293601055,0.007884193160495474,-0.0050303673010538225,-0.002436662544376429,-0.13121477198960366,0.03624313701395751,-0.046630308528496624,0.0025280651294242863,0.0001325360744862435,0.0007349005467347653,0.028197104113479532,0.005040946174170899,-0.00027150730043245413,-0.0005127141936964865,-8.253288798888171e-05,-0.013985426200944942,0.007114098891840511,-0.01008941795545201,0.00024155132342926623,0.003095719201484467,-0.004871971614334681,-0.0010042194774774053,0.0024569729614977395,-0.000827733257766503,-0.0001447837054119237,0.004874144304423738,-0.04001576120353635,-0.22893220686633226,11.65093,3.556804,-1
1.8456,32.0,3.456730769230769,1.2067307692307692,894.0,4.298076923076923,32.71,-117.14,1.031,32.71,-117.14,-0.00924502302189606,0.05110934730833302,-0.0012115189691717003,-0.0014287178350072558,0.045229861892942945,0.0524614864680301,-0.04546231658121048,0.0017751509201276645,0.00028655144721304493,0.0001872137177455203,-0.011068975057450286,0.0019027880200101826,-0.0018520715938082082,5.1963483178379065e-06,-0.00039729185869002157,-0.018836159792420933,0.005758071655891537,-0.004585693564976922,0.00040637416518643347,0.0011814027774027195,0.0004634832963241496,-0.002266242176071269,-0.006006657940628484,-0.001871845623469143,0.00023427613171083148,-0.024382086904160407,0.05405072494162125,-0.22234548698435022,10.909208,0.2837321,-1
3.5,19.0,4.9816091954022985,1.0183908045977013,1654.0,3.802298850574713,33.22,-117.25,1.358,33.22,-117.25,-1.7096289133461748e-05,0.016273150245113305,0.0007683559646836385,-0.001228296921477107,-0.005041582201045627,0.042469532753692654,-0.052539764621738004,0.0009930234231613237,-0.0003512502056686507,-0.00017794024223157163,0.022445699094533866,-0.0031682540774237845,-0.013558450172260888,0.0005739697569028956,0.0006524507468809423,0.006749173543738476,0.0028656129478804382,-0.0180143487793319,6.74009768111526e-05,0.003876667653078995,0.0038020457150431688,-0.007815186345686358,-0.0030465360828468794,-0.002604788623449296,-0.00020038695939309154,-0.024651655207744604,0.05170774280963916,-0.17728916961158345,8.439103,0.7078395,-1
3.0613,34.0,4.521444695259594,1.0519187358916475,1226.0,2.7674943566591423,32.58,-117.12,1.367,32.58,-117.12,-0.022404545420549756,0.020924979421417723,-0.0020338364556160317,-0.0015342689641360276,0.006913671095991101,0.04832193161218543,-0.0533561851586118,0.00014609151528929202,-5.5226278673950984e-05,0.0007192817247674363,-0.008498718552562002,0.0032284823100956605,-0.005073324909098667,-0.0006758898705894972,-9.181192150708203e-05,0.006453392803781951,0.006733863738291507,-0.00998386610593134,0.00028934399008083867,-0.00022471495962615379,-0.0044714416408442505,-0.0035416740434044483,0.00103881498604104,-0.0015573844362346866,0.0010771562832571008,0.0031423159749512292,-0.012693387093429648,-0.2526455649057857,10.188707,2.207965,-1
3.5179,16.0,3.64765784114053,1.054989816700611,1006.0,2.0488798370672097,32.79,-117.11,1.293,32.79,-117.11,0.016264795490317736,0.007420798413965319,-0.0036597735158489532,0.0005373384008772513,0.05863904089316815,0.050510518528958284,-0.07341598657495765,-0.0032540990000905078,-0.0008933594195077122,-0.0013580667688896909,-0.12297721707970702,-0.007094070881026521,-0.00541608134912089,-0.0004773459720089956,-0.00019949786904963464,-0.0005281890618655434,0.00490410345750538,-0.006792704356979079,0.0002767774262503801,-0.002956143924655258,-0.005568828817859932,-0.002978083966967413,0.0028562515109824883,-0.000687663123440023,0.0007493588557928288,0.02736890407729692,-0.06861657289962157,-0.2460937675550895,7.2003713,5.6597652,-1
3.3799,6.0,10.860423232778029,2.0360198108959926,4176.0,1.880234128770824,33.78,-116.36,2.393,33.78,-116.36,0.018170683936532293,-0.0030685010816851694,0.004434308294081526,-0.011009657328881687,0.08896538362656163,0.022863220855730833,-0.05366521619443368,0.022635555035176953,0.0026906737758391505,0.002093818835117259,-0.12002550461649553,-0.005714230156662818,0.012906335808879477,-0.014050462427912847,0.001308764382572832,-0.01884772268227175,0.003670468528431045,0.002599554276801839,0.00018921264184448337,0.007827105632838465,0.0008082905342042352,-0.024667190185758178,0.006050068736718666,-0.0009604778715931162,0.0041539262913018685,0.01790878819367209,-0.0039330351653588235,-0.08222052571348898,6.670855,4.7805376,-1
3.775,19.0,5.537906137184115,1.075812274368231,912.0,1.6462093862815883,33.13,-117.21,1.68,33.13,-117.21,-0.03510197813026949,0.013855931479353585,-0.006021469317226981,-5.282654441470807e-05,0.11195912211292396,0.028520967861304834,-0.04595358278857309,-0.0011556069935954756,0.00010792226228451582,0.0008647145281665789,-0.10259245361064454,-0.0074999119384114915,-0.013198927197061327,-0.0012989133240719278,-0.0002129541937465768,-0.039653477758683456,0.0065172361982653365,-0.02651426126457891,0.00030308278755745397,-0.016757784593871474,-0.004038420073704318,-0.016159456268703996,0.004886075391194771,-0.0008122847544729144,0.0003757042988833722,-0.009906973680604956,-0.17862113704986657,-0.19444843912535717,7.0824094,5.8305445,-1
3.5,30.0,5.728882833787466,1.0517711171662123,2012.0,2.741144414168937,32.74,-117.02,1.447,32.74,-117.02,-0.004747574600447607,0.0032637983180447937,-0.0027664713985022155,-0.0024694254004579068,-0.05236263048033143,0.04232828056752145,-0.06123070871843873,0.0009608883557289975,-0.0002894853689889815,-0.00012943734122358553,-0.012997686671225559,0.0022517056909632125,-0.003966583167334869,-0.0011326987805807547,-0.000931735354386341,-0.0015415359425100857,-0.0032505143715843426,0.003723854366813669,0.0002801549311775012,0.00033726638126277647,-0.005145596296947195,-0.0029428306285558805,0.0013607698485551558,0.0040088440732466875,-0.004292636961021155,-0.0005069856769412694,-0.010775656544947193,-0.22096454928165155,9.365843,2.6775093,-1
3.57,28.0,5.488033298647243,1.0312174817898023,3727.0,3.878251821019771,32.71,-117.04,1.098,32.71,-117.04,-0.0002965088834200458,0.0071960692348073734,0.0005787662236706352,0.0007786683192730501,-0.01745753481717227,0.041140660121900395,-0.0529636884940342,0.0014553465198970652,-0.0007555256375774012,-0.0005501633659333589,-0.012785655500316387,0.004139233080910676,-0.010936150915994815,0.0005815481580136929,9.858915392631022e-05,0.0009551932615479918,0.00735938035468931,-0.00875619013156601,-0.0015108868054150683,0.0024266235647729937,0.004356193529570185,-0.002451746749693318,0.00942066503464123,0.0043755127631052125,-0.0015851328251624316,-0.026368339472309897,0.05470213059999166,-0.2237116993564249,8.056338,1.0807256,-1
2.5288,39.0,4.539130434782609,1.0695652173913044,1200.0,1.7391304347826086,32.74,-117.18,2.74,32.74,-117.18,-0.08492181520801767,-0.0035706838875444193,6.7612509575415165e-06,-0.0026515867088911533,-0.151310396783094,0.04081032324765835,-0.0366082209652607,-0.00021685426044131442,0.00011854124252600042,0.0011319474681916214,0.058940030293531794,0.007617563577699027,0.010031749538785897,-0.0010659369028548952,5.436830137138117e-05,-0.00971135423721663,0.002657414789194619,-0.019390883404034515,0.0002979949566966133,0.008953266373263633,-0.005435785116678608,-0.007790354595409691,0.0024679111929438824,-0.0010811827426214862,0.00028407970246319597,0.002938597116393812,-0.06476662626947627,-0.1810751746706027,12.06922,3.5733268,-1
4.625,19.0,6.155709342560554,1.0173010380622838,1439.0,2.48961937716263,33.01,-117.05,2.111,33.01,-117.05,-0.002527584333492461,0.01621783511274792,0.0005057424615052982,-0.002279174877923985,0.01672825994230793,0.0012102643342025432,0.007116906811638736,-0.0006037759860055766,-6.363329748275938e-05,-0.0005099203773024197,0.019825828964307003,-0.004801204356488173,0.0005266823373478036,-0.0015328956012020712,-0.0013808108364066333,-0.00037795561471190846,-0.0004287760913805307,0.009031682022173713,-0.0016065122723546341,0.0003156291950581842,0.0029870417504732362,0.0015303202538481976,0.00020368256715790474,-0.0015936517483983803,0.0009589448499409023,0.021711088544528388,-0.023073724051808096,-0.18476990808796093,5.852831,3.2396984,-1
4.5481,6.0,4.725490196078432,1.0723039215686274,1547.0,1.8958333333333333,32.77,-117.17,1.648,32.77,-117.17,-0.104338229013779,0.006748363101070136,-0.004290604385162809,-0.005086560678561979,0.0727832697078684,0.007090769857529638,0.009098138729797488,-0.01126938482248636,-0.0008815302212454757,-0.010086955582367376,-0.16761610303415084,-0.006332232256495572,-0.009113070251205523,-0.0011606214221796564,-0.0008899037674047331,-0.004553524926951868,0.0019182974645917652,-0.023399271544402075,0.00017979329754632631,-0.0069259741855835335,-0.006113195445468839,-0.0007577025813431191,0.00023461412357741622,-0.0009271026257815361,1.1696184479398498e-05,0.01739737338656427,-0.03566758810195981,-0.18800944124820512,6.5736556,5.820906,-1
3.141,43.0,5.0736,1.064,1534.0,2.4544,32.76,-117.04,1.414,32.76,-117.04,-0.03614479871597427,0.0012434852670380396,-0.0018816178118682113,-0.0018601276727980064,-0.02017516691902759,0.046398579852117885,-0.06125749271234114,-0.0007389576655655738,-5.214288452347969e-05,0.0005306846993689616,-0.011384886797059922,0.0055861979623729385,-0.00372377236831827,-0.0006643132935920831,-0.0004634455658173634,0.0017071884233422513,0.007304997735247682,-0.0074453894559823545,0.00028934399008083867,-0.0006859722139345382,-0.005135068331660728,-0.002903900767985069,0.0006756182382669535,-0.0015573844362346883,0.0013759750649178911,0.025058934604335267,-0.03595544731770617,-0.22641401246700169,10.042286,2.836531,-1
3.4359,21.0,5.506410256410256,0.9871794871794872,1194.0,3.826923076923077,33.23,-117.24,1.509,33.23,-117.24,-0.000298952703695101,0.004651059934293623,0.0008742073110694495,-0.0010659815283670724,-0.006855396746608109,0.0417314052671727,-0.05207099109658264,0.000522001694971547,-0.00038935081403286895,-0.00018026959441773144,0.024185330855477305,0.0005763238595172802,-0.002734048110575187,0.0004329022336766652,-6.413311035181612e-05,0.002682214291142346,0.004109528102281599,-0.019206148593907766,-0.0013980894468301227,-0.0020017584772165633,0.0047690867248175355,-0.007927139317149296,-0.005708470106482207,-0.002150751084448309,8.38486436738966e-05,-0.025922007033211684,0.05131747468132715,-0.17603370349027175,8.437483,0.7022713,-1
5.3908,8.0,5.396103896103896,1.025974025974026,740.0,4.805194805194805,32.69,-117.05,1.655,32.69,-117.05,-0.08808825087140573,0.010969625876121393,0.000263302097600053,-0.006525402907311382,-0.03983517099399714,-0.023432316791207386,0.03238388508197968,-0.00815921946749994,0.0004408442282330261,-0.006538528489937062,0.07168138253323375,-0.0010227309437398624,-0.0036780134746575203,0.00035510376315198936,-0.0033411515691248337,0.0025890262983736963,0.006253034884427485,-0.012609567764838051,0.00035775007941890894,0.004864464669854015,0.004819075434429493,-0.0023692717591736676,-0.009520438997969808,-0.0016765730900218192,0.00021449573018467638,-0.02514389221031974,0.04865441440502217,-0.21878117492118632,3.9423714,2.2519786,-1
3.654,38.0,4.9363636363636365,1.069090909090909,2357.0,2.1427272727272726,32.75,-117.17,2.49,32.75,-117.17,-0.016623654526388674,0.011413645406604968,-0.0029713956470244734,-0.0019029168383383466,0.06582521522409668,0.05046964626742834,-0.06167453948795522,-0.00033959704411830587,0.00019644038997708262,0.00032645770185423927,0.042531621016503054,0.006176393575754219,0.005042160992639933,-0.0006849382300127199,0.00031960773659236064,-0.007314954617747264,0.002702212725631828,-0.019006910534496647,-7.324762418199561e-05,-0.0025420258801653467,-0.004981322634114318,-0.0017175095755362529,-0.002835608836412936,0.002287720645692525,-3.321599679347882e-05,0.03446300714527205,-0.06177825289835799,-0.22022873802410045,6.8930783,3.8450487,-1
2.2882,17.0,4.326388888888889,1.0416666666666667,424.0,1.4722222222222223,33.21,-117.33,0.858,33.21,-117.33,0.09437384647229155,0.00438400593775662,0.0013349223373509062,-0.0005845378745541836,-0.07810034860454473,0.039604626361990684,-0.04380202150804406,-0.004855680192611121,-0.0010762780112387393,-0.0005349420500027291,-0.08011233508205537,-0.007992717578348563,-0.013141438584369934,-0.0007556532958763527,-0.00201284369583994,-0.05278365475916719,0.0032068109262609343,-0.027281739573919477,-0.001150370074472073,-0.020903581938930858,-0.0035687419446446106,-0.014881379199834661,0.0015477806943439,0.0037548346944232666,-0.0017972907688524175,-0.013017559541460019,-0.20769256665245836,-0.17737613055609827,9.24093,4.6378417,-1
1.858,23.0,3.901204819277108,1.0771084337349397,1025.0,2.469879518072289,32.64,-117.11,0.675,32.64,-117.11,0.00045530670983966615,-0.01714433230779253,-0.0025877221996026423,-0.0030929722218314484,-0.04285706631334911,0.04736521419958451,-0.0454541274155883,0.0017131408424772981,0.00010191514224581989,4.4421761410405436e-05,0.003451599273560357,-0.0020814198955080602,-0.01082259208098997,-2.66293910092583e-06,-0.0004993786125323485,-0.005224806006782703,0.009194693599102003,-0.008625261749523829,0.00028934399008083867,3.958508348481306e-06,-0.0047113489197008005,-0.0034779851147529574,0.0016919526736499206,-0.0013530283916356558,0.001655687305022499,0.019027633457778102,-0.031046574519559472,-0.25568982207941415,10.127644,3.1822128,-1
4.5,18.0,6.343465045592705,1.0729483282674772,992.0,3.0151975683890577,32.96,-116.95,2.226,32.96,-116.95,-0.0038519609437772666,0.021062956975843945,-0.0028562528873529746,-0.0024084610989333747,-0.017951526226920374,-0.0018347872602714145,0.009831425913463917,0.0014205110229848486,0.00026066476504215704,-0.0006021177736589933,0.01882234513136293,-0.003309421438759273,-0.0009267500629587508,0.0014769720080067754,-0.0022677633300443316,0.0008988353174690135,0.002805564251836927,0.014388662145539747,0.0008157156400566308,0.0018862011467718639,-0.005656071515773254,0.000511691025323732,0.0011712635120298227,-0.0016140661328814853,0.0014076623904832788,-0.006029473144189219,0.027368078426028543,-0.17971884418237924,4.9862866,2.8517969,-1
1.6686,17.0,3.893175074183976,1.1691394658753709,836.0,2.4807121661721068,32.81,-116.92,1.125,32.81,-116.92,0.05241044943653482,-0.016671769614420722,0.0028679283190525865,0.00033302562699036526,-0.025726153779109202,0.0467218391572071,-0.046701746530948204,-0.0016486496955020317,-0.00018998272694964902,0.0005561474982685653,-0.005538414957831992,-0.00541511337837442,0.000692434262053393,-0.00011657000055394779,-0.0008384668742802869,-0.004401547907311122,0.009210565933298717,-0.007886878161845792,0.00020859409580794685,-0.00024401342662055183,0.000774173397609763,-0.004752121796504613,0.0018624248920911114,-0.0013439576675635576,0.0011786043991152439,0.018392706553155672,-0.031304183905431805,-0.23757566680281028,9.0092,3.711549,-1
4.5476,29.0,5.666666666666667,1.005167958656331,922.0,2.3824289405684755,33.41,-117.6,3.092,33.41,-117.6,0.0179794768794225,0.014477687615536045,0.0005558464282346823,-0.002006231195239963,0.03726777775992968,0.002201602138736282,0.011037879410204874,0.0015543171605489922,-0.00044009201130584846,0.0013630992827354757,0.020025226915024768,0.006356584666253234,0.0068447238139767,0.0013865570423688012,3.499068538816009e-05,0.0018833603925117485,-0.010878649918962245,-0.012573441130205613,-0.0005831408542517345,0.0018177277927440437,0.0025964837241224514,-0.007872328176878053,0.002178338659737718,-0.0014227811260337218,0.0009599809239197627,0.026345838439081927,-0.013135094559727096,-0.11701071930162678,6.2288756,3.3976097,-1
2.9083,15.0,4.522388059701493,1.0963364993215738,1371.0,1.8602442333785616,33.05,-117.27,1.224,33.05,-117.27,0.06800414316254201,0.012436509431383426,-0.0034045733580941374,-0.00011533937762979573,-0.04421340062978744,0.04061972607266925,-0.04208039594736915,-0.004407122320872628,-0.000939235896203496,-0.0014637880662385079,-0.08986916120242747,-0.008061068676087274,-0.01270539867793172,-0.0011299020332446307,1.0054418302001255e-05,-0.016161495830804982,0.0030710246528354345,-0.019660386937776247,5.002687302482055e-05,0.0031553362120966444,-0.004657298333855713,-0.0005675978296225289,0.0008607685416187217,-0.0008818481342414692,-0.0006194994788070334,-0.0008751103534173669,-0.03888919221938063,-0.16982141669948905,8.899826,4.4007697,-1
3.5341,25.0,6.012953367875648,1.0310880829015543,1434.0,3.715025906735751,32.7,-117.01,1.208,32.7,-117.01,0.005368152741991251,0.0029874019147520053,0.0008675472965029146,-0.0012443974627987995,-0.01471869370342938,0.04363761989203162,-0.05970539950057974,0.0006885660833040293,-0.0005136056936032353,1.0423408306426313e-05,-0.011839312975173126,0.003872780511600057,-0.01306212038570004,5.0116118529414046e-05,-0.0007992440762459486,0.0018694735062540061,-0.001764856188063329,0.0034551572364987623,-0.0005529656412388633,0.003941271158191642,0.004326475956170827,-0.0022260090120721924,-0.0033282153000310528,-0.0019208330293342532,-0.0002298773552397916,-0.02704751627708752,0.05293797269497892,-0.208767621120316,8.0772505,0.9841346,-1
3.765,30.0,4.181126331811264,0.974124809741248,3185.0,4.84779299847793,32.77,-117.19,2.38,32.77,-117.19,-0.0028783401822163783,0.02052795435783053,0.0009342985248516643,-0.0006755484238304534,-0.02504039499735627,0.028188159735504016,-0.03753689676216412,0.0017780339123026853,-0.00053792705953565,-0.0004167499935481039,-0.015430781911594233,0.002280680440096121,0.010988462700829505,0.0005612280671031858,0.0008260710576812716,0.0013648078862997643,0.0027439793710546884,-0.02185867397371914,0.0019174142292616384,0.00035420181185492075,0.003347144683571388,-0.004435005593567218,0.011986455428841341,0.004183704292894715,-0.0009293367960322475,-0.0276539467823208,0.0566593330621552,-0.17499762406756048,8.157918,0.73935074,-1
3.7891,33.0,5.917525773195877,1.063573883161512,1884.0,3.237113402061856,32.73,-117.06,1.267,32.73,-117.06,-0.011241992103077561,0.008937253066473869,-0.002539085535601725,-0.0020715848781180457,-0.037981367758957926,0.02801210555191888,-0.03494779109224851,0.00090786162372735,-0.00031377316258347174,-4.463135931232322e-06,-0.02094771942597713,0.0023981711073778793,-0.0026141830004158214,2.9289887019494365e-06,-0.000356861750139315,-0.0020235309213810716,-0.0019112443987494689,-0.0005264096093676459,0.00044980321029392786,-0.00021099782915007657,-0.005281907262500819,-0.0018962243810926465,0.0020300573996581295,0.0040776567337188555,-0.005176960882770593,-0.010267413016034137,0.03043288270909447,-0.20995034647080157,7.81647,1.040886,-1
3.2583,32.0,5.226221079691516,1.012853470437018,989.0,2.5424164524421595,32.84,-117.2,1.814,32.84,-117.2,-0.007086150585971051,0.006456544803254246,0.0012284408308895778,-0.001120011603659044,-0.05665052781773206,0.04373198459816574,-0.05278830759325753,0.0017695147986588546,-0.0004537589542508485,0.0006991122655267116,-0.005809215529489285,0.005364200745687064,0.008827258796375333,0.0005593418585416163,0.0005449196681916008,-0.0007293812334344207,0.0029742971040867027,-0.01847858867944966,-0.0009186174364921504,0.0014866755918597865,0.002755364783119207,-0.002088801876348669,0.0020030308532109076,-0.0014486672671882685,0.0013427682888925681,0.009564405897747482,-0.025123403233433792,-0.18438057371192182,8.220216,3.0874138,-1
4.5221,16.0,6.38494623655914,1.1053763440860216,1594.0,3.427956989247312,32.92,-117.15,1.683,32.92,-117.15,-0.02175809350071081,0.022557570811609327,-0.0015992855527939885,-0.0023489345592767317,-0.0318740593045842,-0.005318443741018279,0.011602263328557579,0.00707989598025194,-9.382465631155526e-05,-0.0015893195047913182,0.05635827102584822,-0.0037333366324565445,-0.0018500517399791048,0.0013731501798646966,-0.00038722965683563395,-0.0010763162598537747,-0.001805636325331177,0.005041604412861043,0.0011432313135604573,0.0007022050118325169,-0.0020294308992922718,0.002485364803187516,-0.002795233629892024,-0.002229228381233667,-0.00025252813230625657,-0.028268720836411146,0.05210641259793853,-0.17401524975141536,4.0719714,2.8788567,-1
4.9706,15.0,5.467116357504215,1.0033726812816188,1936.0,3.264755480607082,32.92,-117.14,1.847,32.92,-117.14,-0.03960319936387832,0.015360380926789404,-0.0004239072570064107,0.005775228588451113,-0.02603705847115647,-0.005430291053673455,0.005517684409198112,-0.0017518763965957854,0.0003768480895469349,0.004447480090183068,0.03990316117480334,-0.004672294260551616,-0.000924993910633751,0.0008113645102377198,0.00190288616174454,-0.0006601595894951673,0.006735488308805602,-0.014926144073174356,-0.000602607369587456,0.002519650366596182,0.0032978099999508973,-8.450898984527467e-05,0.0029797884765373484,0.0036555973355163634,-0.005215345442649768,-0.008011917096127894,0.02532756773882005,-0.2023073473788509,4.4003434,2.535964,-1
2.2017,32.0,3.797860962566845,1.1090909090909091,1731.0,1.851336898395722,32.75,-117.25,2.083,32.75,-117.25,-0.027334468956021003,0.08619929988856401,-0.004954727751471965,-0.0048653685843948686,-0.11012667174859667,0.04199445325079515,-0.03933210766768721,0.0035073802219864354,0.0004949410665598787,0.0006497012601643199,0.030563294829840472,0.005971091566835262,0.009963039071484084,2.2572843216258427e-05,0.00023662050962115628,0.013867945560088303,0.0049682775982923975,-0.02237321898831563,7.759902276989768e-05,0.0015435205198135941,-0.0029756870360298873,0.001821464606224736,0.0013624425637991427,-0.0008493531531831361,-0.0005901120217586472,0.004849181175070759,-0.039999036666621565,-0.16620758330336172,11.983023,3.6198473,-1
1.625,19.0,6.854545454545455,1.2545454545454546,198.0,3.6,32.75,-115.64,1.125,32.75,-115.64,0.009636790085141511,-0.014995728466835206,0.0017882853624392667,0.008077777703338066,0.0443293862049637,0.042167021386765056,-0.033431512640015495,-0.0024370927983000477,0.0027532458876253934,-0.001197373120111337,0.011108572067106554,-0.0013827008225243483,-0.0010969282138597598,0.0004394183444304241,-0.008645935553094853,0.007991897739329443,-0.005576533779361546,-0.020870921704532572,-0.004130134302103835,0.0016721755081159373,0.0017176959464028421,0.003995889934454542,0.0003130027987922773,0.009647862230036506,-0.008739657394555574,-0.017608463262722016,0.05307294115379598,-0.24076848087151295,10.382772,-0.5706892,-1
1.9637,49.0,3.7374701670644392,1.1789976133651552,643.0,1.5346062052505969,32.75,-117.16,1.375,32.75,-117.16,-0.0923139987277918,0.062115081029349255,-0.006764904996494391,-0.0041498923054717335,-0.14525567370517053,0.040839599084913386,-0.03991342483408308,-0.00010932709963459809,0.0011321570651492813,0.0007660221679624185,0.055049878585745914,0.005468472774365034,0.007791370703059162,0.000715178355375601,-0.0029426898427706936,-0.019227565743622856,0.0030595216672378404,-0.01637863079267279,-0.0011533641161151557,0.016266532503706542,0.004426938239807813,-0.016047766797349216,0.003112868633224948,0.003400698423664539,-0.005175524399736736,-0.0038987601635145,-0.18313136386443862,-0.21483014791967653,12.094547,3.4469101,-1
4.7943,26.0,6.418168709444845,1.0187454938716656,3941.0,2.841384282624369,32.78,-116.97,2.269,32.78,-116.97,0.015120170742752482,0.022771342715573732,0.0005334952277674136,0.003714123542492301,-0.011838738409608885,-0.002696649133756111,0.009771252908806856,-0.0013165786560428198,-0.0006520038387435312,-0.0019142350631587775,-0.013898547736885326,0.003347290317944715,-0.0069444227020205125,-0.0014063997147223811,-0.0035932152855536925,0.0010045772556863948,0.0032347628079468027,0.015566350065562808,-0.0014368088720245733,0.00026996197920486296,0.0029821853500088262,0.0012346242442512006,-0.002756929099295843,0.0032580157998994127,-0.0037164222458671192,-0.0024314427513175496,-0.004244867584943983,-0.19450760112326357,5.8871794,2.8655338,-1
3.5486,20.0,5.655384615384615,1.6615384615384616,615.0,1.892307692307692,32.8,-117.28,1.938,32.8,-117.28,-0.0237465418454227,0.010537552434096334,0.0050485295979497136,0.00011740730915767706,0.07673555026666261,0.0451193209080511,-0.05994902184366224,-0.0011625653662678372,0.003390970265147978,-7.05534149581074e-05,-0.09074320052458751,-0.007479665499765081,-0.012614226818708156,-0.011171487046065841,-0.00025433926284821104,0.0031975035075665513,-0.00852389235970808,-0.00665541252604067,-4.562832031017214e-05,0.007917176571741581,0.04830285367283598,0.11523525370903666,0.0029751040346006384,0.00376293931471766,-0.0021994135267654254,0.0077918261496916965,-0.04065206043000888,-0.13676525574818288,6.972282,5.047136,-1
3.8967,12.0,5.967171717171717,1.0303030303030305,1211.0,3.058080808080808,33.14,-117.12,1.726,33.14,-117.12,-0.005340908268400074,0.008439638334940458,0.0005757073875057661,-0.00022736758787833466,-0.026544634472359555,0.024695715786658787,-0.032791420397876345,0.0023629446383902934,0.0002616577130845643,-0.00039277073605127643,0.02777621584045451,-0.004877031857264039,-0.001023252018305103,7.034424649299536e-05,-0.0002720543381720851,-0.0013844852317377136,-0.002933997939312756,-0.0020481511639943236,-0.0009072206916566236,-0.0009814692365219954,0.0057620193803245906,-0.004812235477620756,0.0005222902310729771,-0.0016181080605577735,0.0007150016736627748,-0.005003054154221113,0.020789415065450886,-0.21429693348579304,8.180468,1.932352,-1
0.7685,39.0,2.752212389380531,1.6017699115044248,206.0,1.823008849557522,32.71,-117.17,1.875,32.71,-117.17,-0.08656091902076163,0.08875707015507038,-0.00476750157192405,-0.022194310013363333,-0.15997319811534605,0.03782262046904844,-0.0545149297589862,-0.0005337680352921989,0.001951155561956945,-0.0017971927711870907,0.05329262595140129,0.006605481572575795,0.004868836941432864,0.009502060623256097,-0.0054126530305502706,0.01302941427917646,0.0009320274099897461,-0.015713093458045765,-0.002023539661946065,0.010042254038620614,0.015248671170066147,-0.014711787778006852,0.01786283740293681,0.005397863530698984,-0.005034431936213634,0.014678959838760051,-0.054943256785827524,-0.22188390596543872,11.901239,3.2730014,-1
4.0313,31.0,5.108387096774194,1.104516129032258,1919.0,2.4761290322580645,33.42,-117.61,2.82,33.42,-117.61,-0.0022458396844623634,0.013568514813774885,-0.0017828708424107301,-0.002522301803053452,0.004051429871996985,0.03148690915982536,-0.03784700419476455,0.0021898607933613493,0.00045193387555170526,3.1909163823382644e-05,-0.003944351530453819,0.005291288146928686,0.0065370804702732255,-0.0006454896588793933,0.0003336874843485225,0.0008643406824611676,1.588858244206976e-05,-0.023337902604512902,9.979870321400071e-05,-0.001522217850009297,0.0002689698824038047,0.002385609564271468,0.0013325866815563584,0.00354685091614706,-0.004984380439350819,0.02934683599627149,-0.02091967630852286,-0.15247984821702848,7.35191,3.39188,-1
3.2121,37.0,4.617210682492582,1.0623145400593472,1304.0,1.934718100890208,32.69,-117.18,3.208,32.69,-117.18,-0.010826562460818345,0.015988451951204775,-0.0002056977678757887,-0.002664042270270679,0.06126303781252473,0.04675695392507828,-0.04949666543735157,-0.0003852723825290167,0.00019976385616643174,0.0011793258625604932,0.0753066528748533,0.007704200607998837,0.010117333242049073,-0.0006752088885555525,0.00017521969596785608,-0.00718657509552789,0.0028384644186300947,-0.01920010443314187,0.00022863844371989907,-0.0006093282054358526,-0.005175720987095006,-0.004899624769927785,0.0024471904919430676,-0.000840255713496881,0.00021009115036002698,0.015343474539348204,-0.038577461001261255,-0.17594642334869007,6.973052,3.853268,-1
2.9097,8.0,3.817014446227929,1.0240770465489566,1410.0,2.263242375601926,32.81,-116.96,1.525,32.81,-116.96,0.06072229190965356,0.03248657338744342,0.0005331707878199016,0.00019109009709016337,-0.05266482779723002,0.04163892765147198,-0.05053222836410361,-0.007223030584268858,0.00026839357087197254,-0.004331858670896326,-0.040114085950567306,-0.005217962709379114,-0.00614300432081707,-0.00017215401106274164,-0.00043101690834461404,0.004069594434000763,0.007166540646914697,-0.011588989537143752,-0.0007902641561582022,-0.00010121283868122616,0.004030589122391998,0.00025464484450321123,0.001178498710004245,-0.0010562733067717538,-0.00012769579817120566,0.020759463394427392,-0.047276135753456454,-0.23691933369203594,9.238093,4.057962,-1
4.4732,16.0,6.0,1.0613496932515338,862.0,2.644171779141104,33.5,-117.66,1.863,33.5,-117.66,-0.026796926341369445,0.016196331684170267,-0.0023856280414200994,-0.002713943626752944,0.012645993205457038,-0.011062716215542329,-0.011723858982244968,0.0038051514856692567,-0.0005497766085525984,-0.0012709434855047402,0.018133469251259277,-0.006622110382829612,-0.00683437782707623,9.181888521888064e-05,0.0027413768017526432,1.6851030858394465e-05,0.002087536294254143,-0.006866357678770369,0.0003430799971409897,0.0007323007529869541,-0.003947082986126482,-0.0006019089780205335,0.0017788628377530006,-0.0019561533097812132,0.0003524412940897455,0.0026608343695502246,-0.003565416106788029,-0.13784036990388437,5.5527487,3.2343705,-1
2.8588,14.0,3.87708830548926,1.1181384248210025,1929.0,2.301909307875895,32.9,-117.12,0.925,32.9,-117.12,0.051402092125113,0.025802138119638485,-0.0009389000995761394,-0.003555900233226617,-0.05910784631442094,0.04170333802079428,-0.048634634512906026,-0.0029848479229244982,-0.00047773883258945903,0.0002780000810530099,-0.026146515669835266,-0.006546690340439905,-0.005171384563599031,-0.00039710657879327995,8.698826042085201e-06,-0.005549545800915051,0.006958149732183383,-0.01368245460318329,0.0002993289020619002,-0.001872978570336884,-0.005007465308627154,0.0023242484784546024,0.000416245884359704,0.002293785106766189,-0.0015829238357737768,0.02225825749691179,-0.045143281647742846,-0.2328619440611498,9.176077,3.8845825,-1
4.6875,18.0,6.346570397111913,1.032490974729242,987.0,3.563176895306859,32.72,-117.07,1.418,32.72,-117.07,-0.0025849112926151414,0.022120095986416646,0.00022224876336587095,-0.0022210668696884804,-0.03557421092734791,-0.0059038623887509795,0.007110702087494701,0.0016621622130671859,-0.00012059698049186779,-0.0006998729939147623,0.02404603348162551,-0.002037956953685276,-0.0030726632097592453,-0.002573081832544181,-0.0036797266035512323,-0.0013948755743467805,0.0027989580706146936,0.01465719759845717,-0.0007141107595658985,0.0028938409467731234,-0.006215926352821182,0.00031472694288521536,-0.007418050275971477,-0.001598204508641253,0.0007374851007374633,-0.028543808277857966,0.05282135016640458,-0.17788611896602452,4.326773,3.040439,-1
1.5474,44.0,4.674931129476584,1.137741046831956,1396.0,3.8457300275482096,32.71,-117.13,0.833,32.71,-117.13,-0.03927076495932733,-0.030060265389293208,-0.004184375544142138,-0.0011633378799588406,0.058871592809577475,0.0496381925294859,-0.04287689193563392,-0.0008921028607187603,0.0002727756392638268,0.00038053517765518764,-0.014341836257607616,0.0035442900614625385,-0.002245696977988907,-0.0007475179504212756,-8.334588754544694e-05,0.005434847327995308,0.007556432236600573,-0.010625311182053567,0.000500089173725282,0.0010483277896945347,0.00019646805411108428,-0.0032940948196142155,-0.003186642663785994,-0.0019647879414946673,-0.0002858478148965629,-0.02361807853073921,0.05553383608715437,-0.21931861402304517,11.276988,-0.60870945,-1
1.4886,11.0,3.859375,1.0703125,1528.0,2.984375,32.75,-117.1,0.898,32.75,-117.1,0.05280630766944909,0.029710656448509228,-0.0002767292210015662,0.001153123428973275,0.008492619713774527,0.04894047332080999,-0.03917409867259178,-0.006137728011239662,-0.0005069956937913799,-0.0031667978428058,0.01703048509795446,-0.002159423962841276,-0.0008963199655592163,-0.0005002612531034326,-0.0008191959335512851,-0.0007363667192363217,0.007778444731893343,-0.009188950803820277,0.0002774710355242144,-0.001546045078079883,-0.005461430168623379,-0.0017142438085401043,0.00016943478961726496,-0.001592834708529257,0.0017312992648307664,-0.0016641701998876455,0.021359788573003392,-0.2223963932162931,9.826368,1.0690641,-1
3.9205,4.0,5.876190476190477,1.0,224.0,2.1333333333333333,33.13,-117.29,1.83,33.13,-117.29,-0.027436854063666673,0.01243391455109958,-0.00023496820205288533,0.0024227208486205,0.027380624822775902,0.03667566301511872,-0.040510652698714414,-0.005355411094268949,-4.746125321343063e-05,0.017886519033582793,-0.07000437789059168,-0.00934195051802885,-0.011944616305759936,0.0004026436069838267,-0.0026362731582895557,0.002383988594148094,-0.010360682357474381,-0.011601622922453777,0.002265294737296543,0.007478046716400816,0.004178459807370809,-0.006971904452744147,-0.003936272040562753,0.005481519965981236,-0.001992574391935891,0.03353480961101375,-0.05440416642170715,-0.18016591819167935,6.924496,5.1952205,-1
2.0792,35.0,3.527667984189723,0.974308300395257,965.0,1.907114624505929,32.76,-117.14,1.6,32.76,-117.14,-0.05382572117969377,0.05538453829984002,0.007258892751906488,-0.004286794592033518,-0.13083701713946447,0.03974313947423538,-0.04405361162886323,0.0008709813875833566,-0.00048359517913240516,0.0009349794452398097,0.04136022525024153,0.004761456841183143,0.00119043241732093,-0.0003446160551174701,0.0015492108873270925,0.014902182028522169,0.006777760838614171,-0.003791405934086103,-0.0009399646911756607,0.0026939596326336244,0.0036268267022035497,0.00011714369704883488,0.0028860292033822607,-0.0009651887130703265,-0.00029930291599338297,0.004889535469172831,-0.043072241152793886,-0.23820099589637375,11.696359,3.3098662,-1
4.5032,19.0,5.754475703324808,1.0421994884910486,2456.0,3.1406649616368285,32.95,-117.03,1.689,32.95,-117.03,-0.0017518250054653064,0.014136262242029502,-0.003011690583060191,0.001733346997487567,-0.028067591496858623,-0.004245520554564673,0.010740778062411084,0.00019942304039868242,0.00029816506253603844,0.0015820697201873227,0.023402343155968487,-0.003286325982722461,-0.0009076633904224207,-0.001131316944005379,-0.0010547044910337218,-0.0002473327594291156,-0.003771739585716408,-0.0010797994105664977,-0.00015791694921477235,0.00036200576632704695,-0.0056439190922254415,-0.0009454798886231898,-0.0018477936994463655,0.00368460079313881,-0.0032556869777050856,-0.006654780507530699,0.025574647217041863,-0.18645102629726443,5.0840497,2.899049,-1
3.3553,7.0,5.229213483146068,1.101123595505618,1304.0,2.9303370786516854,32.7,-117.01,1.322,32.7,-117.01,0.04085960446745403,0.0069443359730546605,-0.0010549796949564756,0.000510462890595235,-0.02716575344635253,0.03932340104488541,-0.05806655476964447,-0.007081093565941388,-0.0007174378816067238,-0.004363240656940016,0.026848098693513026,-0.002960156058029503,0.0016770482978230197,-0.0010890166476783664,-0.0008187029017506086,-0.0013101592335625903,0.006171364757119237,-0.008633679034654307,0.0003002729813512857,-0.0010464673939639265,-0.0038631042408548994,-0.00014054035457180717,0.0008993271118945876,-0.0015839805649372175,0.0018118781179855712,0.00024360541068270262,0.011883044223937553,-0.22299873715401702,8.766721,2.7012115,-1
2.2284,25.0,4.617521367521367,0.9871794871794872,896.0,1.9145299145299144,32.83,-117.14,1.775,32.83,-117.14,-0.013859487739167568,-0.010584166982665103,0.0031351283765253626,-0.003799218143993148,-0.11197474568866411,0.03996003120260414,-0.04612783030939804,0.0022984052889698956,-0.0003264537582126343,0.0004016328429140615,0.025692821059267124,0.004318212590438444,-0.0006845960751770936,0.0006320808882142687,0.0002980008285738376,-0.01006333541322565,0.008342950781804215,-0.010869103213400717,-0.0009422609647708645,-0.00014284589078165577,0.003237083341374588,-0.0002968300022674603,0.002873520732390329,-0.0007083004684609515,-0.0003109687651740646,0.003945536447144949,-0.039308415349247235,-0.2349778957891548,11.286271,3.4937117,-1
4.3862,33.0,5.648520710059172,1.0331360946745562,1954.0,2.3124260355029587,32.81,-117.21,1.848,32.81,-117.21,0.0071258185395184,0.014980694850321753,0.00037161055284383807,-0.0014123906205647596,0.0405122691130653,0.024090839153816407,-0.016813843249568902,0.001990941190004954,-0.0004400920113058484,-0.0007817160872992537,0.021460834393509823,0.006546299579431956,0.010117407536848687,0.00020868219927770398,-0.00014550186944639495,0.00159465368474851,-0.007897417575471789,-0.010936357303996133,-0.0002458257804972164,-0.001022674586610896,-0.006809316265592235,-0.0024702074149844057,8.757052922631214e-05,0.0025607857002063993,-0.0014203688711107497,0.031884845387556995,-0.035716398203252946,-0.16884872037955825,6.513362,3.5463521,-1
1.6557,10.0,3.8623024830699775,1.1264108352144468,1896.0,4.279909706546276,33.64,-116.15,0.654,33.64,-116.15,0.04576440213803446,0.027969222601088486,-0.0024855193232761292,-0.0029730234268806103,0.028200101807722536,0.03151691940289857,-0.011679115799547623,-0.0029147277846609705,-0.0005430071385456249,-0.00015264735926669843,0.028250404642210254,-0.002002268238328731,0.009813339394690623,-0.0012106645863605413,-0.0003018101411997298,-0.007561690770302474,6.912835676459785e-06,0.010127446040174027,0.0005211039421362505,0.0013658921999501789,-0.0027762841465942705,0.005539595524036728,-0.002762026261126268,0.002077550260422608,-0.001963074196129344,-0.016699398472534953,0.0448815967433279,-0.09817950093759267,7.284998,2.2218232,-1
3.814,6.0,4.169836956521739,1.0190217391304348,1541.0,2.09375,32.92,-117.14,1.325,32.92,-117.14,-0.0071018525248365836,0.018921996575645462,-0.0007161972502968383,-0.0007483353773667801,0.023856264301091754,0.04001381862095375,-0.044874786852434935,-0.009287620024722127,0.0002724649056738903,-0.005469011511521061,-0.07482415330962115,-0.005897409604110564,-0.006468328505198555,0.0006557933875698436,-0.00010102823598200929,-0.004452216491426683,0.005040083719755517,-0.01546808034706394,-0.0006674310963195736,-3.7273005294975044e-05,0.004012808622067818,-0.0004682626052062122,0.0014490976313616029,-0.0010029480844501975,-0.00019437972756263872,0.0333329654092766,-0.06946600680239647,-0.2429725936953967,7.18074,5.4710803,-1
3.4456,5.0,4.65,1.1017241379310343,1633.0,2.81551724137931,33.19,-117.28,1.658,33.19,-117.28,0.045837036761815345,0.019831938419426483,-0.0006740381453334841,-0.0005467930912006547,-0.0396538055634055,0.04512483241741898,-0.052706497735662244,-0.00680619032839543,-0.0008991922761095031,-0.003887630831350584,0.02064078307180607,-0.004248963526258708,-0.009008871788498053,-0.0010965950487891634,2.6452870468746966e-05,0.004331163443234846,0.001603351904977481,-0.019442901015536182,7.222655346892361e-05,-0.0012077349491132388,-0.002532168229810921,5.5020661721359645e-05,0.00010335881594670432,-0.0016357151542332879,0.0006629067356790117,-0.0011571015390519086,-0.0031028996519730776,-0.17386458334031724,8.266729,3.0733142,-1
2.8281,30.0,4.281923714759536,1.077943615257048,1098.0,1.82089552238806,32.77,-117.13,1.717,32.77,-117.13,-0.025766282650989247,0.007900852147835554,-0.0020362376709040053,-0.0019899636049028825,-0.13403558226215484,0.036490996699654485,-0.04639055880314159,0.0025280651294242863,0.00016392748765861354,0.0007346507896606559,0.03580029688817182,0.003653177809464508,0.002298981321806607,-0.0005127141936964867,-8.787159669507497e-05,-0.01398223209861785,0.0071068749199158605,-0.010096708364488336,0.0003747932145461365,0.01319459749941716,-0.0027862851348233945,-0.002431444835513425,0.0032504485516607375,-0.0006002948272737123,1.0709224762080653e-05,0.011608944736136918,-0.05695380044334956,-0.2358553012949202,11.621898,3.6499772,-1
3.1389,23.0,4.052013422818792,1.0956375838926171,1275.0,2.139261744966443,32.75,-117.23,1.018,32.75,-117.23,-0.029975241889007166,0.03818683419120312,-0.0024210085071917314,-0.0013427226546199164,0.018517650724843862,0.04837112071706376,-0.053306915530659665,0.0009109421048297322,0.00036726707561619127,0.00022094963145945356,-0.05074792086759156,-0.001899030256570532,-0.002105775622810921,-0.0004841612175266299,0.00013710357100206116,-0.003209925796833749,0.0029044212137201934,-0.023705827011613646,0.00025486943002795044,-0.00503336990481116,-0.004605269501720681,-0.00396995749593746,0.0024516130239648484,-0.0008617737466477117,0.00021093793838917302,0.028458798849480337,-0.06070080289337417,-0.18828034817943065,7.1052155,5.1506906,-1
5.543,16.0,7.239737274220033,1.0328407224958949,1875.0,3.078817733990148,33.2,-117.2,2.864,33.2,-117.2,-0.06630744836816342,0.019848480042809584,0.0009827865158661424,0.005702026412882757,-0.02182219061654397,-0.021969724472854047,0.029232136287631823,0.0027915738878236313,8.163393853446088e-05,0.0018493396243212997,0.047202281252614574,-0.0065855888653573265,-0.011168781024489075,-0.0026042483559653843,-0.0030677655246736523,0.0017929527969784542,0.02037105136277927,0.0554081844830826,-0.0011530970188905905,0.0021955397903131294,-0.004324732781844842,-0.0032947992048284218,-0.0002269271848700202,0.004286941237112988,-0.007375946711331676,-0.0024005938902968158,0.014917449553685475,-0.09806716910085903,4.502657,2.3251379,-1
3.4764,13.0,4.711904761904762,1.0297619047619049,1981.0,2.3583333333333334,33.15,-117.09,1.375,33.15,-117.09,0.02946084895203597,0.012016187760450023,-0.00028639240179438683,-0.0035384046127558515,0.02200523227282137,0.04823664950939601,-0.06575250760116881,-0.0035473643758609443,0.00045528535647166945,0.00030938206709669883,-0.029089114217126864,-0.006629188388373434,-0.0022882415553403712,0.0008001540086259116,3.4429839758941514e-05,-0.004106029945279885,0.007590574333017028,-0.009326659170659201,-0.0007637498623676545,0.0018291207392308682,0.005334620113491389,0.00020460315392006827,0.0016672701500064782,0.0037049400997501147,-0.004415524416469887,0.025233039832537593,-0.037380714461977764,-0.23847765392584686,7.849658,4.5797276,-1
5.2596,16.0,6.056710775047259,1.0226843100189036,1818.0,3.436672967863894,33.02,-116.88,1.715,33.02,-116.88,-0.0476265838420889,0.016611008665034493,0.0008017922030333023,-0.00034005813827161076,-0.044265244537266366,-0.018459881978336787,0.01915625368095009,0.002223609005645776,0.0002429855536996158,-0.0004450995827353098,0.0726490141444965,-0.003664452172804608,-0.0017557835659505032,3.810491107568469e-05,-0.0027769080650451986,0.0006393145358296402,-0.0010522312331920241,0.003584240426276475,-0.0005053685898602305,0.0033597460991458376,0.0038550587968535985,-0.0006509981708552857,-0.001976335891374839,0.001822504375318163,-0.004160513209389046,-0.02639686966992581,0.049061326699697795,-0.1841914903040314,3.8863947,2.4874294,-1
3.7167,17.0,5.034129692832765,1.0511945392491469,549.0,1.8737201365187712,32.8,-117.05,1.804,32.8,-117.05,-0.026758605965678615,0.02196267937632143,-0.005078834988089151,0.0007170705793560362,0.10574103485978605,0.03488283597852865,-0.04703233050977778,-0.0039780886923953375,-0.0008892880847057945,-0.0014211518996736262,-0.15413534766579015,-0.006756733432695114,-0.005428569159538584,-0.0005317218571288164,-0.0010975763602292105,-0.006228469821215399,0.007587377640365103,-0.009634356752072916,-0.0023572353043505552,-0.006654923657249232,-0.006124192978890809,-0.0033446550285066478,0.0008222854781124065,0.0035034328648117126,-0.006153712995022679,0.003912546513008094,-0.05202395748491696,-0.22666783693899187,6.880833,5.912395,-1
4.7647,12.0,6.241269841269841,1.0603174603174603,3129.0,3.311111111111111,33.26,-116.98,2.541,33.26,-116.98,-0.039125977137584644,0.022518668833173196,-0.002151069790387401,0.004363258844645468,-0.027175715193473317,-0.0032832466027380523,0.010067221932514877,0.004669232635226442,-0.00038575497961237026,0.0030675794884345653,0.03818998152661486,-0.0048076743765316015,-0.0009254463682298878,0.0014983031742014615,-0.004043400982695471,-0.0037955233394032766,0.0027921827732257376,0.014308058938504717,0.0005184039683090935,9.307650476646757e-05,-0.004218847178354017,-0.0005701159791832981,-0.003090624206233812,0.003246924170236534,-0.0033442529251871546,-0.00852152296960051,0.026885589233685225,-0.17891797240064608,4.4555697,2.8362253,-1
5.0249,5.0,7.024615384615385,1.0369230769230768,999.0,3.0738461538461537,33.22,-117.27,1.967,33.22,-117.27,-0.05489392390976478,0.0235137184108474,1.3348861839381621e-05,-0.002506715958180617,-0.01383526202626786,-0.0025746812309616687,0.0064859597305865335,0.01375042488075916,0.0001346443905136214,-0.005686479842160328,0.028483015396507022,-0.005158128064035804,-0.011802136473220698,-0.0026237764060788715,0.00018751636688337772,0.001442994507098414,0.019010734948014252,0.05583959502553546,-0.0011957695900595576,-0.00017268132642847054,-0.004249579996530519,-0.001373759424479986,0.0016615808985143445,-0.0019834798351951776,0.00047855499068954414,-0.005415848801866687,0.010156775146668691,-0.09420603978432449,4.667303,2.4450877,-1
4.1837,22.0,5.670781893004115,1.0617283950617284,1849.0,3.8045267489711936,32.7,-117.02,1.254,32.7,-117.02,-0.004475558325072138,0.013471639628052071,-0.0025823617983694457,-0.0027260752794012163,-0.03952088350528792,0.012931265815856704,-0.010951997955573037,0.00040559156181426944,-0.0001469447726522412,-0.0014245061833134602,0.024423311116140593,-0.0010818633490465828,-0.014997723766271896,-0.0011499891033903272,-0.0010635304301429716,0.0017657357106130435,-0.003676089306128119,-0.0005668030181596347,0.0005416648810982861,0.002056847847827658,-0.005403754386456227,-0.0012029065307577215,-0.0022861693888100313,0.0036659910110558767,-0.005922208441794645,-0.026308406094380385,0.05010894019192666,-0.20970275827871934,7.64995,1.5195569,-1
3.1553,17.0,5.900990099009901,1.0673267326732674,1531.0,3.031683168316832,33.2,-116.99,2.5,33.2,-116.99,0.02544759656207691,-0.003901553941718559,-0.0016344285208488793,-0.00036993911361372185,-0.012473014419860469,0.04331792523441323,-0.056233206028965754,-0.00022154337273988083,-0.000372093548851737,-0.00046335029120942014,0.02716651845330123,-0.0035761218179836845,-0.0008321619957260353,-0.0010180108643327718,-0.0007937752387473604,-0.0051581906253027375,-0.0017471773151111947,0.0033093198815818004,0.0001454115651842215,0.0012928640360884156,-0.0038774067933176563,0.0004091850179817385,-0.0002702895360398254,-0.0014589063678978537,0.0012280206418024155,-0.004365534327063364,0.028601492193906786,-0.200949327469986,8.368393,1.7766571,-1
4.1379,3.0,4.458029197080292,1.1624087591240877,1033.0,1.885036496350365,33.56,-117.7,1.833,33.56,-117.7,-0.06802785134925832,0.009358686002009129,0.00568072163894346,-0.0011767935403556931,0.0903591905201398,0.021353477548393028,-0.023286833097574063,-0.008334051542198802,-0.0006065682172327064,-0.006954182199743689,-0.14632328825133345,-0.006237809113534208,-0.0077248270679887016,-0.0011748596617299537,-2.4581980515020523e-05,-0.006689392419232565,0.01135015344276885,-0.019446668843184873,2.55494349736985e-05,0.00808996661799889,0.006131832938521247,-0.0018618044067894221,0.0011649463260367927,-0.0007200942727536213,-0.00018703177664105273,-0.0018291209701822447,-0.0370085132248779,-0.24096133286624205,6.7612576,5.845144,-1
2.3814,28.0,4.370839936608558,0.9873217115689382,2179.0,3.45324881141046,32.67,-117.07,1.123,32.67,-117.07,-0.00761189447004677,0.01080135924217715,0.001463216495813897,-0.00140994714951144,0.055362318784240264,0.0518099625054097,-0.043616497933587316,0.001322502311185374,-0.0007499100033678593,-0.00014279222514403431,-0.00576292541535683,0.004163800980194178,-0.011331627670208542,0.0006216207609036695,0.00019437108443742148,0.0037543359293391422,0.008848719939217015,-0.010291549077392074,0.0017730144873194583,-0.0008115059738526056,0.004370525993702913,-0.001570202348768002,0.011922099096983893,0.004875738089364719,-0.0022704431385602813,-0.01883564190273136,0.046968501335925936,-0.25208684672356674,10.778611,-0.48029244,-1
4.4306,21.0,5.904225352112676,1.0591549295774647,2101.0,2.9591549295774646,32.78,-116.92,1.591,32.78,-116.92,-0.003594997790257498,0.014136729931600646,-0.0030809477082803624,0.001885116100322554,-0.01804334169971691,0.0031897798841202182,-0.000991239083354885,-0.0022355537126720576,-0.0001290638393975714,0.0011395548528341758,0.014473002781905202,-0.0019264308659798725,-0.008921266286008886,-0.0010903350725664713,-0.001059639775850175,-0.0035254753822956688,-0.0020190279228908094,-0.0007135383917063724,-2.5410647220924765e-05,0.0006407710817592147,-0.005379933335827182,-0.002371273936473625,-0.002534627404493105,0.004317201468202768,-0.004138587528909542,0.0002140854648369038,0.006770928402887591,-0.1996850441505866,5.5880914,2.8043852,-1
1.4828,21.0,3.697132616487455,1.0913978494623655,1686.0,3.021505376344086,32.75,-117.1,0.948,32.75,-117.1,0.01045031065917963,0.053412480105384644,-0.0035466815572782074,-0.0005347870177536782,0.016102825069250305,0.04841829907589741,-0.03925889200717583,0.0016917928238849773,0.0001837566035202619,-0.0005370976739092388,0.008990782988281383,-0.000832233016458625,-0.012247295459077528,-3.7229035716889304e-05,-7.676667221868128e-05,-0.0018735475645877617,0.005708069682378439,-0.003975364999289868,0.0001623799087478426,0.0007507897834970716,-0.004120787704307358,0.0007879971779370406,-0.00034324730514256023,-0.0016188915197907568,0.0009480071290242866,-0.0017814672936127054,0.027603025939029795,-0.22664529191559193,10.24225,0.79604185,-1
4.8526,16.0,5.953068592057762,1.0036101083032491,993.0,3.5848375451263537,33.14,-117.13,1.707,33.14,-117.13,-0.022317873305577468,0.017269936764105952,0.00019322629555150697,-0.0020649025699403484,-0.02720208589796592,-0.006962705364705313,0.00432822456889889,0.0044836920807211945,0.0002429855536996158,-0.0016563695908880225,0.05644576236266187,-0.002609573444522094,-0.0030747472013901668,3.810491107568469e-05,0.000419314019953333,0.001074702953965047,-0.0030204170976704785,-0.002098960930446405,-0.0018806918263322568,-0.0017048192354307272,0.004771029359796847,-0.0007964252540674959,-0.007900080768902733,-0.0013519848425827172,2.9319158183850243e-05,-0.027382740426358756,0.05091397436481566,-0.18382950779059543,3.9959319,2.7769363,-1
3.0293,28.0,3.979976442873969,1.0812720848056536,1849.0,2.177856301531213,32.8,-117.23,2.417,32.8,-117.23,-0.005429196916113358,0.034327978367952955,-0.002027168346689878,-0.0025185143638746656,-0.010596563668306802,0.042611032668562636,-0.04337656744985737,0.0032435613848827076,0.00019976385616643166,0.00046268686735456525,0.03055965351086988,0.0065169282452252,0.008001397487097299,-1.355853406439535e-05,0.00024080277363347315,-0.004497413693326373,0.003721124651264422,-0.02259464644629087,0.00025347739474921373,-0.0012560698125509816,-0.004956223826391895,-0.003985253586891987,0.0004663505540736345,0.002713091408192417,-0.0017211496742840701,0.02588682619435932,-0.051533109936985136,-0.1921678353163293,7.5527625,3.430162,-1
2.8489,34.0,4.417773237997957,1.0367722165474975,2609.0,2.664964249233912,32.61,-117.06,1.283,32.61,-117.06,-0.021592230948517584,0.02108738116862195,0.0012058947465189986,-0.001836556213720426,-0.005128202921220372,0.04579828512152763,-0.04972324316626275,-0.0001101866529493657,-0.0006581944066706932,9.471495953330096e-05,-0.0078285236578535,0.0032284823100956605,-0.005072021214369803,0.001070903204833512,0.00016643376039406763,0.006463957370654754,0.007712240290882097,-0.008292052136906073,-0.0004861575919945596,-0.00013563851595092198,-0.004471441640844249,-0.003670801192095954,-0.0021228687149571516,0.0036239940675790064,-0.0029074979305136976,0.004643317047659121,-0.01692956925722676,-0.2590618845188161,9.94895,2.312257,-1
3.0125,37.0,6.0814814814814815,1.1111111111111112,404.0,2.9925925925925925,32.74,-117.03,1.304,32.74,-117.03,-0.021135192447536706,-0.015020136207502269,-0.0027529039209974082,-0.003666635263493942,0.023297415680395495,0.04798242473854304,-0.05031215044242706,-0.0018212497542586747,5.691841404465501e-06,-0.0014448703261638988,-0.012630883962227078,0.004378355856470811,-0.0029595550764916195,-0.0005813542634640874,0.0009716655411876353,-0.0001571463730219863,-0.0014221706733346174,0.009259277668847779,-0.0037900018403935745,-0.0018782953983602275,-0.00471141648279993,0.0019301792310797018,0.00016485460983256694,0.0035737896842644445,-0.004854447665586943,-0.0027043576805355993,0.01877068230275538,-0.20583656503241754,10.84466,-0.08791734,-1
2.09,34.0,3.7880794701986753,0.97682119205298,1271.0,4.208609271523179,32.69,-117.11,0.918,32.69,-117.11,-0.017556034916494292,0.04038158023851388,0.002129397864664932,-0.003377864515367395,0.04517730740412802,0.050757856626491744,-0.04286189392549095,0.00017134995344918836,-0.000753866134019252,0.0005239468212159346,-0.014251818674386569,0.001932077469301372,-0.0023451564113988457,-0.00020632663772891596,-0.00015158990670306532,-0.018746851819023858,0.009748009383093044,-0.007038191375465882,-0.0015701237184789587,-0.0029775388516005393,0.004982071290419602,-0.002353811302875445,-0.005290157641622357,-0.002064581583979552,2.184715721592267e-05,-0.023034828416324548,0.05112384579508533,-0.24347578183801283,11.076796,0.052438714,-1
1.735,14.0,4.599397590361446,0.9789156626506024,1453.0,4.376506024096385,32.73,-115.53,0.612,32.73,-115.53,0.036034307697115034,-0.026500636681708052,0.001157072520639306,-0.0005542774544597222,0.036122124844471144,0.051791253516534935,-0.025739957928852898,-0.002141095515101067,0.0003166982470106832,-0.0007140799033139111,0.024731741436795372,-0.0021286923085476485,-0.0014889125857322843,0.0007387462719404119,-0.0005125343534064039,0.0064671519771197904,0.008685094504803915,0.0049892509140831804,-0.0015333417410699226,-0.0028626910464710554,0.003622078472695227,-0.0001253073036705532,-0.0038921968782867347,-0.002348713584667467,0.001566142268031737,-0.020159122523871233,0.03725535066558779,-0.2539355081870355,10.207947,-0.43874404,-1
2.5388,15.0,3.887173396674585,1.0629453681710217,1872.0,2.223277909738717,32.85,-116.93,1.19,32.85,-116.93,0.05902444256475781,0.035933039370860086,-0.00035530534302393325,-0.003547633757392836,-0.04714857690602606,0.041574371424460355,-0.0433906823233015,-0.0033150309297049637,-0.0008933594195077125,0.00027780909034927907,-0.03614074693109189,-0.0065629365416735785,-0.005137135679634136,-0.0004773459720089954,-0.0003607845524886485,-0.00018018243757537717,0.007934087352353136,-0.01198646251992713,0.0002774710355242144,-0.0010093004946143112,-0.005661119201932477,-0.0028396038225214915,0.00021401382658769224,0.0025943026424774473,-0.0014257525782549055,0.022975626768168368,-0.04957121078262649,-0.23718667220465822,9.2747,4.060812,-1
2.3253,14.0,4.239731768650461,1.0888516345347865,3662.0,3.069572506286672,32.57,-117.1,1.337,32.57,-117.1,0.03894129216771232,0.020408931035956736,-0.0015664589446919921,0.0019666728565355045,0.022283683148327207,0.05184630748226761,-0.04317500512166731,-0.0026378651140502524,-0.0006432627213522029,0.0007922816352919764,0.017792469303899872,-0.0035098699712838295,-0.0007611444857247926,-0.0009532864052927462,-0.0002724120394832532,0.0030975814806849526,0.008848859935879472,-0.009734867148085876,-0.00019087369381466326,0.0013408399427619012,-0.0032784774999671702,0.0005937667062314464,-0.002184561301994159,0.0035905547092882645,-0.0029758215624898173,0.0018064626002264857,0.020802869875822798,-0.2538084069074966,9.909229,0.978662,-1
1.6156,45.0,3.3628318584070795,0.9144542772861356,840.0,2.47787610619469,32.72,-117.14,1.563,32.72,-117.14,-0.039756916397916724,0.06375259185575997,-0.0026480226857606504,-0.0009942148452096416,-0.017613540811912565,0.04306897227165309,-0.04006528614295612,0.00022518471029386582,0.006881572236690591,0.0004354210336379671,-0.0026736764357486982,0.005928474381125532,-0.00040123133138691145,0.007352404607341097,-0.00032108213862621173,0.01330599899781957,0.006626848062782455,-0.010359790594341839,0.003870426211944184,0.0035908992897361477,0.011780164000448451,0.042168888131368355,0.0018653970538439466,-0.00039762005461934074,0.0021914790157971167,0.020873561007515425,-0.0345521837710732,-0.21389067179094381,10.415325,2.375849,-1
4.0668,14.0,4.7193460490463215,0.9305177111716622,2139.0,2.9141689373297,32.67,-117.04,1.375,32.67,-117.04,-0.006237064762639066,0.00890732766566931,-0.0016928863618652726,-0.002064431628834255,-0.027719054929901087,0.020115574704743816,-0.02517216014819812,-0.002227198610567061,-0.0029818370360504623,3.718108912391694e-05,0.024782789687930244,-0.005628540614747278,-0.0004759333172234385,0.00018725072861919636,0.0001265175662922097,0.0029844262846533873,0.007347262135548259,-0.012697239868355125,0.004011109412771456,4.954381891394872e-05,-0.0026030280314968124,0.04199239948458712,-0.00316178086655041,0.004814295913431747,-0.0030721444407176756,-0.0016478573519227466,0.010100882097303004,-0.22510666151230024,8.665427,2.0394175,-1
5.4349,33.0,6.294444444444444,1.0138888888888888,952.0,2.6444444444444444,32.98,-115.55,1.43,32.98,-115.55,0.037422795909095107,0.018440921418633856,0.0006209802018959668,-0.0011116155611389457,0.07810743763347837,-0.0190138985943028,-0.06822007602231202,-0.0003665800062190042,-0.0005889235923331913,0.0016701263803437882,0.0008635080818989409,0.003808373142299309,-0.02374554535233534,-0.0007304845389935345,-0.0024692852192066436,0.0006076710296617986,-0.0007027016168373999,-0.04205694186382548,-0.0013365900780462248,0.00028661367328922197,0.0033356297301916065,0.0018727942605615672,0.0023771495684503222,-0.0019725633127187932,0.0034556617904422785,0.0030736188229713666,-0.02822668998928463,-0.21625693913904614,7.8165817,4.2685757,-1
3.5769,12.0,5.9375866851595,1.0901525658807212,1891.0,2.622746185852982,32.84,-116.79,2.318,32.84,-116.79,0.03810938838727716,0.006915597840872835,-0.0017484272818080679,-0.0026505864290035873,-0.04768089703306236,0.04176915094117777,-0.05567634029406728,0.002013769472594248,-0.0003576604155198305,0.00026715344242613225,0.01596832375658757,-0.004351953552859553,0.002578549590677935,0.00011894555556870808,-0.000415502776794876,-0.0027673386815433377,-0.0016132749968002268,0.0035891287724737235,0.0006093604718686921,-0.001513943210943673,-0.003787422746314364,-0.0012305869216386264,0.0012485420514716313,0.0040584744922394006,-0.0042690708402401,0.0014340549728396428,-0.006431646752296691,-0.21809426889243072,8.822034,3.143625,-1
3.2151,7.0,3.353846153846154,1.0717948717948718,766.0,1.964102564102564,32.92,-117.14,1.063,32.92,-117.14,0.031558412931722346,0.006906985301172021,-3.774960564487443e-05,0.0011254401675689426,0.04261738945517981,0.043280417003718125,-0.06372572905494393,-0.006911676564973034,-0.0008293632808216214,-0.0033911703367385934,-0.12346537430149357,-0.0059292452401194925,-0.006281756562294637,-0.000939952026102189,-0.0021158934029749986,-0.0018723906814879761,0.002490224432002964,-0.02173574521438472,0.0001837560269853658,9.387052876417773e-05,-0.006346575229200912,-0.002937937227473171,0.0028230416923681824,-0.0002757892695113604,0.0004565181021756707,0.02320637881412449,-0.061048912335226434,-0.23688758559123718,7.344,5.5896254,-1
4.1807,6.0,5.397260273972603,1.05,3760.0,2.5753424657534247,33.17,-117.3,1.826,33.17,-117.3,-0.04211333110934756,0.018310014304466743,-0.0009709602260686885,0.0037292161992820236,0.03594892038141881,0.014522905624776618,-0.016286057185166763,-0.007682651348319581,-0.000756949642366973,0.000983283881919217,0.005044562227908715,-0.005498222910790426,-0.009204750686551421,-0.0011103691118061838,0.00014848490777545102,-0.0009183562665160368,0.001290297402869025,-0.022220263338226527,-0.00029264964963786344,0.0007652962190646903,-0.00372990446681058,-0.002314126396334628,-0.003318274330408351,0.003654509453420025,-0.0036596425565270096,0.00595886962260554,-0.014083391506201056,-0.17841499199128613,5.768047,3.497096,-1
3.0694,6.0,5.791666666666667,1.2407407407407407,544.0,2.5185185185185186,33.46,-116.76,1.734,33.46,-116.76,0.05309938428091761,-0.0007886624901298517,-0.00011528137980102429,0.0014338299126895055,-0.04210236969403221,0.038047562839314056,-0.06202683468502785,-0.004307088827877156,0.0028182206700971997,-0.0035155888816498218,0.005904773110199575,-0.004107055695840546,-0.00041562250107516317,-0.0004272294983467468,0.001489429555548615,0.00015897978400782541,-0.0013249882838804452,0.0019432756092819733,-0.002341850389080398,-0.0014715530456994223,0.0024516662363411068,-0.003942616092954723,0.0007352465094873941,0.002770897622015962,-0.005097334782883543,0.013265788881283878,-0.02755242167164311,-0.21921855218391614,8.769636,3.4426284,-1
3.963,28.0,5.427893738140417,0.976280834914611,2672.0,2.535104364326376,32.8,-116.98,1.644,32.8,-116.98,0.00014261621261907673,0.012234637858028401,0.00079397821547946,-0.0015619155200014758,-0.04098707502957924,0.027238210141380267,-0.03530564386097389,0.0018114532555826184,-0.000673017035850749,-0.00018730155732135848,-0.005450287421022763,0.004495429078324973,-0.005523696205643258,0.0007029281145518567,7.19816273227851e-05,0.0003152648156289997,0.0073850457547026665,-0.011632383875566159,-0.0005079725510605147,0.0013962946612056156,0.0034700536390708443,0.0005624888553935,-0.002896408407131593,0.003628230880620786,-0.003481360677212055,0.0134274003376273,-0.025418404142160157,-0.2347072654630151,9.599484,2.8638742,-1
4.0521,12.0,3.9623655913978495,0.978494623655914,1009.0,2.712365591397849,32.93,-117.14,1.667,32.93,-117.14,0.003529758004853334,0.01827150463700772,0.00012016050243425719,-7.011600864708072e-05,-0.029137530737780554,0.02395151153135007,-0.03204208764125464,-0.001733064108964184,0.0004593566912735872,-0.0007504879071597489,0.019935548551111296,-0.005665727285695375,0.0024259532451104304,-1.0351755926214768e-06,6.69470020322149e-05,0.0037689019491921197,0.0075369353591400465,-0.013507093807710905,-0.0009018520639316317,0.001960420982645058,0.0038888837388515477,0.0011938034095082025,0.002089745078878343,-0.0015080603219337122,0.0013825890109228512,-0.00314441461922865,0.0013066702279860341,-0.2309169467967825,8.922694,2.1730645,-1
1.7075,29.0,5.313664596273292,1.1071428571428572,2775.0,4.309006211180124,32.71,-117.1,0.869,32.71,-117.1,-0.008889533879542055,-0.012687275453548525,-0.002861121975345306,-0.002564658241458221,0.05602646752192343,0.05080547463098779,-0.04257672903340269,0.0016738733044685272,0.00015665110386256476,-0.00016859324608677664,-0.006264344318646776,0.00416189159394339,-0.010835595546296312,-0.0006348599364047313,-0.0001824759508707737,0.006741056015608639,0.008860403973656276,-0.009670896624064161,-0.0012572870085637905,-1.2243462820928501e-05,-0.0018793556118230025,0.002056344402955856,0.009397614097527996,0.004365068715760336,-0.0013171335103756186,-0.02173536860432352,0.04874530191455974,-0.21985071267638512,10.902032,-0.6392263,-1
1.9571,15.0,4.440993788819876,1.065217391304348,704.0,2.186335403726708,33.22,-117.22,1.625,33.22,-117.22,0.07292888216312746,-0.028509980871549333,0.0033085213458446125,-0.0020261109325340368,-0.03591824387973794,0.04216385766394599,-0.040049910731255106,-0.00410178095642717,-0.0009495976947334847,0.00034612769836532857,-0.035749672775459894,-0.007945058550213324,-0.012665944020898084,-0.0007875403216259983,-0.0029251897998755286,-0.007983405527769369,0.003978992059141249,-0.019815735030298695,-0.00015798919087294254,0.0026500554908026387,-0.004584467666520549,-0.00454267970511744,0.002692085064737914,0.0027215755512470046,-0.001987775985692906,0.026537857092281375,-0.060381411286013,-0.19273469850819025,8.951267,4.250522,-1
3.6705,50.0,5.130563798219584,1.053412462908012,617.0,1.830860534124629,32.77,-117.11,1.67,32.77,-117.11,-0.025061164535094264,0.014832825636016561,-0.006592670949344977,0.00013271289619161246,0.10462121508497894,0.04111829950391571,-0.06208366034714375,0.0026399322053350617,0.00044215543925925626,0.0017243003134327119,0.08740720923116939,0.007580462221023897,0.00010535309677599114,-0.00044528156171716227,-0.0020704664735085704,0.004614153446671382,0.007598858608542278,-0.006226809369949622,-0.0011472218543334797,-0.016341445820708535,-0.0060634278454914856,-0.003454794702633579,0.003721269643513991,0.003533478098842793,-0.006604536599966701,0.008469599973185143,-0.04819995926783623,-0.22740627293976262,6.8550057,3.7818851,-1
1.5931,18.0,3.92965367965368,0.988095238095238,3565.0,3.858225108225109,32.68,-115.5,0.884,32.68,-115.5,0.010405201212384103,-0.014598315908233874,0.0019615554497143446,-0.0025733899574140605,0.04479532555505863,0.049189071675073505,-0.019955824395453573,0.0004177288685712991,-0.00023884964015618692,0.000363126931637545,0.014742202778538799,-0.0018066212521762736,-0.0014580457071686197,-0.0004843825590945392,-0.00012786437607484953,0.004195971933720603,0.009639412158004209,0.005962079877092442,0.002123882772927025,-0.0011027111806624034,0.00491899380027007,-9.063881347686173e-05,0.011828507883242243,0.003986596920361957,0.0006238022773860535,-0.017703213476443196,0.04102380323258835,-0.2839871680020145,10.376679,-0.5081335,-1
3.2516,16.0,5.064777327935222,1.0769230769230769,1211.0,2.451417004048583,32.86,-116.84,2.021,32.86,-116.84,0.03957410035284461,0.01625319959246645,-0.0006699153249196905,-0.00047596911758962957,0.00815639743356789,0.04588250382758999,-0.06465359463518763,-0.002857300389504967,-0.0006424714952219244,-0.0008079384811002872,0.005979801485348972,-0.005565962524046655,0.0006130793016437099,-0.0011063554635007684,-0.0006388807817943058,-0.004547915387962485,0.00758628392060116,-0.007667489395118099,0.00027747103552421427,-0.0004344023514423822,-0.005101633906370454,-0.002294426182954203,0.001385076106597213,-0.001590951903552434,0.0018145740304867345,0.02444244883824231,-0.03310766641591926,-0.22658069181127702,8.160671,4.2357006,-1
1.8103,26.0,4.0602409638554215,1.0705679862306368,2067.0,3.557659208261618,32.74,-117.08,1.247,32.74,-117.08,-0.0021167669099217716,-0.014285977731902119,-0.0013679926071813446,-0.003170820999480815,0.051753729045651085,0.050939155464629314,-0.04109444213112622,0.002516505907645398,-0.0001377348804006033,-0.00036452213847357233,-0.004809605006361263,0.004508452947438757,-0.012818195083067977,-0.0005063456784799487,-0.00020200403752666123,0.0033637746957403064,0.008925663454887333,-0.010831439606525323,-0.0012807273273620335,-0.0003152372692647787,-0.005504614391728613,-0.0011216074232150506,0.009428078432096509,0.004975212632118868,-0.0023785727822515884,-0.021138636036641255,0.05060645883822274,-0.2219252533266985,10.708643,-0.7300321,-1
5.2741,7.0,6.855371900826446,0.9793388429752066,862.0,3.56198347107438,32.76,-116.92,2.494,32.76,-116.92,-0.08150765357747405,0.023627866623909425,0.0005643706370866978,-0.005790320318763509,-0.04128119196975672,-0.022583969614247777,0.03536115599305047,0.013174699230139196,0.0002837722738792672,-0.005136250121374683,0.06316554238330649,-0.0011363441119837286,-0.0021016719417824106,-0.001323491525705571,0.004616702991513114,-0.0030046143239158955,-0.005786516918856808,0.007602519621404461,-0.0023378995474085174,-0.0018254014651493797,0.004541014477193253,-0.0023628870134586046,-0.01047770073021676,-0.0021817569635174446,0.005063942750258371,-0.0246232770100576,0.05433770388632775,-0.1703924867610096,4.0203476,2.1680822,-1
1.9583,25.0,4.718354430379747,1.1012658227848102,1183.0,3.743670886075949,32.72,-117.11,0.886,32.72,-117.11,-0.0014494617167410237,-0.02426102215391175,-0.0030005422655371827,-0.0011567366476073328,0.05394103725788601,0.05069193890874667,-0.043651234151674545,0.001701187721132798,2.9768339049156118e-05,4.144075966910286e-05,-0.0049442776614593694,0.003939032358299911,-0.013037889332563186,-0.0006348599364047313,-0.000509363664428041,0.007162099430732325,0.008919852295872208,-0.00935102122109563,0.0005727118065393096,0.0011926874583189841,-0.004267805894467267,0.0012940003722571646,-0.005770906431275038,-0.001955345484454691,0.00038238067846538265,-0.021912498608543045,0.04979281989289937,-0.21744597975905497,10.855962,-0.7263433,-1
1.6806,46.0,3.948936170212766,1.004255319148936,790.0,3.3617021276595747,32.67,-117.11,0.925,32.67,-117.11,-0.038901298259623775,-0.01764534039339498,0.0012364356666752726,0.0004019168671506939,0.041131704407147494,0.04798963791200596,-0.04075723669269521,-0.0006591011869579576,-0.000724210513394029,0.00018350695915250552,-0.01241737606244047,0.004189896824648979,-0.0030260617379987073,-0.00040629967100341835,-0.0007876783208579297,-0.001589597840036414,0.00936898557078933,-0.008139653228938405,-0.0008350673589001664,0.0012985566204770614,0.004694002273208071,-0.0010554062125594458,-0.0014053415091901083,-0.0014049520423845309,0.00024697153176891847,-0.011343657628193922,0.040200941795480616,-0.24406194683965157,11.159179,-0.43476805,-1
3.3675,33.0,4.84144645340751,0.9847009735744088,1726.0,2.400556328233658,32.78,-117.02,1.582,32.78,-117.02,-0.01799945404835097,0.011866750069944776,0.000697937951229907,-0.001972456174155306,-0.018161331440971103,0.04821059182604075,-0.06638773190801554,0.00221969867404665,-0.0006713575322926,0.00043989799244610096,-0.0002911519652643533,0.0045590085531660735,-0.0015976088544971485,0.0006371358935454514,1.4229542293317459e-05,-0.002805532901741478,0.007862004148513983,-0.00871316483874881,-0.001062108123386796,0.0024516476833114746,0.0037751728884720553,-0.0005059489773958672,0.0007470877251447613,-0.0016568589789888416,0.0007943093932761325,0.02883032430513577,-0.035022983995756825,-0.2325121769003981,10.176318,2.8069077,-1
1.6591,52.0,2.5,0.8181818181818182,65.0,2.9545454545454546,32.73,-117.17,1.125,32.73,-117.17,-0.03298191246660789,0.14546463222755657,-0.0022460196695556875,0.059990394247127,0.018861943620033766,0.044049215623797947,-0.04847627804869953,0.0005039166621823891,0.002910224438834138,-0.04437889589394656,-0.004431804001224887,0.003619351689772071,-0.0002356038745233302,-0.00010690091309664246,-0.0028252539578806886,-0.02304977802734058,0.009854478101490295,-0.03336454933361414,-0.004334564574384822,0.003639445219334546,0.011037310864229643,0.01567949734738978,0.007145912468997949,-0.08813816740971925,0.09844372084507186,0.004966325039389465,0.009030873404056415,-0.24238656969369207,10.76802,2.0169892,-1
3.8147,19.0,5.024813895781637,1.0272952853598014,1663.0,4.126550868486352,33.14,-117.2,1.392,33.14,-117.2,0.00017109914626462782,0.013993818395018141,0.0007487661228440843,-0.00017350147979198414,-0.019833483518758313,0.02893995665294996,-0.04040770599015241,0.0012031852428738055,-0.0003471788708667328,-0.00023799041146827085,0.021884204131241626,-0.0033337762523028085,-0.013718900144742405,0.000573969756902896,0.0006665515348132564,0.005567237189204402,0.0026750744510019514,-0.02225188254797185,-6.0376102446195325e-06,0.004836159670449377,0.004567654065732066,-0.0038534126510475523,-0.002774556320134556,-0.0024783039622772256,0.00010115102121772707,-0.02598095098483884,0.05183901406283506,-0.17919618067566764,8.323623,0.7850458,-1
1.6351,23.0,4.9950248756218905,1.099502487562189,697.0,3.4676616915422884,32.79,-115.55,0.596,32.79,-115.55,0.004076349119842731,-0.023291243950576104,-0.0035977702531068832,-0.0019826212986216087,0.047526724222503564,0.04972929390316483,-0.02344717653567708,0.0009306832841467079,0.00012500715676951567,-0.00016696769451953066,0.01232915970277651,-0.0013161589204498472,-0.015559895393937973,-0.00028612444923777194,-0.001609964697446624,0.0017445434919089856,0.008779931368121748,0.0076217148597019545,0.0001844881390131656,0.0015114161921813342,-0.00424734512028721,0.0011173624041467644,-0.005825761080741223,0.0018234824177965165,-0.0025470492592627003,-0.020095172997439823,0.04003329175381011,-0.24829146235943958,10.357788,-0.65853405,-1
2.6607,16.0,6.151468315301391,1.054095826893354,3174.0,4.905718701700154,32.82,-117.11,1.75,32.82,-117.11,0.026174716527735634,-0.022541800380416543,-0.0013714544321501876,-0.0026774447956929887,0.03446503357617391,0.04492804428899492,-0.043539542902991064,0.003180994637766575,-0.00039155693436696394,0.0009761194068065689,0.02765514983459608,-0.002138550423415764,-0.0028908470265557864,0.0013751797233320954,9.903821819290263e-05,0.008086200726442384,-0.00024191245055665535,0.011079085427002294,-0.0006339666122707917,0.00035404735756280566,-0.005500116105330693,-0.0009315681412662284,0.009051112762725924,0.004216114162606475,-0.0010254674147146528,-0.01903332904049262,0.05138310200815053,-0.20676943943334944,9.5857725,-0.12650268,-1
1.815,52.0,2.8531468531468533,1.0,313.0,2.1888111888111887,32.73,-117.17,1.167,32.73,-117.17,-0.05285713501734927,0.10275310007760534,0.004322795319840779,0.010155439438585805,-0.06806555282051058,0.04567102924802169,-0.03978500327080161,-0.004399487259101407,0.0027034692005565375,-0.0011057263348498796,0.011278738785038099,0.007738010300869269,0.004572150958677136,-0.001622900411545801,-0.005355797267323476,0.014483616016025455,0.0027268338145506957,-0.012174741221272824,0.003771932809785667,0.005324376054728887,0.005053698110672374,0.002469748916976195,-0.0017808816526386573,0.004344748782325254,-0.0028040174255300377,0.029339652315997288,-0.0434774586963255,-0.22406853186439676,11.458901,2.8618128,-1
2.7601,25.0,4.553738317757009,1.0724299065420562,602.0,1.4065420560747663,33.6,-117.71,0.725,33.6,-117.71,-0.0124093578907251,-0.007544124924266287,0.0009845891809963207,-0.0007957957532675636,-0.139856529642302,0.04006069674158676,-0.029557812640433154,0.002448768878797045,0.00023022496058094802,0.000513741975488614,0.01404602870147952,0.002422723507886734,0.00239429654868648,-0.0006971731554127771,-0.0024595883990238196,-0.06719102756535517,0.011016219536024647,-0.020274695174136142,0.00028480015733410287,-0.023459611367321543,-0.0017463193603642067,-0.012080154373230942,0.003393708883524139,-0.004350641014430652,-0.007436778479583527,-0.034865503938282215,-0.23407092605538257,-0.2575434022180134,11.491548,3.8402417,-1
2.734,26.0,4.2207920792079205,1.0267326732673268,2199.0,2.1772277227722774,32.77,-117.04,1.489,32.77,-117.04,-0.011160337721835223,0.025195512318458724,0.0009133624207763733,-0.0017413721946853036,-0.05833751936940263,0.038463851574368504,-0.04935362941692628,0.003066015587518568,-0.0004796390484810125,-0.00033344849178644346,0.02605139785185856,0.005100845389218618,-0.0005199684254555873,0.00047924439078768767,6.513967012869063e-05,-0.004352041933978438,0.007869009726657161,-0.012729621870622645,-0.001142053838462672,0.001748620242075595,0.003892216564706021,-0.0003140544491648823,-0.0029075814819264525,0.0028758985378933666,-0.0017355249503111644,0.026857281803111126,-0.05655437504919238,-0.24552790026192142,10.687865,3.1124873,-1
4.3952,12.0,5.860688550840672,1.0240192153722978,4048.0,3.2409927942353884,32.88,-116.98,1.517,32.88,-116.98,-0.039702307699862285,0.014683851952272339,0.00025795636923637286,0.005714012094810831,-0.03317497177470454,0.018821870990649275,-0.013175784736228923,0.000456896571886344,0.0002469416843510086,0.0031139394924593927,0.03817526226590739,-0.004666173205936254,-0.0009175691612895256,0.0013664685373481105,-0.0021958873493121483,-0.0006290911191710453,-0.003749917737946591,-0.0006910634076553337,-0.00035347209074693695,0.0009026138604672289,0.0036341755910780844,-0.00040709161333637577,-0.0025120098523721,0.0035729713730445274,-0.003377199415758206,-0.006827526075399477,0.02569162793253598,-0.21331362522698052,5.0568423,2.3535671,-1
1.7622,36.0,3.928716904276986,1.0712830957230142,974.0,1.9837067209775967,32.75,-117.25,2.058,32.75,-117.25,-0.05769499069113973,-0.01553011616947603,0.002610939185133044,-0.002616460573269148,-0.136874876498661,0.043896940319844716,-0.037949359941850155,-2.8354395489770226e-05,0.00019976385616643166,0.0011629945380662316,0.040764022399578395,0.006380717654617566,0.010096091402008683,-1.3558534064395241e-05,0.00013582346213715076,-0.003574422947254052,0.00430935913751761,-0.018964943531211212,4.978885432254751e-05,0.003827549577381981,-0.006232596622456165,-0.002001918362728204,0.003355833968896278,-0.0006138695642725286,-0.0003165697722583832,0.017539588058352592,-0.04775746115338245,-0.1767874334810566,11.972441,3.7829316,-1
3.1679,21.0,5.080962800875273,1.1334792122538293,662.0,1.4485776805251642,33.62,-117.72,1.1,33.62,-117.72,-0.028305659478378882,-0.00042705691119355354,-0.003509946491144528,-0.0012300335839597904,-0.0012551764761838996,0.05953392410692163,-0.02868431636370842,-0.00018659188634210038,0.0009244719371088994,-0.00010727254218296901,-0.09723268078885826,-0.005100709613937657,-0.0018130402726307326,0.00017441800804894554,-0.0027290645161231553,-0.04032354826372154,0.010570005027338215,-0.02062881670035164,-0.00037748199278819165,0.018287215953977948,0.008058628357063936,-0.013218847291171048,0.0039261721190951195,-0.004235798795732407,-0.007171216890221047,-0.02812684433670258,-0.21085612118895894,-0.24163000675202778,7.3246984,5.8012314,-1
4.2192,14.0,5.816326530612245,1.054945054945055,3597.0,2.8233908948194664,32.74,-116.97,1.761,32.74,-116.97,-0.03368753931151975,0.01454718303284159,-0.002166411719509283,0.003098903254568939,-0.016290640987184336,0.012752131089806691,-0.012416606395095212,0.0002837832050653885,-0.0003688134401800978,0.003034220599840604,0.0232577965163059,-0.005608275710740999,0.0024272569398392945,-0.0010603745723470552,-0.0026621439462454783,-0.0003397276185834346,-0.0036345734390580394,-0.000585213225269363,-0.00024414827664962424,0.0009193449095718779,-0.005117294623657946,-0.002589051208952596,-0.003439284628419904,0.003686512041906237,-0.0025995403446553663,-0.0009671285949067748,-0.006078047015248921,-0.21771457106048892,5.357563,2.5868351,-1
2.3594,43.0,3.804560260586319,1.0488599348534202,1203.0,1.9592833876221496,32.76,-117.12,1.278,32.76,-117.12,-0.07372358622094563,0.057524691873962794,-0.0013460979012448985,5.2837491862651895e-05,-0.12441917953516311,0.03825781613233866,-0.04934154115862516,0.0007484416279442545,0.00013561946863671452,0.000834893075121101,0.046356249521540174,0.006106140980208485,0.001229769869711139,3.749208503568951e-06,-0.0001354642632229248,0.013176804998099674,0.008167323415969523,-0.01314824028634702,0.00028934399008083867,0.0005983556787434776,-0.006455210522049707,-0.0026728530526945213,0.0032523143473813126,-0.0008220612760730982,-0.00022323544341707927,0.015186815365280703,-0.05431528794492928,-0.23598465904659907,11.893388,3.1708992,-1
1.8299,9.0,3.7304747320061256,1.10260336906585,1780.0,2.7258805513016844,32.72,-117.13,1.375,32.72,-117.13,0.05870801857112221,0.05829411827082907,-0.0018365504645317268,-0.003674588324389506,0.003574669783138674,0.05180164920085204,-0.045423670177007595,-0.0058765861037754115,-0.0007174378816067238,-0.0009640094019576914,0.007280529831803581,-0.0029513992773317565,0.001667283404879033,-0.00041763695173004166,-0.00020259248471921082,-0.0004032704481502341,0.0035344952094424195,-0.0052608328194152345,0.0002993289020619003,-0.0003743115496843303,-0.0042347131620404325,-0.00032995212474955666,0.0001314439055476086,-0.0016234323816927353,0.0013748371035215972,0.0031810574682910545,-0.005759948964818769,-0.23140672106616383,9.685775,1.3463769,-1
5.0278,14.0,6.230088495575221,1.1084070796460177,1448.0,3.2035398230088497,32.99,-116.89,2.109,32.99,-116.89,-0.04167048646232472,0.02112260120127305,-0.0015977044049110785,-0.0014973598917476323,-0.026554824948178218,-0.006702259936969963,0.007764065069197688,0.0069288848785060975,-9.382465631155526e-05,-0.0015623646509323559,0.03855232732371931,-0.0047251763285980726,-0.0008951252756071887,0.0013582011672569586,-0.0012319648057283021,-0.002916632214132166,0.0017253184535686336,0.014939157002494898,0.0008202571987440432,-0.0019647547607902975,-0.0020294308992922718,0.0022927916778895515,0.0014216197258685478,-0.001874092860237854,0.0009725841049543412,-0.009298505494015329,0.028563023797269382,-0.17933624099755768,4.480678,2.7270303,-1
0.7054,43.0,2.2291666666666665,0.9166666666666666,107.0,2.2291666666666665,33.12,-117.08,1.375,33.12,-117.08,-0.036238428640076516,0.14848349481089335,-0.0007546590028529471,-0.01620440037623899,-0.06729553416636735,0.03622386493828615,-0.057228244961498885,-0.009120909781660455,-0.0013158728033825396,-0.02150367028759035,0.011958028635274912,0.006000940315417369,0.0025481253378157208,0.005357072380873076,-0.016152391052596228,-0.02024384255693741,0.015115797329471384,-0.029678244147938206,0.0022813190675812674,0.003331190232169634,-0.0043950088190868155,0.04554361689889444,0.011147541410928958,-0.06424612905049716,0.06269749915605718,0.033066734070229725,-0.042109743704604935,-0.27094535417498034,10.963811,2.3358517,-1
2.3159,13.0,4.127406049495876,1.0421631530705775,3094.0,2.835930339138405,33.16,-117.2,0.916,33.16,-117.2,0.03899205225588581,0.023549651147188117,-0.0006783836110042481,-0.0028304009502153585,0.019710339562915,0.05449032683602646,-0.03820542849450095,-0.001859108919402424,-0.000825017115854982,0.0004949174365568092,0.01502453681758265,-0.005593937358553173,-0.007881367832382302,-0.0009511354649463755,0.00034001973286402185,0.0031319957318761203,0.004271117742280543,-0.02382234033941148,-7.291826158885664e-05,0.00014062458356963828,-0.0041581855604430965,-0.0050680616187904984,-0.002520120450739005,0.003538501020261459,-0.0028883620452665433,0.004967084644685881,-0.008829258210319267,-0.18948318040926243,8.120804,3.6704488,-1
4.6667,4.0,5.858695652173913,0.8586956521739131,571.0,3.1032608695652173,32.72,-116.98,2.233,32.72,-116.98,-0.06079061602970511,0.01922267402237592,0.0034027516999297356,-0.003870865524674624,-0.01416287517744326,-7.725112236519713e-05,-0.002475118506022641,-0.0029871202765146686,-0.0028748359860155093,-0.0051361464165514984,0.031926933550069765,-0.005075949552998474,-0.0029238761437696717,0.002416537331566971,0.002784266044609777,-0.00010015080936040455,-0.005164979631806144,0.0004417757225651008,0.005983278477482345,-0.0024141998112926894,0.014666062988957933,0.016873675760423566,0.0014394365311791752,0.003590495316147007,-0.0017042489008598277,-0.004709227698827409,0.013461123132698692,-0.17470327317887363,4.665008,2.8192697,-1
2.3148,37.0,5.133587786259542,1.047709923664122,1219.0,2.3263358778625958,32.75,-117.07,1.542,32.75,-117.07,-0.03259251866170779,-0.023818029729983675,-0.0017115494137659954,-0.001786720963667886,-0.0614801079672518,0.042979131758693216,-0.041124720198865955,-0.0002884972019966086,-5.5226278673950984e-05,0.0006677412014174878,0.011096727100648716,0.006140409398242694,-0.0022457631252345758,-0.0006625754821135729,-0.000461097366088514,-0.0009624188135247591,0.008855475983914509,-0.007710757704335413,0.00028934399008083867,-0.0008988609757625372,-0.0054084775351419204,-0.002305897453315217,0.00224864858407018,-0.0009309560218437508,0.00013989420058478123,0.02469539314295771,-0.03593011726871536,-0.2301210632569217,10.3072405,3.0957158,-1
4.1154,26.0,6.191044776119403,1.0626865671641792,1228.0,3.665671641791045,32.63,-117.04,1.602,32.63,-117.04,0.011740429357648716,0.006435053394121568,-0.002539085535601725,-0.0006973726941820151,-0.05333859182034102,0.021393317120261428,-0.027238123388457748,0.0005757398814635391,-0.00031377316258347174,0.00020394555484677494,-0.01236074648138574,0.00438103715854941,-0.013005689423630356,0.001302855515098396,-0.00013616887033869615,0.0004966058021735151,-0.0002951568381643847,0.008230931959237884,0.001209161524019288,0.0020080458973171563,-0.004672668385806995,-0.0019310083488806148,-0.004751460649030056,-0.0018683515444299049,0.00033851824905770783,-0.02972412059937763,0.05120459142095748,-0.22858890179926716,7.70351,1.0970855,-1
3.1667,23.0,5.225531914893617,1.0,569.0,2.421276595744681,32.8,-115.64,1.25,32.8,-115.64,-0.005358339875224485,0.0016017649003507253,0.0015279662217953813,-9.057273285828252e-05,-0.020067512685832276,0.04741751234930479,-0.07124425117281932,-0.000684903060717294,-0.00044717973431109627,-0.0002328287606490642,0.0016821004883041384,-0.003198012718535269,-0.009916565577169809,-0.0007911480382238529,-0.0018011627087370927,0.0030144039624382104,0.007581211302410998,0.0022345160784229498,0.002427362205984338,0.001884264706195522,0.003146034229140435,0.005216535071574517,0.0016136021253058594,0.002664991137379187,-0.0044031021340509525,0.021429232552442785,-0.03753568203228659,-0.2642716709833193,10.160766,2.8849459,-1
3.7568,4.0,5.727411944869831,1.1439509954058191,6666.0,2.5520673813169985,33.22,-117.3,1.841,33.22,-117.3,0.0014993170362518002,0.009485146837224371,-0.00044981381086789526,0.002008834335465848,-0.03464151347949908,0.03629232981005711,-0.044506768329327595,-0.0006822544840280903,-0.00039955783748801105,-0.020267378084190858,0.017977404915676513,-0.005274709133938577,-0.007564265976911975,-0.0012902521847165385,-0.003971214459030024,-0.0029817312117504397,-0.009614495114905232,-0.010809444764885491,0.00016877506889278034,-0.0010359261438878883,0.0024502870255793427,-0.0044238038931709,-0.0013493819335921174,0.0003078460111724905,-0.0009737266836637071,0.005074075535431492,-0.015279307442279795,-0.17773600495523745,7.879707,3.0199397,-1
3.2024,15.0,5.952286282306163,1.0377733598409542,1231.0,2.447316103379721,33.15,-117.07,1.804,33.15,-117.07,0.03955294847889228,0.006325861187389856,0.0005824994266689341,-0.0007179023598016338,0.008921847429043886,0.04605784340755374,-0.06441185312307099,0.0021068683447880757,0.0002715407300348315,-0.000431824445869317,0.007785871123719591,-0.005565962524046655,0.0006092391576877854,-0.0010959540196006882,-0.0006426755235961807,0.0014074097952714063,-0.0016384129523384632,0.0034391577561769314,-0.0005171898224247191,-0.00043387057242676657,-0.003495651652116731,-0.0026111088232334333,0.0013816808162436522,-0.0014589063678978544,0.0017283341316182263,0.024520030291674034,-0.03369653479342219,-0.21446792326639594,8.0464115,4.2054634,-1
2.5284,11.0,3.478527607361963,1.1288343558282208,620.0,3.803680981595092,33.12,-117.09,1.225,33.12,-117.09,0.04476207379726359,0.04597600533282719,-0.0010641043031425223,0.0029366628082126414,0.020637725867342832,0.05161267670836945,-0.046820720199671415,-0.004666901614468163,-0.0005151310714699179,-0.0018945840335256052,0.029308520297034592,-0.0009390246980012355,-0.0030091626020760805,-8.778242304398497e-05,-0.0065737162119510325,-0.017993166546665947,0.0034932421692423082,-0.005831489504968388,-7.091602975608498e-05,0.0014707626851497451,-0.0037866811767340138,0.0039260951833605335,-0.004732685602311807,0.002850204253892513,-0.003833157284930521,-0.01865662170126804,0.05491397814251096,-0.21978514583537648,9.677893,0.74848646,-1
5.3693,26.0,6.2304147465437785,0.9308755760368664,654.0,3.013824884792627,32.86,-117.21,2.607,32.86,-117.21,-0.011458510066578309,0.019262290110020026,0.004414594229101708,-4.506779586510584e-05,-0.04114381817903311,-0.021398801307317302,0.023252543221059848,0.00010316462502405125,-0.00039752984870821984,0.0008420641214253463,-0.00924643611206631,0.005587818625400833,0.0013285866539343293,0.0016222456173268381,0.008642408614334149,0.0008465816648205771,-0.0017111699334050761,0.005422453198654828,0.005625206018153765,-0.001534777556051521,0.008673306648079875,0.0018889670258256982,0.002773605847526472,0.004014280720092747,0.00035719684459837187,-0.004603443027314762,0.015554952423451637,-0.12929034011543697,5.2745824,2.9305153,-1
2.875,17.0,5.691082802547771,1.0509554140127388,1341.0,4.270700636942675,32.82,-117.11,1.125,32.82,-117.11,0.024795949927130998,-0.013929116355895435,-0.001370663206019909,-0.0008057679370391255,0.0287112528960814,0.04810443830621724,-0.04981339943162055,0.0006043179222552198,-0.0003907657082366854,-0.0003797675699496293,0.030662810281856193,-0.0022048022701156183,-0.002974234998570605,-0.0010776648951566277,-0.0008623402376928325,0.006396164274760475,-0.0035118159414787714,0.002362361747177839,0.0005285355599113066,0.001555773352048904,-0.005500116105330693,-0.0007793767480201579,-0.004840135592150344,-0.0021240567683847417,0.0006797523009167177,-0.02061451846821999,0.050713162690560636,-0.20498156761371278,9.44034,-0.044010065,-1
4.5841,4.0,7.006453099792579,1.1424291311362065,13251.0,3.053929476837981,33.52,-117.12,2.123,33.52,-117.12,-0.0551218896731023,0.021753043304028084,-0.0010202679925564529,0.006618389163742688,-0.01579713698573837,0.003708974379975011,0.006717907566125436,0.024324906583710868,-0.000186857551643312,-0.010866484013516045,0.03200530645565977,-0.004925008657008138,0.0013872209802163072,0.001159659438009133,-0.00974980482922668,0.0015841716350571099,-0.022682949006681156,0.02194861252223575,0.0009346864747829151,0.0005254863298674912,0.001972821864110313,-0.001227534682057895,-0.002083091871865836,-0.0006248518854348279,-2.0101026011147456e-05,-0.005349794795084645,0.019308689489720685,-0.1641851275505785,4.623966,2.7467258,-1
2.9286,20.0,4.507142857142857,1.2178571428571427,1819.0,3.248214285714285,32.56,-117.12,2.577,32.56,-117.12,0.003074077302724957,0.02169466572811322,-0.000646721968660439,-0.0012781869225105022,0.03921761022289814,0.04877045133121109,-0.056489434535753544,0.0010675215131296682,0.003722277846316502,-2.0138180957219135e-05,0.017291221315026258,-0.003016141846288844,-0.0007417951526420762,-0.0006503131226291846,0.00013690758910769654,0.005138266243148516,0.007230843086093761,-0.010970210183693164,0.00010501023274665913,-0.001477747466504041,0.0026060770479872544,-0.0023239492625227514,0.00518925318155806,0.008982300602413123,-0.004463393809682593,0.013572088092023895,0.022868638094414716,-0.23264901103623942,10.101088,0.76176614,-1
4.8984,8.0,5.023255813953488,0.9069767441860463,626.0,3.63953488372093,32.56,-117.09,1.515,32.56,-117.09,-0.04643987616926067,0.0030184628855533433,0.002868621310731321,-0.0032956838388680056,-0.03134873473006255,-0.005142607816618108,-0.0008610954447077891,-0.008005293612864636,-0.002208686970235411,-0.0065133975765853365,0.0516977415556185,-0.0010641854970026945,-0.00681921593782532,-0.0005562735232633972,-0.0034959352228151027,0.002940540103597561,0.006465435518524708,-0.011867800424342734,0.003910416487675116,-0.004445998408917113,-0.013004258313421444,0.01656132282203833,-0.013699778889453356,-0.008483134432374603,-0.0029252103504157556,-0.020705128764352473,0.04765186504443833,-0.18262602488380528,3.9487677,2.697076,-1
3.6875,36.0,5.861940298507463,1.0597014925373134,1001.0,3.735074626865672,32.69,-117.08,1.114,32.69,-117.08,-0.012539843267647092,0.006527941441978579,-0.0025872181988338574,-0.0016020381627596609,-0.014677015535019978,0.04152323446379862,-0.054500076135689524,-0.0017853079860010216,-0.00031377316258347174,0.000762752307065689,-0.022072677876662276,0.002093182016386444,-0.002086665821837982,-0.0011499891033903272,-0.0011478813453798043,3.095294997799457e-05,-0.003807181672313898,0.0033357804531736917,0.0005416648810982861,0.0020536429211738434,-0.004672668385806995,-0.0019388489318713654,-0.007362225673868227,-0.0014966256797105085,0.0005521549990200658,-0.029112517799875358,0.059639600412448354,-0.22278489106237317,7.9937005,1.0111982,-1
0.8571,21.0,1.6296296296296295,1.2222222222222223,64.0,2.3703703703703702,32.79,-114.65,0.25,32.79,-114.65,0.008794684236732188,0.15075723404571906,-0.0009219741665511924,-0.001149748140507765,-0.07275601312900322,0.03985030386754137,-0.07308275381306162,-0.0009948523179137674,0.001956192583808751,-0.009021771371687283,-0.016285019459414404,-0.0024084452858420275,-0.01053284699356319,0.00021809171690477015,-0.02546935187625454,-0.02459432612107026,0.014616217795463082,-0.038058891250470996,0.008653827163897586,-0.0031754419756424264,-0.0007689554183164425,-0.005904401839916474,-0.0031071185077057566,-0.09726438992590254,0.048953311340101245,0.01969958987889983,-0.033993164272269914,-0.3221704383683959,10.908783,2.362164,-1
2.8097,33.0,5.260416666666667,1.0163690476190477,1568.0,2.333333333333333,32.77,-117.05,1.583,32.77,-117.05,-0.027147332354641757,-0.025044452613479068,0.0013310684690235966,-0.001743759006490337,-0.05842971005153647,0.04011747042341988,-0.04253653172823536,0.0021042551077887313,-0.0006713575322925998,0.0006880282325523751,0.013213080581049886,0.0045590085531660735,-0.0015976088544971485,0.0005802346481283375,-4.000147221977145e-05,0.0012450024416198876,0.007793753942904908,-0.00784093473581479,-0.0008269935465009036,0.0004283153600043554,0.0035923850845883724,-0.00020516509387389078,0.0011908784987380995,-0.001029358078338492,-0.0004926637854121407,0.02688209835760184,-0.0359226403954486,-0.2344191168346864,10.425661,3.2883909,-1
2.1767,13.0,4.050724637681159,1.1202898550724638,1869.0,2.708695652173913,32.75,-117.12,1.018,32.75,-117.12,0.04877324113790953,0.021409987557368417,-0.0012611871414261757,-0.005402794990518541,0.004840892654446134,0.050358553409673164,-0.048002454752495705,-0.001562315656661622,-0.00034729428482847753,0.0002260188099252211,0.007441755978419015,-0.0042226318423904405,0.0027145417263575154,-0.0009171550280120924,8.77154878070098e-05,0.0036553388183513573,0.008015330741053484,-0.015089761240861732,0.0002993289020619003,-0.0008251187471478422,-0.004553004785071686,0.0024012837119525253,0.0010146499187155115,0.0039571466432251675,-0.004584201380726124,0.00483387907278415,-0.00724769390548533,-0.23570567697759143,9.782123,1.4368838,-1
4.3977,31.0,7.441520467836257,1.090643274853801,956.0,2.7953216374269005,32.76,-117.0,2.268,32.76,-117.0,0.00880664778246673,0.023060147090619033,-0.0023963554587923233,-0.0018347878351919241,-0.026454336201605727,0.022218928498967457,-0.014236762712407244,-0.007831323051340667,-0.0002870466979387693,0.001024841170181512,-0.009468099973694858,0.0023137710084238415,-0.004545534366090145,0.0013027830922454522,0.0032049951607796253,0.004739473683172958,-0.007022524421065993,0.00334947712074066,0.0009711471291994087,-0.001465887061389076,-0.0037534457322939948,-0.0016569334511950158,0.0018097259399291704,-0.0014406002410848418,0.005170266004262233,-0.00023422686190553948,-0.010856344040502817,-0.1978287842772545,6.347624,2.5900235,-1
